horizon,replicate,R2_supp,R2_rare,delta_R2
3M,0,0.4839099117433227,0.19020617432455744,0.29370373741876526
3M,1,0.3906618123081209,0.094125882150439,0.2965359301576819
3M,2,0.4395521344315451,0.2142330126309883,0.22531912180055683
3M,3,0.4811112878746885,0.09685995552160923,0.3842513323530793
3M,4,0.5552503628234203,0.2582645670441935,0.29698579577922685
3M,5,0.2917470639165246,0.2622350075707508,0.029512056345773807
3M,6,0.41328217983636806,0.19670803921081795,0.2165741406255501
3M,7,0.2783183005028438,0.002685739285041374,0.2756325612178024
3M,8,0.43390113479144077,0.10227794490512811,0.3316231898863127
3M,9,0.3553139364965969,0.18028921913938822,0.1750247173572087
3M,10,0.22399439438523958,0.0903324680900083,0.13366192629523127
3M,11,0.3167446055401868,0.2032789060354767,0.11346569950471011
3M,12,0.3451515016615379,0.049587358338978677,0.2955641433225592
3M,13,0.5304128056000913,0.2165368467397004,0.3138759588603909
3M,14,0.34706205404782686,0.3160329072992462,0.03102914674858065
3M,15,0.21060631065759305,0.03559699858875732,0.17500931206883574
3M,16,0.2730015073645169,0.13586809242724807,0.13713341493726883
3M,17,0.3406244764541977,0.13983741169690772,0.20078706475728997
3M,18,0.3607704162290585,0.12376120182242503,0.23700921440663344
3M,19,0.412314274883203,0.08232142145420682,0.3299928534289962
3M,20,0.3832164381595404,0.13654492039969363,0.24667151775984675
3M,21,0.27830541001245956,0.18838766721159633,0.08991774280086323
3M,22,0.40085401703025675,0.07924420374500017,0.32160981328525656
3M,23,0.325322099871428,0.2352638029225315,0.09005829694889653
3M,24,0.43700296399636646,0.11093688722459717,0.3260660767717693
3M,25,0.3934707527585825,0.03953900408654354,0.35393174867203897
3M,26,0.44939081316725416,0.3352774371443244,0.11411337602292976
3M,27,0.3390398821303615,0.15396877164773026,0.18507111048263125
3M,28,0.4522215650971906,0.2050549443946036,0.247166620702587
3M,29,0.36375372964515973,0.08815615614280839,0.27559757350235137
3M,30,0.4778105101839225,0.12725213949295727,0.35055837069096524
3M,31,0.44661390285572317,0.11290542990124516,0.33370847295447803
3M,32,0.2478988430509368,0.07465902030445036,0.17323982274648642
3M,33,0.085050914025401,0.009264493365822649,0.07578642065957836
3M,34,0.5124496627891998,0.11810601949370443,0.39434364329549537
3M,35,0.37487670112176963,0.12344864965458392,0.2514280514671857
3M,36,0.28976655057469664,0.08865972947604502,0.20110682109865163
3M,37,0.43192419486670575,0.27673473869126053,0.15518945617544522
3M,38,0.4667487262643066,0.40551357733175913,0.061235148932547445
3M,39,0.32974309937354496,0.09678115492325677,0.23296194445028817
3M,40,0.24549583358836735,0.05389697875354117,0.1915988548348262
3M,41,0.2084060307810771,0.026434749237119016,0.18197128154395809
3M,42,0.63940630944722,0.33935019948001993,0.30005610996720006
3M,43,0.2822300773877483,0.12931851500014732,0.15291156238760098
3M,44,0.3398042579288823,0.061037186238079966,0.27876707169080234
3M,45,0.2754001973434279,0.2889102402022755,-0.013510042858847604
3M,46,0.5068944258181198,0.11650697697298307,0.39038744884513676
3M,47,0.15177083147228412,0.08740626955788029,0.06436456191440383
3M,48,0.3468320163347783,0.03279454544619118,0.3140374708885871
3M,49,0.13208573575675817,0.0517969284027392,0.08028880735401897
3M,50,0.25045411919694577,0.37021264928298586,-0.1197585300860401
3M,51,0.17006545014002866,0.0005909641663610907,0.16947448597366757
3M,52,0.38693425431055894,0.23013811477477278,0.15679613953578617
3M,53,0.31911920771439534,0.09269006897535939,0.22642913873903595
3M,54,0.34496430944122686,0.0664358140463089,0.278528495394918
3M,55,0.31015986564024556,0.044043667234149576,0.26611619840609596
3M,56,0.23257097641097985,0.09849848137057987,0.13407249504039997
3M,57,0.3475832278415077,0.15715569097769344,0.19042753686381425
3M,58,0.33224700991385603,0.17673270217998774,0.1555143077338683
3M,59,0.37659241818565586,0.14167799332756695,0.23491442485808892
3M,60,0.09479270344214571,1.5850456228965728e-05,0.09477685298591675
3M,61,0.18497435889609132,0.06327215939529332,0.121702199500798
3M,62,0.22177306410000097,0.002751095290758772,0.2190219688092422
3M,63,0.2662031345255025,0.08471480797734347,0.181488326548159
3M,64,0.5188139379518854,0.21157501864262349,0.30723891930926184
3M,65,0.216022815831499,0.06704440986502797,0.14897840596647102
3M,66,0.39537398270280427,0.11869339664734592,0.27668058605545837
3M,67,0.3172093640537904,0.19193099892513524,0.12527836512865517
3M,68,0.23077123957482426,0.08886242703231752,0.14190881254250676
3M,69,0.4283787957251031,0.1911151560516898,0.23726363967341332
3M,70,0.4010625803088345,0.049074145102415985,0.35198843520641854
3M,71,0.1430854752606813,0.0892029788108106,0.0538824964498707
3M,72,0.304247744850315,0.06505093457028129,0.23919681028003376
3M,73,0.26265659821277376,0.02456819041201127,0.23808840780076249
3M,74,0.3786791941296429,0.1440256222581232,0.2346535718715197
3M,75,0.4335903357373502,0.13261428663911037,0.30097604909823983
3M,76,0.2805361483424323,0.013852265682426751,0.26668388266000553
3M,77,0.41606558491935336,0.16621779709682447,0.2498477878225289
3M,78,0.4809888966190236,0.1181497024155413,0.3628391942034823
3M,79,0.3620004982420779,0.1700899390239918,0.1919105592180861
3M,80,0.48787756665908233,0.17534865715568357,0.31252890950339873
3M,81,0.35969123344443793,0.09493939746206974,0.2647518359823682
3M,82,0.29112009726563015,0.1288863488394016,0.16223374842622856
3M,83,0.4034091197974238,0.07580116326583622,0.3276079565315876
3M,84,0.3583542664614019,0.17016215001758453,0.18819211644381736
3M,85,0.3023233097158756,0.08384692302100481,0.2184763866948708
3M,86,0.17709388546861543,0.12909283590217246,0.048001049566442966
3M,87,0.3447568588890351,0.18197913362166834,0.16277772526736678
3M,88,0.40873387968144337,0.11815019217901854,0.2905836875024248
3M,89,0.21974067120174282,0.006811449242172897,0.21292922195956993
3M,90,0.26881099549718135,0.061443869739526105,0.20736712575765526
3M,91,0.24284762873390883,0.07155168153273064,0.1712959472011782
3M,92,0.28658487823922224,0.07311214308975286,0.21347273514946938
3M,93,0.29152474891264846,0.10995110326659538,0.18157364564605308
3M,94,0.3588546251829682,0.0853036793335301,0.27355094584943807
3M,95,0.26806512019433093,0.10238112880153563,0.1656839913927953
3M,96,0.44141466123792644,0.11085092362677906,0.3305637376111474
3M,97,0.09484153897604487,0.07024640659564503,0.024595132380399842
3M,98,0.2778133864779572,0.024645521152020258,0.253167865325937
3M,99,0.5016731163639462,0.1660294889128041,0.33564362745114207
3M,100,0.05970224437685427,0.018855637807579716,0.04084660656927455
3M,101,0.30043916383872515,0.2023216914727241,0.09811747236600105
3M,102,0.33203368554069296,0.07980789801561265,0.2522257875250803
3M,103,0.3464005823582637,0.04401762357972555,0.30238295877853816
3M,104,0.33855572927373984,0.03352957983334457,0.30502614944039524
3M,105,0.34803796631791006,0.10026095809496763,0.24777700822294244
3M,106,0.22411022426118068,0.12722324152598125,0.09688698273519944
3M,107,0.369642948495991,0.32331222880946137,0.04633071968652963
3M,108,0.4211689890107195,0.12224095479082243,0.29892803421989705
3M,109,0.29328430816418133,0.11558536358573639,0.17769894457844493
3M,110,0.011494559100431963,0.01202099919862091,-0.0005264400981889478
3M,111,0.3675767494154782,0.17477258815008573,0.19280416126539246
3M,112,0.5271807874573167,0.3293108804533954,0.19786990700392126
3M,113,0.4515718796241785,0.26268932293799935,0.18888255668617915
3M,114,0.3659398424249701,0.0818429832063833,0.2840968592185868
3M,115,0.28061542349228813,0.10103900973916867,0.17957641375311945
3M,116,0.42659063657532115,0.04456804860138019,0.38202258797394095
3M,117,0.27403821748967827,0.13104997998064954,0.14298823750902873
3M,118,0.03492381031955633,0.0024522290830293492,0.032471581236526985
3M,119,0.3746894870391736,0.17062957899026931,0.20405990804890428
3M,120,0.26458626119038614,0.030010563719516572,0.23457569747086957
3M,121,0.3787910963584728,0.09938684561085662,0.2794042507476162
3M,122,0.29645317752297273,0.09604835582182157,0.20040482170115115
3M,123,0.4733286643341556,0.15523358265117848,0.3180950816829771
3M,124,0.27926110081961847,0.09063590945000702,0.18862519136961145
3M,125,0.3483317176518504,0.12209385643636123,0.22623786121548917
3M,126,0.3719546305701062,0.0687712535961665,0.3031833769739397
3M,127,0.36430792775469717,0.2934498346495613,0.07085809310513586
3M,128,0.311545385673756,0.16656897108609559,0.14497641458766042
3M,129,0.42767822937051975,0.11652316667855432,0.3111550626919654
3M,130,0.3006074832803203,0.14307045919577424,0.15753702408454603
3M,132,0.3108967814622415,0.13006633040431426,0.18083045105792722
3M,133,0.28767268310272104,0.12647697138755698,0.16119571171516406
3M,134,0.3243149831872937,0.15536095761653682,0.16895402557075687
3M,135,0.37502432363981464,0.3942761920777442,-0.019251868437929587
3M,136,0.24202677653740753,0.12117379933630873,0.1208529772010988
3M,137,0.3584025729885678,0.11027906189642689,0.24812351109214092
3M,138,0.5074984893793043,0.15174634497065223,0.3557521444086521
3M,139,0.4886607558724685,0.17692870842095682,0.3117320474515117
3M,140,0.39772058241704616,0.2547926138495252,0.142927968567521
3M,141,0.43491932180918697,0.20376156105227528,0.2311577607569117
3M,142,0.2964337485312602,0.12393131145486311,0.1725024370763971
3M,143,0.29200273912993435,0.06495199049250393,0.2270507486374304
3M,144,0.2649900053600064,0.1339004012053213,0.1310896041546851
3M,145,0.17116181763970686,0.07522275021351836,0.0959390674261885
3M,146,0.18854070761620345,0.07271858393118992,0.11582212368501353
3M,147,0.29118285652698844,0.11236061727859817,0.17882223924839027
3M,148,0.39868126257796066,0.031045115904044567,0.3676361466739161
3M,149,0.3853711216255103,0.21713533532477866,0.16823578630073163
3M,150,0.3107508825215906,0.05980786065408185,0.2509430218675088
3M,151,0.2550695764091282,0.23816410113950023,0.016905475269627962
3M,152,0.34690774395525714,0.13613732849243473,0.2107704154628224
3M,153,0.2742515574811093,0.20769031893462464,0.06656123854648466
3M,154,0.4819632637523613,0.15423505381949928,0.327728209932862
3M,155,0.37352340676065815,0.3798874936671745,-0.006364086906516353
3M,156,0.38177004906472783,0.09561735767566105,0.2861526913890668
3M,157,0.44063624922261485,0.2072722442792528,0.23336400494336204
3M,158,0.4084393287620325,0.0243327689728921,0.3841065597891404
3M,159,0.37110739096887935,0.24708505408606826,0.12402233688281109
3M,160,0.40914256576432656,0.13631948800192298,0.27282307776240355
3M,161,0.41888451038976643,0.13609432682821174,0.2827901835615547
3M,162,0.3606178875126111,0.11216732103741037,0.24845056647520072
3M,164,0.24414896188225177,0.09509640917020222,0.14905255271204954
3M,165,0.21426234887371118,0.062395160830029786,0.15186718804368138
3M,166,0.32535883564839607,0.03237556774455459,0.2929832679038415
3M,167,0.45475960060996934,0.07811081478479177,0.3766487858251776
3M,168,0.5076167755051946,0.23487032011538136,0.27274645538981324
3M,169,0.4642531708075236,0.1037814014984573,0.3604717693090663
3M,170,0.3260207190768481,0.13471215943328624,0.19130855964356186
3M,171,0.3277521598568279,0.03520889081759651,0.29254326903923134
3M,172,0.43102664770794635,0.26526606184579293,0.16576058586215342
3M,173,0.306485663530915,0.10149565170719597,0.204990011823719
3M,174,0.1289251145022481,0.08628346859385908,0.042641645908389036
3M,175,0.37838480213149395,0.2815754205585661,0.09680938157292784
3M,176,0.27412442433688816,0.028536657890340038,0.24558776644654812
3M,177,0.23852382682630377,0.0333437352087489,0.20518009161755488
3M,178,0.20469829520447966,0.023831180643987707,0.18086711456049195
3M,179,0.4408179147917947,0.09908066166711266,0.34173725312468206
3M,180,0.09308058581358793,0.08670195553145965,0.006378630282128275
3M,181,0.28625272958419934,0.009254136279776013,0.27699859330442334
3M,182,0.4100762930986621,0.30511938747114437,0.10495690562751775
3M,183,0.40654236235763996,0.07900601964367619,0.32753634271396376
3M,184,0.4177178323461899,0.11848797602344817,0.29922985632274174
3M,185,0.5098067706070809,0.052652898740669016,0.4571538718664119
3M,186,0.3653672026565389,0.2295344033594406,0.1358327992970983
3M,187,0.3457675434861968,0.23356446752140186,0.11220307596479495
3M,188,0.3531330285441881,0.21181997901779806,0.14131304952639004
3M,189,0.2472521939370018,0.21592197829872836,0.03133021563827343
3M,190,0.21195785632346892,0.06642735906375566,0.14553049725971326
3M,191,0.3624427810552895,0.11567968865827997,0.2467630923970095
3M,192,0.30828346437801996,0.12528307087493706,0.1830003935030829
3M,193,0.20388649377697746,0.08513140921852476,0.1187550845584527
3M,194,0.38189737423987796,0.33149516153581576,0.0504022127040622
3M,195,0.3833173507271383,0.01380707709157454,0.36951027363556377
3M,196,0.48132048846284686,0.23718967588274353,0.24413081258010333
3M,197,0.3367995200757286,0.050657251949813104,0.2861422681259155
3M,198,0.33428795310884385,0.09700779990521531,0.23728015320362855
3M,199,0.45991701717757866,0.14886224890531424,0.3110547682722644
3M,200,0.24842418474170158,0.18736273014510899,0.061061454596592596
3M,201,0.37812289337188626,0.14614824350005157,0.2319746498718347
3M,202,0.3785277370065074,0.1612435316852195,0.2172842053212879
3M,203,0.2638191958688802,0.04519947406990257,0.21861972179897762
3M,204,0.43027327441868374,0.11193110599828428,0.3183421684203995
3M,205,0.2633777287955298,0.18637177258817492,0.07700595620735487
3M,206,0.4123976711767666,0.08657933456756328,0.32581833660920334
3M,207,0.1897599519612794,0.09459797977892999,0.09516197218234941
3M,208,0.28185990175166953,0.0020305592718265182,0.27982934247984304
3M,209,0.35859149560764714,0.2419613014404162,0.11663019416723094
3M,210,0.406524107490197,0.028468567358676655,0.3780555401315204
3M,211,0.28222902718292475,0.18323879201353072,0.09899023516939404
3M,212,0.38826750175452507,0.13232497827450213,0.25594252348002294
3M,213,0.3709378905129961,0.1254511506201541,0.24548673989284198
3M,214,0.4334264496702654,0.2110302303673889,0.22239621930287648
3M,215,0.27375109638446793,0.09798721611463326,0.17576388026983467
3M,216,0.2018164158669122,0.1356817280789022,0.06613468778801002
3M,217,0.14582046442631405,0.09649688855874977,0.04932357586756428
3M,218,0.3943473361187779,0.018849513889503972,0.37549782222927397
3M,219,0.5103045755377762,0.15937070669689313,0.35093386884088307
3M,220,0.24882999189441143,0.0995668747235434,0.14926311717086804
3M,221,0.38281106463739595,0.2892924029112339,0.09351866172616202
3M,222,0.07217330278321858,0.007801180196211681,0.0643721225870069
3M,223,0.13645001686637584,0.019187933068988274,0.11726208379738756
3M,224,0.22556678725094098,0.03184067650026422,0.19372611075067675
3M,225,0.3156163715630486,0.05603328159862894,0.2595830899644197
3M,226,0.4244307567946795,0.2026271626942219,0.2218035941004576
3M,227,0.4303165900884706,0.08849699854406722,0.3418195915444034
3M,228,0.39445289827560287,0.09403551060113216,0.3004173876744707
3M,229,0.2647192718371696,0.11277494402471154,0.15194432781245804
3M,230,0.35468762750541316,0.05918848815259399,0.2954991393528192
3M,231,0.50340354732784,0.17156885463631957,0.33183469269152044
3M,232,0.3848211339098847,0.07259884437712756,0.31222228953275716
3M,233,0.21835506645921487,0.06435375979469757,0.1540013066645173
3M,234,0.3552015846005671,0.187797967553323,0.1674036170472441
3M,235,0.35588525380701924,0.18494365572600913,0.17094159808101012
3M,236,0.4190790168701031,0.05519285484728536,0.36388616202281776
3M,237,0.3241783994526154,0.021911026634171694,0.3022673728184437
3M,238,0.1825922085256816,0.0945414420026707,0.08805076652301089
3M,239,0.19226812652249195,0.04169416316553576,0.1505739633569562
3M,240,0.07484860297069923,0.004338351387107891,0.07051025158359134
3M,241,0.45824024614681363,0.29000222928604374,0.1682380168607699
3M,242,0.42193615013418745,0.06929702541696772,0.3526391247172197
3M,243,0.24836781086218013,0.17401043998561966,0.07435737087656047
3M,244,0.37316918142558747,0.26131361815483434,0.11185556327075313
3M,245,0.2515374330796959,0.05786340499285881,0.1936740280868371
3M,246,0.25299906151383245,0.05877649232090556,0.19422256919292688
3M,247,0.46709945356397303,0.18971793915733562,0.2773815144066374
3M,248,0.5094797400950289,0.14460482619819076,0.3648749138968382
3M,249,0.3013414737460505,0.2185767873508557,0.08276468639519483
3M,250,0.2516791672676818,0.009321126491736404,0.2423580407759454
3M,251,0.35388170554392173,0.10349608513533866,0.2503856204085831
3M,252,0.17313541228394078,0.07173032633475766,0.10140508594918311
3M,253,0.3179981030889408,0.15280928729074442,0.16518881579819636
3M,254,0.14352250706058023,0.03557204104687732,0.10795046601370291
3M,255,0.3243924215025246,0.15097920548317723,0.1734132160193474
3M,256,0.49378159806070243,0.21427451806549083,0.2795070799952116
3M,257,0.483805197390827,0.219163930464585,0.264641266926242
3M,258,0.3457043805052319,0.1015755763034876,0.2441288042017443
3M,259,0.522127620565258,0.09476235163371631,0.42736526893154164
3M,260,0.19491602017639262,0.09427586581078225,0.10064015436561037
3M,261,0.2957911862590547,0.16306025010799732,0.13273093615105738
3M,262,0.293053640580077,0.1546661630358081,0.1383874775442689
3M,263,0.3726893999671612,0.1082576887661632,0.264431711200998
3M,264,0.3323101851890803,0.16134048719188782,0.17096969799719247
3M,265,0.30140112661044294,0.15176653189985226,0.14963459471059068
3M,266,0.3465372336997822,0.09628642076596136,0.2502508129338208
3M,267,0.3460627561764637,0.13541243301470157,0.21065032316176213
3M,268,0.32422404170514163,0.051080396857907225,0.2731436448472344
3M,269,0.32826900950154353,0.10209112848845599,0.22617788101308756
3M,270,0.48093250411747346,0.19082948142642023,0.29010302269105326
3M,271,0.38034835296988384,0.1436567071291444,0.23669164584073943
3M,272,0.4037557774744405,0.1307928608691387,0.2729629166053018
3M,273,0.20233849094468706,0.06872631133974832,0.13361217960493874
3M,274,0.38705715174672806,0.185046635758904,0.20201051598782405
3M,275,0.5133293705545044,0.31121562319376633,0.20211374736073812
3M,276,0.2957672738873812,0.1268013296382676,0.16896594424911363
3M,277,0.40436464045137055,0.13808359075539878,0.26628104969597177
3M,278,0.4208235568171241,0.15290164724424593,0.26792190957287815
3M,279,0.37441877918041216,0.01775033159823892,0.35666844758217325
3M,280,0.36793681081080776,0.0821715350810497,0.2857652757297581
3M,281,0.39777685071563,0.09231708346711241,0.3054597672485176
3M,282,0.4462565763886157,0.11723754664077252,0.3290190297478432
3M,283,0.3172963401245135,0.14448740430980128,0.17280893581471224
3M,284,0.5354776752627138,0.27674368085083567,0.25873399441187817
3M,285,0.359731581281471,0.314968123528748,0.044763457752723
3M,286,0.0775977286770343,0.07170374488068415,0.005893983796350144
3M,287,0.5289593550500549,0.20620439582935088,0.32275495922070396
3M,288,0.4549944491324496,0.2146939980295254,0.24030045110292417
3M,289,0.26616832502391574,0.19229035490791024,0.0738779701160055
3M,290,0.22706780661925105,0.14090720915830973,0.08616059746094132
3M,291,0.261627645059643,0.115894833282373,0.14573281177727
3M,292,0.22589261915292633,0.17357948778544305,0.05231313136748328
3M,293,0.3876997537333999,0.07983251555028015,0.30786723818311973
3M,294,0.04140478581856176,0.0027573896383820758,0.038647396180179684
3M,295,0.3600646837427511,0.1747460339847252,0.18531864975802587
3M,296,0.03962193238622145,0.015623809848286997,0.02399812253793445
3M,297,0.43613634140492225,0.22469285870014077,0.21144348270478147
3M,298,0.515795759280943,0.09949813509065124,0.41629762419029176
3M,299,0.4472931020820752,0.14313744811661774,0.3041556539654574
3M,300,0.2852444811707857,0.09643694253583915,0.18880753863494656
3M,301,0.17952643246514408,0.07108051735010208,0.108445915115042
3M,302,0.42687219350786,0.15159283027618317,0.2752793632316768
3M,303,0.4991811248980083,0.14599265157038374,0.3531884733276246
3M,304,0.38115381243751606,0.02153958093132469,0.3596142315061914
3M,305,0.13518009307400872,0.04062957227450961,0.0945505207994991
3M,306,0.33378610643868156,0.2862159414582975,0.04757016498038408
3M,307,0.40721563310456566,0.1698991858983645,0.23731644720620115
3M,308,0.3001646569109376,0.13936406063036244,0.16080059628057514
3M,309,0.3041605943038874,0.09762616855233179,0.20653442575155562
3M,310,0.3531421936807041,0.055867023532987566,0.29727517014771654
3M,311,0.15699435837205208,0.1341517880015372,0.022842570370514875
3M,312,0.3459303503420877,0.10664291937688451,0.23928743096520316
3M,313,0.309758754558871,0.17154570822693,0.13821304633194098
3M,314,0.25906348671060725,0.24709571196971214,0.01196777474089511
3M,315,0.32895915226944195,0.1661538884403899,0.16280526382905205
3M,316,0.43778472098798504,0.21403920904820695,0.2237455119397781
3M,317,0.3353686774292942,0.22257242236797903,0.11279625506131519
3M,318,0.34340768693281465,0.1815023118766021,0.16190537505621255
3M,319,0.35647352165143265,0.18160650701164177,0.17486701463979087
3M,320,0.45125840334826384,0.18533068515669046,0.26592771819157335
3M,321,0.38690252184077506,0.2230324933045077,0.16387002853626736
3M,322,0.3948560303139051,0.12015897035876351,0.2746970599551416
3M,323,0.2576196765541648,0.10201187478892569,0.15560780176523908
3M,324,0.3581530307678373,0.14044382979177128,0.217709200976066
3M,325,0.4487246722343851,0.10700039674098279,0.34172427549340234
3M,326,0.34903996415934,0.20320284963275412,0.1458371145265859
3M,327,0.4900198551411946,0.1375619108257683,0.3524579443154263
3M,328,0.4332249696388548,0.14892645905973118,0.28429851057912364
3M,329,0.43713929641717975,0.22024105383332082,0.21689824258385892
3M,330,0.34308684886689605,0.09433170610729778,0.24875514275959826
3M,331,0.3281320370227171,0.09507447086862139,0.2330575661540957
3M,332,0.3166176194396938,0.1879517393464211,0.1286658800932727
3M,333,0.3733989702238936,0.1497121603570375,0.22368680986685613
3M,334,0.49814977617769723,0.2729076830253391,0.22524209315235816
3M,335,0.35487740280868213,0.10126106350754042,0.2536163393011417
3M,336,0.30672226376544054,0.3557112785733556,-0.048989014807915066
3M,337,0.6948048277259609,0.22541886544925793,0.46938596227670293
3M,338,0.4916718492239355,0.0713609826234883,0.42031086660044714
3M,339,0.40844518966241705,0.2668713420009055,0.14157384766151154
3M,340,0.27758861382454725,0.1118770684200551,0.16571154540449215
3M,341,0.41005659481292267,0.16574750166627095,0.24430909314665172
3M,342,0.04301032826385422,0.021067188081191256,0.02194314018266296
3M,343,0.12650393424187842,0.004188254746777388,0.12231567949510103
3M,344,0.24947415671141376,0.07749902739892475,0.171975129312489
3M,345,0.34828536083412837,0.023630536745880094,0.32465482408824825
3M,346,0.29388972466579855,0.0915219258407945,0.20236779882500405
3M,347,0.4236126914496281,0.07392725273250866,0.34968543871711943
3M,348,0.3413821318130143,0.023425480085673238,0.31795665172734106
3M,349,0.3969407637696459,0.13015010311854955,0.26679066065109636
3M,350,0.2874131375750824,0.049916253071397736,0.23749688450368467
3M,351,0.3920152756136167,0.23787885732435568,0.15413641828926103
3M,352,0.4282591058918201,0.23508465857324604,0.19317444731857406
3M,353,0.3826805271526506,0.15699499017282872,0.22568553697982188
3M,354,0.3830176511318918,0.11929104635425751,0.26372660477763427
3M,355,0.33985822150497896,0.3298719925958822,0.009986228909096784
3M,356,0.4131161138376063,0.010249621255752649,0.4028664925818537
3M,357,0.1820433764989522,0.12255201318314266,0.05949136331580954
3M,358,0.17906400911063824,0.09536937952921888,0.08369462958141936
3M,359,0.24960749711251454,0.03918539871011815,0.2104220984023964
3M,360,0.5065968995565707,0.19888261953749808,0.30771428001907264
3M,361,0.06758770547543927,0.044168188523272964,0.023419516952166305
3M,362,0.37353609988740477,0.02889025123654197,0.3446458486508628
3M,363,0.239051895147325,0.2790602609376951,-0.04000836579037009
3M,364,0.3276453645015514,0.03070003676966608,0.2969453277318853
3M,365,0.30685479988916353,0.18309226084524685,0.12376253904391668
3M,366,0.3310590614538484,0.06876685303213162,0.26229220842171674
3M,367,0.5269517794442882,0.011285268976513912,0.5156665104677742
3M,368,0.0630418196295968,0.04015358484726239,0.022888234782334413
3M,369,0.22644915737627058,0.08950445925983978,0.13694469811643079
3M,370,0.42012336982475795,0.2724023292605771,0.14772104056418084
3M,371,0.43554190787439856,0.17439783011540771,0.26114407775899084
3M,372,0.25826522426100545,0.37106638224588034,-0.11280115798487489
3M,373,0.23790215036848797,0.08095436968797388,0.15694778068051407
3M,374,0.23251703523449313,0.1381410111150135,0.09437602411947962
3M,375,0.4026602441816961,0.2922166557277003,0.11044358845399582
3M,376,0.343322707970959,0.1435290504506688,0.19979365752029019
3M,377,0.24959013049379655,0.04565203190251558,0.20393809859128098
3M,378,0.22057719510428975,0.0630724290484613,0.15750476605582844
3M,379,0.2785196571650642,0.09394258634734577,0.18457707081771846
3M,380,0.36819964167229663,0.10892982150304929,0.2592698201692473
3M,381,0.27752833685632794,0.1285249748364592,0.14900336201986875
3M,382,0.3490856438887983,0.13099626112977003,0.21808938275902828
3M,383,0.40164651701580717,0.07620082535179057,0.3254456916640166
3M,384,0.2833230087305828,0.12355012961476354,0.15977287911581928
3M,385,0.5281203735292928,0.4105232576023651,0.11759711592692768
3M,386,0.20456879720946455,0.10375583820486009,0.10081295900460446
3M,387,0.39868142174478255,0.13514610514301068,0.2635353166017719
3M,388,0.230374249104852,0.08395544702243848,0.1464188020824135
3M,389,0.3519779659319316,0.009038613597917107,0.34293935233401446
3M,390,0.2274981105506826,0.1366025996963108,0.09089551085437178
3M,391,0.41137467873569866,0.13901883428228026,0.2723558444534184
3M,392,0.015904890405183364,0.004861909668442179,0.011042980736741185
3M,393,0.22222056513898103,0.07675266423307923,0.14546790090590178
3M,394,0.3893520805188962,0.14129640058736548,0.24805567993153071
3M,395,0.31771180359785595,0.06486448780864593,0.25284731578921005
3M,396,0.04941015041882696,0.05186555658341049,-0.0024554061645835276
3M,397,0.308771323176502,0.12833783170349639,0.18043349147300564
3M,398,0.34226907430204423,0.06856187271847286,0.27370720158357137
3M,399,0.264292039196101,0.20533816590360135,0.05895387329249965
3M,400,0.5121399651468597,0.396385743526486,0.11575422162037369
3M,401,0.4214036955911596,0.1785251598113887,0.2428785357797709
3M,402,0.19155090137299474,0.06425153795890999,0.12729936341408477
3M,403,0.4254867991081035,0.13067829574119935,0.2948085033669041
3M,404,0.46410430137029846,0.17677144330655128,0.2873328580637472
3M,405,0.1341488847601082,0.0922013926684895,0.04194749209161869
3M,406,0.36581961336201396,0.16910501569120717,0.1967145976708068
3M,407,0.48481715570937806,0.16692736266455424,0.3178897930448238
3M,408,0.2828040132237725,0.0685770677123716,0.21422694551140092
3M,409,0.3888204142620399,0.1622155684019389,0.226604845860101
3M,410,0.06969709163457105,0.016190079605546935,0.053507012029024116
3M,411,0.35452970801450656,0.06179024285004721,0.29273946516445937
3M,412,0.19239646625938836,0.04452923868291872,0.14786722757646964
3M,413,0.30307675552565294,0.02444305069294315,0.27863370483270977
3M,414,0.3336299058737644,0.11396058455859179,0.2196693213151726
3M,415,0.27082559148704716,0.06555216645080122,0.20527342503624593
3M,416,0.40205732085430956,0.0964652140314884,0.3055921068228212
3M,417,0.5865367703866933,0.3176081308468773,0.268928639539816
3M,418,0.20991761458399047,0.044353099914859175,0.1655645146691313
3M,419,0.40814493844655136,0.19175825947971908,0.21638667896683228
3M,420,0.31009485672419224,0.08227304210528899,0.22782181461890325
3M,421,0.057805004216935886,0.05246069516015021,0.005344309056785679
3M,422,0.44171127495861706,0.23327045531762783,0.20844081964098923
3M,423,0.30792862421550937,0.026577875420355297,0.2813507487951541
3M,424,0.5149169379706152,0.37187800813364236,0.14303892983697286
3M,425,0.30308208421950156,0.021246841156460958,0.2818352430630406
3M,426,0.4403496906132257,0.016883775440085243,0.4234659151731405
3M,427,0.27634782947341957,0.03310387489790999,0.24324395457550957
3M,428,0.01146356281754656,0.016482194189101317,-0.0050186313715547565
3M,429,0.18326405951844593,0.10493925791709231,0.07832480160135362
3M,430,0.3132920853508642,0.050843718172415564,0.26244836717844866
3M,431,0.3969345001145903,0.13335545967474305,0.26357904043984726
3M,432,0.3860048253340277,0.10049336490218531,0.2855114604318424
3M,433,0.4595811592129897,0.1785409706727166,0.28104018854027313
3M,434,0.41971147578555856,0.07270771752245746,0.3470037582631011
3M,435,0.2696647810196652,0.26022733120118474,0.009437449818480437
3M,436,0.38239385822229577,0.22091524717151387,0.1614786110507819
3M,437,0.36510633392413094,0.0662962383693281,0.29881009555480287
3M,438,0.44175813893591015,0.18807567867565483,0.2536824602602553
3M,439,0.2895139762675191,0.18113027198214673,0.10838370428537239
3M,440,0.549289332994668,0.09460199633644234,0.45468733665822564
3M,441,0.36050927239843167,0.10354247611133156,0.2569667962871001
3M,442,0.3293599271391667,0.23903791326698856,0.09032201387217811
3M,443,0.23404515600239367,0.0563961343220206,0.17764902168037308
3M,444,0.38317936167250555,0.11522587542322,0.26795348624928556
3M,445,0.3488089490455772,0.03315943894963196,0.3156495100959452
3M,446,0.3669448253390246,0.056341867985426695,0.31060295735359794
3M,447,0.3766971651116403,0.25076990388384196,0.12592726122779835
3M,448,0.40821437223447643,0.13102662909688115,0.2771877431375953
3M,449,0.5435736758477175,0.5000724764538038,0.043501199393913725
3M,450,0.17987137324054128,0.0345013952574489,0.14536997798309237
3M,451,0.3863110983402659,0.17432979105189955,0.21198130728836634
3M,452,0.20142386078816124,0.0380581549643073,0.16336570582385396
3M,453,0.5034188857060041,0.21899782861717695,0.28442105708882714
3M,454,0.25728066076614736,0.14533691622570494,0.11194374454044242
3M,455,0.3020325277684739,0.3108367012969125,-0.008804173528438597
3M,456,0.28110956911709506,0.2500799104740629,0.031029658643032143
3M,457,0.25094098033928763,0.10156938811497083,0.14937159222431678
3M,458,0.31201912762279177,0.11997688020214872,0.19204224742064305
3M,459,0.3313082592146471,0.25923121541754995,0.07207704379709717
3M,460,0.4847519179010657,0.4856477182490991,-0.000895800348033382
3M,461,0.29248162183267834,0.1222794026345386,0.17020221919813974
3M,462,0.43615604084276494,0.19278101230579373,0.2433750285369712
3M,463,0.47339905723357917,0.1148829242415852,0.358516132991994
3M,464,0.36094059940398804,0.08111983027895903,0.279820769125029
3M,465,0.06145988936474591,0.07355155680048288,-0.012091667435736968
3M,466,0.5117927594654229,0.2079531211946976,0.3038396382707253
3M,467,0.37158454826329973,0.21174842229950536,0.15983612596379437
3M,468,0.3030255387582116,0.20674294348725333,0.09628259527095825
3M,469,0.3081782887126963,0.019645559153077967,0.28853272955961834
3M,470,0.25113033247514804,0.1477406231016949,0.10338970937345315
3M,471,0.3209236741489317,0.16544939628060845,0.15547427786832324
3M,472,0.38717722447803826,0.12567495735381026,0.26150226712422797
3M,473,0.31025443910607703,0.334572774804472,-0.024318335698394977
3M,474,0.3748927250056597,0.16716500737400777,0.2077277176316519
3M,475,0.34252686870235716,0.13471745699480864,0.20780941170754852
3M,476,0.3434870869536396,0.16578482126185437,0.17770226569178524
3M,477,0.4323908244909693,0.05903358018185496,0.3733572443091144
3M,478,0.2004902495003698,0.18804555466584777,0.012444694834522041
3M,479,0.21844260191331188,0.0318594107593156,0.1865831911539963
3M,480,0.48152573922608083,0.2685582488244202,0.21296749040166063
3M,481,0.4698994823473228,0.19135285813559877,0.27854662421172405
3M,482,0.3705711303456297,0.14984989423203257,0.22072123611359715
3M,483,0.09550216403893144,0.13972174324701006,-0.04421957920807862
3M,484,0.39464589946088074,0.12028305360224993,0.2743628458586308
3M,485,0.1286946688656874,0.006105458815768946,0.12258921004991845
3M,486,0.38962661164311174,0.00011528600527604568,0.3895113256378357
3M,487,0.2799290175546406,0.12225235639022947,0.15767666116441115
3M,488,0.3799742348443208,0.1506022444582581,0.2293719903860627
3M,489,0.40897116210150747,0.059631757294777925,0.34933940480672954
3M,490,0.2643234480111154,0.0071910852421755425,0.25713236276893986
3M,491,0.3989127691887695,0.257769588988649,0.1411431802001205
3M,492,0.42247562734903255,0.22358448104713013,0.1988911463019024
3M,493,0.40303119565069123,0.21743091984980562,0.18560027580088562
3M,494,0.3948812063453453,0.10268604813474363,0.29219515821060166
3M,495,0.3542314145217493,0.03544002921058611,0.3187913853111632
3M,496,0.3318903839122508,0.16464853981015992,0.16724184410209086
3M,497,0.3564116101917217,0.16829275385009024,0.18811885634163145
3M,498,0.40172496152704334,0.2502714708203764,0.15145349070666697
3M,499,0.3571893122836934,0.1129044306244615,0.2442848816592319
3M,500,0.2508080349334021,0.3160677907057689,-0.06525975577236681
3M,501,0.4771763135669835,0.22155674138590542,0.25561957218107806
3M,502,0.39568861323909005,0.2851605195905493,0.11052809364854077
3M,503,0.23872446973497655,0.08910382479981332,0.14962064493516322
3M,504,0.17188049467271765,0.04968284216683477,0.12219765250588288
3M,505,0.35271912680109824,0.3456532810924311,0.00706584570866714
3M,506,0.3924800323122046,0.13476715290161903,0.2577128794105855
3M,507,0.44969119571704314,0.10777937624325115,0.341911819473792
3M,508,0.4075661331512951,0.07499120350198399,0.3325749296493111
3M,509,0.2998388292470643,0.07511452406120195,0.22472430518586234
3M,510,0.4786599760908719,0.1496111030165949,0.329048873074277
3M,511,0.28055105300216715,0.23509509037265303,0.045455962629514124
3M,512,0.40687584947767536,0.24191627860450216,0.1649595708731732
3M,513,0.12151976391032716,0.12936438789967789,-0.007844623989350721
3M,514,0.5072827722597217,0.1881977135787851,0.3190850586809366
3M,515,0.3883619169751054,0.10881369859273674,0.27954821838236865
3M,516,0.1403051882111739,0.04387110178937943,0.09643408642179448
3M,517,0.2678869388732219,0.14510709598989027,0.12277984288333163
3M,518,0.37728310374657326,0.12608219832079437,0.2512009054257789
3M,519,0.529717652510035,0.21066386091506606,0.31905379159496894
3M,520,0.41161219362077545,0.08408268495736025,0.3275295086634152
3M,521,0.038807190279621526,0.010234186368832113,0.028573003910789412
3M,522,0.5599628208194803,0.16293110449709738,0.397031716322383
3M,523,0.44507023081765634,0.2556699777209263,0.18940025309673003
3M,524,0.4446551308162022,0.2472967798167481,0.19735835099945412
3M,525,0.4636796069448783,0.11782890152927089,0.3458507054156074
3M,526,0.16848275247789196,0.04433655881798733,0.12414619365990463
3M,527,0.26101395375665865,0.0404609196263866,0.22055303413027205
3M,528,0.451387923074353,0.16662574036023717,0.2847621827141158
3M,529,0.3684735177829309,0.37811736943569835,-0.009643851652767432
3M,530,0.3936310181154606,0.18296428339434448,0.2106667347211161
3M,531,0.31630674798090885,0.152372746839308,0.16393400114160087
3M,532,0.3931439736258514,0.3424774773035094,0.05066649632234199
3M,533,0.37094774963306587,0.23418266944153754,0.13676508019152833
3M,534,0.38114480622521935,0.11963866788557778,0.26150613833964154
3M,535,0.25215563020702375,0.1344113871981995,0.11774424300882425
3M,536,0.4374367416728949,0.12135887674147297,0.316077864931422
3M,537,0.4432843038277281,0.2249931320087817,0.2182911718189464
3M,538,0.2865202927221434,0.043396913210778376,0.24312337951136503
3M,539,0.48150765312944943,0.11341369185954454,0.3680939612699049
3M,540,0.3705962117837349,0.12153730584257083,0.2490589059411641
3M,541,0.02914791112834639,0.013856848302872277,0.015291062825474114
3M,542,0.5356666848712021,0.18277517089646272,0.35289151397473933
3M,543,0.4255513916240856,0.06963766744908793,0.35591372417499767
3M,544,0.3482481079191047,0.06739672917126495,0.2808513787478398
3M,545,0.33043820767410625,0.29649570015483256,0.03394250751927369
3M,546,0.2605077297635251,0.056303845098577276,0.20420388466494782
3M,547,0.3483317238236075,0.21082162922797243,0.13751009459563507
3M,548,0.317519109627711,0.10241709252794047,0.21510201709977056
3M,549,0.35386822842229376,0.08705272073088258,0.26681550769141116
3M,550,0.3216766303135566,0.20614437294296525,0.11553225737059133
3M,551,0.31599664947542605,0.06710641560178267,0.2488902338736434
3M,552,0.15256438893501498,0.03836598902252736,0.11419839991248762
3M,553,0.32719805341569086,0.13992221691538925,0.1872758365003016
3M,554,0.3796251175871242,0.19478440763176938,0.18484070995535481
3M,555,0.2526450821758311,0.07373926146016427,0.17890582071566682
3M,556,0.3909634891313114,0.10558482823584066,0.28537866089547076
3M,557,0.3400453906074719,0.0536819464683206,0.2863634441391513
3M,558,0.39812314519092734,0.06866065896904212,0.32946248622188523
3M,559,0.42720258233242153,0.12240725665545897,0.30479532567696255
3M,560,0.38757544279892003,0.005788781630230528,0.3817866611686895
3M,561,0.16497265695979926,0.0695832667068342,0.09538939025296507
3M,562,0.32965920043871777,0.2122481543968801,0.11741104604183766
3M,563,0.3353896145061435,0.03494782800170009,0.3004417865044434
3M,564,0.2663055981489847,0.08945396216604805,0.17685163598293663
3M,565,0.47238079959164997,0.15502710556435084,0.3173536940272991
3M,566,0.2445063581149159,0.10051850560829863,0.14398785250661728
3M,567,0.542278371301534,0.29703212433610204,0.24524624696543196
3M,568,0.3232864802904027,0.3081517762307203,0.015134704059682369
3M,569,0.44808339010852166,0.09916588175970036,0.3489175083488213
3M,570,0.37225629194459003,0.022318022861233862,0.3499382690833562
3M,571,0.05044692425569775,0.02606894502742961,0.02437797922826814
3M,572,0.3402483134590184,0.1746305990554536,0.1656177144035648
3M,573,0.3820686374742912,0.11357815521888513,0.26849048225540606
3M,574,0.48012291461012685,0.06666506342191732,0.41345785118820955
3M,575,0.29045982124865627,0.268361295962907,0.022098525285749293
3M,576,0.015907223882405373,0.006188684606460042,0.00971853927594533
3M,577,0.5097798729465947,0.05253255802022946,0.4572473149263652
3M,578,0.37497381186301854,0.19443985581020434,0.1805339560528142
3M,579,0.38760173462804337,0.2006146197942398,0.18698711483380356
3M,580,0.3929668335455112,0.012312200492164195,0.380654633053347
3M,581,0.08171785405564498,0.03824535820225892,0.04347249585338606
3M,582,0.4332920952633799,0.24855908762339846,0.18473300763998146
3M,583,0.46048359273332445,0.22548499146491552,0.23499860126840894
3M,584,0.16144934798239188,0.023468976013780535,0.13798037196861135
3M,585,0.019839422291310877,0.02820046735981179,-0.008361045068500914
3M,586,0.38594997885786236,0.22907235116094976,0.1568776276969126
3M,587,0.3194566455596396,0.07828619493831644,0.24117045062132314
3M,588,0.4898231894866838,0.31561083790894495,0.17421235157773884
3M,589,0.17117715641637507,0.020678814362423994,0.15049834205395107
3M,590,0.3793556266882558,0.12507503508670914,0.25428059160154665
3M,591,0.4081242097513473,0.09215738195397989,0.3159668277973674
3M,592,0.3385651730267116,0.036807824741007494,0.3017573482857041
3M,593,0.08249908599293967,0.017707534738815603,0.06479155125412407
3M,594,0.3910632046625,0.057009584392270315,0.33405362027022967
3M,595,0.275098679489623,0.14402804005912595,0.13107063943049707
3M,596,0.3769211102681543,0.10848228190280874,0.26843882836534555
3M,597,0.3548171614368386,0.1680699609419387,0.1867472004948999
3M,598,0.4938892015805655,0.2300515713844885,0.263837630196077
3M,599,0.36116992683357857,0.04189405154607197,0.3192758752875066
3M,600,0.11160751006166528,0.041510587238429805,0.07009692282323547
3M,601,0.1396240219053321,0.058979993450745054,0.08064402845458704
3M,602,0.29717091141641855,0.3259101197342836,-0.028739208317865028
3M,603,0.3150479021569308,0.22499077287328276,0.09005712928364804
3M,604,0.29763401036419174,0.26273411863747426,0.03489989172671748
3M,605,0.3119026672087367,0.11860820348515777,0.19329446372357895
3M,606,0.2892562569999054,0.06835983859482546,0.22089641840507995
3M,607,0.2879664202982773,0.12035978813302621,0.16760663216525107
3M,608,0.5637662299194834,0.17835983949006526,0.38540639042941816
3M,609,0.44801895132001224,0.2500522273278207,0.19796672399219156
3M,610,0.2908574060428083,0.12029303679663991,0.17056436924616838
3M,611,0.175802600136148,0.03755381973813645,0.13824878039801156
3M,612,0.3745175561195308,0.18081762291611922,0.19369993320341158
3M,613,0.3378105106521715,0.12847422012837414,0.20933629052379735
3M,614,0.4214505904644091,0.15041474159915472,0.27103584886525434
3M,615,0.39653996631834554,0.130640484471339,0.2658994818470065
3M,616,0.4414350905135165,0.1715294157180407,0.2699056747954758
3M,617,0.3568559364507542,0.1399919441829571,0.2168639922677971
3M,618,0.31016749021556805,0.06875899675634863,0.24140849345921944
3M,619,0.2960608541378911,0.2159026365031859,0.08015821763470524
3M,620,0.29379734966789284,0.08699210061607839,0.20680524905181447
3M,621,0.40846583571950557,0.2120222270377689,0.19644360868173666
3M,622,0.5031450544412962,0.028389564116427166,0.474755490324869
3M,623,0.2593790819505813,0.10936096272044447,0.1500181192301368
3M,624,0.3474698792859171,0.2948642604674808,0.052605618818436284
3M,625,0.38608502072820033,0.05793488820540129,0.32815013252279907
3M,626,0.4945328286889944,0.03142492005016261,0.4631079086388318
3M,627,0.31335602492494885,0.22179815915457485,0.091557865770374
3M,628,0.333127135795248,0.1343921965578095,0.19873493923743848
3M,629,0.13107510383609297,0.09607586377481236,0.034999240061280606
3M,630,0.279120667225413,0.15191980038953587,0.12720086683587714
3M,631,0.1749729852429417,0.018688039775887264,0.15628494546705443
3M,632,0.42359786067917143,0.0649955491440485,0.35860231153512295
3M,633,0.39315888470700106,0.15861040004863958,0.23454848465836148
3M,634,0.49725084858336105,0.1019035199198342,0.39534732866352684
3M,635,0.43783072130940215,0.19519356641060387,0.24263715489879828
3M,636,0.07768485728883491,0.04762193690648469,0.03006292038235022
3M,637,0.39749149208671736,0.3768464634709814,0.020645028615735972
3M,638,0.37007869648774433,0.04171463049218675,0.32836406599555756
3M,639,0.15568727867410248,0.042415921076518905,0.11327135759758358
3M,640,0.039418219004621946,0.015957446808510654,0.02346077219611129
3M,641,0.42504447180541166,0.20281692221659242,0.22222754958881924
3M,642,0.21027146220044235,0.04216025100007585,0.16811121120036648
3M,643,0.41994429314364573,0.14129094287153798,0.27865335027210775
3M,644,0.3589437204026811,0.19939141518349965,0.15955230521918143
3M,645,0.27053230167866676,0.12017682627573421,0.15035547540293254
3M,646,0.11831747093615132,0.004535294017250654,0.11378217691890066
3M,647,0.43188389992547055,0.15471423402392767,0.2771696659015429
3M,648,0.4773324943043815,0.2303397135172359,0.24699278078714562
3M,649,0.23357551744096797,0.10218210464697378,0.1313934127939942
3M,650,0.3933071835783328,0.14363271123733315,0.24967447234099963
3M,651,0.4142592788644241,0.16340521572193545,0.25085406314248865
3M,652,0.38382233649413494,0.2268775528628093,0.15694478363132564
3M,653,0.42300907204834876,0.15245688667753027,0.2705521853708185
3M,654,0.4250454799757051,0.13570523141442925,0.2893402485612758
3M,655,0.29949280688603025,0.12861198204649227,0.17088082483953798
3M,656,0.44255012863599497,0.2654697047711112,0.17708042386488376
3M,657,0.33200927654947565,0.12525679313245414,0.20675248341702152
3M,658,0.30781927533103104,0.1314005550834513,0.17641872024757974
3M,659,0.3565531740799099,0.08225732840413058,0.2742958456757793
3M,660,0.22419558325253092,0.023044353308024196,0.2011512299445067
3M,661,0.41727073489978117,0.2538924567326325,0.16337827816714867
3M,662,0.07942682354575223,0.08224199419738952,-0.0028151706516372915
3M,663,0.28087436745333794,0.003372964067947178,0.27750140338539075
3M,664,0.36630540585975585,0.1488364994455214,0.21746890641423444
3M,665,0.17635015932483056,0.08205322910941015,0.0942969302154204
3M,666,0.3687595758799511,0.1199975635597944,0.2487620123201567
3M,667,0.30621450884136153,0.0779816712565403,0.2282328375848212
3M,668,0.265158131013504,0.04627143217436848,0.21888669883913553
3M,669,0.41046781251331066,0.3407301929483731,0.06973761956493757
3M,670,0.5280908954126039,0.1509038705563628,0.3771870248562411
3M,671,0.4308193845483061,0.14605379489213924,0.28476558965616683
3M,672,0.49469216190649357,0.20194495411396612,0.29274720779252744
3M,673,0.18623257765045964,0.03496824829676878,0.15126432935369086
3M,674,0.34537636233784125,0.03506702313590744,0.3103093392019338
3M,675,0.3346558476103471,0.09169192180799933,0.24296392580234777
3M,676,0.4094998682271541,0.10309650831364865,0.3064033599135055
3M,677,0.4183209040594077,0.31328507666696614,0.10503582739244155
3M,678,0.42178039581505167,0.197844128178788,0.22393626763626368
3M,679,0.44027313383046734,0.07656798454394761,0.36370514928651976
3M,680,0.39455523156876127,0.1497006766406428,0.24485455492811847
3M,681,0.3203628926459001,0.13931703416505736,0.18104585848084276
3M,682,0.03320933248011404,0.02043342087772237,0.012775911602391669
3M,683,0.28615725338918435,0.05684031128878478,0.22931694210039957
3M,684,0.3486521326701745,0.1206332079257823,0.22801892474439217
3M,685,0.24314468450332816,0.27828894304820495,-0.035144258544876794
3M,686,0.47137731605995054,0.10539925048378525,0.3659780655761653
3M,687,0.4561380692977596,0.19233276274918765,0.2638053065485719
3M,688,0.39136941013825555,0.049526870484423335,0.3418425396538322
3M,689,0.3264141395931885,0.12401728367774179,0.2023968559154467
3M,690,0.31225096923919354,0.08370130260152912,0.2285496666376644
3M,691,0.3590656764088678,0.1905668988233426,0.16849877758552517
3M,692,0.4373080497226029,0.06358122574957252,0.37372682397303036
3M,693,0.36812806336991377,0.13883607143928461,0.22929199193062916
3M,694,0.29167495959294415,0.12281649464715287,0.16885846494579126
3M,695,0.2698092341482592,0.06769673730375614,0.20211249684450305
3M,696,0.18270602606209382,0.029665962706534477,0.15304006335555934
3M,697,0.3496247020340405,0.05196382279299739,0.2976608792410431
3M,698,0.4585145785393487,0.1931669007765896,0.2653476777627591
3M,699,0.29821033251565837,0.07036982441316257,0.2278405081024958
3M,700,0.3253101122469513,0.11458734759931301,0.21072276464763828
3M,701,0.0707027537829477,0.10075493913427633,-0.030052185351328628
3M,702,0.45295292572355783,0.050996102183489725,0.4019568235400681
3M,703,0.42706613488981315,0.2495099377731952,0.17755619711661796
3M,704,0.34275683348984914,0.21843337154025028,0.12432346194959887
3M,705,0.206781790668624,0.21856970795085462,-0.011787917282230609
3M,706,0.4253137929325455,0.2481153219739293,0.1771984709586162
3M,707,0.15128009284254976,0.030822387191556444,0.12045770565099331
3M,708,0.43060562787343104,0.12306654549566563,0.3075390823777654
3M,709,0.32515650676177066,0.23068687921129116,0.0944696275504795
3M,710,0.4525540993182336,0.1124488449249113,0.3401052543933223
3M,711,0.3160419014730234,0.13596821188430008,0.18007368958872333
3M,712,0.3079345195857732,0.12948440482054466,0.17845011476522857
3M,713,0.40340489768261073,0.26548730225036826,0.13791759543224247
3M,714,0.14329099521929697,0.10671792735454,0.036573067864756975
3M,715,0.5491649375038843,0.0756361051127256,0.47352883239115867
3M,716,0.4387161423241215,0.1616095121262866,0.2771066301978349
3M,717,0.21296348415384658,0.15195256616324726,0.06101091799059932
3M,718,0.2041043356790857,0.08962694226099947,0.11447739341808623
3M,719,0.3693512458687975,0.054037985570626806,0.31531326029817064
3M,720,0.3085423584730615,0.1608587781787508,0.1476835802943107
3M,721,0.2537679640973156,0.275678133659146,-0.021910169561830395
3M,722,0.18317577738203514,0.19635139669197502,-0.013175619309939879
3M,723,0.4564928969408947,0.05099918132288059,0.40549371561801406
3M,724,0.2779209725118188,0.19950934552231173,0.07841162698950707
3M,725,0.29514640926450136,0.003764630518382015,0.29138177874611937
3M,726,0.32538033480137174,0.16782747917522983,0.1575528556261419
3M,727,0.19050979736886958,0.03292285912201946,0.1575869382468501
3M,728,0.39304446512070107,0.1253942433641588,0.2676502217565423
3M,729,0.2326036078167083,0.08842369793861865,0.14417990987808965
3M,730,0.3454663404409562,0.09595199454906791,0.24951434589188828
3M,731,0.34570415119821474,0.17372255733883213,0.1719815938593826
3M,732,0.410217484347198,0.07806196257088967,0.33215552177630836
3M,733,0.286926076582497,0.17355594060261614,0.11337013597988088
3M,734,0.38978635803740325,0.1773192200225645,0.21246713801483874
3M,735,0.497061393437348,0.1577569980629434,0.3393043953744046
3M,736,0.45636646844112744,0.1780848064830697,0.2782816619580577
3M,737,0.40251502752056556,0.06819183079493712,0.33432319672562844
3M,738,0.49826020541331134,0.29364246693517143,0.2046177384781399
3M,739,0.2887627464525023,0.07064509391846911,0.21811765253403315
3M,740,0.37451068676533833,0.16133868006638238,0.21317200669895595
3M,741,0.35521224813212343,0.2046315997995945,0.15058064833252893
3M,742,0.36915087728087814,0.07308425646302455,0.2960666208178536
3M,743,0.34339064904980693,0.12607210299397856,0.21731854605582837
3M,744,0.29024249539579977,0.06048048311475393,0.22976201228104584
3M,745,0.29875638770189183,0.05854607211228418,0.24021031558960765
3M,746,0.37695469990331054,0.20962992694141278,0.16732477296189777
3M,747,0.43617467807380333,0.1688649557668546,0.2673097223069487
3M,748,0.47564642443219973,0.11667025070718735,0.3589761737250124
3M,749,0.4725431815658571,0.30258543683366,0.1699577447321971
3M,750,0.5025319362678519,0.2516604348424505,0.2508715014254014
3M,751,0.33659294504782783,0.14202044974263683,0.194572495305191
3M,752,0.34091814421583827,0.24866608524691602,0.09225205896892225
3M,753,0.4113671280920813,0.2852002521449524,0.1261668759471289
3M,754,0.3991393668770277,0.07729025704346153,0.3218491098335662
3M,755,0.3731655927453189,0.11536425872084909,0.2578013340244698
3M,756,0.4272465035835805,0.1234363417833698,0.3038101618002107
3M,757,0.4788201199645722,0.15749736238077208,0.32132275758380013
3M,758,0.30138916820102063,0.09022870019509414,0.21116046800592647
3M,759,0.3755684260237247,0.12055224933358173,0.255016176690143
3M,760,0.221160809913087,0.18824104160549404,0.03291976830759297
3M,761,0.24220602420340215,0.06526779124565131,0.17693823295775085
3M,762,0.26330587209378326,0.09817556951491624,0.16513030257886702
3M,763,0.2995759781144342,0.30555645692093814,-0.0059804788065039305
3M,764,0.37046734788743707,0.04437454018501624,0.32609280770242083
3M,765,0.26528648201093186,0.16862816499803793,0.09665831701289393
3M,766,0.42708662582300144,0.07182621139811822,0.3552604144248832
3M,767,0.38211202028662644,0.2551490516164761,0.12696296867015033
3M,768,0.4225993127117378,0.3034090461906194,0.11919026652111836
3M,769,0.036355370302821106,0.07011392057888569,-0.03375855027606458
3M,770,0.3831573509482572,0.14586838482274947,0.23728896612550773
3M,771,0.0816030735512833,0.01820588385101671,0.06339718970026659
3M,772,0.34122227001094096,0.10490499950051073,0.23631727051043022
3M,773,0.2596121717423542,0.12142750235243213,0.13818466938992205
3M,774,0.4872671303294671,0.1386585968795392,0.3486085334499279
3M,775,0.20039570135293833,0.18567834256503132,0.014717358787907003
3M,776,0.06078059914078461,0.034375636585862866,0.026404962554921745
3M,777,0.5266863626980682,0.28027814081291547,0.24640822188515277
3M,778,0.48859648837747804,0.18907183973810265,0.2995246486393754
3M,779,0.3108054443946824,0.016401038607259354,0.29440440578742305
3M,780,0.4366185788809986,0.07754532260342671,0.35907325627757186
3M,781,0.45371144780711226,0.1333120621890535,0.32039938561805875
3M,782,0.17101015956068244,0.23044046367850957,-0.059430304117827126
3M,783,0.24308052237873928,0.03014032379160829,0.21294019858713098
3M,784,0.31082441758274737,0.06355770253311784,0.24726671504962955
3M,785,0.21791216922493373,0.04590567101877046,0.17200649820616326
3M,786,0.17860940108303702,0.04892951158272097,0.12967988950031606
3M,787,0.20090842285535793,0.08173685634972482,0.11917156650563311
3M,788,0.4002974805605863,0.10615993531858564,0.29413754524200064
3M,789,0.3216643072784918,0.11330395104117828,0.20836035623731353
3M,790,0.5489438731830752,0.08254241798818071,0.4664014551948945
3M,791,0.3747780872455246,0.05826956536221256,0.316508521883312
3M,792,0.44881465818899957,0.24944637238795989,0.19936828580103969
3M,794,0.43809330178289324,0.11047656326450729,0.32761673851838596
3M,795,0.15722926725411734,0.03733775908796585,0.11989150816615149
3M,796,0.053863156786100375,0.00024462748669943854,0.05361852929940093
3M,797,0.2250848372236296,0.24993136941450492,-0.02484653219087532
3M,798,0.4096173274817258,0.15275203230724832,0.2568652951744775
3M,799,0.3896489635012332,0.3716590851169668,0.017989878384266356
3M,800,0.4453240521829896,0.4024599720523536,0.04286408013063597
3M,801,0.4597341311417215,0.16006111185348626,0.29967301928823525
3M,802,0.12632453052534517,0.06277924048043945,0.06354529004490572
3M,803,0.22792381571867873,0.07153698457410829,0.15638683114457044
3M,804,0.3482824736031771,0.14826596859570298,0.20001650500747412
3M,805,0.32952608612424383,0.08825229495636736,0.24127379116787648
3M,806,0.38520768753339624,0.08790977777574775,0.29729790975764847
3M,807,0.46868221322032694,0.26451390389607826,0.20416830932424868
3M,808,0.06619648640287235,0.08114381849736178,-0.014947332094489438
3M,809,0.35801912443746137,0.15643711203952668,0.2015820123979347
3M,810,0.17894420995187255,0.05116925024504112,0.12777495970683142
3M,811,0.48689249979410126,0.1475335053386421,0.33935899445545914
3M,812,0.2991184385482933,0.05261138593357111,0.24650705261472217
3M,813,0.4684437229406427,0.20042983029084754,0.26801389264979514
3M,814,0.43085493277372156,0.12837101862236364,0.3024839141513579
3M,815,0.28686248340707204,0.15172335033101927,0.13513913307605277
3M,817,0.37794069750331166,0.28100848655663424,0.09693221094667742
3M,818,0.35383118362353544,0.14180027351021596,0.21203091011331948
3M,819,0.31371523471230706,0.15361879037554801,0.16009644433675904
3M,820,0.2930734638931983,0.1812396076649487,0.11183385622824962
3M,821,0.41287999596914937,0.1842424795601137,0.22863751640903568
3M,822,0.32153947865580546,0.20413703318863965,0.1174024454671658
3M,823,0.1103010006192591,0.01570229709234779,0.09459870352691131
3M,824,0.4077111384548566,0.2845459561902904,0.12316518226456624
3M,825,0.49431920828288817,0.036332646444405294,0.45798656183848285
3M,826,0.3904280483280762,0.03969683319804854,0.3507312151300277
3M,827,0.33620075180437486,0.10774935443435522,0.22845139737001963
3M,828,0.39014816417443066,0.1965027221095487,0.19364544206488196
3M,829,0.18978842206430022,0.10040221857653489,0.08938620348776533
3M,830,0.28309003503690583,0.08359745987823113,0.1994925751586747
3M,831,0.4313321398459009,0.18703883122990542,0.2442933086159955
3M,832,0.39052971621241195,0.19905882754767945,0.1914708886647325
3M,833,0.3255027181211137,0.022573025843115928,0.30292969227799776
3M,834,0.5148394062990173,0.15395966908013298,0.3608797372188843
3M,835,0.45126406102708433,0.0968625097299251,0.3544015512971592
3M,836,0.3106058832507841,0.05306047838532604,0.25754540486545807
3M,837,0.4065716978625162,0.03399384307152164,0.37257785479099453
3M,838,0.38105659297951033,0.10129345986860112,0.2797631331109092
3M,839,0.3493252358610391,0.10059238018925862,0.24873285567178047
3M,840,0.36265051577585394,0.24806886239304993,0.11458165338280402
3M,841,0.3940122670408472,0.21433230673576667,0.17967996030508052
3M,842,0.2602360527510667,0.23729489812644106,0.022941154624625648
3M,843,0.3359452793513135,0.23076429920159286,0.10518098014972066
3M,844,0.16631122466939127,0.17837703407287317,-0.012065809403481897
3M,845,0.4437127136847211,0.1612806501599569,0.2824320635247642
3M,846,0.3172389623665486,0.02960721815060921,0.2876317442159394
3M,847,0.2260530023090287,0.054662565848831154,0.17139043646019753
3M,848,0.4820631304655741,0.05263201249584071,0.4294311179697334
3M,849,0.474206634864065,0.16858520795648102,0.305621426907584
3M,850,0.28747205405946286,0.2262818868003376,0.06119016725912527
3M,851,0.21058197573278972,0.2285480198856664,-0.01796604415287667
3M,852,0.45635799509978614,0.16617731121456775,0.2901806838852184
3M,853,0.24482296487827898,0.10351633212429402,0.14130663275398497
3M,854,0.4899069314470307,0.1197378203636333,0.3701691110833974
3M,855,0.44683597063963415,0.1930882339835892,0.25374773665604494
3M,856,0.4719528574785942,0.04730406906480173,0.4246487884137925
3M,857,0.2820868362862848,0.042749369644906214,0.23933746664137856
3M,858,0.12811210917528265,0.01610717915196243,0.11200493002332022
3M,859,0.03195243972076579,0.010774868322963706,0.02117757139780209
3M,860,0.3234883181640123,0.0929527837127556,0.23053553445125669
3M,861,0.3093859836621024,0.20620223775876245,0.10318374590333995
3M,862,0.14362237807740036,0.05683897561165259,0.08678340246574777
3M,863,0.3565997716415494,0.08794333334174828,0.2686564382998011
3M,864,0.27461609269359716,0.08331829354214826,0.1912977991514489
3M,865,0.25492526378334923,0.29516181671725034,-0.040236552933901104
3M,866,0.4906271129769858,0.21189753484876667,0.27872957812821914
3M,867,0.18758080066836266,0.09523598549134955,0.09234481517701311
3M,868,0.3383145304248772,0.16326610422773222,0.17504842619714497
3M,869,0.3554260252225146,0.12007534084716528,0.2353506843753493
3M,870,0.24314944047147663,0.1350233418544864,0.10812609861699024
3M,871,0.4605282155568818,0.11486560134734257,0.3456626142095392
3M,872,0.15745214695569934,0.07531802853333483,0.08213411842236451
3M,873,0.4025730420478469,0.0923923671392296,0.3101806749086173
3M,874,0.430020495023767,0.05294108557510182,0.3770794094486652
3M,875,0.3061645048417526,0.10435761318038897,0.20180689166136365
3M,876,0.40494410585088547,0.04170202207534577,0.3632420837755397
3M,877,0.11522093740918368,0.0009939016160103932,0.1142270357931733
3M,878,0.3675058351099379,0.18326297010245698,0.1842428650074809
3M,879,0.3083475876129848,0.20429682161560003,0.10405076599738478
3M,880,0.26199564132731146,0.1065691151151142,0.15542652621219727
3M,881,0.3457400934676527,0.13392475426782277,0.21181533919982995
3M,882,0.44003087316621403,0.3365783996466515,0.10345247351956255
3M,883,0.35700632153633105,0.23375805142058664,0.12324827011574441
3M,884,0.2205469384160196,0.09440468566131986,0.12614225275469976
3M,885,0.1780648788327903,0.020765402436931524,0.15729947639585876
3M,886,0.3800479949408202,0.10376177710409652,0.2762862178367237
3M,887,0.3716072693997619,0.05746144238403248,0.3141458270157294
3M,888,0.39664694567451086,0.18118246841716018,0.21546447725735068
3M,889,0.3582882504398476,0.24825133034217364,0.11003692009767393
3M,890,0.32543170791051307,0.06323433317642352,0.26219737473408955
3M,891,0.3466538288799269,0.09414481672186405,0.2525090121580629
3M,892,0.4522897935312115,0.11189695524647215,0.3403928382847394
3M,893,0.316172568296183,0.08200731100705262,0.2341652572891304
3M,894,0.37844019960294867,0.043976969388412605,0.33446323021453606
3M,895,0.4938546788935325,0.1416535543124195,0.352201124581113
3M,896,0.3938400096088058,0.036308586815939445,0.3575314227928663
3M,897,0.23096814715189076,0.03544609530910195,0.1955220518427888
3M,898,0.2771302998308793,0.24137384407397758,0.0357564557569017
3M,899,0.21304845729268695,0.13122400733991693,0.08182444995277002
3M,900,0.005183497979701512,0.004577037056102177,0.0006064609235993355
3M,901,0.22844410598540502,0.08282716168476319,0.14561694430064182
3M,902,0.39925697265117327,0.3125705754969609,0.08668639715421239
3M,903,0.3036212841330148,0.13114608207639597,0.17247520205661884
3M,904,0.21153328342472225,0.10115130301508292,0.11038198040963933
3M,905,0.29490289216524557,0.08296500975975013,0.21193788240549544
3M,906,0.1355266393453903,0.010206584055660804,0.1253200552897295
3M,907,0.5050709982012535,0.08387109100279262,0.42119990719846084
3M,908,0.3841837829826712,0.22087986575630278,0.16330391722636842
3M,909,0.42085709988961834,0.22047011037788772,0.20038698951173062
3M,910,0.27238499147233675,0.13796883699178256,0.1344161544805542
3M,911,0.36686015362683166,0.20132352216667737,0.1655366314601543
3M,912,0.38907604194749895,0.215513509228715,0.17356253271878394
3M,913,0.2952934708397215,0.12955090172211095,0.16574256911761057
3M,914,0.30521878078976483,0.1933830948949281,0.11183568589483672
3M,915,0.2941161556113211,0.04757265162355119,0.24654350398776992
3M,916,0.33706352543553325,0.09171408476920126,0.245349440666332
3M,917,0.43176354768613023,0.18767039934965096,0.24409314833647927
3M,918,0.3891432434779705,0.25703094111497005,0.13211230236300048
3M,919,0.31096780719587386,0.05326583469299977,0.2577019725028741
3M,920,0.20093779895475114,0.14900458186831123,0.051933217086439915
3M,921,0.3200440494350726,0.11808768164585723,0.20195636778921536
3M,922,0.3441115140040629,0.1261911569686027,0.21792035703546023
3M,923,0.3655461537243035,0.22905460017180457,0.13649155355249892
3M,924,0.44857019447170154,0.07096726933122056,0.377602925140481
3M,925,0.07767326854048393,0.04148808982398479,0.036185178716499136
3M,926,0.3285441869429912,0.35602087763508505,-0.027476690692093853
3M,927,0.516594892837133,0.053471487678765695,0.4631234051583673
3M,928,0.3873191592777742,0.08741484528884556,0.29990431398892864
3M,929,0.36864502551673806,0.22116437093936903,0.14748065457736903
3M,930,0.3017145308783969,0.009933480896178171,0.2917810499822187
3M,931,0.25206049883242937,0.14876078009391758,0.10329971873851179
3M,932,0.4827499429585149,0.15574685962126067,0.32700308333725425
3M,933,0.2891943832564266,0.04830529618673404,0.24088908706969256
3M,934,0.2878248621609796,0.1067452705154314,0.18107959164554818
3M,935,0.37493358389098974,0.13960902057121377,0.23532456331977597
3M,936,0.1396391780897505,0.09542826567472011,0.044210912415030376
3M,937,0.43984345520677576,0.1763249305999725,0.26351852460680325
3M,938,0.2530197098256623,0.19978339118646904,0.05323631863919326
3M,939,0.28262117821300636,0.17961180792921116,0.1030093702837952
3M,940,0.3141951408812152,0.056616063763191136,0.2575790771180241
3M,941,0.3907905780447896,0.16527775397284517,0.22551282407194445
3M,942,0.41252311577465606,0.21866877469019802,0.19385434108445804
3M,943,0.3420205825825663,0.13915136912024664,0.20286921346231965
3M,944,0.4021230374663926,0.11654316942729098,0.2855798680391016
3M,945,0.3491145353535354,0.047907295986915094,0.3012072393666203
3M,946,0.3958556484329638,0.0721973056155549,0.3236583428174089
3M,947,0.16784735495471023,0.12200262549754937,0.045844729457160865
3M,948,0.3890725066330433,0.11696817441158679,0.2721043322214565
3M,949,0.2360770003413331,0.04697933994039547,0.18909766040093764
3M,950,0.3771663716302441,0.22642482356816745,0.15074154806207662
3M,951,0.39885660845852994,0.20274288671120247,0.19611372174732747
3M,952,0.26080349558804516,0.13145513302478426,0.1293483625632609
3M,953,0.462953333965578,0.11803276078498946,0.3449205731805885
3M,954,0.3761073495545384,0.008951388018776929,0.36715596153576147
3M,955,0.4851888787426213,0.21250880863185123,0.27268007011077006
3M,956,0.23958432875191027,0.24918757760166765,-0.009603248849757384
3M,957,0.26331985803880514,0.17751858482040625,0.0858012732183989
3M,958,0.2469183201313525,0.11687084682256922,0.1300474733087833
3M,959,0.1864101135106419,0.1000100511189655,0.0864000623916764
3M,960,0.39496331024223597,0.1885860329293661,0.20637727731286987
3M,961,0.3807045839445356,0.20610513019148696,0.17459945375304864
3M,962,0.36642944945150674,0.10246128827154842,0.2639681611799583
3M,963,0.5406241146782349,0.16979869789190893,0.37082541678632597
3M,964,0.3710072810225575,0.14980993353692257,0.2211973474856349
3M,965,0.5216540175223907,0.1066944476366394,0.41495956988575133
3M,966,0.26421827022199335,0.07567105618208529,0.18854721403990804
3M,967,0.029457116638716797,0.004163006660665105,0.02529410997805169
3M,968,0.5555314115476819,0.17038052851040142,0.3851508830372805
3M,969,0.4001809215979801,0.06550714962644516,0.3346737719715349
3M,970,0.2422696559903384,0.13811366554762344,0.10415599044271495
3M,971,0.3693024427461914,0.0809881030946472,0.2883143396515442
3M,972,0.2865701237690945,0.10383076790814093,0.18273935586095358
3M,973,0.4684160910415694,0.023315508420052585,0.4451005826215168
3M,974,0.44227135279934227,0.1638625313003698,0.2784088214989725
3M,975,0.44218478628898333,0.06367148944646814,0.3785132968425152
3M,976,0.29464367958575005,0.012377610422971403,0.28226606916277863
3M,977,0.04598217966796821,0.08530188384947773,-0.03931970418150953
3M,978,0.31637259543348706,0.14129357550762814,0.17507901992585892
3M,979,0.47261931529437967,0.23755697994695554,0.23506233534742413
3M,980,0.3602758756798621,0.06405694234240103,0.2962189333374611
3M,981,0.3722332494619843,0.1937564579431474,0.17847679151883689
3M,982,0.21546590542361088,0.2303771816766,-0.01491127625298913
3M,983,0.4008879664070049,0.12776619536344375,0.27312177104356117
3M,984,0.2373605098540984,0.06011497428206847,0.17724553557202993
3M,985,0.3553357339907169,0.1423445867073731,0.21299114728334378
3M,986,0.06138922869206107,0.015512177671916642,0.04587705102014443
3M,987,0.022115532869471325,0.025882340860314417,-0.003766807990843092
3M,988,0.11208745743424464,0.005737119245332037,0.10635033818891261
3M,989,0.39419323888311025,0.12147835205815724,0.27271488682495304
3M,990,0.4557037899703176,0.1470493984575125,0.30865439151280505
3M,991,0.43354679703374843,0.08735875946147083,0.3461880375722776
3M,992,0.15360208808820283,0.00035683933921069444,0.15324524874899215
3M,993,0.30047466620623375,0.098776181867679,0.20169848433855475
3M,994,0.21787459886425886,0.21100705054302488,0.006867548321233985
3M,995,0.03692605298937985,0.07820836637373592,-0.04128231338435607
3M,996,0.14689455770058454,0.06245005028912391,0.08444450741146063
3M,997,0.21927959847026887,0.03005805784795549,0.1892215406223134
3M,998,0.36041965577482926,0.13171520287367158,0.22870445290115768
3M,999,0.1784643037466715,0.12889335792691198,0.049570945819759515
6M,0,0.429762925254925,0.0516498046614647,0.3781131205934603
6M,1,0.4444306203272293,0.017426360867414923,0.42700425945981435
6M,2,0.4744552357546078,0.07185295607123758,0.4026022796833702
6M,3,0.44413105541014436,0.06243342177700064,0.38169763363314374
6M,4,0.5098591526876068,0.10599647886388151,0.4038626738237253
6M,5,0.5665679514133846,0.09815935997251399,0.46840859144087055
6M,6,0.5446033628658797,0.029407508498308022,0.5151958543675718
6M,7,0.25863811330258735,0.0031224628979404506,0.2555156504046469
6M,8,0.2752355462190268,0.0543411941161226,0.2208943521029042
6M,9,0.3338167669162819,0.050976096655763935,0.282840670260518
6M,10,0.2664443941650299,0.024002000706616053,0.24244239345841384
6M,11,0.5499238716331488,0.060699070391536915,0.4892248012416119
6M,12,0.2685769546477693,0.026965541080918018,0.24161141356685129
6M,13,0.5149205399372503,0.037909004395842966,0.4770115355414073
6M,14,0.5567714876029835,0.12004156718565269,0.4367299204173308
6M,15,0.36482957949127953,0.024027815322934565,0.34080176416834496
6M,16,0.4468990001548052,0.047917826899941715,0.3989811732548635
6M,17,0.4612908271314416,0.03416638646431605,0.4271244406671255
6M,18,0.47788729008019604,0.006439417208640077,0.471447872871556
6M,19,0.31614280469866485,0.011942781569482083,0.30420002312918276
6M,20,0.3871228663491545,0.061968866635077384,0.3251539997140771
6M,21,0.572245488180792,0.06800079732783268,0.5042446908529593
6M,22,0.3266849511061016,0.06316279217211478,0.2635221589339868
6M,23,0.5216960874626265,0.1010053868079844,0.4206907006546421
6M,24,0.5430034314083312,0.02538774861956546,0.5176156827887657
6M,25,0.5615392643915886,0.011961880370966203,0.5495773840206224
6M,26,0.7177986013630367,0.1556762931841585,0.5621223081788782
6M,27,0.47489375135509354,0.07899047992035223,0.3959032714347413
6M,28,0.5489149319697573,0.04520386701141674,0.5037110649583405
6M,29,0.67332579148026,0.014145587583014577,0.6591802038972454
6M,30,0.40362449594630534,0.04537818189360871,0.35824631405269663
6M,31,0.4777844581092907,0.09056776869283835,0.3872166894164524
6M,32,0.30319500244011044,0.03560624368894902,0.2675887587511614
6M,33,0.2695729158996443,0.021421827342318688,0.24815108855732565
6M,34,0.4520243158392064,0.01593262233891739,0.436091693500289
6M,35,0.6026722921164673,0.07302190375463546,0.5296503883618319
6M,36,0.37189488917324465,0.029232787356972566,0.3426621018162721
6M,37,0.4492353234176436,0.11652657176923283,0.3327087516484108
6M,38,0.5464047658742982,0.11861608038313465,0.42778868549116356
6M,39,0.4271970387766673,0.010782176526107306,0.41641486225056
6M,40,0.32819121759215547,0.009117729659958863,0.3190734879321966
6M,41,0.261910311559531,0.021081996420809,0.240828315138722
6M,42,0.6677297177376583,0.041735676112511215,0.6259940416251472
6M,43,0.3526919256754126,0.062485594135173884,0.29020633154023867
6M,44,0.5725285167836595,0.01280258637537668,0.5597259304082828
6M,45,0.5840703018067515,0.14841320868190344,0.435657093124848
6M,46,0.5414116689530257,0.03650664431165654,0.5049050246413692
6M,47,0.2961061694513048,0.055060207071780276,0.24104596237952453
6M,48,0.38900665861833367,0.05571339474818911,0.3332932638701446
6M,49,0.14293096036905545,0.050219379862877965,0.09271158050617748
6M,50,0.5283617965972606,0.16802376618123127,0.3603380304160293
6M,51,0.4141099617779716,0.007770762134349531,0.4063391996436221
6M,52,0.5377233542852554,0.11204781032114748,0.42567554396410795
6M,53,0.41552606156984007,0.02835102200155862,0.3871750395682814
6M,54,0.3720742079063032,0.05964963174908335,0.31242457615721986
6M,55,0.38106052988611516,0.02527248717662482,0.3557880427094903
6M,56,0.24713101040932103,0.034657888508004296,0.21247312190131673
6M,57,0.40021772632738906,0.07759267456787013,0.32262505175951894
6M,58,0.34470860171694484,0.04472829794097474,0.29998030377597007
6M,59,0.5416638399882546,0.05134554915932559,0.490318290828929
6M,60,0.42443040591838904,0.05004358038660665,0.3743868255317824
6M,61,0.14870916386701175,2.9461229663891564e-05,0.14867970263734787
6M,62,0.47592822758143505,0.032416026768374157,0.44351220081306086
6M,63,0.5019575222317623,0.02123600559589727,0.480721516635865
6M,64,0.4332731005755331,0.027308816524258924,0.40596428405127416
6M,65,0.2903123540637731,0.0008641194624546961,0.2894482346013184
6M,66,0.4457473998752525,0.030164808620656187,0.41558259125459635
6M,67,0.20654803082045062,0.08458744247989494,0.12196058834055568
6M,68,0.3311089015338558,0.03185832540483102,0.2992505761290248
6M,69,0.5706888788305942,0.010844217850630554,0.5598446609799637
6M,70,0.3873049219641288,0.0254919488580556,0.3618129731060732
6M,71,0.46147500947537823,0.06418565867151124,0.39728935080386696
6M,72,0.39977985227368534,0.032576562009696865,0.36720329026398846
6M,73,0.1151629286298623,0.0313596363480703,0.08380329228179201
6M,74,0.5517774861512266,0.03341739929643336,0.5183600868547932
6M,75,0.37475370401618996,0.07487040396374194,0.299883300052448
6M,76,0.5500106263054078,0.011481533023105622,0.5385290932823021
6M,77,0.5649094002984403,0.11523897104147145,0.4496704292569688
6M,78,0.574235266622534,0.020761944791526054,0.553473321831008
6M,79,0.5806834960826283,0.09015172450361242,0.49053177157901584
6M,80,0.44769473035179863,0.10393120014732371,0.3437635302044749
6M,81,0.5450286021455375,0.09733857932188403,0.44769002282365344
6M,82,0.5016091841139071,0.07522828070751499,0.4263809034063921
6M,83,0.3576621973293453,0.023460388493524158,0.3342018088358211
6M,84,0.36273436955673427,0.04420290310462908,0.31853146645210517
6M,85,0.37733512090548377,0.0034686111391939883,0.37386650976628977
6M,86,0.36134917768814084,0.01396631978619639,0.34738285790194445
6M,87,0.43729260616699045,0.07596678978969207,0.3613258163772984
6M,88,0.5604064955744137,0.03265244983546063,0.527754045738953
6M,89,0.0657135208520276,0.0003223138400369768,0.06539120701199062
6M,90,0.4344180354823024,0.09054112629587276,0.34387690918642966
6M,91,0.36601712258973457,0.020156470126571076,0.3458606524631635
6M,92,0.44895993992288713,0.036263395906078556,0.41269654401680855
6M,93,0.4628313288993478,0.03044802019697669,0.4323833087023711
6M,94,0.3442745419061679,0.048944967568389515,0.2953295743377784
6M,95,0.5513074491835801,0.008116080988285831,0.5431913681952942
6M,96,0.4274123278929064,0.02153385326006391,0.4058784746328425
6M,97,0.3434937214776841,0.00447490012076183,0.33901882135692224
6M,98,0.31284605090116113,0.0013019416703890895,0.311544109230772
6M,99,0.6526206461722944,0.025548215993029304,0.6270724301792652
6M,100,0.32344375921280866,0.06514127786141966,0.258302481351389
6M,101,0.48260690321566413,0.10275585252868036,0.37985105068698377
6M,102,0.27120825817485605,0.06021810316130252,0.21099015501355353
6M,103,0.40496748667409277,0.00823915806449305,0.3967283286095997
6M,104,0.42662297028917184,0.05731461789196895,0.3693083523972029
6M,105,0.44432012960330636,0.04234189119688854,0.40197823840641783
6M,106,0.37020582996258006,0.043928563173387135,0.32627726678919294
6M,107,0.39042698354503724,0.013815960062158603,0.3766110234828786
6M,108,0.5273419553938661,0.04934626619147237,0.4779956892023937
6M,109,0.5117399805147096,4.087129895672902e-05,0.5116991092157529
6M,110,0.16761839495860514,0.00014699775031491992,0.1674713972082902
6M,111,0.5342716761463463,0.06776207191250093,0.46650960423384535
6M,112,0.4564355576206273,0.07604215855253327,0.38039339906809405
6M,113,0.5171520226852111,0.07359695308662384,0.44355506959858726
6M,114,0.38826523372470106,0.007040841913157186,0.3812243918115439
6M,115,0.4758863161022791,0.0032630370486890136,0.4726232790535901
6M,116,0.4877563902036592,0.05335267400190499,0.4344037162017542
6M,117,0.46287661062440627,0.0783580086422105,0.3845186019821958
6M,118,0.2971289124988124,0.03663920955215309,0.2604897029466593
6M,119,0.5002877562771283,0.0491460800375467,0.45114167623958157
6M,120,0.3541398536440922,0.001853772279339308,0.35228608136475287
6M,121,0.4769893731843561,0.03377247315135834,0.44321690003299774
6M,122,0.44840497969143933,0.008500482814542533,0.4399044968768968
6M,123,0.4807496982393439,0.11179057462915898,0.3689591236101849
6M,124,0.37366680038709243,0.10053962863888737,0.27312717174820506
6M,125,0.3121740326513329,0.09606535065085407,0.21610868200047884
6M,126,0.45923709044743943,0.05513716114661185,0.4040999293008276
6M,127,0.4384846511102866,0.06393912834335988,0.37454552276692676
6M,128,0.4016216053377536,0.018783662322737323,0.3828379430150163
6M,129,0.47718171155539507,0.048646128986817125,0.42853558256857793
6M,130,0.5123138606465586,0.08645085822538946,0.42586300242116915
6M,131,0.24271971285078794,0.03273160365302585,0.2099881091977621
6M,132,0.4741241291003377,0.033397775052647904,0.4407263540476898
6M,133,0.510036978029714,0.006067709677429904,0.5039692683522842
6M,134,0.4032362911239098,0.05299892492757363,0.35023736619633616
6M,135,0.4962430568599656,0.14898346799701115,0.3472595888629545
6M,136,0.4584587569876714,0.07182602508323152,0.3866327319044399
6M,137,0.24168416788761735,6.50084161622897e-05,0.24161915947145507
6M,138,0.44563481716364456,0.09661472548138383,0.3490200916822607
6M,139,0.6824112479648164,0.04912095546826208,0.6332902924965543
6M,140,0.6596095228633954,0.09178435628841701,0.5678251665749784
6M,141,0.5343684612760026,0.08301281170546987,0.4513556495705327
6M,142,0.5159227573527081,0.11521226648683675,0.40071049086587135
6M,143,0.5599188184504583,0.010438802443799031,0.5494800160066593
6M,144,0.6227982438641918,0.19550668738046748,0.4272915564837243
6M,145,0.3420505809450015,0.013104697505164692,0.32894588343983683
6M,146,0.31972863826246317,0.04774252926757216,0.271986108994891
6M,147,0.5496826716274147,0.04222712584323433,0.5074555457841804
6M,148,0.5680560992497372,0.0630564312097423,0.5049996680399949
6M,149,0.44807594730592604,0.0799974964894503,0.3680784508164757
6M,150,0.5507297591279646,0.006837688601270099,0.5438920705266945
6M,151,0.4167480891643118,0.057112003799875216,0.3596360853644366
6M,152,0.5698361220997001,0.19422608067975772,0.3756100414199424
6M,153,0.520513048283917,0.031081480733712766,0.4894315675502042
6M,154,0.44897588510920067,0.1242773046634633,0.32469858044573735
6M,155,0.6727119801290352,0.08796379433064969,0.5847481857983855
6M,156,0.4656857765795222,0.08718929419189032,0.3784964823876319
6M,157,0.4089666511245041,0.074803496721083,0.3341631544034211
6M,158,0.5507321531456565,0.014299519696904552,0.5364326334487519
6M,159,0.47141975193175956,0.15188082205704903,0.31953892987471055
6M,160,0.487858356934395,0.01698845277373986,0.47086990416065516
6M,161,0.529983371408902,0.0886500806617063,0.44133329074719563
6M,162,0.31040768775496846,0.03887844260024979,0.27152924515471866
6M,163,0.23316160537765115,0.0030087354061087944,0.23015286997154236
6M,164,0.3224182562266509,0.11852078102630377,0.20389747520034712
6M,165,0.5199403586316742,0.00838078828595685,0.5115595703457173
6M,166,0.3489608785951052,0.028764685496481972,0.32019619309862324
6M,167,0.408438565723467,0.05409823042499973,0.35434033529846726
6M,168,0.6604496057618894,0.08767619671770109,0.5727734090441883
6M,169,0.5401307288397983,0.052883912448919115,0.4872468163908792
6M,170,0.5277036401560641,0.041377351877120584,0.4863262882789435
6M,171,0.09913003654913963,9.603618741037143e-05,0.09903400036172925
6M,172,0.5678736704626487,0.05432262461803737,0.5135510458446113
6M,173,0.28031729913586223,0.015526343829228073,0.26479095530663416
6M,174,0.30562503824310117,0.007586247757836581,0.2980387904852646
6M,175,0.47968745845388744,0.07381632366258982,0.4058711347912976
6M,176,0.41562533991948264,0.02090117366445502,0.3947241662550276
6M,177,0.39136625303210437,0.008342303151875107,0.38302394988022925
6M,178,0.33299442271087143,0.053520081270010324,0.2794743414408611
6M,179,0.5067496615684921,0.0006086390461663677,0.5061410225223257
6M,180,0.14852019326386448,0.000522539989983101,0.14799765327388137
6M,181,0.29913518141395057,0.0046135477605847314,0.2945216336533658
6M,182,0.5272049207091287,0.11925236730525207,0.40795255340387665
6M,183,0.3064827862724214,0.030412747149420594,0.2760700391230008
6M,184,0.5152629700398931,0.10912105738648673,0.4061419126534064
6M,185,0.35289434214043786,0.00807103550200118,0.3448233066384367
6M,186,0.5572190129942366,0.2500032659955587,0.3072157469986779
6M,187,0.4289490252433305,0.08676869988184926,0.34218032536148124
6M,188,0.472213618596895,0.05480282280014423,0.4174107957967508
6M,189,0.5135920087597863,0.05435670485173526,0.459235303908051
6M,190,0.2929230936397385,0.07837446747727135,0.21454862616246717
6M,191,0.569005605022668,0.015289048417448091,0.5537165566052199
6M,192,0.38301560706042365,0.061893311534414616,0.321122295526009
6M,193,0.3383175612013808,0.014762338318933907,0.32355522288244687
6M,194,0.38820265944336824,0.11217332765486389,0.27602933178850436
6M,195,0.24907844952683988,0.029352099766247097,0.2197263497605928
6M,196,0.5370028254100226,0.033895921676169685,0.5031069037338529
6M,197,0.5359576263186879,0.11620161274620705,0.4197560135724809
6M,198,0.4004574013396141,0.05375170784835179,0.34670569349126235
6M,199,0.30273443912259906,0.07229087614135982,0.23044356298123925
6M,200,0.6302995764184819,0.16955122629996636,0.46074835011851556
6M,201,0.3406190855431271,0.13034065289760455,0.21027843264552254
6M,202,0.3426337752330498,0.08550884829847032,0.25712492693457945
6M,203,0.3423634191465835,0.011663607705633619,0.3306998114409499
6M,204,0.37810649917835626,0.10932732748025194,0.26877917169810434
6M,205,0.43735375098583723,0.0939069815226492,0.34344676946318803
6M,206,0.4183087611547847,0.01772591136738918,0.40058284978739556
6M,207,0.37917913802094527,0.08187894226576886,0.2973001957551764
6M,208,0.1684941615847871,0.012909016712131531,0.15558514487265557
6M,209,0.5015023546184799,0.0474370653033843,0.4540652893150956
6M,210,0.48094894642151026,0.01243051151139617,0.4685184349101141
6M,211,0.6439153098652097,0.11383174787782985,0.5300835619873798
6M,212,0.4492175926911456,0.04734633910917741,0.4018712535819682
6M,213,0.5065948509797957,0.0001282832513885828,0.5064665677284071
6M,214,0.5313811509682079,0.005876995790203539,0.5255041551780044
6M,215,0.4289214084553949,0.04134853586616928,0.3875728725892256
6M,216,0.4054858920476052,0.08599375726674156,0.31949213478086363
6M,217,0.34924549449827463,0.0896161690395866,0.25962932545868805
6M,218,0.4673379624839548,0.0017801650508435336,0.46555779743311126
6M,219,0.5390468638978436,0.11772727187220812,0.4213195920256355
6M,220,0.27944674105619227,0.0032183900683036637,0.2762283509878886
6M,221,0.48723281159973525,0.12718029072109638,0.36005252087863887
6M,222,0.2997280994068607,0.03833203283388532,0.26139606657297537
6M,223,0.1799285500809289,0.013166337261642179,0.16676221281928671
6M,224,0.4713795233842671,0.0009326175498536899,0.4704469058344134
6M,225,0.48524884406054314,0.01662523947655803,0.4686236045839851
6M,226,0.5170071764617636,0.05895871687764307,0.45804845958412055
6M,227,0.38876144771281607,0.09716697369388154,0.2915944740189345
6M,228,0.4314202533235142,0.05845435620046663,0.37296589712304756
6M,229,0.4990165264692679,0.0684124789672169,0.430604047502051
6M,230,0.36678853404610745,0.00953815682118751,0.3572503772249199
6M,231,0.5747507022232936,0.05561956940902662,0.519131132814267
6M,232,0.33546766043668785,0.00866995570057694,0.3267977047361109
6M,233,0.22320483005988942,0.03992598669910011,0.1832788433607893
6M,234,0.4669687630204377,0.041712235064469826,0.4252565279559679
6M,235,0.39009355806929846,0.030985259540017823,0.3591082985292806
6M,236,0.5131803304980526,0.08097205702652882,0.43220827347152374
6M,237,0.45108619985425297,0.006065387644900514,0.44502081220935247
6M,238,0.4122704820593211,0.027153652620997563,0.38511682943832354
6M,239,0.30226084659116753,0.0040533378602882475,0.2982075087308793
6M,240,0.41140445048753427,0.07142959204406232,0.339974858443472
6M,241,0.49610406672358415,0.05586101920267538,0.44024304752090876
6M,242,0.6400472274819786,0.06443247532244069,0.575614752159538
6M,243,0.32710948158262515,0.005242549093084639,0.3218669324895405
6M,244,0.37643703809971163,0.035292621346341445,0.3411444167533702
6M,245,0.20918797242954185,0.024223163546218014,0.18496480888332384
6M,246,0.3101241574460928,0.023749817981606212,0.2863743394644866
6M,247,0.3647964806633978,0.08084446595917444,0.2839520147042234
6M,248,0.5457201885524646,0.050672199731792135,0.49504798882067247
6M,249,0.5151985542966531,0.03618726908177775,0.4790112852148753
6M,250,0.3051867509646088,0.059107637897647926,0.24607911306696087
6M,251,0.6078532774608657,0.042341304229150736,0.565511973231715
6M,252,0.3191215552462267,0.02145561457827082,0.2976659406679559
6M,253,0.4452032686290334,0.11714182983380314,0.3280614387952303
6M,254,0.31285993813706,0.004160188226067363,0.30869974991099264
6M,255,0.3859202594023032,0.014969794918700471,0.3709504644836027
6M,256,0.5833843267354297,0.022201468204157273,0.5611828585312725
6M,257,0.4487046345300079,0.027921102511198215,0.4207835320188097
6M,258,0.4222728833112494,0.03303552187939451,0.3892373614318549
6M,259,0.632406577584581,0.0017349049792895414,0.6306716726052914
6M,260,0.4397179985260754,0.07049911090825979,0.3692188876178156
6M,261,0.40812840422776414,0.03719765025559582,0.37093075397216835
6M,262,0.3738116477063208,0.05556751591583525,0.31824413179048555
6M,263,0.43180566255884373,0.02722571080979232,0.4045799517490514
6M,264,0.41389525481342887,0.0069609085387816304,0.40693434627464725
6M,265,0.37791465864424906,0.04819813997041151,0.32971651867383756
6M,266,0.533541639802594,0.07335663230747018,0.46018500749512375
6M,267,0.2536041185489344,0.03322422071344215,0.22037989783549222
6M,268,0.4153975988451702,0.03524990107059555,0.38014769777457463
6M,269,0.47023471065507805,0.048662193212611456,0.4215725174424666
6M,270,0.35563523382987916,0.045964997422671586,0.3096702364072076
6M,271,0.43728380223920393,0.06574767582808926,0.37153612641111466
6M,272,0.6381092929552658,0.08399179369256504,0.5541174992627007
6M,273,0.2830520504122013,0.027045547872148874,0.2560065025400524
6M,274,0.36954893436272235,0.0703154495180108,0.2992334848447116
6M,275,0.674986172100828,0.12903656614538828,0.5459496059554397
6M,276,0.631860558306155,0.0880520654383476,0.5438084928678073
6M,277,0.4888588416829272,0.08556445205264475,0.40329438963028247
6M,278,0.44155572871751814,0.03450023963316258,0.40705548908435557
6M,279,0.50029189651083,0.02537489778215424,0.4749169987286757
6M,280,0.4980720554396046,0.09203009821273807,0.40604195722686653
6M,281,0.36968439105578077,0.040276534766400474,0.3294078562893803
6M,282,0.5672783632233754,0.016282844071824547,0.5509955191515509
6M,283,0.49273856535724825,0.006058785977104185,0.48667977938014406
6M,284,0.543604517075805,0.08689615759902422,0.4567083594767808
6M,285,0.6299956619418108,0.1501117901876456,0.4798838717541652
6M,286,0.38686115897701334,0.003822788626315645,0.3830383703506977
6M,287,0.42647529387421623,0.008694506288378541,0.4177807875858377
6M,288,0.6844638135363532,0.1332369893858807,0.5512268241504725
6M,289,0.5096778325100081,0.06327418571854482,0.44640364679146327
6M,290,0.5100146999080793,0.1272493538269067,0.38276534608117263
6M,291,0.44805758278103297,0.08149072084148842,0.3665668619395446
6M,292,0.5669085882114839,0.04944428443128127,0.5174643037802027
6M,293,0.34712206759030373,0.051976248826861554,0.29514581876344215
6M,294,0.20984113707257993,0.06096430005287139,0.14887683701970855
6M,295,0.5371301788478783,0.11155290298815203,0.42557727585972627
6M,296,0.36909658095940834,0.1041490132955834,0.26494756766382493
6M,297,0.5842626508922661,0.08634355460931525,0.4979190962829509
6M,298,0.3827047390943652,0.037308756864987955,0.34539598222937723
6M,299,0.5468858386505449,0.06683871769869895,0.4800471209518459
6M,300,0.4018548213877606,0.14113780151876237,0.2607170198689982
6M,301,0.367843747974001,0.055262675890541006,0.31258107208346
6M,302,0.5322728832611191,0.08400014483539808,0.448272738425721
6M,303,0.5694243492900541,0.055845462431067736,0.5135788868589864
6M,304,0.45311950301464254,0.0019502696276489347,0.4511692333869936
6M,305,0.15292530398000495,0.014443538777120941,0.13848176520288402
6M,306,0.5286881791648714,0.07682263445905403,0.4518655447058174
6M,307,0.5673123186010935,0.03810076843509002,0.5292115501660035
6M,308,0.48651618786615547,0.04163265806961243,0.44488352979654305
6M,309,0.48758183484549517,0.062357110401369986,0.4252247244441252
6M,310,0.37901547356981524,0.03398209700996305,0.3450333765598522
6M,311,0.512170094139861,0.03939711827769266,0.4727729758621684
6M,312,0.2664297870452034,0.010103483401972353,0.25632630364323106
6M,313,0.6198035700123454,0.012618692413265385,0.60718487759908
6M,314,0.4904239635809991,0.05008460070839969,0.4403393628725994
6M,315,0.508111828842361,0.02495535571237117,0.48315647312998977
6M,316,0.5554969132888544,0.15652182826711025,0.39897508502174417
6M,317,0.4710422642321702,0.07908869331640646,0.39195357091576377
6M,318,0.5077053422077202,0.07202823298249254,0.4356771092252277
6M,319,0.4537185127496146,0.0204240459718193,0.4332944667777953
6M,320,0.42373640721430594,0.0663139842587944,0.3574224229555115
6M,321,0.3859624546313795,0.10685817864698731,0.2791042759843922
6M,322,0.5467057087813934,0.027580433854163432,0.5191252749272299
6M,323,0.424911064203409,0.08591607509917552,0.3389949891042335
6M,324,0.441741230561434,0.010484428404362447,0.4312568021570716
6M,325,0.3886337895480866,0.014819651944326348,0.37381413760376025
6M,326,0.6518180074295549,0.04460697021980417,0.6072110372097507
6M,327,0.5818431917362274,0.05064009894478242,0.5312030927914451
6M,328,0.4834063673677824,0.006905031589398991,0.47650133577838344
6M,329,0.5125391808808335,0.015214775016525298,0.4973244058643082
6M,330,0.5509255000624143,0.007148865496191568,0.5437766345662227
6M,331,0.4106338669229056,0.00925529561524964,0.401378571307656
6M,332,0.46185950490687494,0.04806994288968758,0.41378956201718736
6M,333,0.5316201338978322,0.11859593464726702,0.4130241992505652
6M,334,0.6003974889961585,0.20045399351884063,0.3999434954773179
6M,335,0.47869049814156117,0.056373700120440566,0.4223167980211206
6M,336,0.4602739313040237,0.22270187610283146,0.23757205520119226
6M,337,0.4481785079764162,0.18188900299695382,0.26628950497946235
6M,338,0.4848030714614238,0.010805713156536412,0.47399735830488743
6M,339,0.6191056622733988,0.0482372409696942,0.5708684213037046
6M,340,0.45976116668112654,0.02429818529105712,0.43546298139006945
6M,341,0.5013445231389722,0.02482885370987571,0.47651566942909646
6M,342,0.2735462212158126,0.05510498825347317,0.21844123296233947
6M,343,0.2499944636006687,0.02920724896893907,0.22078721463172965
6M,344,0.5200618070764728,0.03866694859361035,0.4813948584828624
6M,345,0.4244518654366003,0.05808255620854767,0.3663693092280526
6M,346,0.5192042132472999,0.07497938190958015,0.4442248313377198
6M,347,0.4472562455401107,0.048790365368123416,0.39846588017198725
6M,348,0.34622889579414495,0.032797604437791075,0.3134312913563539
6M,349,0.3932298138560115,0.028038951816647333,0.3651908620393642
6M,350,0.24655383277499013,0.0412350948043797,0.20531873797061043
6M,351,0.568304536907773,0.05807216588477996,0.5102323710229931
6M,352,0.526548465823529,0.10135450289000536,0.42519396293352363
6M,353,0.4518068911599989,0.020534170706580524,0.43127272045341836
6M,354,0.38525619188113386,0.014541890349063415,0.37071430153207047
6M,355,0.5703741263240593,0.12372312698519508,0.4466509993388642
6M,356,0.49953931909071525,0.07094454152991758,0.42859477756079767
6M,357,0.39912025992315964,0.04598725801611847,0.35313300190704117
6M,358,0.40761137783986495,0.07551213626388724,0.3320992415759777
6M,359,0.42305075272255793,0.0491674416856868,0.3738833110368711
6M,360,0.457414547566269,0.14595303935444592,0.31146150821182306
6M,361,0.3923355166184127,0.04808238958173639,0.3442531270366763
6M,362,0.46455407102729285,0.0317311177603598,0.43282295326693304
6M,363,0.5769558203587599,0.04509522552634578,0.5318605948324141
6M,364,0.6342011508110496,0.01757906446997553,0.6166220863410741
6M,365,0.3705422185779671,0.02160843339838377,0.34893378517958334
6M,366,0.4437970603728598,0.06191990192806276,0.3818771584447971
6M,367,0.6518803204311487,0.009681978391489337,0.6421983420396594
6M,368,0.31065680638674414,0.11378982363174896,0.1968669827549952
6M,369,0.4265586692773705,0.07363224124908746,0.35292642802828306
6M,370,0.5777930106879204,0.08824209174073326,0.48955091894718716
6M,371,0.49838159152946776,0.07220369176623903,0.42617789976322873
6M,372,0.75368776561063,0.13271788942631527,0.6209698761843148
6M,373,0.41696233051257103,0.00805241384849702,0.408909916664074
6M,374,0.5569905791499131,0.08579052228181405,0.47120005686809907
6M,375,0.6202843351929037,0.1409656961909021,0.4793186390020016
6M,376,0.3891251363974005,0.06324531313105891,0.3258798232663416
6M,377,0.3936332423726119,0.0015743747387834642,0.3920588676338284
6M,378,0.46920015809411597,0.05533744388532811,0.41386271420878784
6M,379,0.416922892887145,0.018485632446664856,0.39843726044048017
6M,380,0.4520219334630878,0.07001740922470927,0.3820045242383785
6M,381,0.4592417885221467,0.036628356771288735,0.42261343175085797
6M,382,0.5539026409928136,0.02010728797350766,0.5337953530193059
6M,383,0.46292900123067593,0.06015777382023045,0.40277122741044546
6M,384,0.43614832596280495,0.055906190109317806,0.38024213585348715
6M,385,0.6579201185855547,0.008366989345859041,0.6495531292396957
6M,386,0.5741910951787553,0.06283224840503523,0.5113588467737201
6M,387,0.4156548793646699,0.05032377540814219,0.3653311039565277
6M,388,0.39601498111212846,0.0302857589339244,0.3657292221782041
6M,389,0.38525828577440363,0.010903012129253745,0.37435527364514987
6M,390,0.351099294885551,0.02402695301866836,0.32707234186688267
6M,391,0.5699265492185775,0.12598017936908015,0.4439463698494974
6M,392,0.30839098933817544,0.04354319219788236,0.26484779714029305
6M,393,0.41585174398326524,0.023659996362244702,0.39219174762102055
6M,394,0.516172061977715,0.08066897744942092,0.4355030845282941
6M,395,0.6459548583545165,0.005340200813502718,0.6406146575410138
6M,396,0.23741133674734774,0.07612242265756573,0.16128891408978202
6M,397,0.39263439821405033,0.06696586456622512,0.3256685336478252
6M,398,0.526635048079035,0.000532843332506007,0.526102204746529
6M,399,0.5036989014111686,0.018631078020397356,0.4850678233907712
6M,400,0.5523481627953499,0.0020215891194387344,0.5503265736759112
6M,401,0.5046846999052824,0.05343261621309041,0.451252083692192
6M,402,0.4258390961715431,0.041692308580044725,0.38414678759149834
6M,403,0.5672325299978858,0.11823553016536183,0.44899699983252395
6M,404,0.5793166857249957,0.0332034231325561,0.5461132625924396
6M,405,0.43406091522536067,0.0036568300234099027,0.4304040852019508
6M,406,0.3804206248881209,0.05329766752509288,0.327122957363028
6M,407,0.5242265050978817,0.0674066046623804,0.4568199004355013
6M,408,0.30324455203650624,0.08417377669070503,0.21907077534580122
6M,409,0.604283187252354,0.009508687116057159,0.5947745001362968
6M,410,0.23002810044686575,0.022919708196298925,0.20710839225056682
6M,411,0.5010775627167884,0.010976185054193552,0.4901013776625948
6M,412,0.08878959495848474,0.008229487083283573,0.08056010787520117
6M,413,0.3981013676707439,0.011634748664772028,0.38646661900597185
6M,414,0.3569476377526929,0.1332600720868494,0.2236875656658435
6M,415,0.4530701502745746,0.0984150220941316,0.354655128180443
6M,416,0.48279250274460195,0.0015871651834057656,0.48120533756119616
6M,417,0.34841416942875314,0.14807266591730198,0.20034150351145116
6M,418,0.38119624803712854,0.05719934393831479,0.32399690409881376
6M,419,0.3150140030571994,0.05803814329689575,0.2569758597603036
6M,420,0.39185411366053596,0.016643292843111907,0.3752108208174241
6M,421,0.20312617118370505,0.033402411525257004,0.16972375965844805
6M,422,0.4053440745229105,0.0781080336725687,0.3272360408503418
6M,423,0.4479874903636788,8.331688909453724e-05,0.4479041734745843
6M,424,0.6507857711080154,0.1526331076500571,0.4981526634579583
6M,425,0.29930357408255365,0.00885044267917126,0.2904531314033824
6M,426,0.5086307004966758,0.002583142948666222,0.5060475575480096
6M,427,0.5233654832479555,0.021222649605579656,0.5021428336423759
6M,428,0.2411764930540607,0.025713217438726326,0.21546327561533438
6M,429,0.44652132687871215,0.049290088292205055,0.3972312385865071
6M,430,0.38135017288975515,0.01599085074939788,0.36535932214035727
6M,431,0.4569061112252836,0.06948744186433156,0.38741866936095204
6M,432,0.3401120814866636,0.04135832432808311,0.2987537571585805
6M,433,0.49681928159964844,0.09829811732417454,0.3985211642754739
6M,434,0.20102275798728758,0.010118251553147295,0.19090450643414028
6M,435,0.4811529130680578,0.05263047226900003,0.42852244079905777
6M,436,0.4845718977231934,0.07575765620424142,0.408814241518952
6M,437,0.4826508291084583,0.08147414038895114,0.4011766887195072
6M,438,0.4174927073633921,0.03674104406944826,0.38075166329394383
6M,439,0.3871626270776885,0.03465356333802081,0.35250906373966767
6M,440,0.39512750556960274,0.006479614871945179,0.38864789069765754
6M,441,0.3847624697935712,0.04348964979508873,0.34127281999848247
6M,442,0.4752544531313783,0.23354596753912876,0.24170848559224956
6M,443,0.3080733097298001,0.11726715215657843,0.1908061575732217
6M,444,0.4971522042742715,0.09809397060716309,0.3990582336671084
6M,445,0.426124416695045,0.00089875700471309,0.42522565969033194
6M,446,0.2369224704713807,0.019332051109909078,0.21759041936147164
6M,447,0.5623394357870437,0.11646445846560466,0.44587497732143905
6M,448,0.4331073580576206,0.04485876889625171,0.38824858916136884
6M,449,0.6694087103588567,0.12684582112719486,0.5425628892316618
6M,450,0.2434138572823204,0.043125829943401355,0.20028802733891904
6M,451,0.29144682668277444,0.03649198083688935,0.25495484584588507
6M,452,0.2989731732442883,0.052957086803927904,0.24601608644036038
6M,453,0.4205815257970319,0.140357387700151,0.2802241380968809
6M,454,0.4588470992469984,0.034826565824296773,0.42402053342270163
6M,455,0.5960582310290876,0.144957115041518,0.45110111598756963
6M,456,0.3775272109183566,0.07957295025921034,0.29795426065914626
6M,457,0.4497527273072846,0.05173732866167073,0.39801539864561386
6M,458,0.4302755111511534,0.05763070347863553,0.3726448076725179
6M,459,0.5748953757501613,0.12036928811174022,0.45452608763842106
6M,460,0.7390092713026717,0.11806740760477451,0.6209418636978972
6M,461,0.5216386181255782,0.08334099096467697,0.43829762716090126
6M,462,0.44463301255453686,0.07991088315200887,0.364722129402528
6M,463,0.5448101996899495,0.05658960691859559,0.4882205927713539
6M,464,0.5196221668413935,0.01336404925782575,0.5062581175835678
6M,465,0.24784602829171265,0.01006358282014686,0.2377824454715658
6M,466,0.5097545564843239,0.21628121454498234,0.29347334193934155
6M,467,0.618997059213405,0.07458328864932358,0.5444137705640814
6M,468,0.3738412360327679,0.11577623391983916,0.25806500211292877
6M,469,0.5573622934927368,0.012423463334549353,0.5449388301581874
6M,470,0.31714992070749787,0.0592719132303298,0.25787800747716805
6M,471,0.51131331125171,0.03129198412967557,0.4800213271220344
6M,472,0.38473431318947343,0.1150213296657563,0.26971298352371714
6M,473,0.42447429910771434,0.11704372461461804,0.3074305744930963
6M,474,0.5109046565385527,0.08763670260269352,0.42326795393585914
6M,475,0.4960278016224805,0.08839884999628377,0.4076289516261967
6M,476,0.4470752496231915,0.11023058954172536,0.33684466008146613
6M,477,0.5433859124876369,0.07558555276691646,0.4678003597207204
6M,478,0.3537418556947721,0.03809756325410433,0.3156442924406678
6M,479,0.3551234854730835,0.0559841250846656,0.2991393603884179
6M,480,0.41365507604806884,0.10920303463232445,0.3044520414157444
6M,481,0.45833057683130246,0.07631344213107169,0.3820171347002308
6M,482,0.5417533705230391,0.03264454159764352,0.5091088289253956
6M,483,0.3249959096218452,0.05753647048614222,0.26745943913570297
6M,484,0.4405355470405372,0.04056775131124937,0.39996779572928787
6M,485,0.2808858613328667,0.0346538285429901,0.2462320327898766
6M,486,0.5305268345787346,0.0065043130426854215,0.5240225215360492
6M,487,0.49581635280726016,0.1205829359399042,0.37523341686735595
6M,488,0.5602729580156863,0.055029872735852366,0.505243085279834
6M,489,0.3546195045046804,0.007571030712782235,0.3470484737918981
6M,490,0.31795642899200083,0.020263235049304263,0.29769319394269655
6M,491,0.5153582581028,0.09613689135357885,0.41922136674922117
6M,492,0.34211140818753477,0.03653918207834316,0.3055722261091916
6M,493,0.46959572668861554,0.04528310566522537,0.4243126210233902
6M,494,0.5526039690611604,0.11441560477897365,0.4381883642821867
6M,495,0.3324940177585839,0.0015823687288546132,0.3309116490297293
6M,496,0.4406333192370363,0.1036972141936024,0.3369361050434339
6M,497,0.3879991006044002,0.1903364824350706,0.1976626181693296
6M,498,0.6143588626797248,0.08329950050098853,0.5310593621787363
6M,499,0.5489862558412482,0.018702939258468075,0.53028331658278
6M,500,0.6176976592290611,0.08823676000899804,0.529460899220063
6M,501,0.5285009101492045,0.09355420947880959,0.4349467006703949
6M,502,0.5421599757352445,0.09484314874091963,0.4473168269943249
6M,503,0.22957783108254626,0.008363509092621816,0.22121432198992444
6M,504,0.3032059009014302,0.03309936416593322,0.27010653673549695
6M,505,0.49206911420897154,0.1685869329504349,0.32348218125853667
6M,506,0.4821691786930221,0.04361164521821248,0.43855753347480964
6M,507,0.39451262806917875,0.03417420372179194,0.36033842434738683
6M,508,0.38737125826264757,0.015394108046476045,0.3719771502161715
6M,509,0.3454661097455305,0.0012207082045921098,0.34424540154093836
6M,510,0.299533674751967,0.03331330447272775,0.2662203702792393
6M,511,0.5079010026226385,0.036783736327480575,0.47111726629515793
6M,512,0.6909092679588831,0.06830662765304327,0.6226026403058398
6M,513,0.12625633678629575,0.02031299567100094,0.10594334111529481
6M,514,0.4718706979706737,0.04595822321627219,0.4259124747544015
6M,515,0.21050829067106563,0.00877476903649894,0.2017335216345667
6M,516,0.3424928213679976,0.0754192084216742,0.26707361294632337
6M,517,0.32587452855684385,0.09256523178292975,0.2333092967739141
6M,518,0.4275682562953,0.05845129439505426,0.36911696190024573
6M,519,0.45052158646024965,0.013258654112352948,0.4372629323478967
6M,520,0.4858442483682593,0.08325672771893697,0.40258752064932235
6M,521,0.4647595314423287,0.033187504331787514,0.43157202711054116
6M,522,0.6022466005971725,0.031774512036837795,0.5704720885603347
6M,523,0.5658664083770304,0.04355549811705608,0.5223109102599743
6M,524,0.4017525533142221,0.014481102320808075,0.38727145099341403
6M,525,0.39804463383342326,0.040897467938203286,0.35714716589522
6M,526,0.43156725108928484,0.07480014170223519,0.35676710938704964
6M,527,0.3341813660403338,0.04771759245663397,0.28646377358369984
6M,528,0.4744964396117164,0.0451910212304476,0.4293054183812688
6M,529,0.5407140825330142,0.1531444568316392,0.38756962570137504
6M,530,0.4438065463408366,0.1606165907197764,0.2831899556210602
6M,531,0.3946788762242443,0.027967077020441666,0.36671179920380265
6M,532,0.47082185044922953,0.028888659553061826,0.4419331908961677
6M,533,0.42646830760357707,0.05685038728531908,0.36961792031825796
6M,534,0.4578009922975783,0.005998421621417296,0.45180257067616103
6M,535,0.2164268460204336,0.03338183334232915,0.18304501267810447
6M,536,0.31648596408023516,0.02198915895838816,0.294496805121847
6M,537,0.4984461539357541,0.05192508278512186,0.4465210711506322
6M,538,0.3635316414455022,0.024190080438037644,0.33934156100746454
6M,539,0.5830102855598599,0.05901645482440982,0.52399383073545
6M,540,0.4684783336924208,0.06694392048976354,0.40153441320265726
6M,541,0.26834544354382583,0.05492417642344176,0.21342126712038406
6M,542,0.5486618873806641,0.06339865657863342,0.4852632308020307
6M,543,0.4268025439007568,0.0019817624310308206,0.42482078146972596
6M,544,0.44952650233497116,0.030106838645764213,0.41941966368920697
6M,545,0.6784405316098365,0.04416393129197223,0.6342766003178643
6M,546,0.3588536746273847,0.010659036675885823,0.3481946379514989
6M,547,0.5108687957624041,0.1132887913827081,0.397580004379696
6M,548,0.47113232375467745,0.015763482316581732,0.4553688414380957
6M,549,0.5389134706004282,0.022474729200189295,0.5164387414002388
6M,550,0.5372289290851626,0.13382436477893436,0.4034045643062283
6M,551,0.3815877720717919,0.14621571444161754,0.23537205763017435
6M,552,0.3493785228655209,0.02435074427370774,0.32502777859181314
6M,553,0.4858454957919275,0.0788005665285865,0.407044929263341
6M,554,0.4630501103392189,0.1266356990177907,0.3364144113214282
6M,555,0.35105318152287646,0.012433779407868212,0.33861940211500824
6M,556,0.510469470954542,0.006564753197913241,0.5039047177566287
6M,557,0.49393108460769836,0.04894467404787877,0.4449864105598196
6M,558,0.45654827323452274,0.010548111228993559,0.44600016200552917
6M,559,0.5199209588568662,0.06911412958732158,0.45080682926954463
6M,560,0.43694274160343405,0.005871095467632093,0.43107164613580196
6M,561,0.3958969291602786,0.01133089582772986,0.38456603333254874
6M,562,0.5559611771750735,0.07385403228460229,0.48210714489047124
6M,563,0.37938270959657505,0.028371829263597458,0.3510108803329776
6M,564,0.29638679326897543,0.013342648231989992,0.28304414503698544
6M,565,0.46234830078460987,0.10768913073749253,0.35465917004711733
6M,566,0.4006481220144715,0.04649055819697399,0.35415756381749747
6M,567,0.7050830360038002,0.17784682349119793,0.5272362125126022
6M,568,0.530761191473159,0.09504975604936053,0.43571143542379853
6M,569,0.5453575740589497,0.041520783704252086,0.5038367903546976
6M,570,0.4905948098180415,0.01868621353378092,0.4719085962842606
6M,571,0.24468044859327212,0.0003909494571101877,0.24428949913616194
6M,572,0.19997639738980846,0.01867292446709165,0.1813034729227168
6M,573,0.4747050732903819,0.06217949574599417,0.41252557754438773
6M,574,0.507736672449097,0.03921535007987985,0.4685213223692172
6M,575,0.6109676079393451,0.04246836823546863,0.5684992397038765
6M,576,0.22819097521599294,0.0007612766432279653,0.22742969857276496
6M,577,0.39687323916501066,0.005010656206226176,0.3918625829587845
6M,578,0.53511210098468,0.07919861166071816,0.4559134893239618
6M,579,0.512422003594833,0.064025985602966,0.448396017991867
6M,580,0.4484006504126673,0.0017099138655035275,0.4466907365471638
6M,581,0.3808710056366999,0.041330426920965925,0.33954057871573395
6M,582,0.3559449739877197,0.02719651462420621,0.3287484593635135
6M,583,0.5146247984855978,0.03804842456541589,0.47657637392018193
6M,584,0.30595778266566526,0.033572119821485176,0.2723856628441801
6M,585,0.30941749629161414,0.04948040434892033,0.2599370919426938
6M,586,0.4969140158195004,0.10160828552324914,0.39530573029625127
6M,587,0.47664757847832384,0.035808284303650885,0.44083929417467294
6M,588,0.5011470169868317,0.08045529539218998,0.42069172159464174
6M,589,0.31271074953251743,0.03161573322505495,0.2810950163074625
6M,590,0.5024420380660657,0.05238163615988011,0.45006040190618557
6M,591,0.4203442530769922,0.02008290925324924,0.40026134382374295
6M,592,0.48723373113406726,0.0609151195435619,0.4263186115905054
6M,593,0.2028865644736915,0.061507184325750974,0.14137938014794052
6M,594,0.44009001689290844,0.03266535576206392,0.4074246611308445
6M,595,0.5227415245845333,0.20358760223439365,0.3191539223501396
6M,596,0.3549846440690549,0.027038549628201757,0.32794609444085315
6M,597,0.526819853799622,0.06541219209006642,0.4614076617095556
6M,598,0.47102101744542524,0.13918980207695378,0.3318312153684715
6M,599,0.44686227259548755,0.031939776257356466,0.4149224963381311
6M,600,0.2903174517107377,0.07251733793921253,0.21780011377152517
6M,601,0.2945654971028452,0.037290838707501994,0.2572746583953432
6M,602,0.5181533406656538,0.13233218944403013,0.38582115122162364
6M,603,0.4258890919669833,0.08718218123651318,0.33870691073047016
6M,604,0.4831112715328223,0.055586050727658806,0.4275252208051635
6M,605,0.25651970286412923,0.05473221064530222,0.20178749221882702
6M,606,0.6100807335749647,0.07692995548268734,0.5331507780922774
6M,607,0.46584033860338686,7.727509351799517e-05,0.46576306350986885
6M,608,0.5245866578420398,0.10928211699154636,0.4153045408504935
6M,609,0.5837962550127992,0.05846441379477129,0.5253318412180279
6M,610,0.5333129827923984,0.02787184728133329,0.5054411355110651
6M,611,0.5802758819832505,0.08458305912775683,0.4956928228554937
6M,612,0.43339403827237793,0.17414044687852692,0.259253591393851
6M,613,0.38550535535508834,0.03052730223090727,0.35497805312418107
6M,614,0.6257602942520867,0.00660925519928834,0.6191510390527983
6M,615,0.416200756654697,0.06448454532810571,0.3517162113265913
6M,616,0.3973322451197961,0.08866600865534342,0.3086662364644527
6M,617,0.3337953434570032,0.0008990547909816086,0.33289628866602156
6M,618,0.345785929438259,0.012595841313444567,0.33319008812481443
6M,619,0.7233184095897428,0.15834472462282081,0.564973684966922
6M,620,0.4515179125133065,0.0032566646755777095,0.44826124783772875
6M,621,0.4748614093682955,0.06421783971149694,0.4106435696567986
6M,622,0.5229076299294141,0.005867723434471296,0.5170399064949428
6M,623,0.5484175864942702,0.01649066621609122,0.531926920278179
6M,624,0.4584043563768096,0.1357565409029916,0.322647815473818
6M,625,0.417473378003325,0.07231327337458476,0.34516010462874025
6M,626,0.607924361328877,0.08504774857823848,0.5228766127506385
6M,627,0.6511640572347535,0.07772281156789868,0.5734412456668547
6M,628,0.5545964415197496,0.09421976619365764,0.460376675326092
6M,629,0.38135986245429626,0.01234161769962279,0.3690182447546735
6M,630,0.43121403988710166,0.17669461375667977,0.2545194261304219
6M,631,0.14897423542473925,0.03252934509077373,0.11644489033396552
6M,632,0.4656893563009808,0.03555765764268296,0.4301316986582978
6M,633,0.5018354335182559,0.027206636986914216,0.47462879653134166
6M,634,0.4221653616507567,0.02036907530226213,0.40179628634849457
6M,635,0.4308020045909285,0.016209271583731533,0.41459273300719696
6M,636,0.3553574909526965,0.014003766053627615,0.34135372489906884
6M,637,0.6562139181785247,0.07973663341173375,0.5764772847667909
6M,638,0.4709512854116576,0.044723384745571505,0.42622790066608607
6M,639,0.34743544918241887,0.012895685505437581,0.3345397636769813
6M,640,0.258443267910651,0.01470772187130336,0.2437355460393476
6M,641,0.4260820920352586,0.0190825186109002,0.4069995734243584
6M,642,0.3210782849565241,0.02428866313292501,0.2967896218235991
6M,643,0.44447048533811945,0.05104354382488687,0.3934269415132326
6M,644,0.4706657662650823,0.09877742754921355,0.37188833871586874
6M,645,0.5576127069611115,0.044177846178905265,0.5134348607822062
6M,646,0.3780566780175534,0.06691662007512525,0.31114005794242816
6M,647,0.5445760562549721,0.03574209577461137,0.5088339604803607
6M,648,0.6140750132973634,0.17268288751344227,0.44139212578392106
6M,649,0.5209812769327833,0.05664787921301862,0.4643333977197647
6M,650,0.5123226099198994,0.007256094839125313,0.5050665150807742
6M,651,0.30511161546019466,0.01298998801083106,0.2921216274493636
6M,652,0.39478464011328884,0.0126610223818298,0.38212361773145903
6M,653,0.43930911247613313,0.05600356467607654,0.3833055478000566
6M,654,0.550623440305949,0.04846623101338996,0.502157209292559
6M,655,0.2577479728948996,0.03397465677520186,0.22377331611969772
6M,656,0.5594363191843719,0.019595311177152956,0.5398410080072189
6M,657,0.3876730646672591,0.028528737849779502,0.3591443268174796
6M,658,0.5758738927661148,0.024936698759659294,0.5509371940064555
6M,659,0.5206598146298889,0.05749061355499817,0.4631692010748907
6M,660,0.4175601553827747,0.05082317375573585,0.3667369816270388
6M,661,0.4332115026842497,0.10507107864309244,0.32814042404115723
6M,662,0.33521457373535113,0.002728125308681869,0.33248644842666925
6M,663,0.46300283783506746,0.03157447881942371,0.43142835901564375
6M,664,0.36533609027306224,0.057306539809908186,0.30802955046315406
6M,665,0.22840530874824802,0.01562784039263752,0.2127774683556105
6M,666,0.388199739059615,0.03681190562336749,0.3513878334362475
6M,667,0.3705908464080132,0.038249859428027444,0.33234098697998576
6M,668,0.5483305723337645,0.03557728317669859,0.5127532891570659
6M,669,0.5396072771570047,0.19054441940169042,0.3490628577553143
6M,670,0.6057650424090529,0.06412025849194797,0.541644783917105
6M,671,0.4470324633527944,0.07800298081769289,0.3690294825351015
6M,672,0.3626741872704203,0.023164308185487523,0.33950987908493274
6M,673,0.365633749585439,0.004258461711492411,0.36137528787394657
6M,674,0.5317938775282546,0.018497256395895625,0.513296621132359
6M,675,0.49805863411587886,0.10079887887978851,0.39725975523609036
6M,676,0.550201422584218,0.14930738890397988,0.4008940336802381
6M,677,0.5104255861509,0.12965510104773026,0.3807704851031697
6M,678,0.44591354014228546,0.036678227988326,0.4092353121539595
6M,679,0.5561136173822455,0.07899559972829054,0.477118017653955
6M,680,0.5636915313632597,0.06274695505902977,0.50094457630423
6M,681,0.5473458464995931,0.14155512071720525,0.40579072578238784
6M,682,0.33109940309051267,0.04218841699621788,0.2889109860942948
6M,683,0.3712768248290916,0.013981224676824146,0.3572956001522674
6M,684,0.5000100836384122,0.10426940108021701,0.39574068255819517
6M,685,0.5401091878877297,0.06610219158980828,0.47400699629792137
6M,686,0.4674876959150557,0.061700601661354555,0.40578709425370113
6M,687,0.15356352729852557,0.026776981886287535,0.12678654541223805
6M,688,0.4984593197049677,0.024958839961223347,0.4735004797437444
6M,689,0.4597035526383119,0.019219004296227374,0.44048454834208456
6M,690,0.3466485905278309,0.023856132706800443,0.3227924578210305
6M,691,0.394730152450343,0.00025723993907368327,0.3944729125112693
6M,692,0.38671859114232626,0.00831182873864477,0.3784067624036815
6M,693,0.5677633701702168,0.15499830759509542,0.4127650625751214
6M,694,0.3370016989430336,0.11207208730406075,0.22492961163897285
6M,695,0.38398098447510826,0.08816004901030254,0.2958209354648057
6M,696,0.31681892833705805,0.05769251823958642,0.2591264100974716
6M,697,0.44979274410416276,0.0538444985935664,0.3959482455105964
6M,698,0.5054576483199346,0.13312129412378174,0.37233635419615285
6M,699,0.42058138873597434,0.0003621490268988815,0.42021923970907543
6M,700,0.5542999123504456,0.052812503222552015,0.5014874091278936
6M,701,0.3512642253726243,0.12787114424995644,0.22339308112266787
6M,702,0.5388829581345315,0.009403949671279941,0.5294790084632516
6M,703,0.5128035367002427,0.07062084467452383,0.44218269202571886
6M,704,0.578671921340603,0.025870681339244427,0.5528012400013586
6M,705,0.33634792767301924,0.08833555080607934,0.2480123768669399
6M,706,0.47810435373975413,0.07627759917102465,0.40182675456872946
6M,707,0.33301339853345774,0.05867479028172194,0.2743386082517358
6M,708,0.40058929593594356,0.058583171357829276,0.3420061245781143
6M,709,0.5270208304297033,0.03949752567659239,0.4875233047531109
6M,710,0.391078917352759,0.005191699226787609,0.38588721812597143
6M,711,0.469134895359461,0.029789622363202692,0.4393452729962583
6M,712,0.561383559779353,0.007801842370356782,0.5535817174089962
6M,713,0.2773643081453377,0.0429929154769202,0.2343713926684175
6M,714,0.4430531317655535,0.11763667959157091,0.3254164521739826
6M,715,0.5317976896093841,0.015920000120134982,0.5158776894892492
6M,716,0.5451904766512916,0.07481784041793413,0.47037263623335746
6M,717,0.4849405466259709,0.12648926543735,0.3584512811886209
6M,718,0.40169538225600054,0.08514085092413409,0.31655453133186645
6M,719,0.45386643106542784,0.010074516838037046,0.4437919142273908
6M,720,0.34908147660103345,0.0076746459842083736,0.3414068306168251
6M,721,0.42871479892957437,0.11791729606545409,0.3107975028641203
6M,722,0.3501713318144567,0.11204082235787137,0.23813050945658532
6M,723,0.3846358962611273,0.09547976279313927,0.2891561334679881
6M,724,0.426782591485631,0.04651133803941882,0.3802712534462122
6M,725,0.3195068474932741,0.00021040471605234256,0.3192964427772218
6M,726,0.4689356093745206,0.06575402446955093,0.4031815849049697
6M,727,0.10957738748892466,0.02233911764736082,0.08723826984156384
6M,728,0.2663777066437853,0.018586410559832952,0.24779129608395234
6M,729,0.44132128472334364,0.03705584549114576,0.4042654392321979
6M,730,0.5910225774545943,0.09455925609654732,0.496463321358047
6M,731,0.5913803717600238,0.03701655328233294,0.5543638184776909
6M,732,0.5296722461515389,0.06176082160040845,0.4679114245511304
6M,733,0.45685871455124605,0.08976320766970412,0.3670955068815419
6M,734,0.26202250258677223,0.009811365171130104,0.2522111374156421
6M,735,0.5213388691280729,0.013408413371701752,0.5079304557563712
6M,736,0.4539608448368744,0.08816055235002589,0.3658002924868485
6M,737,0.4484813781539907,0.024438921762866064,0.42404245639112464
6M,738,0.5907064696219037,0.12610111058529522,0.46460535903660843
6M,739,0.21845666970839364,0.0018653531840178378,0.2165913165243758
6M,740,0.21150804036615586,0.049854494369429056,0.16165354599672682
6M,741,0.26440529638460786,0.09201386241012041,0.17239143397448745
6M,742,0.332084771169343,0.0001780920298193455,0.33190667913952365
6M,743,0.42281715764984784,0.09856131843957149,0.32425583921027634
6M,744,0.4738053862693566,0.031800047157009216,0.44200533911234735
6M,745,0.49438748587991155,0.03295207694955331,0.4614354089303582
6M,746,0.4686173873625681,0.09831355771367292,0.3703038296488952
6M,747,0.6892809696743103,0.07198350576496225,0.617297463909348
6M,748,0.40320094500802584,0.0011675926250042485,0.40203335238302157
6M,749,0.48115188439490675,0.05192502665120551,0.42922685774370123
6M,750,0.41259808786629615,0.09296108978379507,0.31963699808250107
6M,751,0.3099346970288406,0.023761668457442566,0.28617302857139804
6M,752,0.45916047332477866,0.10936994361648293,0.3497905297082957
6M,753,0.5461833238526668,0.09269704887865327,0.4534862749740135
6M,754,0.3748338991994358,0.02244913992816561,0.3523847592712702
6M,755,0.43737480738302076,0.004243211221292406,0.43313159616172836
6M,756,0.402143803328314,0.012148675829352345,0.38999512749896165
6M,757,0.4525482521297715,0.05034868578610815,0.4021995663436634
6M,758,0.18993246787998425,0.08560136976455938,0.10433109811542486
6M,759,0.4364052716217044,0.010332396402798006,0.4260728752189064
6M,760,0.4029324112937035,0.060161819415898696,0.3427705918778048
6M,761,0.5032748401154543,0.017547075284262168,0.4857277648311921
6M,762,0.3599920195953965,0.02648928471963419,0.3335027348757623
6M,763,0.5645542016398778,0.08516849026241151,0.4793857113774663
6M,764,0.44920782621549005,0.019329229196715387,0.4298785970187747
6M,765,0.5045232688881535,0.10608094801099456,0.3984423208771589
6M,766,0.39692205155757304,0.016186607175976073,0.38073544438159695
6M,767,0.5243340100218011,0.10189039481602731,0.42244361520577384
6M,768,0.6382400868316979,0.031369306102335286,0.6068707807293626
6M,769,0.061412777814731125,0.0010210193857547387,0.060391758428976386
6M,770,0.5745485866542177,0.024363436479312824,0.5501851501749049
6M,771,0.2010421270328572,0.03362620047401354,0.16741592655884366
6M,772,0.4795676300856554,0.04135137728114949,0.43821625280450593
6M,773,0.3530513655417189,0.02451579305493682,0.32853557248678206
6M,774,0.49545601692187907,0.05235852984102998,0.44309748708084906
6M,775,0.5064689921761185,0.008839201531652937,0.49762979064446555
6M,776,0.41838940549506587,0.0006425102095991467,0.4177468952854667
6M,777,0.6265165675916555,0.02445436473470396,0.6020622028569516
6M,778,0.5641012362529901,0.053827977885537885,0.5102732583674523
6M,779,0.40899111716699316,0.017951501588647455,0.3910396155783457
6M,780,0.502876242784509,0.04890942678537423,0.4539668159991348
6M,781,0.5257582637180003,0.08079140956612302,0.44496685415187726
6M,782,0.4070347137353219,0.04302314962037653,0.3640115641149454
6M,783,0.315497530031472,0.02917838751158185,0.28631914251989016
6M,784,0.2980409020798824,0.013468332124765357,0.28457256995511704
6M,785,0.38922943575103996,0.03850753801773534,0.35072189773330464
6M,786,0.22274371262741896,0.017137099951080717,0.20560661267633823
6M,787,0.5940056892557486,0.06849887277688974,0.5255068164788589
6M,788,0.35357283606002216,0.017260175411658495,0.3363126606483637
6M,789,0.3046192094901368,0.021417027272611182,0.28320218221752563
6M,790,0.49269719245226073,0.01340435613247091,0.4792928363197898
6M,791,0.4558613242193802,0.0016169673648170038,0.4542443568545632
6M,792,0.4430347103239625,0.015405592574632934,0.4276291177493296
6M,793,0.28124862167350595,0.023377920000865228,0.2578707016726407
6M,794,0.5541044783521818,0.03255311960220961,0.5215513587499722
6M,795,0.4659118545739881,0.016601505629382937,0.44931034894460514
6M,796,0.43461130853618585,0.043474947292601075,0.39113636124358475
6M,797,0.2962170620377921,0.03542269612272983,0.2607943659150622
6M,798,0.44881841432437314,0.014855320035111955,0.43396309428926116
6M,799,0.533450168524222,0.25457702266276266,0.27887314586145934
6M,800,0.5132769987329726,0.0713708352591507,0.44190616347382194
6M,801,0.20889526129429323,0.06596237986666614,0.14293288142762708
6M,802,0.35154940712090366,0.04431160501042567,0.30723780211047796
6M,803,0.32224281272797684,0.11614311645831855,0.2060996962696583
6M,804,0.5837468884750571,0.10214063950191413,0.48160624897314297
6M,805,0.398602290226717,0.06444565262704895,0.33415663759966807
6M,806,0.4344365750081847,0.027761641514040054,0.4066749334941447
6M,807,0.48297605043197034,0.05758026482441115,0.4253957856075592
6M,808,0.34573958970845337,0.08090813163014791,0.26483145807830544
6M,809,0.5809987537355054,0.025003325412870845,0.5559954283226345
6M,810,0.5423838840578942,0.00816098549585558,0.5342228985620386
6M,811,0.5244367240355237,0.02467125444361175,0.4997654695919119
6M,812,0.4257554777709072,0.021747801555391084,0.40400767621551614
6M,813,0.5282401360413627,0.07114328326757083,0.45709685277379186
6M,814,0.4647411934280686,0.14338414216555995,0.32135705126250863
6M,815,0.4652123744522156,0.09546920567656444,0.36974316877565117
6M,816,0.1480710071475953,0.07359523515299424,0.07447577199460106
6M,817,0.6045481220847686,0.24981375874833464,0.35473436333643393
6M,818,0.41144398301503926,0.0594694170288093,0.35197456598622995
6M,819,0.4251853703784958,0.05864269238002061,0.3665426779984752
6M,820,0.46049095755271835,0.10318128849298858,0.3573096690597298
6M,821,0.5897742205723461,0.058590167631933164,0.5311840529404129
6M,822,0.5746270098971166,0.08560074419164308,0.4890262657054735
6M,823,0.1892174349707746,0.016597670254450154,0.17261976471632443
6M,824,0.47185832941443845,0.12426313361277465,0.3475951958016638
6M,825,0.25081790712043966,0.00011047567914348582,0.2507074314412962
6M,826,0.44362909453053684,0.002560798724802923,0.4410682958057339
6M,827,0.3825343408443612,0.00043169033311586853,0.38210265051124537
6M,828,0.5624149184519306,0.08317403294480835,0.47924088550712224
6M,829,0.33499656439124764,0.07215870980139599,0.26283785458985165
6M,830,0.48762732990645613,0.007410163817760602,0.4802171660886955
6M,831,0.20664359846142427,0.013720521841908346,0.19292307661951594
6M,832,0.48790840817030073,0.07649678376019828,0.4114116244101025
6M,833,0.3431044376766707,0.010195674925941334,0.3329087627507294
6M,834,0.5827458805733619,0.12306434224758966,0.4596815383257722
6M,835,0.199131710787047,0.07723785303107222,0.12189385775597478
6M,836,0.5233049790453029,0.021721523262175906,0.501583455783127
6M,837,0.4405144157121812,0.0006189884593264558,0.43989542725285474
6M,838,0.3127445973015492,0.05711555751206628,0.2556290397894829
6M,839,0.4656190937630749,0.01568285246833827,0.44993624129473664
6M,840,0.5218073135292254,0.12590765880368648,0.3958996547255389
6M,841,0.40077744952792016,0.102873644595698,0.2979038049322221
6M,842,0.5014977444985608,0.14405104128795865,0.3574467032106021
6M,843,0.43671297981073054,0.0046792251127698095,0.43203375469796074
6M,844,0.3216522890073606,0.01643257488249946,0.30521971412486115
6M,845,0.5342173351398595,0.0011042051592687742,0.5331131299805907
6M,846,0.46605911960573315,0.07914533667661684,0.3869137829291163
6M,847,0.3142404955057873,0.02048502322392503,0.2937554722818623
6M,848,0.59402357678776,0.016662540420416313,0.5773610363673437
6M,849,0.4131719720320884,0.02413506484465823,0.38903690718743017
6M,850,0.41884520038600226,0.08162171272675194,0.3372234876592503
6M,851,0.39799132785122937,0.12842044656351048,0.2695708812877189
6M,852,0.5231793027027128,0.05731148020813734,0.4658678224945755
6M,853,0.4608039297730021,0.035058021831753716,0.4257459079412484
6M,854,0.5274599745077394,0.04622949789629991,0.4812304766114395
6M,855,0.3818407235539686,0.04847894185767777,0.3333617816962908
6M,856,0.4226293348549203,0.06723473881017464,0.35539459604474566
6M,857,0.42120516927456547,0.005170462615456556,0.4160347066591089
6M,858,0.2659466220158235,0.03427638152990969,0.23167024048591378
6M,859,0.2782290727115102,0.06355936847603565,0.21466970423547455
6M,860,0.3878314001199014,2.9685180063015376e-05,0.3878017149398384
6M,861,0.5330332495388589,0.09300347834882348,0.4400297711900354
6M,862,0.4613530804286283,0.04508379748958679,0.41626928293904153
6M,863,0.49695155087425186,0.02260821143669229,0.4743433394375596
6M,864,0.4414051820176028,0.08185145576431847,0.35955372625328436
6M,865,0.6023081748555004,0.14612565580016898,0.45618251905533136
6M,866,0.47963110865550546,0.07196636099587507,0.4076647476596304
6M,867,0.2555980886560601,0.015619594819999215,0.23997849383606087
6M,868,0.3847373574581457,0.01696927759362211,0.3677680798645236
6M,869,0.36031079570107305,0.062949600060358,0.29736119564071506
6M,870,0.4320039044736527,0.04306776253170077,0.388936141941952
6M,871,0.4681357510036211,0.1049151841015755,0.36322056690204557
6M,872,0.4897719099002359,0.08454392135653381,0.40522798854370207
6M,873,0.5472823154165382,0.03139734614898914,0.515884969267549
6M,874,0.4353402520667847,0.11789022850664731,0.3174500235601374
6M,875,0.5545655122267562,0.019884322630830207,0.534681189595926
6M,876,0.28171406134657556,0.002467394275105366,0.2792466670714702
6M,877,0.5595855560461033,0.17397483289516397,0.3856107231509393
6M,878,0.31221555485540115,0.0726696392491808,0.23954591560622035
6M,879,0.2966218317967398,0.06962683737751955,0.22699499441922022
6M,880,0.4725065229467291,0.18209663524045838,0.29040988770627074
6M,881,0.5041159556315834,1.0313614680224993e-05,0.5041056420169032
6M,882,0.669519002946017,0.2895660959831978,0.37995290696281914
6M,883,0.4142595808193365,0.12010107878220365,0.29415850203713284
6M,884,0.3831650060971242,0.038504321794897836,0.34466068430222635
6M,885,0.28973134894384334,0.04129516180977093,0.2484361871340724
6M,886,0.5040859466567029,0.08204330254149629,0.42204264411520664
6M,887,0.36825074259828827,0.0001634070531962112,0.36808733554509204
6M,888,0.45287643694911567,0.08322477940232152,0.36965165754679413
6M,889,0.6569664661189909,0.2114308039670737,0.4455356621519172
6M,890,0.4722172406479376,0.013266941247599136,0.45895029940033844
6M,891,0.42682693932312343,0.06862589247057024,0.35820104685255316
6M,892,0.5956937956500971,0.15402044767483888,0.44167334797525815
6M,893,0.3529633418024876,0.005709519646738974,0.3472538221557486
6M,894,0.4250779159304315,0.04702474476038331,0.37805317117004816
6M,895,0.45201698747308455,0.010272079675837938,0.4417449077972466
6M,896,0.3362264809827481,0.0016879722903966963,0.3345385086923514
6M,897,0.41991222373961856,0.0011062421609580998,0.41880598157866045
6M,898,0.3855429363192605,0.08773545571521482,0.2978074806040457
6M,899,0.5067146836523027,0.03465683310601475,0.4720578505462879
6M,900,0.35486250489822646,0.08177458859073025,0.2730879163074962
6M,901,0.5804064641025982,0.001986187901369965,0.5784202762012283
6M,902,0.530650846062629,0.2614016949010416,0.26924915116158743
6M,903,0.48316011037486345,0.06563796246027899,0.4175221479145845
6M,904,0.291103681437619,0.06373980697816985,0.22736387445944917
6M,905,0.5271316080479377,0.013090514205271239,0.5140410938426665
6M,906,0.4747050173218868,0.004011165815874288,0.4706938515060125
6M,907,0.4576518391607176,0.019196043256280212,0.4384557959044374
6M,908,0.4575234390600471,0.11748165093017454,0.34004178812987257
6M,909,0.6125974244415525,0.14101352824980015,0.47158389619175234
6M,910,0.2989325787182605,0.06265052364657606,0.23628205507168445
6M,911,0.37030016727641396,0.0979064161628972,0.27239375111351677
6M,912,0.5281306659940658,0.050329495477011536,0.47780117051705423
6M,913,0.4822222307618594,0.03322293016111367,0.4489993006007457
6M,914,0.3216838052745409,0.08351484425472253,0.23816896101981835
6M,915,0.4854000433316464,0.006172778579921397,0.479227264751725
6M,916,0.44243116402850097,0.09010475924199718,0.3523264047865038
6M,917,0.3364915570015244,0.028526679934724877,0.30796487706679954
6M,918,0.5779236544231443,0.1577647273369892,0.4201589270861551
6M,919,0.5240676771796744,0.00039793403669936145,0.523669743142975
6M,920,0.4237072661891921,0.059530504124622886,0.36417676206456917
6M,921,0.5171670647862912,0.10292042649701855,0.4142466382892726
6M,922,0.3795415762649801,0.052397622417568075,0.327143953847412
6M,923,0.5944687174624386,0.09487484941797836,0.4995938680444602
6M,924,0.5035799738882204,0.06312601434368534,0.44045395954453503
6M,925,0.423095823700373,0.06402191179363552,0.3590739119067375
6M,926,0.4923843113899477,0.17850161916578489,0.3138826922241628
6M,927,0.4268263459031746,0.03518159308224837,0.3916447528209262
6M,928,0.28139733563022057,0.005575367935609605,0.275821967694611
6M,929,0.38279071961431105,0.08311175258568129,0.29967896702862973
6M,930,0.3408008709104262,0.00254819280128078,0.33825267810914544
6M,931,0.43683061303022125,0.059661116859794805,0.37716949617042644
6M,932,0.5015073416613404,0.016867424501405135,0.4846399171599352
6M,933,0.4827290512445348,0.014766798614006439,0.4679622526305284
6M,934,0.18763454232524385,0.033920312405829406,0.15371422991941444
6M,935,0.27033062303542005,0.0002391306393888885,0.27009149239603114
6M,936,0.4013583192488751,0.1195366043485581,0.281821714900317
6M,937,0.4857084993070358,0.05041965061421034,0.43528884869282547
6M,938,0.44661735496184296,0.06881860162530684,0.3777987533365361
6M,939,0.6017048195693359,0.09614231301573661,0.5055625065535992
6M,940,0.25299153582598555,0.053367907547303105,0.19962362827868244
6M,941,0.47711893107241726,0.07181634130539812,0.40530258976701916
6M,942,0.5333402027114791,0.06354068199401736,0.4697995207174617
6M,943,0.4683378694250225,0.058991648112483884,0.4093462213125386
6M,944,0.43584330827623724,0.044255580361600044,0.3915877279146372
6M,945,0.27039918160514126,0.012832867897438044,0.2575663137077032
6M,946,0.4875127029665015,0.02139658856129166,0.46611611440520984
6M,947,0.4901676251151217,0.04116123340574484,0.44900639170937684
6M,948,0.5397891480134013,0.16984725218733115,0.3699418958260701
6M,949,0.47406364720584565,0.038437468805445935,0.43562617840039974
6M,950,0.5184799115887948,0.09983816139433342,0.41864175019446137
6M,951,0.6541318230549155,0.19288865008842268,0.46124317296649275
6M,952,0.5014503583388243,0.10946731321129244,0.3919830451275319
6M,953,0.5729795273740441,0.15682123541668389,0.4161582919573602
6M,954,0.42541668094399737,0.0006060073180639467,0.42481067362593344
6M,955,0.5353474852681054,0.042797628845125404,0.49254985642298
6M,956,0.3772109678871513,0.07885219177574812,0.29835877611140316
6M,957,0.5243452690724553,0.0672523470737765,0.4570929219986788
6M,958,0.4565927476167583,0.040840436123354,0.4157523114934043
6M,959,0.3663031046464688,0.03272098053825557,0.33358212410821325
6M,960,0.5528891835692675,0.00844282196219424,0.5444463616070733
6M,961,0.48065346126885505,0.024086225348726256,0.4565672359201288
6M,962,0.39940124938803523,0.0039408202441758135,0.3954604291438594
6M,963,0.39545970302882366,0.05585995993761791,0.3395997430912058
6M,964,0.41800537590081493,0.02597082153922533,0.3920345543615896
6M,965,0.4369451306254472,0.07755260559304057,0.35939252503240665
6M,966,0.49995880711465807,0.03043334247106462,0.46952546464359346
6M,967,0.21994778229739814,0.06769998365118378,0.15224779864621435
6M,968,0.2714561866599361,0.010920583176451735,0.26053560348348437
6M,969,0.4070042689542025,0.022334259157563745,0.38467000979663873
6M,970,0.4210379065638631,0.009488061618933083,0.41154984494493
6M,971,0.35216435342941055,0.034818675030466595,0.31734567839894395
6M,972,0.4603639199890921,0.03081768917940396,0.4295462308096881
6M,973,0.5510281159051409,0.0006636366824792146,0.5503644792226616
6M,974,0.4409625263031978,0.03663983304332372,0.4043226932598741
6M,975,0.2355909242750651,0.004071154248673948,0.23151977002639115
6M,976,0.3811091074111456,0.03631580230431024,0.34479330510683537
6M,977,0.34206519998898693,0.17203766637518356,0.17002753361380338
6M,978,0.4340557432134449,0.07258557414087125,0.3614701690725737
6M,979,0.5586355148850423,0.044091960487102455,0.5145435543979398
6M,980,0.31340807381756064,0.014417610237643317,0.2989904635799173
6M,981,0.5188707746799588,0.10134521730045677,0.41752555737950203
6M,982,0.5798459149034696,0.11769966147400739,0.4621462534294622
6M,983,0.5946918454747271,0.023415457602472902,0.5712763878722542
6M,984,0.3541422920643151,0.029875599938667365,0.32426669212564774
6M,985,0.5315067519917387,0.03960266314268058,0.4919040888490581
6M,986,0.33049483056142054,0.003933985480571807,0.3265608450808487
6M,987,0.32298667995359365,0.04901919844218996,0.2739674815114037
6M,988,0.43983054639018626,0.05848119288700037,0.3813493535031859
6M,989,0.49856678493032297,0.12427240433795397,0.37429438059236897
6M,990,0.5486124266509701,0.08597643545733938,0.46263599119363075
6M,991,0.439353350751204,0.06286117571051308,0.37649217504069094
6M,992,0.2519868926643259,0.0036380565072244215,0.24834883615710146
6M,993,0.4074049701685847,0.03370197077651468,0.37370299939207
6M,994,0.531512189201295,0.02926475721797849,0.5022474319833165
6M,995,0.24714976029988117,0.036232282599443125,0.21091747770043806
6M,996,0.3681817815513112,0.00018847423731413386,0.3679933073139971
6M,997,0.5462934087782861,0.04916965095603766,0.4971237578222485
6M,998,0.3855326584467546,0.00359794033067129,0.3819347181160833
6M,999,0.43594569144061257,0.009268466578478525,0.42667722486213405
