date,share_price,OECD_CLI_index,CSI_index,gdp_per_capita_residual,gdp_per_capita_rollstd12,PPI_diff1,gdp_per_capita_diff1,gdp_per_capita_diff3,gdp_per_capita_pct_change1,1_year_rate,3_months_rate,6_months_rate,CPI,INDPRO,10_year_rate,unemployment_rate,PPI,gdp_per_capita,CSI_index_trend,OECD_CLI_index_trend,PPI_CPI_diff,3_months_rate_rollmin12,INDPRO_rollstd12,PPI_rollstd12,3_months_rate_diff3,OECD_CLI_index_diff1,CSI_index_rollmin12,OECD_CLI_index_diff3,OECD_CLI_index_residual,share_price_trend,CSI_index_lag6,unemployment_rate_rollstd6,PPI_rollstd6,OECD_CLI_index_rollmax12,CSI_index_rollmax6,INDPRO_diff3,unemployment_rate_diff3,CSI_index_rollmin6,OECD_CLI_index_pct_change1,10_year_rate_residual,CPI_anomaly,unemployment_rate_anomaly,share_price_anomaly,3_months_rate_anomaly,6_months_rate_anomaly,10_year_rate_anomaly,recession_probability,1_month_recession_probability,3_month_recession_probability,6_month_recession_probability
1967-02-01,4.733288,98.5992998525386,94.1,121.3633147833134,,,,,,4.5744444444444445,4.561111111111111,4.5905555555555555,33.0,34.8255,4.63,3.8,27.2,24602.0,93.28665616938258,98.7639799325906,-5.800000000000001,,,,,,,,-0.1990990966606745,4.990961317957901,,,,,,,,,,-0.0063799721346331495,0,0,0,0,0,0,,,,0.04
1967-03-01,4.854181,98.6174073514142,,109.56528359711956,,0.0,0.0,,0.0,4.185,4.259090909090909,4.221818181818182,33.0,34.6292,4.54,3.8,27.2,24602.0,93.5752523104481,98.94114573507787,-5.800000000000001,,,,,0.01810749887559382,,,-0.22872233510939566,5.01031308132422,,,,,,,,,0.00018364733728004623,-0.07317119823219631,0,0,0,0,0,0,,,0.92,0.22
1967-04-01,4.943822,98.7577618358888,,-24.248560048687068,,0.0,-46.0,,-0.0018697666856353212,3.8985,3.8375,3.8945,33.1,34.9558,4.59,3.8,27.2,24556.0,93.83707789952568,99.11532107165276,-5.900000000000002,,,,,0.14035448447459942,,,-0.1743577674532304,5.02935241630742,,,,,,,,,0.0014232222104000325,-0.04226639579791147,0,0,0,0,0,0,,,0.56,0.06
1967-05-01,5.050295,99.0067656447841,95.9,-39.85315842288037,,0.0,0.0,-46.0,0.0,3.885,3.603181818181818,3.799545454545455,33.1,34.6508,4.85,3.8,27.2,24556.0,94.0738528691136,99.28651280132422,-5.900000000000002,,,,-0.9579292929292929,0.24900380889529572,,0.40746579224548896,-0.05593634755044263,5.048256224912236,,,,,,-0.1747000000000014,0.0,,0.002521359377393395,-0.14175964507511285,0,0,0,0,0,0,,0.92,0.04,0.04
1967-06-01,5.005238,99.3171933727393,,-57.15526230315663,,0.0,0.0,-46.0,0.0,4.164545454545455,3.535909090909091,3.889545454545454,33.3,34.6465,5.02,3.9,27.2,24556.0,94.29035982867634,99.45496040695762,-6.099999999999998,,,,-0.7231818181818177,0.3104277279552008,,0.6997860213250959,0.08103033577100405,5.067294748470112,,,,,,0.017300000000005866,0.10000000000000009,,0.0031354193416330833,-0.10204264674445973,0,0,0,0,0,0,0.92,0.56,0.22,0.06
1967-07-01,5.117102,99.6494743247332,,-66.7552454599645,,0.0,163.0,163.0,0.006637888906988021,4.8955,4.2055,4.7204999999999995,33.4,34.5676,5.16,3.8,27.2,24719.0,94.4914149934319,99.62108421782544,-6.199999999999999,,,,0.3679999999999999,0.3322809519939085,,0.891712488844405,0.20086333778030507,5.086811332053745,,,,,,-0.38820000000000476,0.0,,0.0033456538662630653,0.06267887430113106,0,0,0,0,0,0,0.56,0.04,0.06,1.28
1967-08-01,5.195627,99.9697025461088,97.0,-87.58770302760968,,0.0,0.0,163.0,0.0,5.045217391304348,4.265652173913043,4.828695652173913,33.5,35.2299,5.28,3.8,27.2,24719.0,94.68124704719354,99.78542441312128,-6.300000000000001,,,,0.6624703557312253,0.3202282213756007,,0.96293690132471,0.27369938233367463,5.107189607869183,94.1,0.04082482904638633,0.0,,,0.579100000000004,0.0,,0.0032135465193932067,0.17532666873351044,0,0,0,0,0,0,0.04,0.22,0.04,0.1
1967-09-01,5.271365,100.245509651542,,-110.61429975506326,,0.0,0.0,163.0,0.0,5.103,4.4245,4.961,33.6,35.1727,5.3,3.8,27.2,24719.0,94.86357420361132,99.94859942421382,-6.400000000000002,,,,0.888590909090909,0.27580710543318787,,0.9283162788026971,0.2807691368320633,5.128731256022205,,0.04082482904638633,0.0,,,0.5261999999999958,-0.10000000000000009,,0.002758906932887717,0.06862859555311118,0,0,0,0,0,0,0.22,0.06,0.06,0.04
1967-10-01,5.261735,100.464921684399,,48.172057631287316,,0.0,117.0,117.0,0.004733201181277513,5.222857142857143,4.557619047619047,5.07,33.7,35.4591,5.48,4.0,27.2,24836.0,95.04041573557431,100.11126437532964,-6.5000000000000036,,,,0.35211904761904744,0.21941203285700794,,0.8154473596657965,0.2350388506893495,5.151461466532716,,0.04082482904638633,0.0,,,0.8915000000000006,0.20000000000000018,,0.0021887467440655506,0.11871272545128875,0,0,0,0,0,0,0.06,0.04,1.28,0.0
1967-11-01,5.090616,100.6235350995,92.9,19.76259772614503,,0.0,0.0,117.0,0.0,5.387,4.727,5.2490000000000006,33.9,35.9663,5.75,3.9,27.2,24836.0,95.20296339595698,100.27338253558432,-6.699999999999999,,,,0.461347826086957,0.15861341510100146,,0.6538325533911973,0.15330346282731,5.17468495373084,95.9,0.08366600265340768,0.0,,,0.7363999999999962,0.10000000000000009,,0.0015787939953735286,0.2815120320857796,0,0,0,0,0,0,0.04,0.06,0.1,0.02
1967-12-01,5.254071,100.722718071644,,-13.3762623246148,,0.0,0.0,117.0,0.0,5.5915,4.968999999999999,5.492,34.0,36.3536,5.7,3.8,27.2,24836.0,95.26411692446376,100.42729224960681,-6.800000000000001,,,,0.5444999999999993,0.09918297214399274,,0.47720842010200215,0.05644471452713162,5.195919254659713,,0.0816496580927728,0.0,,,1.1809000000000012,0.0,,0.0009856836379871226,0.025041820309120055,0,0,0,0,0,0,0.06,1.28,0.04,0.04
1968-01-01,5.271944,100.758841217726,,3.2045443004535628,,0.10000000000000142,452.0,452.0,0.018199387985182724,5.297272727272728,4.995909090909091,5.235454545454545,34.1,36.3145,5.53,3.7,27.3,25288.0,95.00904428956393,100.53859688372313,-6.800000000000001,,,,0.43829004329004384,0.036123146082005064,,0.29391953332699927,-0.01793786969759026,5.228988868473775,,0.08366600265340768,0.0,,,0.855400000000003,-0.2999999999999998,,0.00035863950828174396,-0.08111019296708655,0,0,0,0,0,0,1.28,0.1,0.0,0.06
1968-02-01,5.018927,100.762369948934,97.2,-85.53842480097956,206.4150533329,0.0,0.0,452.0,0.0,5.2436842105263155,4.978947368421053,5.1684210526315795,34.2,36.4446,5.56,3.8,27.3,25288.0,94.6805192429246,100.63496529716716,-6.900000000000002,3.535909090909091,0.6571978510150415,0.02886751345948179,0.25194736842105225,0.003528731207993019,,0.13883484943399083,0.06748167168120744,5.264837443960107,97.0,0.10327955589886441,0.04082482904638717,100.758841217726,,0.4783000000000044,-0.10000000000000009,,3.5021554092296014e-05,0.034293211649672806,0,0,0,0,0,0,0.1,0.04,0.02,0.16
1968-03-01,4.899619,100.754237771497,,-116.98512025869059,255.309245046199,0.0,0.0,452.0,0.0,5.416190476190476,5.1657142857142855,5.331428571428571,34.3,36.5584,5.74,3.7,27.3,25288.0,94.34320719467456,100.7193361092894,-6.9999999999999964,3.535909090909091,0.7287019428512261,0.03892494720807704,0.19671428571428606,-0.008132177436991128,,0.031519699853006955,0.07742283937243144,5.304753624133693,,0.10327955589886441,0.05163977794943317,100.762369948934,,0.20479999999999876,-0.09999999999999964,,-8.070649232561067e-05,0.29101622772919455,0,0,0,0,0,0,0.04,0.0,0.04,0.02
1968-04-01,5.271408,100.746843503355,,121.96303415660441,283.95106012384235,0.0,364.0,364.0,0.01439417905726037,5.4725,5.377000000000001,5.4895000000000005,34.4,36.6113,5.64,3.5,27.3,25652.0,94.0333641141342,100.79430689222012,-7.099999999999998,3.535909090909091,0.7633844706306245,0.045226701686665885,0.3810909090909096,-0.0073942681420078316,,-0.01199771437100594,0.07324517235478822,5.349872086945504,,0.11690451944500109,0.054772255750517175,100.762369948934,,0.2967999999999975,-0.20000000000000018,,-7.338915271015711e-05,0.21040745016790652,0,0,0,0,0,0,0.0,0.02,0.06,0.0
1968-05-01,5.432116,100.748575955417,92.4,93.3373117998126,349.5614026783046,0.3999999999999986,0.0,364.0,0.0,5.842727272727273,5.655909090909091,5.834090909090909,34.5,37.022,5.87,3.5,27.7,25652.0,93.77365872432149,100.86127346874413,-6.800000000000001,3.535909090909091,0.7995749000771173,0.04923659639173443,0.6769617224880387,0.0017324520620007888,,-0.013793993516998171,0.05430911877080291,5.399811747051467,92.9,0.13662601021279447,0.051639777949432315,100.762369948934,,0.5773999999999972,-0.2999999999999998,,1.719609271866318e-05,0.16910066829293058,0,0,0,0,0,0,0.02,0.04,0.16,0.0
1968-06-01,5.608871,100.773376836946,,66.89712378570039,381.5205125745553,0.10000000000000142,0.0,364.0,0.0,5.6770000000000005,5.5235,5.638,34.7,37.158,5.72,3.7,27.8,25652.0,93.59069120883805,100.92046539662356,-6.900000000000002,3.535909090909091,0.8190169223008462,0.14222261679238163,0.3577857142857148,0.024800881529003505,,0.019139065448996462,0.03191035650635854,5.452721417676857,,0.13662601021279458,0.17606816861658733,100.762369948934,,0.5996000000000024,0.0,,0.0002461660752404171,-0.036045170296583606,0,0,0,0,0,0,0.04,0.06,0.02,0.06
1968-07-01,5.586795,100.83490452014,,38.91284531021665,388.229811276307,0.09999999999999787,129.0,129.0,0.005028847653204327,5.3940909090909095,5.3131818181818184,5.407272727272727,34.9,37.101,5.5,3.7,27.9,25781.0,93.49862920917359,100.97072660585056,-7.0,4.2055,0.8008046623694998,0.20504988306618027,-0.06381818181818222,0.061527683194000815,,0.08806101678500511,0.02056697341254221,5.50495474343701,,0.12247448713915894,0.2345207879911667,100.773376836946,,0.48969999999999914,0.20000000000000018,,0.0006105549414461287,-0.20997887406127091,0,0,0,0,0,0,0.06,0.16,0.0,0.08
1968-08-01,5.450272,100.944678176286,92.4,18.000174310378497,408.1125346140351,0.0,0.0,129.0,0.0,5.149090909090909,5.086818181818182,5.231363636363636,35.0,37.2045,5.42,3.5,27.9,25781.0,93.49010800079051,101.0096081533913,-7.100000000000001,4.265652173913043,0.6952750441154186,0.25878504008094455,-0.5690909090909093,0.10977365614600387,,0.1961022208690082,0.03511975582546256,5.552852758910301,97.2,0.12247448713915894,0.28106938645109725,100.83490452014,,0.18250000000000455,0.0,,0.0010886473951494668,-0.28306110344238444,0,0,0,0,0,0,0.16,0.02,0.0,0.0
1968-09-01,5.625068,101.102576027789,,1.227220183427562,406.57194935214346,0.10000000000000142,0.0,129.0,0.0,5.182,5.194,5.254,35.1,37.3454,5.46,3.4,28.0,25781.0,93.52707676838693,101.03381888111122,-7.100000000000001,4.4245,0.6560361219729691,0.29063670960444005,-0.32950000000000035,0.1578978515029945,,0.3291991908429992,0.08831531030452311,5.594117976425716,,0.10954451150103357,0.2810693864510952,100.944678176286,,0.18739999999999668,-0.30000000000000027,,0.001564201841599333,-0.3122082139624176,0,0,0,0,0,0,0.02,0.0,0.06,0.04
1968-10-01,5.775299,101.259765053302,,68.0546680968946,383.34985801010305,0.0,32.0,32.0,0.0012412241573251936,5.328260869565217,5.351304347826087,5.410434782608696,35.3,37.4196,5.58,3.4,28.0,25813.0,93.56924864451516,101.04001059019119,-7.299999999999997,4.557619047619047,0.565957733926222,0.32039275140288864,0.03812252964426843,0.15718902551300573,,0.4248605331620041,0.154268773299421,5.626277168269503,,0.1224744871391594,0.2503331114069019,101.102576027789,,0.31860000000000355,-0.30000000000000027,,0.0015547479766471195,-0.24864175020246648,0,0,0,0,0,0,0.0,0.0,0.08,0.24
1968-11-01,5.886394,101.35853462214,91.7,61.30657548668751,358.083619826266,0.0,0.0,32.0,0.0,5.511666666666667,5.451666666666666,5.595,35.4,37.9036,5.7,3.4,28.0,25813.0,93.58250760319494,101.02556200756698,-7.399999999999999,4.727,0.4731436606743834,0.33337120996924924,0.3648484848484843,0.09876956883799437,,0.4138564458539946,0.19503658695008141,5.646031375985997,92.4,0.13662601021279516,0.11690451944496778,101.259765053302,,0.6990999999999943,-0.10000000000000009,,0.000975407841268483,-0.17135516741524714,0,0,0,0,0,0,0.0,0.06,0.0,0.1
1968-12-01,5.973374,101.378467526878,,60.15394927467423,308.2662539645508,0.0,0.0,32.0,0.0,5.972857142857142,5.956190476190476,6.055714285714286,35.6,38.0233,6.03,3.4,28.0,25813.0,93.52413820694846,100.98876019946132,-7.600000000000001,4.968999999999999,0.4959084528021211,0.3315482505220613,0.7621904761904759,0.019932904737999024,,0.2758914990889991,0.202524502555832,5.650837219490499,,0.14719601443879798,0.08164965809271918,101.35853462214,,0.6779000000000011,0.0,,0.00019665738866803117,-0.0036440872203868935,0,0,0,0,0,0,0.06,0.08,0.04,0.14
1969-01-01,5.725548,101.324244606251,,52.323494712702086,217.64587584590646,0.0,349.0,349.0,0.0135203192189981,6.069090909090909,6.140000000000001,6.282272727272727,35.7,38.2533,6.04,3.4,28.0,26162.0,93.35959354619514,100.92807710200178,-7.700000000000003,4.978947368421053,0.5443073059709168,0.31466673086799035,0.7886956521739137,-0.05422292062699796,,0.06447955294899543,0.1921706266871155,5.640550742618831,,0.12110601416390045,0.051639777949342894,101.378467526878,,0.8337000000000003,0.0,,-0.0005348563846915289,0.0029788661289593676,0,0,0,0,0,0,0.08,0.0,0.24,0.28
1969-02-01,5.677547,101.204208418502,98.2,22.06643924930904,236.9028697525096,0.1999999999999993,0.0,349.0,0.0,6.214210526315789,6.121052631578947,6.299473684210526,35.8,38.4981,6.19,3.4,28.2,26162.0,93.06545785317618,100.84218107427004,-7.599999999999998,4.978947368421053,0.5791160952850151,0.29644356609443273,0.6693859649122809,-0.12003618774899394,,-0.15432620363799288,0.2817503825090739,5.618214566737919,92.4,0.04082482904638843,0.0408248290462698,101.378467526878,,0.5945000000000036,0.0,,-0.0011846738973032567,0.15510705783160628,0,0,0,0,0,0,0.0,0.04,0.1,0.62
1969-03-01,5.514977,101.028070358153,,39.031325387666584,230.87298095129754,0.0,0.0,349.0,0.0,6.1975,6.0165,6.164,36.1,38.8,6.3,3.4,28.2,26162.0,92.61807170429029,100.73002975575338,-7.900000000000002,5.086818181818182,0.6202204873708398,0.2810963384947366,0.060309523809523924,-0.17613806034900392,,-0.3503971687249958,0.2936843217595282,5.5875179457058985,,0.0,0.08164965809277275,101.378467526878,,0.7766999999999982,0.0,,-0.0017404222917354328,0.22906085316376323,0,0,0,0,0,0,0.04,0.24,0.14,5.24
1969-04-01,5.605755,100.797413529116,,-36.02064914057701,197.25064811508946,0.40000000000000213,19.0,19.0,0.0007262441709350309,6.0390476190476186,6.1138095238095245,6.13,36.3,38.6573,6.17,3.4,28.6,26181.0,92.00618754350877,100.59085410111078,-7.699999999999996,5.086818181818182,0.6710146281090553,0.2405801069888852,-0.026190476190476097,-0.23065682903700235,,-0.5268310771350002,0.2693318358557093,5.549413124908745,,0.0,0.1032795558988646,101.378467526878,,0.40399999999999636,0.0,,-0.0022830964524939157,-0.021968766666617512,0,0,0,0,0,0,0.24,0.1,0.28,9.32
1969-05-01,5.793253,100.51775033672,91.5,-7.434489798404684,207.34400854327188,0.0,0.0,19.0,0.0,6.1138095238095245,6.042380952380952,6.153809523809524,36.4,38.5111,6.32,3.4,28.6,26181.0,91.22304514187832,100.42457684037439,-7.799999999999997,5.086818181818182,0.6534249238713881,0.23011854652448263,-0.07867167919799467,-0.2796631923960007,,-0.686458081782007,0.20590052826703698,5.503180517535199,91.7,0.0,0.23380903889000396,101.378467526878,,0.012999999999998124,0.0,,-0.0027745076247935874,-0.23575149968762243,0,0,0,0,0,0,0.1,0.14,0.62,40.94
1969-06-01,5.46613,100.234298670008,,29.841121922781895,206.96676647289675,0.0,0.0,19.0,0.0,6.880476190476191,6.439047619047619,6.752857142857143,36.6,38.8874,6.57,3.5,28.6,26181.0,90.25287070210642,100.23261856605147,-8.0,5.086818181818182,0.6371303681826571,0.25936986577611865,0.42254761904761917,-0.28345166671199706,,-0.7937716881450001,0.14100359725050282,5.4488927492856165,,0.0,0.2732520204255926,101.378467526878,,0.08740000000000236,0.10000000000000009,,-0.0028199165397402304,-0.13402922041306908,0,0,0,0,0,0,0.14,0.28,5.24,44.98
1969-07-01,5.189364,99.9829646268178,,61.838340383201285,196.05849080870072,0.29999999999999716,100.0,100.0,0.0038195638058133863,7.187142857142858,7.00047619047619,7.244761904761904,36.8,39.0927,6.72,3.5,28.9,26281.0,89.09889164244822,100.01807756825602,-7.899999999999999,5.086818181818182,0.6479878237258221,0.27743413086657337,0.8866666666666658,-0.25133404319019803,,-0.8144489022981958,0.10302444724459292,5.388305051688078,,0.04082482904638635,0.26583202716503135,101.378467526878,,0.43540000000000134,0.10000000000000009,,-0.002507465473646331,-0.06170141439802457,0,0,0,0,0,0,0.28,0.62,9.32,54.5
1969-08-01,5.158938,99.7732001929967,86.4,115.05529076734092,201.97770278980164,0.0,0.0,100.0,0.0,7.2752380952380955,6.9819047619047625,7.193809523809524,36.9,39.1825,6.69,3.5,28.9,26281.0,87.79105965712002,99.78564352520691,-8.0,5.086818181818182,0.6377013642169765,0.3343922574136173,0.9395238095238101,-0.20976443382110688,,-0.744550143723302,0.09433978002712706,5.321943425287516,98.2,0.051639777949432315,0.2714160398109744,101.378467526878,,0.6713999999999984,0.10000000000000009,,-0.002098001740636901,-0.18961768810551938,0,0,0,0,0,0,0.62,5.24,40.94,43.02
1969-09-01,5.185778,99.5819006634971,,174.12248664109939,198.40154798394795,0.20000000000000284,0.0,100.0,0.0,7.351904761904761,7.089999999999999,7.318095238095238,37.1,39.1737,7.16,3.7,29.1,26281.0,86.3741377954993,99.54151577213747,-8.0,5.194,0.6072909613540844,0.3626501778782741,0.6509523809523801,-0.19129952949960227,,-0.6523980065109072,0.09088963811782946,5.247484691671044,,0.05477225575051668,0.2581988897471759,101.378467526878,,0.2862999999999971,0.20000000000000018,,-0.001917343827095519,0.16800423706626777,0,0,0,0,0,0,5.24,9.32,44.98,42.42
1969-10-01,5.275016,99.3740219664792,,56.892149920298834,184.77953694262038,0.3999999999999986,-205.0,-205.0,-0.007800312012480548,7.206818181818182,6.998636363636364,7.286363636363637,37.3,39.1852,7.1,3.7,29.5,26076.0,84.90234354493188,99.29319061826759,-7.799999999999997,5.351304347826087,0.5504934786170815,0.40704031517997086,-0.0018398268398263085,-0.20787869701788964,,-0.6089426603385988,0.06395552628903545,5.162797250251603,,0.10954451150103311,0.2136976056643518,101.378467526878,,0.09250000000000114,0.20000000000000018,,-0.0020875148559409418,0.03712151050220047,0,0,0,0,0,0,9.32,40.94,54.5,44.08
1969-11-01,5.332546,99.1299790143754,79.7,121.50121976240916,160.44134206128365,-0.10000000000000142,0.0,-205.0,0.0,7.356470588235294,7.241176470588235,7.621176470588235,37.5,38.8158,7.14,3.5,29.4,26076.0,83.44626859103036,99.04883791462225,-8.100000000000001,5.451666666666666,0.4530159817234894,0.48710648453158367,0.2592717086834728,-0.24404295210381122,,-0.6432211786213031,-0.0009436684583477017,5.068796178296311,91.5,0.12247448713915866,0.3386246693120262,101.378467526878,,-0.3666999999999945,0.0,,-0.0024558023040078814,0.027228224644437304,0,0,0,0,0,0,40.94,44.98,43.02,41.06
1969-12-01,5.038553,98.8457999015666,,186.70447024306486,127.63759657956284,0.0,0.0,-205.0,0.0,7.614545454545455,7.8172727272727265,7.895909090909091,37.7,38.7116,7.65,3.5,29.4,26076.0,82.08444908762297,98.81625111405356,-8.300000000000004,5.956190476190476,0.38168452942177544,0.5104958967573098,0.7272727272727275,-0.2841791128088005,,-0.7361007619305013,-0.1065589625845007,4.970344379710315,,0.10327955589886409,0.3386246693120293,101.378467526878,,-0.4620999999999995,-0.20000000000000018,,-0.0028667323007057766,0.38241096300013844,0,0,0,0,0,0,44.98,54.5,42.42,38.9
1970-01-01,5.003093,98.5302220469321,,-175.34680638618738,76.11355153501535,0.0,-103.0,-103.0,-0.003949992330111951,7.513333333333334,7.868095238095238,7.776666666666666,37.9,37.9948,7.79,3.9,29.4,25973.0,80.86759652985592,98.60182219591225,-8.5,6.0165,0.3055832856515814,0.5042245771899779,0.869458874458874,-0.3155778546344976,,-0.8437999195471093,-0.23984411982203824,4.873704215617698,,0.10327955589886409,0.268328157300007,101.324244606251,,-1.190400000000004,0.19999999999999973,,-0.003192627860250652,0.4933197620696834,0,0,0,0,0,0,54.5,43.02,44.08,39.68
1970-02-01,4.828743,98.2179728410634,78.1,-135.98645783993925,96.00390617053608,0.0,0.0,-103.0,0.0,7.0505555555555555,7.127777777777778,7.215,38.1,37.9698,7.24,4.2,29.4,25973.0,79.80998553860599,98.41102350073973,-8.700000000000003,6.0165,0.3539848965275468,0.46709936649689926,-0.11339869281045711,-0.31224920586869587,,-0.912006173311994,-0.28944235779597705,4.784993998945225,86.4,0.16329931618554455,0.23166067138529423,101.204208418502,,-0.8460000000000036,0.7000000000000002,,-0.003169070356098147,-0.03383465554877496,0,0,0,0,0,0,43.02,42.42,41.06,55.46
1970-03-01,4.897915,97.9393930066586,,-64.0229984362959,109.99545445154293,0.0,0.0,-103.0,0.0,6.5042857142857144,6.626190476190477,6.579047619047619,38.3,37.9205,7.07,4.4,29.4,25973.0,78.8918768378044,98.24957282404367,-8.899999999999999,6.0165,0.4205279700097605,0.4306443375391469,-1.1910822510822499,-0.2785798344047947,,-0.9064068949079882,-0.3568147045207013,4.708133039808535,,0.2664582518894838,0.13662601021286855,101.028070358153,,-0.7911000000000001,0.9000000000000004,,-0.0028363427420314835,-0.19184895079059228,0,0,0,0,0,0,42.42,44.08,38.9,73.08
1970-04-01,4.705036,97.720738735524,,-172.02127676853706,120.16664565208839,0.3000000000000007,-44.0,-44.0,-0.001694066915643222,6.526363636363637,6.512727272727273,6.6031818181818185,38.5,37.823,7.39,4.6,29.7,25929.0,78.09570844437387,98.12418498911005,-8.8,6.042380952380952,0.4827702803987556,0.3618136134932944,-1.3553679653679653,-0.21865427113461067,,-0.8094833114081013,-0.39491249920308746,4.644838135559367,,0.3723797345005043,0.04082482904665103,100.797413529116,,-0.1717999999999975,0.6999999999999997,,-0.0022325467252971576,0.08646441655977632,0,0,0,0,0,0,44.08,41.06,39.68,80.22
1970-05-01,4.124212,97.5910336311,75.4,-104.75358407046588,131.49982716892404,0.9000000000000021,0.0,-44.0,0.0,7.119523809523809,6.838095238095238,7.02,38.6,37.7789,7.91,4.8,30.6,25929.0,77.40709067502681,98.04227440692647,-8.0,6.042380952380952,0.542021326526019,0.36296339242740067,-0.28968253968254043,-0.12970510442399075,,-0.6269392099633961,-0.39074973299587157,4.597060276953633,79.7,0.46224091842530085,0.12247448713925048,100.51775033672,,-0.19089999999999918,0.5999999999999996,,-0.0013273037648132702,0.41160651950498117,0,0,0,0,0,0,41.06,38.9,55.46,29.22
1970-06-01,4.087809,97.5419666534358,,-46.61899103468386,138.499835904081,0.09999999999999787,0.0,-44.0,0.0,7.068181818181818,6.676363636363636,6.8568181818181815,38.8,37.6567,7.84,4.9,30.7,25929.0,76.8331909760105,98.01056532276364,-8.099999999999998,6.439047619047619,0.5924981295840054,0.4999242366841432,0.050173160173159204,-0.049066977664210754,,-0.39742635322281217,-0.36886309794716965,4.568081471979117,,0.47609522856952174,0.48062459362794635,100.234298670008,,-0.26379999999999626,0.5,,-0.0005027816166973675,0.3852142180367588,0,0,0,0,0,0,38.9,39.68,73.08,0.06
1970-07-01,4.074982,97.5442733702499,,52.61510326559073,141.80981181595328,0.10000000000000142,150.0,150.0,0.005785028346638965,6.619999999999999,6.45,6.512272727272728,38.9,37.7491,7.46,5.0,30.8,26079.0,76.40190780134529,98.03295989082017,-8.099999999999998,6.512727272727273,0.6329134638536446,0.5726070099804625,-0.06272727272727252,0.002306716814103993,,-0.1764653652740975,-0.3705501438099503,4.561387778304388,,0.3777124126457387,0.6186005711820038,99.9829646268178,,-0.07390000000000185,0.40000000000000036,,2.3648455052205364e-05,0.09538945181618619,0,0,0,0,0,0,39.68,55.46,80.22,0.14
1970-08-01,4.186646,97.5892633934335,77.6,85.83190312341685,124.77212562642795,0.0,0.0,150.0,0.0,6.548571428571429,6.410952380952381,6.554285714285713,39.0,37.6818,7.53,5.1,30.8,26079.0,76.13075805621253,98.10901862911251,-8.2,6.45,0.6261646753099496,0.6402532642823594,-0.42714285714285705,0.044990023183601124,,-0.0017702376665056363,-0.40931734932019026,4.579620929835164,78.1,0.30822070014844516,0.6693280212272922,99.7732001929967,,-0.09709999999999752,0.2999999999999998,,0.0004612266986994129,0.25189519078577405,0,0,0,0,0,0,55.46,73.08,29.22,1.06
1970-09-01,4.466088,97.6951186323003,,107.52191116378162,102.01912328164632,0.0,0.0,150.0,0.0,6.39047619047619,6.124761904761905,6.4609523809523814,39.2,37.4221,7.39,5.4,30.8,26079.0,76.02627188189996,98.23371588936735,-8.400000000000002,6.410952380952381,0.5892241696039096,0.6612660034151897,-0.551601731601731,0.10585523886679482,,0.15315197886449994,-0.4608474816119781,4.622607486066699,,0.2607680962081015,0.6186005711820156,99.5819006634971,,-0.23460000000000036,0.5,,0.0010847016893655859,0.23745677759658168,0,0,0,0,0,0,73.08,80.22,0.06,0.46
1970-10-01,4.560902,97.8941348496451,,-243.80747292079104,68.04026214479177,0.0,-369.0,-369.0,-0.014149315541240104,6.229047619047619,5.906666666666667,6.206190476190477,39.4,36.6735,7.33,5.5,30.8,25710.0,76.08180318451086,98.39847818556676,-8.599999999999998,6.124761904761905,0.5425676823440695,0.6680478117529054,-0.543333333333333,0.19901621734480557,,0.3498614793952015,-0.47606541610349495,4.687303025392681,,0.2732520204255853,0.4320493798939215,99.3740219664792,,-1.0756000000000014,0.5,,0.002037115263597178,0.36414097666561673,0,0,0,0,0,0,80.22,29.22,0.14,0.08
1970-11-01,4.539128,98.2243759070509,72.4,-235.00990150307553,108.08929389422018,0.0,0.0,-369.0,0.0,5.394444444444444,5.282222222222222,5.415555555555556,39.6,36.4514,6.84,5.9,30.8,25710.0,76.2657932691183,98.59304042822667,-8.8,5.906666666666667,0.5530317153489522,0.6862281624278138,-1.1287301587301588,0.3302410574058001,,0.6351125136174005,-0.39724178106438046,4.770110242556553,75.4,0.27868739954770894,0.08366600265376509,99.1299790143754,,-1.230400000000003,0.8000000000000007,,0.0033734509009453184,0.06857866363373244,0,0,0,0,0,0,29.22,0.06,1.06,0.06
1970-12-01,4.852874,98.6771840498611,,-228.73434719971192,129.257407032378,0.0,0.0,-369.0,0.0,4.844090909090909,4.865454545454546,4.89,39.8,37.2885,6.39,6.1,30.8,25710.0,76.53915736248769,98.80731016484262,-8.999999999999996,5.282222222222222,0.5970218365632304,0.6753225940693566,-1.2593073593073587,0.45280814281019843,,0.9820654175608041,-0.21580104781088494,4.866038890980954,,0.37416573867739084,0.040824829047130716,98.8457999015666,,-0.13360000000000127,0.6999999999999993,,0.004609936572553819,-0.30510137333923204,0,0,0,0,0,0,0.06,0.14,0.46,0.18
1971-01-01,5.07919,99.1699088247922,,106.3947161341348,140.36389395881088,0.0,618.0,618.0,0.024037339556592707,4.3950000000000005,4.4350000000000005,4.468999999999999,39.9,37.5753,6.24,5.9,30.8,26328.0,76.8769960101794,99.03253262548488,-9.099999999999998,4.865454545454546,0.5012330416537437,0.6414944672521394,-1.4716666666666667,0.492724774931105,,1.2757739751471036,0.005986707738259156,4.968334301627181,,0.43358966777357266,2.471860883074148e-07,98.6771840498611,,0.9018000000000015,0.40000000000000036,,0.0049932999170521075,-0.3278295927252062,0,0,0,0,0,0,0.14,1.06,0.08,0.52
1971-02-01,5.29002,99.6099627248387,78.1,90.69022771253367,182.88661829538492,0.5,0.0,618.0,0.0,3.836111111111111,3.6950000000000003,3.777222222222222,39.9,37.5037,6.11,5.9,31.3,26328.0,77.26336276545254,99.26219558191585,-8.599999999999998,4.4350000000000005,0.4803815752907261,0.5807518637703005,-1.5872222222222216,0.44005390004649314,,1.3855868177877966,0.23880095617640507,5.067674492580445,77.6,0.37815340802377645,2.471860883074148e-07,99.1699088247922,,1.0523000000000025,0.0,,0.004437373244175813,-0.28516397131816795,0,0,0,0,0,0,1.06,0.46,0.06,0.24
1971-03-01,5.436094,99.9388769456141,,90.60467996158332,212.79929012756074,0.0,0.0,618.0,0.0,3.6030434782608696,3.3773913043478263,3.5008695652173913,40.0,37.4631,5.7,6.0,31.3,26328.0,77.69993747431894,99.49213344883572,-8.7,3.6950000000000003,0.4571550724068225,0.5247654598758688,-1.4880632411067198,0.32891422077540255,,1.2616928957530007,0.36159224623801833,5.155862805439683,,0.2714160398109569,0.20412414523208697,99.6099627248387,,0.1745999999999981,-0.09999999999999964,,0.00330202132174251,-0.5752912996735535,0,0,0,0,0,0,0.46,0.08,0.18,0.02
1971-04-01,5.625946,100.153049190451,,-2.261223982201045,234.96827638874132,0.3999999999999986,66.0,66.0,0.0025068368277119113,4.090476190476191,3.8614285714285717,4.028095238095238,40.1,37.6735,5.83,5.9,31.7,26394.0,78.19568464253183,99.7197894025671,-8.400000000000002,3.3773913043478263,0.43377373753929077,0.3984819679581698,-0.5735714285714288,0.21417224483690234,,0.983140365658798,0.39054188956451696,5.230885220071441,,0.20412414523192154,0.258198889747288,99.9388769456141,,0.09819999999999851,0.0,,0.002143032335188755,-0.4215503561995311,0,0,0,0,0,0,0.08,0.06,0.52,0.04
1971-05-01,5.545519,100.263298211155,80.2,-11.396353585900215,257.39821465793955,0.9000000000000021,0.0,66.0,0.0,4.643,4.143,4.3549999999999995,40.3,37.8646,6.39,5.9,32.6,26394.0,78.77160194775806,99.94331145357046,-7.699999999999996,3.3773913043478263,0.4232366821187969,0.3228659539845508,0.4479999999999995,0.11024902070400344,,0.6533354863163083,0.32984889325190636,5.294377658835798,72.4,0.08366600265338187,0.3763863263546319,100.153049190451,,0.3609000000000009,0.0,,0.0011008054332359851,0.016307481994323858,0,0,0,0,0,0,0.06,0.18,0.24,0.0
1971-06-01,5.452541,100.302276571295,,-24.147692847793223,272.0688415556937,0.10000000000000142,0.0,66.0,0.0,5.329090909090909,4.753636363636364,4.967272727272728,40.5,38.0234,6.52,5.9,32.7,26394.0,79.48352274489234,100.1611368788387,-7.799999999999997,3.3773913043478263,0.43068849417551147,0.5624621199365879,1.3762450592885376,0.038978360139992674,,0.36339962568089845,0.20136267348739523,5.34902081120419,,0.08366600265338187,0.6735478206235568,100.263298211155,,0.5603000000000051,-0.09999999999999964,,0.00038876000326570903,0.2097051311878415,0,0,0,0,0,0,0.18,0.52,0.02,0.0
1971-07-01,5.42943,100.311446186822,,13.34205365579328,280.2015913912396,0.19999999999999574,135.0,135.0,0.005114798817913213,5.741904761904761,5.400476190476191,5.630952380952381,40.6,37.9131,6.73,6.0,32.9,26529.0,80.35589340473933,100.37216503742015,-7.700000000000003,3.3773913043478263,0.46117638905108516,0.7101002916788186,1.539047619047619,0.009169615527000019,,0.15839699637099613,0.03627847941328355,5.396901739018821,,0.04082482904633515,0.765941686205126,100.302276571295,,0.23960000000000292,0.09999999999999964,,9.141981458893333e-05,0.43792646489769194,0,0,0,0,0,0,0.52,0.24,0.04,0.0
1971-08-01,5.321332,100.335356246004,82.1,-2.8192822292221535,302.32316393975776,2.1000000000000014,0.0,135.0,0.0,5.52,4.9354545454545455,5.222727272727273,40.7,37.693,6.58,6.1,35.0,26529.0,81.35855120619702,100.57639517730702,-5.700000000000003,3.3773913043478263,0.473199914188384,0.8328028614627344,0.7924545454545457,0.02391005918200051,,0.0720580348489932,-0.12868709176292725,5.439066571530953,78.1,0.05163977794939131,0.7332575718441375,100.311446186822,,-0.17160000000000508,0.1999999999999993,,0.00023835823418871804,0.2620165402712482,0,0,0,0,0,0,0.24,0.02,0.0,0.06
1971-09-01,5.441507,100.420055764368,,-23.075357150613854,318.14694289388706,0.0,0.0,135.0,0.0,5.190952380952381,4.690952380952381,4.973333333333334,40.8,38.3056,6.14,6.0,35.0,26529.0,82.41086522516888,100.775481820869,-5.799999999999997,3.3773913043478263,0.47368544606964313,1.2936617046432604,-0.0626839826839829,0.08469951836400469,,0.11777919307300522,-0.25218929721357597,5.476655249424634,,0.08164965809274612,1.2884098726725552,100.335356246004,,0.282199999999996,0.09999999999999964,,0.0008441642261809434,-0.14560006967096406,0,0,0,0,0,0,0.02,0.04,0.0,0.0
1971-10-01,5.324319,100.59936976527,,-82.31893912114538,328.5840490235719,0.0,-19.0,-19.0,-0.0007161973689170376,4.750526315789474,4.4605263157894735,4.597894736842105,40.9,38.5924,5.93,5.8,35.0,26510.0,83.43617786180867,100.97267973626285,-5.899999999999999,3.3773913043478263,0.5319775698022778,1.5447614310267357,-0.9399498746867172,0.17931400090199645,,0.28792357844800165,-0.30122172229989985,5.511696234602537,,0.08164965809274612,1.3673575489486252,100.420055764368,,0.6792999999999978,-0.20000000000000018,,0.001785639328091504,-0.2480712053921561,0,0,0,0,0,0,0.04,0.0,0.0,0.02
1971-11-01,5.067212,100.887089151355,82.0,-117.75202120407994,290.1267617418005,0.0,0.0,-19.0,0.0,4.4865,4.217499999999999,4.38,41.0,38.7561,5.81,6.0,35.0,26510.0,84.39784267151488,101.1722059799419,-6.0,3.3773913043478263,0.5376111713079914,1.6827781862866844,-0.7179545454545462,0.28771938608500136,,0.5517329053510025,-0.26102865598134883,5.546343206202916,80.2,0.10488088481699485,1.2452576707921965,100.59936976527,,1.0631000000000057,-0.09999999999999964,,0.0028600515764296564,-0.24928544138942677,0,0,0,0,0,0,0.0,0.0,0.06,0.02
1971-12-01,5.422477,101.264342474037,,-160.30462200799957,225.12802754848673,0.0,0.0,-19.0,0.0,4.3945454545454545,4.009545454545454,4.234545454545454,41.1,39.2035,5.93,6.0,35.0,26510.0,85.31981269738823,101.3782703863683,-6.100000000000001,3.3773913043478263,0.45856689897257125,1.7349133241819632,-0.6814069264069271,0.3772533226819945,,0.8442867096689923,-0.1496041453896595,5.5836597923423295,,0.1032795558988437,1.1378341999899726,100.887089151355,,0.8978999999999999,0.0,,0.0037393617543670654,-0.11682360604702602,0,0,0,0,0,0,0.0,0.0,0.0,0.04
1972-01-01,5.663243,101.659434068447,,-38.08488922187826,86.57222418299878,0.0,422.0,422.0,0.01591852131271221,3.8157142857142854,3.384285714285714,3.6633333333333336,41.2,40.1408,5.95,5.8,35.0,26932.0,86.23019871670469,101.59382117870233,-6.200000000000003,3.3773913043478263,0.5543086146067455,1.7090445673923158,-1.0762406015037596,0.39509159441000463,,1.0600643031770005,-0.028968482402845552,5.6256652106687755,,0.09831920802499555,0.857321409974211,101.264342474037,,1.5484000000000009,0.0,,0.003901586528459511,-0.08387260863755142,0,0,0,0,0,0,0.0,0.06,0.02,0.02
1972-02-01,5.787961,102.012189225868,92.8,-101.39004555758584,159.90307196621356,0.0,0.0,422.0,0.0,4.0575,3.197,3.633,41.4,40.5459,6.08,5.7,35.0,26932.0,87.149306237908,101.819553501249,-6.399999999999999,3.3773913043478263,0.7972362742435023,1.6013961711486444,-1.0204999999999993,0.35275515742100083,,1.125100074513,0.07350064299814107,5.673179056809838,82.1,0.12247448713914169,4.269332211140984e-07,101.659434068447,,1.7897999999999996,-0.2999999999999998,,0.0034699697146012287,0.1243932892338604,0,0,0,0,0,0,0.06,0.0,0.02,0.02
1972-03-01,5.938244,102.288152927451,,-163.2670189853452,195.23247603039192,0.10000000000000142,0.0,422.0,0.0,4.429545454545455,3.7295454545454545,4.124090909090909,41.4,40.8263,6.07,5.8,35.1,26932.0,88.07627843846389,102.05316367707971,-6.299999999999997,3.197,0.9939385904144701,1.4823200488668287,-0.27999999999999936,0.2759637015829952,,1.0238104534140007,0.1135286820247785,5.727240910460714,,0.13291601358249755,4.269332211140984e-07,102.012189225868,,1.6228000000000051,-0.20000000000000018,,0.002705203208334117,0.12262006614082299,0,0,0,0,0,0,0.0,0.02,0.04,0.02
1972-04-01,6.006318,102.491359137752,,141.53574755812588,212.44983365060043,0.10000000000000142,546.0,546.0,0.020273280855487963,4.6455,3.7055,4.2255,41.5,41.2348,6.19,5.7,35.2,27478.0,88.9743229747916,102.28908165379792,-6.299999999999997,3.197,1.1346956752603243,1.2801515061849897,0.3212142857142859,0.20320621030100483,,0.8319250693050009,0.10970092937100162,5.7884861505932825,,0.122474487139143,0.04082482904862592,102.288152927451,,1.0940000000000012,-0.09999999999999964,,0.001986605530409191,0.13609923075598118,0,0,0,0,0,0,0.02,0.02,0.02,0.02
1972-05-01,5.924429,102.647239486343,88.6,63.62679124935312,322.7693965253147,0.0,0.0,546.0,0.0,4.455454545454545,3.6877272727272725,4.12,41.6,41.2405,6.13,5.7,35.2,27478.0,89.77630552175323,102.51898164412314,-6.399999999999999,3.197,1.2721457321641871,1.0439943689618492,0.49072727272727246,0.15588034859099764,,0.6350502604749977,0.08767688170344456,5.854835842151739,82.0,0.13662601021278056,0.08366600265450916,102.491359137752,,0.6945999999999941,0.0,,0.0015209121032484507,-0.13302090579971093,0,0,0,0,0,0,0.02,0.04,0.02,0.02
1972-06-01,5.929423,102.785062462355,,-22.736943310541392,381.34152155329923,0.0,0.0,546.0,0.0,4.713181818181818,3.9136363636363636,4.350909090909091,41.7,41.3497,6.11,5.7,35.2,27478.0,90.37359806789813,102.73302040920699,-6.5,3.197,1.347194078952078,0.8802117513828858,0.18409090909090908,0.13782297601200355,,0.496909534904006,0.07183991190824202,5.920071270182834,,0.11690451944498548,0.09831920802596263,102.647239486343,,0.5233999999999952,-0.09999999999999964,,0.0013426856552760658,-0.17142657737237776,0,0,0,0,0,0,0.04,0.02,0.02,0.02
1972-07-01,5.8638,102.941369574365,,-0.7663500102607941,410.92426309476537,0.09999999999999432,188.0,188.0,0.006841837106048576,4.9045000000000005,3.9829999999999997,4.497999999999999,41.8,41.3035,6.11,5.6,35.3,27666.0,90.67550707062864,102.92141748023262,-6.5,3.197,1.3859189097741538,0.6307763374434561,0.27749999999999986,0.1563071120099977,,0.4500104366129989,0.0943210828149148,5.975932939032931,,0.051639777949398495,0.09831920802596986,102.785062462355,,0.06869999999999976,-0.10000000000000053,,0.001520718169211177,-0.26086050597820876,0,0,0,0,0,0,0.02,0.02,0.02,0.02
1972-08-01,6.047339,103.139918524132,95.2,-95.62711980870517,455.7385614182857,0.0,0.0,188.0,0.0,4.903043478260869,4.018260869565218,4.546956521739131,41.9,41.879,6.21,5.6,35.3,27666.0,90.64305625050076,103.075860302411,-6.600000000000001,3.197,1.3445804510396704,0.11146408580357252,0.33053359683794525,0.19854894976700166,,0.4926790377890029,0.17689627897874516,6.015012378584278,92.8,0.06324555320334145,0.10327955589977689,102.941369574365,,0.6385000000000005,-0.10000000000000053,,0.0019287576082185343,-0.27549520835259944,0,0,0,0,0,0,0.02,0.02,0.02,0.04
1972-09-01,5.94715,103.359377252057,,-189.44276043407808,476.3917648703976,0.0,0.0,188.0,0.0,5.4375,4.6605,5.1265,42.1,42.2132,6.55,5.5,35.3,27666.0,90.2719597283942,103.19031386206707,-6.800000000000004,3.197,1.2504065902070296,0.12401124093633883,0.7468636363636363,0.21945872792500154,,0.5743147897020009,0.29687490289987295,6.034007885264506,,0.07527726527088671,0.07527726527216719,103.139918524132,,0.8635000000000019,-0.20000000000000018,,0.002127776820704419,0.06116652823684632,0,0,0,0,0,0,0.02,0.02,0.02,0.52
1972-10-01,5.941314,103.564747553828,,80.16513225814924,476.03905492947393,0.0,389.0,389.0,0.014060579773006676,5.39,4.739,5.1335,42.2,42.7494,6.48,5.6,35.3,28055.0,89.59766810593148,103.26109978849496,-6.900000000000006,3.197,1.1967173733769552,0.13026778945494913,0.7560000000000002,0.2053703017709978,,0.623377979463001,0.41916764153410213,6.034038343293127,,0.08164965809275458,0.054772255752255576,103.359377252057,,1.4459000000000017,0.0,,0.0019869537455723396,0.07614243133984466,0,0,0,0,0,0,0.02,0.02,0.02,0.56
1972-11-01,6.237797,103.728524881816,90.7,-1.7306440375687089,496.7225538009171,0.0,0.0,389.0,0.0,5.2,4.7795000000000005,5.088,42.4,43.2548,6.28,5.3,35.3,28055.0,88.6918229278015,103.28650280018974,-7.100000000000001,3.197,1.1616402936116723,0.13113721705431616,0.7612391304347828,0.16377732798800082,,0.5886063576840002,0.5184010687752476,6.0186639840271186,88.6,0.07527726527088913,0.051639777951282315,103.564747553828,,1.3758000000000052,-0.2999999999999998,,0.001581400349601303,-0.040284004273092755,0,0,0,0,0,0,0.02,0.02,0.04,0.08
1972-12-01,6.363502,103.814885890635,,-72.94441763812938,480.2982028243683,0.0,0.0,389.0,0.0,5.2765,5.07,5.2975,42.5,43.7367,6.36,5.2,35.3,28055.0,87.60662201910252,103.26634247655463,-7.200000000000003,3.197,1.1128936414916253,0.1267304464617184,0.4095000000000004,0.08636100881899722,,0.45550863857799584,0.5619878057599834,5.99264001609531,,0.13784048752089298,0.04082482904873515,103.728524881816,,1.5234999999999985,-0.2999999999999998,,0.0008325675981355474,0.006989869582357144,0,0,0,0,0,0,0.02,0.02,0.52,0.16
1973-01-01,6.37602,103.799621155891,,276.43384335450537,422.459922789826,1.0,632.0,632.0,0.022527178756015065,5.580454545454545,5.407727272727272,5.623181818181818,42.7,44.0529,6.46,4.9,36.3,28687.0,86.33763906974366,103.20166799790793,-6.400000000000006,3.197,1.0952632948981949,0.11645001528718617,0.6687272727272724,-0.015264734743993813,,0.23487360206300423,0.5388625029068947,5.960932547278998,,0.1751190071541763,4.38740493272988e-07,103.814885890635,,1.3034999999999997,-0.6999999999999993,,-0.00014703801495363766,0.0074047825249694554,0,0,0,0,0,0,0.02,0.04,0.56,0.12
1973-02-01,6.092156,103.672398506283,81.9,218.0593974999647,493.4037623764294,0.0,0.0,632.0,0.0,5.929444444444445,5.599444444444445,5.825555555555556,43.0,44.6827,6.64,5.0,36.3,28687.0,84.87913919063999,103.09461269490832,-6.700000000000003,3.197,1.1668385672599129,0.32427074359444114,0.8199444444444444,-0.1272226496080009,,-0.056126375532997486,0.45871869217181427,5.926926192738118,95.2,0.27386127875257976,0.408248290464104,103.814885890635,,1.427899999999994,-0.2999999999999998,,-0.0012256562036669916,0.17851421220693364,0,0,0,0,0,0,0.04,0.52,0.08,0.28
1973-03-01,5.956482,103.430640047907,,172.90957618606626,511.62008720954384,0.10000000000000142,0.0,632.0,0.0,6.530454545454545,6.093636363636364,6.514545454545455,43.4,44.7045,6.71,4.9,36.4,28687.0,83.28162265362482,102.94817241553373,-7.0,3.6877272727272725,1.292158079590575,0.41368631067046097,1.0236363636363635,-0.24175845837599752,,-0.3842458427279922,0.3361499954337148,5.889304385495223,,0.2738612787525805,0.5163977794945168,103.814885890635,,0.967800000000004,-0.2999999999999998,,-0.0023319462254106638,0.18161035895956612,0,0,0,0,0,0,0.52,0.56,0.16,0.14
1973-04-01,5.809699,103.092337351578,,193.65282131880667,483.11065926021627,0.10000000000000142,248.0,248.0,0.008645030850210844,6.513,6.263,6.524500000000001,43.7,44.6387,6.67,5.0,36.5,28935.0,81.65453603544293,102.76605552452806,-7.200000000000003,3.6877272727272725,1.352638393832352,0.4849242365063698,0.8552727272727276,-0.3383026963290092,,-0.7072838043130076,0.192982840988563,5.84370101903618,,0.2738612787525812,0.5671566509059679,103.814885890635,,0.585799999999999,0.09999999999999964,,-0.003270817005215365,-0.03164840986109141,0,0,0,0,0,0,0.56,0.08,0.12,0.22
1973-05-01,5.619145,102.696092834775,77.0,171.73004454563124,528.7412940754037,0.29999999999999716,0.0,248.0,0.0,6.630909090909091,6.358181818181818,6.617727272727273,43.9,44.9429,6.85,4.9,36.8,28935.0,80.0964213604977,102.55274394574248,-7.100000000000001,3.6877272727272725,1.3741501333881099,0.5451577475343604,0.7587373737373735,-0.39624451680299444,,-0.9763056715080012,0.05634675976338599,5.786575605004046,90.7,0.16431676725154845,0.5600595206465837,103.814885890635,,0.26020000000000465,-0.09999999999999964,,-0.0038435884468471793,-0.056432498605154535,0,0,0,0,0,0,0.08,0.16,0.28,2.14
1973-06-01,5.460078,102.289628851053,,166.5329766343093,541.8250863907521,0.0,0.0,248.0,0.0,7.051904761904762,7.185238095238095,7.229047619047619,44.2,45.0035,6.9,4.9,36.8,28935.0,78.61197825273824,102.31343919573794,-7.400000000000006,3.9136363636363636,1.3627458439309754,0.6180982563842244,1.091601731601731,-0.40646398372200565,,-1.1410111968540093,-0.0462110724270417,5.717118099798044,,0.11690451944500038,0.5085928299405021,103.814885890635,,0.2989999999999995,0.0,,-0.003957930360368733,-0.012022881971222255,0,0,0,0,0,0,0.16,0.12,0.14,32.78
1973-07-01,5.558031,101.911374670045,,-112.83763320983417,524.8019756406037,0.0,-224.0,-224.0,-0.007741489545533109,7.973333333333334,8.00952380952381,8.12095238095238,44.2,45.1636,7.13,4.8,36.8,28711.0,77.16169859377412,102.05366611303393,-7.400000000000006,3.9829999999999997,1.2957828268047222,0.6542981435139645,1.7465238095238096,-0.37825418100798913,,-1.1809626815329892,-0.09745699607215386,5.637818626558431,,0.05163977794943225,0.23166067138575044,103.814885890635,,0.5249000000000024,-0.20000000000000018,,-0.0036978742151736466,0.10008349010892736,0,0,0,0,0,0,0.12,0.28,0.22,36.98
1973-08-01,5.47903,101.584201400923,72.0,-82.10967582879675,489.0467226856865,0.0,0.0,-224.0,0.0,8.320869565217391,8.673478260869565,8.647826086956522,45.0,45.1019,7.4,4.8,36.8,28711.0,75.73662331678827,101.77862749138242,-8.200000000000003,4.018260869565218,1.145084176705807,0.6705944897601871,2.315296442687747,-0.3271732691219995,,-1.1118914338519943,-0.0915648079656819,5.553704076675346,81.9,0.07527726527090874,0.22803508502033804,103.814885890635,,0.15899999999999892,-0.10000000000000053,,-0.003210370482993441,0.2334911234570285,0,0,0,0,0,0,0.28,0.14,2.14,33.28
1973-09-01,5.615889,101.323028182963,,-34.92286014311321,431.70643609935627,0.0,0.0,-224.0,0.0,8.073157894736841,8.285263157894736,8.452105263157895,45.2,45.4624,7.09,4.8,36.8,28711.0,74.39654407660612,101.49252274107374,-8.400000000000006,4.6605,0.9908093178013611,0.6612087187089424,1.1000250626566412,-0.2611732179600068,,-0.9666006680899955,-0.02889873026630596,5.470143450115869,,0.0752772652709097,0.18348478592761613,103.814885890635,,0.45889999999999986,-0.10000000000000053,,-0.002571002324753602,-0.04828132280283448,0,0,0,0,0,0,0.14,0.22,32.78,30.88
1973-10-01,5.869773,101.111165682834,,165.00634913226895,342.09408594167644,0.0,202.0,202.0,0.0070356309428440955,7.1657142857142855,7.217619047619047,7.319047619047619,45.6,45.847,6.79,4.6,36.8,28913.0,73.2248449889408,101.1979558533983,-8.800000000000004,4.739,0.8339001786055372,0.6249848483009874,-0.7919047619047621,-0.21186250012900132,,-0.8002089872110076,0.06106163145554433,5.389059644692277,,0.08164965809277443,0.12247448714013834,103.814885890635,,0.6833999999999989,-0.20000000000000018,,-0.0020909609979917754,-0.2318523616738064,0,0,0,0,0,0,0.22,2.14,36.98,29.7
1973-11-01,5.406132,100.902696379425,76.5,234.4561689711445,306.3059967357288,0.0,0.0,202.0,0.0,7.403499999999999,7.8325000000000005,7.9595,45.9,46.0553,6.73,4.8,36.8,28913.0,72.2612881859771,100.89557940560549,-9.100000000000001,4.7795000000000005,0.7299271661462743,0.5567083998144681,-0.8409782608695648,-0.20846930340900371,,-0.6815050214980118,0.12725387837207336,5.306877673420255,77.0,0.10954451150103577,4.923385150609889e-07,103.814885890635,,0.953400000000002,0.0,,-0.0020617832066434083,-0.1844263981564529,0,0,0,0,0,0,2.14,32.78,33.28,28.62
1973-12-01,4.990267,100.680282965458,,311.69810014771065,243.85315998827156,0.0,0.0,202.0,0.0,7.007894736842106,7.453157894736843,7.562105263157895,46.3,45.923,6.74,4.9,36.8,28913.0,71.46767908591366,100.58402937392455,-9.5,5.07,0.6651021390570903,0.4417595671304181,-0.8321052631578931,-0.22241341396699,,-0.642745217504995,0.15435826894645288,5.216397990766025,,0.09831920802502059,4.923385150609889e-07,103.814885890635,,0.46059999999999945,0.10000000000000053,,-0.002204236575905294,-0.15723777522454796,0,0,0,0,0,0,32.78,36.98,30.88,39.56
1974-01-01,5.089559,100.453863287835,,-115.51686770126253,118.11589070172901,0.8000000000000043,-307.0,-307.0,-0.01061806107979113,7.007727272727272,7.77,7.651363636363637,46.8,45.6204,6.99,5.1,37.6,28606.0,70.78909824757903,100.26030352098779,-9.199999999999996,5.407727272727272,0.5988742853859115,0.2151461800442049,0.5523809523809522,-0.22641967762299942,,-0.6573023949989931,0.16955372174905392,5.110666894969554,,0.09831920802502059,4.923385150609889e-07,103.799621155891,,-0.2266000000000048,0.5,,-0.0022488979068591153,-0.024912669090779715,0,0,0,0,0,0,36.98,33.28,29.7,49.82
1974-02-01,4.952109,100.197067477713,61.8,-24.96797703561242,127.7953797709781,0.5,0.0,-307.0,0.0,6.507777777777778,7.123333333333333,6.964444444444444,47.3,45.4759,6.96,5.2,38.1,28606.0,70.14342041280953,99.92078415536044,-9.199999999999996,5.599444444444445,0.5059590864847441,0.3200378765458463,-0.7091666666666674,-0.25679581012200003,,-0.7056289017119894,0.1794465367482303,4.987429628986983,72.0,0.16329931618554636,0.3265986323714682,103.672398506283,,-0.5793999999999997,0.40000000000000036,,-0.0025563557410051008,-0.1182469528055643,0,0,0,0,0,0,33.28,30.88,28.62,81.26
1974-03-01,5.164505,99.8889312785282,,72.34823802766186,136.4278030844342,1.7999999999999972,0.0,-307.0,0.0,7.335714285714286,7.961428571428572,7.831904761904762,47.8,45.4777,7.21,5.1,39.9,28606.0,69.42903698864181,99.56272812754807,-7.899999999999999,6.093636363636364,0.47419056287925454,0.46871843328025437,0.5082706766917289,-0.3081361991848013,,-0.7913516869298007,0.1874446244472523,4.849775855375628,,0.21908902300206687,0.5648008498579409,103.430640047907,,-0.44530000000000314,0.1999999999999993,,-0.0030753015726068256,0.03094386382863501,0,0,0,0,0,0,30.88,29.7,39.56,84.88
1974-04-01,4.873208,99.5122917997615,,-68.79042212565037,144.20132706453398,2.3999999999999986,7.0,7.0,0.0002447039082709157,8.083333333333334,8.334761904761905,8.317142857142857,48.1,45.3451,7.51,5.1,42.3,28613.0,68.60146311540838,99.18594652107873,-5.800000000000004,6.263,0.4324204697409834,0.9548520431156542,0.5647619047619052,-0.37663947876670534,,-0.9415714880735067,0.18323198611953728,4.704026903688787,,0.2258317958127243,1.2192894105448988,103.092337351578,,-0.2752999999999943,0.0,,-0.0037705827256925284,0.14829454121577257,0,0,0,0,0,0,29.7,28.62,49.82,94.54
1974-05-01,4.688923,99.0745286427017,72.1,43.91927005218167,144.97740158244673,3.6000000000000014,0.0,7.0,0.0,8.205454545454545,8.225909090909092,8.396818181818182,48.6,45.7044,7.58,5.1,45.9,28613.0,67.66027766618917,98.79423440835234,-2.700000000000003,6.358181818181818,0.3629475555855884,1.7228192187823306,1.1025757575757584,-0.4377631570598055,,-1.1225388350113121,0.1674592000413213,4.559562069091607,76.5,0.15055453054181528,2.1498061928152836,102.696092834775,,0.22849999999999682,-0.10000000000000053,,-0.004399086275097219,0.016298864405753122,0,0,0,0,0,0,28.62,39.56,81.26,99.96
1974-06-01,4.667977,98.5881410716679,,163.83395269541506,140.25655605016746,1.8999999999999986,0.0,7.0,0.0,8.1585,7.901999999999999,8.120999999999999,49.0,45.6238,7.54,5.4,47.8,28613.0,66.6435445626789,98.39597330699897,-1.2000000000000028,7.123333333333333,0.3311017828486424,2.897177309664708,-0.059428571428572496,-0.48638757103378794,,-1.3007902068602988,0.1330107244705232,4.427107407256484,,0.09831920802501551,3.454272716506373,102.289628851053,,0.14610000000000412,0.3000000000000007,,-0.004909309967932041,-0.031145144578792028,0,0,0,0,0,0,39.56,49.82,84.88,99.98
1974-07-01,4.284795,98.0665224279033,,-143.85029934963313,129.43873594693292,2.0,-343.0,-343.0,-0.01198755810296015,8.041818181818181,7.546818181818182,7.94,49.3,45.7221,7.81,5.5,49.8,28270.0,65.63699324183392,98.0036284808399,0.5,7.123333333333333,0.28983262711763497,3.8957630442532483,-0.787943722943723,-0.5216186437646115,,-1.445769371858205,0.06674385024211915,4.315220378425737,,0.1211060141638976,4.192692054833866,101.911374670045,,0.37699999999999534,0.40000000000000036,,-0.005290886288092489,0.089273813918755,0,0,0,0,0,0,49.82,81.26,94.54,99.68
1974-08-01,3.94705,97.5130417722684,64.4,-19.116416541986837,181.496806883747,1.7000000000000028,0.0,-343.0,0.0,8.876818181818182,8.958181818181819,9.112272727272726,49.9,45.2366,8.04,5.5,51.5,28270.0,64.7492343067288,97.6322934641113,1.6000000000000014,7.123333333333333,0.26279774282867496,4.815977197167358,0.7322727272727274,-0.5534806556348997,,-1.5614868704332991,-0.05414818677166977,4.227311383453044,61.8,0.17511900715418066,4.608542792105447,101.584201400923,,-0.4677999999999969,0.40000000000000036,,-0.00564393069043323,0.18042585563645996,0,0,0,0,0,0,81.26,84.88,99.96,99.46
1974-09-01,3.534503,96.9391847690482,,104.61218502547126,214.89791445305042,0.5,0.0,-343.0,0.0,8.5205,8.062000000000001,8.525,50.6,45.2365,8.04,5.9,52.0,28270.0,64.10239801193973,97.29777755509775,1.3999999999999986,7.123333333333333,0.24093823850150733,5.607644944018956,0.16000000000000192,-0.5738570032201977,,-1.648956302619709,-0.2461025494020106,4.163089660881058,,0.20412414523192957,4.440720662234956,101.323028182963,,-0.3873000000000033,0.5,,-0.005884925675484376,0.22159183377613978,0,0,0,0,0,0,84.88,94.54,99.98,92.62
1974-10-01,3.626133,96.3996045679203,,-55.257562340932054,237.64354513717223,0.20000000000000284,-182.0,-182.0,-0.006437920056597046,7.588636363636363,7.46090909090909,7.737272727272727,51.0,45.1133,7.9,6.0,52.2,28088.0,63.73595464619255,97.0149170901456,1.2000000000000028,7.123333333333333,0.26260362629814915,6.101334925963938,-0.08590909090909182,-0.5395802011278903,,-1.6669178599829877,-0.4810536812238837,4.1225875013882405,,0.29944392908634093,3.6918378440374635,101.111165682834,,-0.6087999999999951,0.5,,-0.005566172259581226,0.1822254298476773,0,0,0,0,0,0,94.54,99.96,99.68,14.08
1974-11-01,3.761538,95.9430360930555,59.5,59.97386233093857,257.52321166327226,0.0,0.0,-182.0,0.0,7.288888888888888,7.474444444444444,7.522777777777778,51.5,43.6278,7.68,6.6,52.2,28088.0,63.60646409483958,96.79635219137504,0.7000000000000028,7.123333333333333,0.2856995193875465,6.308165703709279,-1.483737373737375,-0.45656847486480956,,-1.5700056792128976,-0.728755780366086,4.10660974574026,72.1,0.3326659986633216,2.5562994086505664,100.902696379425,,-1.6088000000000022,1.0999999999999996,,-0.004736206926483022,0.05708170384867284,0,0,0,0,0,0,99.96,99.98,99.46,3.32
1974-12-01,3.506448,95.6370421031834,,164.6190397270111,256.61148560687974,0.0,0.0,-182.0,0.0,6.793333333333333,7.151428571428572,7.114285714285715,51.9,42.0533,7.43,7.2,52.2,28088.0,63.657062546054114,96.6516938979617,0.30000000000000426,7.123333333333333,0.5892727456682326,6.226257935452662,-0.910571428571429,-0.3059939898720927,,-1.3021426658647925,-0.9339358600284129,4.1136048560590055,,0.4535048695071134,1.7758566008175523,100.680282965458,,-3.1831999999999994,1.2999999999999998,,-0.0031893298600151887,-0.1343774289969737,0,0,0,0,0,0,99.98,99.68,92.62,0.7
1975-01-01,3.818399,95.5424448017599,,-313.406431396008,234.66615551752062,1.5999999999999943,-398.0,-398.0,-0.014169752207348285,6.266363636363637,6.256363636363636,6.363636363636363,52.3,41.4676,7.5,8.1,53.8,27690.0,63.89930724825605,96.58716833160213,1.5,7.123333333333333,1.0892636423984021,5.843482512918745,-1.2045454545454541,-0.09459730142350509,,-0.8571597661604073,-1.033819238934285,4.140761920927178,,0.667582703990047,0.9460443964215589,100.453863287835,,-3.645700000000005,2.0999999999999996,,-0.0009891282639360455,-0.17400475146724226,0,0,0,0,0,0,99.68,99.46,14.08,0.12
1975-02-01,4.206449,95.6489433868873,57.6,-238.29127344312292,299.53887540469657,0.4000000000000057,0.0,-398.0,0.0,5.558333333333334,5.5,5.616666666666666,52.6,40.5165,7.39,8.1,54.2,27690.0,64.37242426903994,96.60564091598954,1.6000000000000014,6.256363636363636,1.473129706148073,5.379837498953915,-1.974444444444444,0.1064985851273974,,-0.2940927061682004,-1.0144905307588772,4.185518828466457,64.4,0.964883412646312,0.7756717518817607,100.197067477713,,-3.1113,1.5,,0.0011146730162534535,-0.3530519663176417,0,0,0,0,0,0,99.46,92.62,3.32,0.06
1975-03-01,4.392218,95.9244086422488,,-179.9015392157271,334.16448272531574,0.09999999999999432,0.0,-398.0,0.0,5.6985,5.493,5.6205,52.8,40.0638,7.73,8.6,54.3,27690.0,65.10771691727304,96.70675727901902,1.5,5.5,1.8698595987439066,4.598781129689366,-1.6584285714285718,0.27546525536151023,,0.28736653906540255,-0.8878478422725351,4.246072497784334,,0.9826834010334442,0.9667816023628831,99.8889312785282,,-1.9894999999999996,1.3999999999999995,,0.002879961300223499,-0.09737404956181006,0,1,0,0,0,0,92.62,14.08,0.7,0.02
1975-04-01,4.447789,96.3343821711615,,-297.0958169647638,347.7000078436525,-0.09999999999999432,131.0,131.0,0.004730949801372342,6.3981818181818175,5.61090909090909,5.997727272727272,53.0,40.1573,8.23,8.8,54.2,27821.0,66.08229521161591,96.88689284885982,1.2000000000000028,5.493,2.1773031702432073,3.6521060756607038,-0.6454545454545455,0.4099735289126869,,0.7919373694015945,-0.6760177564350158,4.319219828230832,,1.0053191864610236,1.054039847444439,99.5122917997615,,-1.310299999999998,0.7000000000000011,,0.0042739229223887065,0.3026408158542129,0,1,0,0,0,0,14.08,3.32,0.12,0.04
1975-05-01,4.729234,96.8144957926147,72.8,-274.59121533506914,329.68362933952244,1.0999999999999943,0.0,131.0,0.0,5.9090476190476195,5.227142857142857,5.587142857142857,53.1,40.0253,8.06,9.0,55.3,27821.0,67.2500071544245,97.13883214773475,2.1999999999999957,5.493,2.3526020081576733,2.6457942612240726,-0.27285714285714313,0.48011362145319936,,1.1655524057273965,-0.43602595355447704,4.401067093244348,59.5,0.843800924389151,1.0087946603087181,99.0745286427017,,-0.4911999999999992,0.9000000000000004,,0.00498382416155585,0.026080525976034608,0,1,0,0,0,0,3.32,0.7,0.06,0.1
1975-06-01,4.874242,97.3191012186142,,-273.6342559742661,294.92930585901973,0.0,0.0,131.0,0.0,5.861428571428571,5.342380952380952,5.613333333333333,53.5,40.2772,7.86,8.8,55.3,27821.0,68.60921223733028,97.45143010177921,1.7999999999999972,5.227142857142857,2.4122899816105154,2.1198020204867025,-0.1506190476190481,0.5046054259995003,,1.3946925763653866,-0.20982023031245944,4.488534804385179,,0.651152823843976,1.0139033484512918,98.5881410716679,,0.21340000000000003,0.20000000000000107,,0.005212085461669069,-0.10610030670727078,0,0,0,0,0,0,0.7,0.12,0.02,0.02
1975-07-01,4.906289,97.8174726167996,,-5.888031917496846,236.15947038915638,0.0,393.0,393.0,0.01412601991301532,6.640000000000001,6.133636363636364,6.499545454545455,54.0,40.6994,8.06,8.6,55.3,28214.0,70.1768535323722,97.80976258212617,1.2999999999999972,5.227142857142857,2.357338784021343,1.6819000799056771,0.5227272727272734,0.4983713981854123,,1.483090445638112,-0.023812792544021022,4.578515709740357,,0.3829708431025138,0.6306081720588771,98.0665224279033,,0.5420999999999978,-0.20000000000000107,,0.0051210028858146295,-0.0235447124631305,0,0,0,0,0,0,0.12,0.06,0.04,0.02
1975-08-01,4.526278,98.2843950086698,75.7,-46.27779682428445,230.10885105374587,0.0,0.0,393.0,0.0,7.163333333333334,6.441904761904762,6.936190476190476,54.2,41.0998,8.4,8.4,55.3,28214.0,71.9156630976764,98.19613481706827,1.0999999999999943,5.227142857142857,2.1630077549980173,1.4374588268144173,1.2147619047619047,0.4669223918701988,,1.4698992160551114,0.10685727854782101,4.667953207918351,57.6,0.3082207001484215,0.5853773711610738,97.8174726167996,,1.0745000000000005,-0.5999999999999996,,0.004773404785251012,0.22930655056518212,0,0,0,0,0,0,0.06,0.02,0.1,0.02
1975-09-01,4.453368,98.7178996877247,,-101.33721443474133,223.78864149135896,0.8000000000000043,0.0,393.0,0.0,7.197142857142857,6.419047619047619,6.920952380952381,54.6,41.6304,8.43,8.4,56.1,28214.0,73.71282255578897,98.59182108180647,1.5,5.227142857142857,1.9235510848585162,1.3634570589182213,1.076666666666667,0.43350467905489154,,1.3987984691105027,0.1897226856479648,4.752457088231294,,0.20976176963398935,0.5431390245607408,98.2843950086698,,1.353200000000001,-0.40000000000000036,,0.004410717276294385,0.3331560599547583,0,0,0,0,0,0,0.02,0.04,0.02,0.1
1975-10-01,4.641525,99.1296916112567,,19.878398917000595,217.17530623048688,0.7999999999999972,306.0,306.0,0.010845679449918544,6.477727272727273,5.956818181818182,6.253636363636364,54.9,41.8135,8.14,8.4,56.9,28520.0,75.43720076063134,98.97920957431593,2.0,5.227142857142857,1.568945856565206,1.3691404071694773,-0.17681818181818176,0.41179192353200733,,1.3122189944570977,0.244664542280006,4.828440111943039,,0.24221202832776426,0.6058052492351083,98.7178996877247,,1.1141000000000005,-0.1999999999999993,,0.004171400777717382,0.13491099653802152,0,0,0,0,0,0,0.04,0.1,0.02,0.04
1975-11-01,4.717562,99.5328322241406,75.6,-44.97303486067176,270.74178406057626,0.20000000000000284,0.0,306.0,0.0,6.069411764705883,5.475882352941177,5.799411764705883,55.3,41.8697,8.05,8.3,57.1,28520.0,76.98425495055412,99.3437133818908,1.8000000000000043,5.227142857142857,1.0666402112367075,1.4164349186554932,-0.9660224089635845,0.40314061288390235,,1.2484372154708012,0.29358431321951173,4.896741025449504,72.8,0.25298221281343763,0.6693280212278896,99.1296916112567,,0.7698999999999998,-0.09999999999999964,,0.004066799828903456,0.14331130459814556,0,0,0,0,0,0,0.1,0.02,0.02,0.08
1975-12-01,4.632754,99.9351030531579,,-107.15813082537716,310.8206512969584,0.0,0.0,306.0,0.0,6.160454545454545,5.443181818181818,5.846363636363637,55.6,42.4414,8.0,8.2,57.1,28520.0,78.32691113213718,99.67493650069643,1.5,5.227142857142857,0.7703584913216331,1.369804232860419,-0.975865800865801,0.40227082901729716,,1.2172033654332068,0.3476548571326106,4.960389124663345,,0.1834847859269287,0.8366600265345888,99.5328322241406,,0.8109999999999999,-0.20000000000000107,,0.004041589292982373,0.21953887862646493,0,0,0,0,0,0,0.02,0.02,0.1,0.04
1976-01-01,5.081689,100.320482858949,,291.68908316212037,342.18445982450856,-0.20000000000000284,579.0,579.0,0.020301542776998582,5.438571428571429,4.868571428571428,5.14,55.8,43.0012,7.74,7.9,56.9,29099.0,79.5006014562733,99.96707043741652,1.1000000000000014,5.227142857142857,0.8259823478834017,1.175862030660983,-1.0882467532467537,0.38537980579110354,,1.190791247692303,0.3965335267537853,5.0225416055449,,0.13291601358245553,0.8579044235815986,99.9351030531579,,1.1876999999999995,-0.5,,0.003856300679312863,-0.10173994021669852,0,0,0,0,0,0,0.02,0.02,0.04,0.02
1976-02-01,5.321243,100.645911509326,84.6,243.06903989252896,432.92353583365883,0.0,0.0,579.0,0.0,5.530555555555555,4.881111111111111,5.198888888888889,55.9,43.4229,7.79,7.7,56.9,29099.0,80.57892462247169,100.218600671133,1.0,4.868571428571428,1.0035868032921906,1.1300308389457046,-0.5947712418300659,0.32542865037699187,,1.1130792851853926,0.4209907528336032,5.085586468249458,75.7,0.1966384160499984,0.722956891292666,100.320482858949,,1.5531999999999968,-0.6000000000000005,,0.003243890391103399,-0.11352161882421452,0,0,0,0,0,0,0.02,0.1,0.08,0.02
1976-03-01,5.348521,100.878072277195,,202.8741217901188,477.1533883988763,0.0,0.0,579.0,0.0,5.82304347826087,5.000869565217391,5.439565217391304,56.0,43.5168,7.73,7.6,56.9,29099.0,81.63586652256755,100.4314973400519,0.8999999999999986,4.868571428571428,1.1770121289698832,1.0791059711484865,-0.44231225296442744,0.2321607678690043,,0.9429692240370997,0.4009656682630691,5.1508560959153495,,0.28809720581773524,0.3723797345017174,100.645911509326,,1.075400000000002,-0.5999999999999996,,0.002306708383752687,-0.19263509741996554,0,0,0,0,0,0,0.1,0.04,0.04,0.08
1976-04-01,5.37534,101.01763810242,,60.759703361174616,487.69653381055065,0.0,151.0,151.0,0.005189181758823436,5.538571428571428,4.8566666666666665,5.1761904761904765,56.1,43.7327,7.56,7.7,56.9,29250.0,82.67579708996017,100.61011883088025,0.7999999999999972,4.868571428571428,1.2472624812751885,0.9876126709785547,-0.011904761904761862,0.1395658252249916,,0.6971552434709878,0.3391910743867754,5.2175065263429765,,0.3311595788538428,0.10327955590327845,100.878072277195,,0.731500000000004,-0.20000000000000018,,0.0013835100341874629,-0.3013354509511279,0,0,0,0,0,0,0.04,0.08,0.02,0.2
1976-05-01,5.334991,101.077303817828,83.3,34.862557298147294,504.05924224924127,0.6000000000000014,0.0,151.0,0.0,5.9845,5.203,5.6205,56.4,43.9186,7.9,7.4,57.5,29250.0,83.65905101051497,100.76004899033849,1.1000000000000014,4.8566666666666665,1.2814832077488068,0.8037789534811165,0.3218888888888891,0.05966571540800203,,0.43139230850199795,0.2431125782404422,5.281498721213818,75.6,0.28982753492376967,0.10327955590327845,101.01763810242,,0.49569999999999936,-0.2999999999999998,,0.0005906465101421787,0.10855838991003441,0,0,0,0,0,0,0.08,0.04,0.02,0.04
1976-06-01,5.370225,101.085327912841,,14.809745939019194,489.2479076617677,1.2000000000000028,0.0,151.0,0.0,6.115454545454545,5.407727272727272,5.765454545454546,56.7,43.9637,7.86,7.6,58.7,29250.0,84.54096547381324,100.88720774444947,2.0,4.8566666666666665,1.2390395459239218,0.7975340783058658,0.40685770750988137,0.008024095012999055,,0.2072556356459927,0.13085159197427743,5.337387112296749,,0.27386127875256505,0.24221202832968913,101.077303817828,,0.4468999999999994,0.0,,7.938572468701999e-05,0.2858753562548033,0,0,0,0,0,0,0.04,0.02,0.08,0.04
1976-07-01,5.513566,101.06607244151,,-33.08242175050327,440.1264539361848,0.5,85.0,85.0,0.0029059829059829845,5.818095238095238,5.2299999999999995,5.527142857142857,57.0,44.2141,7.83,7.8,59.2,29335.0,85.2917081900582,100.99729615725421,2.200000000000003,4.8566666666666665,1.1496816313920581,0.9204741860971928,0.3733333333333331,-0.019255471330993146,,0.04843433909000794,0.01704312870299418,5.382118708180353,,0.16431676725152297,0.7266360849840374,101.085327912841,,0.4814000000000007,0.09999999999999964,,-0.0001904873014567654,0.2161473025504197,0,0,0,0,0,0,0.02,0.02,0.2,0.64
1976-08-01,5.464653,101.03638907251,89.7,-46.82183683580297,430.06465334934836,0.0,0.0,85.0,0.0,5.641363636363637,5.142727272727273,5.40090909090909,57.3,44.5182,7.77,7.8,59.2,29335.0,85.90762785064084,101.0953957957347,1.9000000000000057,4.8566666666666665,1.0683768666021285,1.0252494153301928,-0.0602727272727277,-0.02968336899999713,,-0.04091474531799122,-0.08641963126221697,5.414844947827355,84.6,0.13662601021276272,1.020620726160121,101.085327912841,,0.5996000000000024,0.39999999999999947,,-0.0002937026074419924,0.12461480577443762,0,0,0,0,0,0,0.02,0.08,0.04,0.0
1976-09-01,5.574532,101.025097151011,,-62.595167579082045,396.43398128192086,0.0,0.0,85.0,0.0,5.501904761904761,5.083333333333333,5.3047619047619055,57.6,44.6721,7.59,7.6,59.2,29335.0,86.41014274836876,101.18564036620504,1.6000000000000014,4.8566666666666665,1.0027054623577525,1.0121983276729747,-0.32439393939393923,-0.011291921499008595,,-0.06023076182999887,-0.1570198810097594,5.435762033725679,,0.15165750888100168,1.0966616007992753,101.085327912841,,0.7083999999999975,0.0,,-0.0001117609368531669,0.03542920574644981,0,0,0,0,0,0,0.08,0.2,0.04,0.0
1976-10-01,5.390575,101.055807875808,,-77.99074218247188,332.15084196499976,0.0,134.0,134.0,0.00456792227714331,5.188000000000001,4.9185,5.0605,57.9,44.6585,7.41,7.7,59.2,29469.0,86.83426858262204,101.27091668116128,1.3000000000000043,4.8566666666666665,0.9616708844110184,1.031731407377031,-0.31149999999999967,0.030710724797003763,,-0.01026456570200196,-0.1791110507323168,5.446592232659085,,0.15165750888100168,1.005484957620441,101.085327912841,,0.4443999999999946,-0.09999999999999964,,0.0003039910444342375,-0.09158490912657591,0,0,0,0,0,0,0.2,0.04,0.64,0.0
1976-11-01,5.364653,101.152262193701,87.0,-110.4578096756959,306.19051061022344,0.0,0.0,134.0,0.0,5.001578947368421,4.752631578947368,4.878947368421053,58.1,45.3392,7.29,7.8,59.2,29469.0,87.22612393238572,101.35267583634761,1.1000000000000014,4.8566666666666665,0.8754306795928116,1.0804039648535186,-0.3900956937799043,0.09645431789300574,,0.1158731211910009,-0.13715667206378157,5.450468489990529,83.3,0.15165750888100168,0.683130051064703,101.085327912841,,0.820999999999998,0.0,,0.000954465853279185,-0.14176196339637936,0,0,0,0,0,0,0.04,0.04,0.0,0.02
1976-12-01,5.579038,101.30768346115,,-154.33567657770254,252.06270263660718,0.7999999999999972,0.0,134.0,0.0,4.637272727272727,4.346363636363637,4.512272727272727,58.4,45.8294,6.87,7.8,60.0,29469.0,87.61530194316153,101.43101893033477,1.6000000000000014,4.752631578947368,0.7997648694230154,1.1087462206549532,-0.7369696969696964,0.1554212674490003,,0.2825863101390098,-0.050689211490379193,5.448990709124797,,0.09831920802496931,0.20412414523440348,101.152262193701,,1.1572999999999993,0.20000000000000018,,0.0015365080728633185,-0.41225817352938954,0,0,0,0,0,0,0.04,0.64,0.0,0.0
1977-01-01,5.573832,101.4912104951,,-29.438359335268615,140.26087706920353,0.0,280.0,280.0,0.009501510061420415,5.000952380952381,4.617619047619048,4.826666666666666,58.7,45.5087,7.21,7.5,60.0,29749.0,87.96708046042956,101.50507267546855,1.2999999999999972,4.346363636363637,0.8166409123332736,1.189983447808852,-0.30088095238095214,0.18352703394999992,,0.43540261929200597,0.04265947911264334,5.442000234639953,,0.083666002653349,0.3265986323726491,101.30768346115,,0.850200000000001,-0.20000000000000018,,0.0018115805996135048,-0.12562224239790698,0,0,0,0,0,0,0.64,0.0,0.0,0.06
1977-02-01,5.439291,101.678994731529,87.1,-88.1504136521362,180.32065294536375,0.3999999999999986,0.0,280.0,0.0,5.163157894736842,4.665263157894737,4.897368421052631,59.3,46.2277,7.39,7.6,60.4,29749.0,88.21882007791308,101.57348668972459,1.1000000000000014,4.346363636363637,0.7934754672934146,1.190969811081499,-0.08736842105263154,0.1877842364289961,,0.5267325378279963,0.1375067271806074,5.428680465912317,89.7,0.12649110640669825,0.41311822359669753,101.4912104951,,0.8885000000000005,-0.20000000000000018,,0.0018502512238540714,-0.088733485108758,0,0,0,0,0,0,0.0,0.0,0.02,0.1
1977-03-01,5.413836,101.843759562486,,-148.4599264291901,197.37387610711636,1.8000000000000043,0.0,280.0,0.0,5.189130434782609,4.602608695652174,4.878260869565217,59.6,46.8185,7.46,7.4,62.2,29749.0,88.32386329324035,101.634801845427,2.6000000000000014,4.346363636363637,0.8751350473703333,1.1718930554157725,0.25624505928853747,0.16476483095699734,,0.5360761013359934,0.2176447326755664,5.409024076075249,,0.12110601416386232,0.5316640543310233,101.678994731529,,0.9891000000000005,-0.39999999999999947,,0.0016204411874058966,-0.05015406338990669,0,0,0,0,0,0,0.0,0.0,0.0,0.0
1977-04-01,5.339599,101.953192160498,,105.36162576236529,197.47364611243003,0.09999999999999432,505.0,505.0,0.01697536051631987,5.1,4.5355,4.798,60.0,47.2684,7.37,7.2,62.3,30254.0,88.2960025610261,101.68762244356755,2.299999999999997,4.346363636363637,0.9894612729185266,1.34870869779708,-0.08211904761904787,0.10943259801200611,,0.46198166539799956,0.2546803883192297,5.384014315957791,,0.16329931618551807,1.1057425860785746,101.843759562486,,1.7597000000000023,-0.2999999999999998,,0.0010745145159813951,-0.0685686216489767,0,0,0,0,0,0,0.0,0.02,0.06,0.0
1977-05-01,5.343278,102.000766815842,90.2,50.770107267908315,293.85570309637427,0.20000000000000284,0.0,505.0,0.0,5.4261904761904765,4.956190476190476,5.2,60.2,47.6411,7.46,7.0,62.5,30254.0,88.16719587444692,101.73073686958959,2.299999999999997,4.346363636363637,1.1127337118826206,1.3727598832162884,0.29092731829573903,0.0475746553439933,,0.32177208431299675,0.2429084083264712,5.354012309572989,87.0,0.23452078799115386,1.2750163397650098,101.953192160498,,1.4134000000000029,-0.5999999999999996,,0.0004666323274027384,0.07572908091863617,0,0,0,0,0,0,0.02,0.0,0.1,0.18
1977-06-01,5.377556,101.987988034053,,2.295350809898082,344.1417409711031,-0.10000000000000142,0.0,505.0,0.0,5.409545454545455,5.016363636363637,5.211818181818182,60.5,48.0116,7.28,7.2,62.4,30254.0,87.96642720964114,101.7634684660498,1.8999999999999986,4.346363636363637,1.2228486261282256,1.3837531308983513,0.41375494071146246,-0.012778781788995275,,0.14422847156700414,0.18194745079429708,5.31914738697843,,0.28577380332469177,1.217648006062425,102.000766815842,,1.1931000000000012,-0.20000000000000018,,-0.00012528123256239088,0.07285520585805472,0,0,0,0,0,0,0.0,0.06,0.0,1.68
1977-07-01,5.440961,101.928154804215,,282.0720208992461,367.75390115947016,0.0,459.0,459.0,0.015171547563958443,5.567368421052632,5.185789473684211,5.399473684210527,60.8,48.073,7.33,6.9,62.4,30713.0,87.68897436132978,101.78630700683264,1.6000000000000014,4.346363636363637,1.299874338302826,1.4364307617604017,0.6502894736842109,-0.059833229838005764,,-0.02503735628300774,0.08629604898231946,5.2809229506489945,,0.22286019533927656,1.1219031449585233,102.000766815842,,0.8046000000000006,-0.2999999999999998,,-0.0005866693812807133,-0.037824053535436164,0,0,0,0,0,0,0.06,0.1,0.0,17.9
1977-08-01,5.298797,101.844351042532,89.0,239.58274380808143,448.9941198911054,1.6999999999999957,0.0,459.0,0.0,5.966086956521739,5.490869565217391,5.826956521739131,61.1,48.1205,7.4,7.0,64.1,30713.0,87.33509264066862,101.80132160986517,2.999999999999993,4.346363636363637,1.3240654353048775,1.4730919862650163,0.5346790890269153,-0.08380376168300074,,-0.15641577331000178,-0.015161168205040099,5.2428429123128435,87.1,0.2562550812504237,0.8066391179876244,102.000766815842,,0.47939999999999827,0.0,,-0.0008221846244933495,-0.12006983414794536,0,0,0,0,0,0,0.1,0.0,0.18,0.14
1977-09-01,5.21487,101.765792602782,,191.61018739368228,489.05780627508375,2.0,0.0,459.0,0.0,6.125238095238095,5.808571428571429,6.037619047619048,61.3,48.3189,7.34,6.8,66.1,30713.0,86.90167355582489,101.81194747723404,4.799999999999997,4.346363636363637,1.3129850386587802,1.67030663125739,0.7922077922077921,-0.07855843974999743,,-0.22219543127100394,-0.09092758531326695,5.21033919906753,,0.1834847859269595,0.7176350047212204,102.000766815842,,0.3072999999999979,-0.40000000000000036,,-0.0007713578509346286,-0.22111699966234255,0,0,0,0,0,0,0.0,0.0,1.68,0.0
1977-10-01,5.087028,101.709973604913,,-64.87014045546312,497.98432341132644,0.0,-87.0,-87.0,-0.0028326767166997335,6.517999999999999,6.16,6.425,61.6,48.3871,7.52,6.8,66.1,30626.0,86.38571330449591,101.82212869035547,4.499999999999993,4.346363636363637,1.269201869793467,2.0737902643720187,0.9742105263157894,-0.05581899786899669,,-0.21818119930199487,-0.12795198108567263,5.187301925043415,,0.16020819787596052,1.5323185047506493,102.000766815842,,0.31409999999999627,-0.10000000000000053,,-0.0005485045263379229,-0.13103224140462721,0,0,0,0,0,0,0.0,0.18,17.9,0.0
1977-11-01,5.136777,101.678048753659,84.4,-128.71283300924551,487.96522479153487,-0.09999999999999432,0.0,-87.0,0.0,6.521052631578947,6.104736842105263,6.410526315789474,62.0,48.4761,7.58,6.8,66.0,30626.0,85.79510892145235,101.83527304771407,4.0,4.346363636363637,1.1425654690807412,2.256086044995246,0.6138672768878717,-0.03192485125400424,,-0.16630228887299836,-0.13674306468452357,5.174593200325078,90.2,0.1516575088810204,1.798517908353423,102.000766815842,,0.3556000000000026,-0.20000000000000018,,-0.0003138812264175117,-0.10379402743652033,0,0,0,0,0,0,0.18,1.68,0.14,0.28
1977-12-01,5.132763,101.672350883,,-197.75315382211193,456.01444521222004,0.09999999999999432,0.0,-87.0,0.0,6.5219047619047625,6.0652380952380955,6.396190476190476,62.3,48.5629,7.69,6.4,66.1,30626.0,85.13761861456616,101.8534276447215,3.799999999999997,4.346363636363637,1.0511178429159511,2.258368276593803,0.2566666666666668,-0.005697870659005844,,-0.09344171978200677,-0.13394135478624491,5.1734496283319915,,0.16020819787596285,1.8082219627767007,102.000766815842,,0.24399999999999977,-0.39999999999999947,,-5.60383556612587e-05,0.03019445088108963,0,0,0,0,0,0,1.68,17.9,0.0,0.18
1978-01-01,4.940922,101.695673175999,83.7,-341.4384488605465,396.86991227920475,0.0,27.0,27.0,0.0008816038659962278,6.8028571428571425,6.440476190476191,6.7023809523809526,62.7,47.8481,7.96,6.4,66.1,30653.0,84.43086851321951,101.87674899446422,3.3999999999999915,4.5355,0.9756319100270002,2.238844398885768,0.28047619047619055,0.023322292999012006,,-0.014300428913998076,-0.1277652179146287,5.184567680820147,,0.20412414523192648,1.5552063100013742,102.000766815842,,-0.5389999999999944,-0.39999999999999947,,0.00022938677817974096,0.11551744471923708,0,0,0,0,0,0,17.9,0.14,0.0,0.34
1978-02-01,4.892696,101.74200390489,84.3,-417.0902038131717,359.4548481778453,1.6000000000000085,0.0,27.0,0.0,6.855,6.445555555555555,6.737222222222222,63.0,48.1044,8.03,6.3,67.7,30653.0,83.68525107423267,101.90337975453652,4.700000000000003,4.5355,0.7146996955169415,2.088260839390331,0.34081871345029224,0.0463307288909931,,0.06395515123099926,-0.10949072275798244,5.20568850812438,89.0,0.24494897427831497,0.809320702812858,102.000766815842,,-0.37170000000000414,-0.5,,0.00045558210535467936,-0.14028160481914664,0,0,0,0,0,0,0.14,0.0,0.28,0.18
1978-03-01,4.901751,101.840865603323,78.8,-496.94513455884953,297.53619591328936,0.7999999999999972,0.0,27.0,0.0,6.824545454545454,6.293636363636364,6.634090909090909,63.4,49.0265,8.04,6.3,68.5,30653.0,82.89654473193067,101.92982934840228,5.100000000000001,4.5355,0.5132469436351137,2.0413899008446528,0.22839826839826838,0.09886169843299797,,0.16851472032300308,-0.042493679172736165,5.232241292032288,,0.24013884872437086,0.662570750940292,102.000766815842,,0.46359999999999957,-0.10000000000000053,,0.0009716901047616133,-0.22490452560215157,0,0,0,0,0,0,0.0,0.0,0.18,0.14
1978-04-01,5.125091,101.979631373152,81.6,379.62536551335506,188.323464476639,0.7000000000000028,1104.0,1104.0,0.03601605063125968,6.961499999999999,6.286,6.733,63.9,50.0206,8.15,6.1,69.2,31757.0,82.04003125712484,101.95172826652555,5.300000000000004,4.5355,0.45577844265293677,2.2000516522856994,-0.1544761904761911,0.138765769829007,,0.2839581971529981,0.0633915606576636,5.26089202206406,,0.23664319132398512,1.0765686229877067,102.000766815842,,2.1724999999999994,-0.3000000000000007,,0.0013625745324035154,-0.09599824942168311,0,0,0,0,0,0,0.0,0.28,0.34,0.1
1978-05-01,5.395874,102.121475318572,82.9,287.73036900906664,373.74471720160744,0.5999999999999943,0.0,1104.0,0.0,7.284285714285714,6.408095238095238,7.019523809523809,64.5,50.254,8.35,6.0,69.8,31757.0,81.11246836252897,101.9646830433512,5.299999999999997,4.956190476190476,0.6294353015101066,2.3214415584047368,-0.03746031746031697,0.14184394541999268,,0.37947141368199766,0.1741068789992397,5.290794609742,84.4,0.2316606713852562,1.3980939405735244,102.000766815842,,2.1495999999999995,-0.2999999999999998,,0.0013909046690017135,0.1156101295697951,0,0,0,0,0,0,0.28,0.18,0.18,0.16
1978-06-01,5.429991,102.227858157138,80.0,192.51718607646035,457.90511124994663,0.0,0.0,1104.0,0.0,7.527727272727273,6.734090909090909,7.2322727272727265,65.0,50.5801,8.46,5.9,69.8,31757.0,80.1322014210799,101.96482819880981,4.799999999999997,5.016363636363637,0.7828635948268917,2.3906858404810163,0.44045454545454543,0.10638283856600594,,0.38699255381500564,0.2526150895916288,5.3222093405062925,,0.16431676725155495,1.5607690412107267,102.121475318572,,1.553600000000003,-0.39999999999999947,,0.0010417283752917061,0.34146878811415426,0,0,0,0,0,0,0.18,0.34,0.14,0.46
1978-07-01,5.407871,102.275658845619,82.4,170.13111108967496,495.4206890014115,0.0,225.0,225.0,0.0070850521144945056,7.794,7.0075,7.44,65.5,50.5384,8.64,6.2,69.8,31982.0,79.11788543551764,101.94881887174051,4.299999999999997,5.185789473684211,0.9421860948198802,2.270412457521823,0.7215000000000007,0.04780068848100427,,0.2960274724670029,0.28400225347263586,5.356569954834115,83.7,0.19663841605004012,1.4330619898206172,102.227858157138,84.3,0.5178000000000011,0.10000000000000053,78.8,0.0004675896506363131,0.28773349601236475,0,0,0,0,0,0,0.34,0.18,0.1,2.12
1978-08-01,5.796533,102.254811933904,78.4,87.09461084115537,572.623626985067,1.6000000000000085,0.0,225.0,0.0,7.725217391304348,7.077826086956521,7.37304347826087,65.9,50.7458,8.41,5.9,71.4,31982.0,78.07335332696293,101.91348276779455,5.5,5.490869565217391,1.030493842775975,1.9402241357552412,0.669730848861283,-0.02084691171501163,,0.1333366153319986,0.2741519959795369,5.394830525091484,84.3,0.1632993161855518,0.871014733898758,102.275658845619,84.3,0.4918000000000049,-0.09999999999999964,78.8,-0.0002038306274465551,-0.13504968545862006,0,0,0,0,0,0,0.18,0.14,0.16,1.3
1978-09-01,5.800773,102.165930178743,80.4,19.829547916553565,621.2524190548669,0.0,0.0,225.0,0.0,8.012,7.845000000000001,7.9879999999999995,66.5,50.8744,8.42,6.0,71.4,31982.0,76.99172440055607,101.85562964456756,4.900000000000006,5.808571428571429,1.0986387719061914,1.9416487838940912,1.1109090909090913,-0.0888817551609975,,-0.06192797839500486,0.23869855913375204,5.435691419399788,78.8,0.16329931618555268,0.9586448768976785,102.275658845619,82.9,0.2942999999999998,0.09999999999999964,78.4,-0.0008692183133488518,-0.21480180892343448,0,0,0,0,0,0,0.14,0.1,0.46,2.0
1978-10-01,5.585466,102.014781075457,79.3,209.9572713628695,647.7745820041148,0.0,336.0,336.0,0.010505909574135552,8.448095238095238,7.990952380952381,8.545238095238094,67.1,51.2559,8.64,5.8,71.4,32318.0,75.86329688993982,101.77229069506775,4.300000000000011,6.0652380952380955,1.1506118912307441,2.057119934335325,0.9834523809523805,-0.15114910328600217,,-0.2608777701620113,0.19072864045652693,5.475628075820833,81.6,0.11690451944501262,0.9330952077194037,102.275658845619,82.9,0.717499999999994,-0.40000000000000036,78.4,-0.0014794472386397972,-0.09074085625326767,0,0,0,0,0,0,0.1,0.16,2.12,30.94
1978-11-01,5.222412,101.821600124367,75.0,183.42931620563832,681.787690227052,-0.9000000000000057,0.0,336.0,0.0,9.203,8.6435,9.2355,67.5,51.6514,8.81,5.9,70.5,32318.0,74.65779172239208,101.66140369360781,3.0,6.0652380952380955,1.2060405262296283,2.065884504970226,1.5656739130434785,-0.19318095108999955,,-0.4332118095369992,0.1440823180619475,5.5110684515382244,82.9,0.13662601021280524,0.8763560920095882,102.275658845619,82.9,0.9055999999999997,0.0,78.4,-0.001893656478536232,0.08704454647420334,0,0,0,0,0,0,0.16,0.46,1.3,2.32
1978-12-01,5.316517,101.621922129042,66.1,175.20015783931376,683.1400096077998,0.09999999999999432,0.0,336.0,0.0,9.440999999999999,9.0765,9.364,67.9,51.909,9.01,6.0,70.6,32318.0,73.38138140933438,101.5226474816885,2.6999999999999886,6.0652380952380955,1.262371030646015,1.8855712099722006,1.2314999999999987,-0.19967799532498987,,-0.5440080497009916,0.11632076769170396,5.541938110478056,80.0,0.13784048752091296,0.7909909396883159,102.275658845619,82.4,1.0345999999999975,0.0,75.0,-0.0019610573304790213,0.29620541451034654,0,0,0,0,0,0,0.46,2.12,2.0,2.78
1979-01-01,5.522627,101.445063907594,72.1,43.7109799458558,652.0347871364098,1.7000000000000028,-24.0,-24.0,-0.0007426202116467273,9.542727272727273,9.349545454545455,9.472727272727273,68.5,51.6278,9.1,5.9,72.3,32294.0,72.06780325882332,101.35783917095917,3.799999999999997,6.286,1.2959774861256523,1.6179860283315104,1.3585930735930738,-0.17685822144800056,66.1,-0.56971716786299,0.12407149638720227,5.5707051757945925,82.4,0.13662601021280524,0.6625707509408817,102.275658845619,82.4,0.37190000000000367,0.10000000000000053,66.1,-0.001740355011425776,0.2131645761730816,0,0,0,0,0,0,2.12,1.3,30.94,4.12
1979-02-01,5.454675,101.273180280974,73.9,54.979422409403924,586.4150136050968,0.0,0.0,-24.0,0.0,9.394444444444444,9.32388888888889,9.408888888888889,69.2,51.8752,9.1,5.9,72.3,32294.0,70.76050851306452,101.17048574999913,3.0999999999999943,6.286,1.1092341642482233,1.334847624942749,0.6803888888888903,-0.17188362662000145,66.1,-0.5484198433929919,0.15538491022603296,5.599326841621853,78.4,0.07527726527092878,0.6562519841258457,102.275658845619,80.4,0.2237999999999971,0.0,66.1,-0.001694351799872429,-0.12836929609332692,0,0,0,0,0,0,1.3,2.0,2.32,4.92
1979-03-01,5.564126,101.075388793514,68.4,72.2925145704794,470.971915780741,0.20000000000000284,0.0,-24.0,0.0,9.383181818181818,9.478181818181818,9.467272727272727,69.9,52.0446,9.12,5.8,72.5,32294.0,69.50639236801935,100.96479043176689,2.5999999999999943,6.286,0.8598119471540078,1.2059197420390335,0.40168181818181914,-0.19779148746000885,66.1,-0.5465333355280109,0.17330141001691857,5.628918555323418,80.4,0.07527726527092878,0.7833687935252085,102.275658845619,80.4,0.13560000000000372,-0.20000000000000018,66.1,-0.0019530490393533384,-0.13488994170966784,0,0,0,0,0,0,2.0,30.94,2.78,4.18
1979-04-01,5.693924,100.837858758468,66.0,-87.70332957417486,242.78652238987544,-0.20000000000000284,-50.0,-50.0,-0.001548275221403328,9.282,9.4605,9.4875,70.6,51.4193,9.18,5.8,72.3,32244.0,68.3544111097527,100.74463304245914,1.7000000000000028,6.286,0.7003149996872347,1.1280178378116434,0.11095454545454508,-0.23753003504599235,66.1,-0.6072051491260027,0.15519642541228507,5.661688892219141,79.3,0.07527726527092975,0.8988882021711682,102.275658845619,79.3,-0.2085000000000008,-0.10000000000000053,66.1,-0.0023500284083125544,-0.03200779499042028,0,0,0,0,0,0,30.94,2.32,4.12,3.78
1979-05-01,5.566561,100.579266942072,68.1,-58.20709992702905,222.31277447908894,-0.20000000000000284,0.0,-50.0,0.0,9.270476190476192,9.611428571428572,9.537142857142857,71.4,51.8856,9.25,5.6,72.1,32244.0,67.35212234968347,100.51291179295673,0.6999999999999886,6.408095238095238,0.6125477200326742,1.0515140599054258,0.2875396825396823,-0.2585918163960059,66.0,-0.6939133389020071,0.11362021174107895,5.701807507409609,75.0,0.07527726527092975,0.9332738076269735,102.275658845619,75.0,0.010399999999997078,-0.3000000000000007,66.0,-0.0025644318471239602,0.04245827682363057,0,0,0,0,0,0,2.32,2.78,4.92,4.84
1979-06-01,5.705211,100.310726273117,65.8,-24.070793329909066,190.54441540502145,0.0,0.0,-50.0,0.0,8.805714285714286,9.055238095238096,9.061428571428571,72.2,51.8965,8.91,5.7,72.1,32244.0,66.5056454651565,100.27139780913248,-0.10000000000000853,6.734090909090909,0.554193124293498,0.9856546816771561,-0.42294372294372273,-0.26854066895499784,66.0,-0.7646625203969961,0.05527364301393334,5.752482920556079,66.1,0.13662601021280732,0.7054549359592559,102.275658845619,73.9,-0.14809999999999945,-0.09999999999999964,66.0,-0.002669940606245036,-0.2721099818955537,0,0,0,0,0,0,2.78,4.12,4.18,7.08
1979-07-01,5.781885,100.045126020709,60.4,-11.160548213141738,139.9925322669854,2.1000000000000085,142.0,142.0,0.0044039201091676805,8.869523809523809,9.23952380952381,9.235714285714286,73.0,51.8097,8.95,5.7,74.2,32386.0,65.76323690647423,100.02133192803294,1.2000000000000028,7.0075,0.5129603802843404,0.8701706555003357,-0.22097619047618977,-0.26560025240799234,65.8,-0.7927327377589961,-0.002143595064850956,5.809476759076114,72.1,0.11690451944501673,0.1505545305506744,102.275658845619,73.9,0.39039999999999964,-0.09999999999999964,65.8,-0.002647775190908641,-0.5634246630088153,0,0,0,0,0,0,4.12,4.92,3.78,10.76
1979-08-01,6.060129,99.7940606873952,64.5,33.016650508630846,128.40690531643773,-0.20000000000000284,0.0,142.0,0.0,9.16,9.520434782608696,9.493913043478262,73.7,51.4684,9.03,6.0,74.0,32386.0,65.02248172664494,99.76494952064547,0.29999999999999716,7.077826086956521,0.42527731558424453,0.9817655709793901,-0.09099378881987619,-0.25106533331380376,60.4,-0.785206254676794,-0.034551738514977615,5.864942372385727,73.9,0.10488088481703292,0.8060190237639646,102.254811933904,73.9,-0.417199999999994,0.40000000000000036,60.4,-0.0025095208862232488,-0.7659543321944646,0,0,0,0,0,0,4.92,4.18,4.84,45.3
1979-09-01,6.128747,99.5482441628863,66.7,87.64820143851466,104.43078032073032,0.0,0.0,142.0,0.0,9.89421052631579,10.263684210526316,10.202631578947368,74.4,51.4597,9.33,5.9,74.0,32386.0,64.20233421206434,99.50735883659537,-0.4000000000000057,7.845000000000001,0.33821481204987486,1.130935520492642,1.2084461152882202,-0.24581652450889635,60.4,-0.7624821102306925,-0.041420965425800205,5.914801844636131,68.4,0.13662601021280793,0.9688481133126525,102.165930178743,68.4,-0.4368000000000052,0.20000000000000018,60.4,-0.0024632380205362736,-0.6618545204003912,0,0,0,0,0,0,4.18,3.78,7.08,89.26
1979-10-01,5.869858,99.2879430213092,62.1,33.99538577801286,53.38794552030425,0.4000000000000057,-20.0,-20.0,-0.0006175507935527458,11.234545454545454,11.701363636363636,11.657727272727273,75.2,51.8334,10.3,6.0,74.4,32366.0,63.32949994829009,99.2577079382611,-0.7999999999999972,7.990952380952381,0.24724135842775807,1.2213690778135804,2.4618398268398263,-0.26030114157710216,60.4,-0.7571829993998023,-0.04308045433224095,5.961521671784232,66.0,0.1471960144388096,1.0457851914564247,102.014781075457,68.1,0.023699999999998056,0.2999999999999998,60.4,-0.002614824035983787,0.14699129680743184,0,0,0,0,0,0,3.78,4.84,10.76,99.54
1979-11-01,5.845224,99.0110015034348,63.3,115.59791349628358,55.74699339276727,0.09999999999999432,0.0,-20.0,0.0,11.216842105263158,11.792631578947368,11.822631578947368,76.0,51.7531,10.65,5.9,74.5,32366.0,62.52323126961499,99.02867057310827,-1.5,8.6435,0.20769653780744793,1.311112181131683,2.2721967963386724,-0.27694151787440546,60.4,-0.783059183960404,-0.06109711739601664,6.010446919411137,68.1,0.17224014243686087,1.0689558768581808,101.821600124367,68.1,0.28470000000000084,-0.09999999999999964,60.4,-0.0027892764161200345,0.4497407201239554,0,0,0,0,0,0,4.84,7.08,45.3,99.44
1979-12-01,6.114708,98.7243781091008,61.0,210.2781568156388,57.70851520251073,0.0,0.0,-20.0,0.0,10.916,12.0355,11.8445,76.9,51.7878,10.39,6.0,74.5,32366.0,61.91424381923906,98.83416276680644,-2.4000000000000057,9.055238095238096,0.20581676371542515,1.2324833270725477,1.7718157894736848,-0.28662339433400064,60.4,-0.8238660537855083,-0.11990637693338613,6.066715390218566,65.8,0.13662601021280643,0.8891943919468593,101.621922129042,66.7,0.32809999999999917,0.09999999999999964,60.4,-0.0028948641058241797,0.07124548760287652,0,0,0,0,0,0,7.08,10.76,89.26,85.86
1980-01-01,6.326556,98.4296101639647,67.0,199.41042208928775,59.31196414311784,2.0999999999999943,11.0,11.0,0.0003398628190076636,10.963181818181818,11.998181818181818,11.844090909090909,78.0,52.0679,10.8,6.3,76.6,32377.0,61.59926787423232,98.68618397940537,-1.4000000000000057,9.055238095238096,0.20012090038710648,1.0611600284863782,0.29681818181818187,-0.29476794513610116,60.4,-0.8583328573445073,-0.24038658764088439,6.134677976067499,60.4,0.11690451944501375,0.23380903889679416,101.445063907594,66.7,0.23450000000000415,0.2999999999999998,60.4,-0.00298576654299465,0.22135381234115492,0,0,0,0,0,0,10.76,45.3,99.54,31.36
1980-02-01,6.541523,98.1096694975889,66.9,307.89562262276013,60.51364734302852,0.10000000000000853,0.0,11.0,0.0,12.456842105263158,12.856315789473685,12.864210526315789,79.0,52.082,12.41,6.3,76.7,32377.0,61.62937858202191,98.59209322693563,-2.299999999999997,9.055238095238096,0.21757074920151395,1.382438556910541,1.0636842105263167,-0.31994066637579976,60.4,-0.9013320058459016,-0.43982176742923684,6.216668275426215,64.5,0.14719601443880506,0.9750213672889128,101.273180280974,67.0,0.3288999999999973,0.39999999999999947,61.0,-0.00325045142252256,1.392844428239874,0,0,0,0,1,1,45.3,89.26,99.44,0.72
1980-03-01,5.894791,97.8046415810218,56.5,414.0605753546042,60.84007849369973,0.5999999999999943,0.0,11.0,0.0,14.03095238095238,15.20095238095238,15.027142857142858,80.1,51.87,12.75,6.3,77.3,32377.0,61.98854469998277,98.55330818838905,-2.799999999999997,9.055238095238096,0.23380471389910099,1.5698629548359206,3.165452380952379,-0.3050279165670986,60.4,-0.9197365280789995,-0.6849606241995616,6.312975847348879,66.7,0.1861898672502577,1.2023587928193726,101.075388793514,67.0,0.08220000000000027,0.2999999999999998,61.0,-0.0031090504955232356,1.6604902383040834,0,0,0,1,1,1,89.26,99.54,85.86,0.12
1980-04-01,5.790051,97.6368603411223,52.7,-383.25895393881365,60.30547238521443,1.0,-756.0,-756.0,-0.023349908885937576,11.974285714285715,13.203333333333333,12.880952380952381,80.9,50.8397,11.47,6.9,78.3,31621.0,62.55442224914998,98.56579313268746,-2.6000000000000085,9.055238095238096,0.22180341350268054,1.7557481354533513,1.205151515151515,-0.16778123989949734,56.5,-0.7927498228423957,-0.8566532118746295,6.421232755059682,62.1,0.18618986725025657,1.3366625103855487,100.837858758468,67.0,-1.228200000000001,0.6000000000000005,56.5,-0.0017154731839644777,0.3733403733452185,0,0,0,1,1,0,99.54,99.44,31.36,0.14
1980-05-01,6.078551,97.6977207026634,51.7,-295.9040582938942,217.30888503409085,0.0,0.0,-756.0,0.0,8.663333333333334,8.577142857142857,8.647619047619047,81.7,49.589,10.18,7.5,78.3,31621.0,63.19831288174352,98.62202887276739,-3.4000000000000057,9.055238095238096,0.3390708770979742,1.9495726027336493,-4.2791729323308285,0.06086036154110275,52.7,-0.4119487949254932,-0.8611742878965885,6.5370765474199946,63.3,0.3488074922742731,1.5315569420267605,100.579266942072,67.0,-2.493000000000002,1.2000000000000002,52.7,0.0006233338651864262,-0.9516442632926747,0,0,0,1,1,1,99.44,85.86,0.72,0.16
1980-06-01,6.479213,98.0206348671815,58.7,-223.85193501078902,291.4254803644895,1.0,0.0,-756.0,0.0,7.535714285714286,7.074285714285715,7.301904761904762,82.5,48.9482,9.78,7.6,79.3,31621.0,63.84219030765778,98.71333163833755,-3.200000000000003,8.577142857142857,0.6995079556366975,1.9639747884566152,-8.126666666666665,0.32291416451809596,51.7,0.21599328615970137,-0.6594875634965547,6.655778164625013,61.0,0.5504543577809139,1.411027994053926,100.310726273117,67.0,-2.9217999999999975,1.2999999999999998,51.7,0.0033052374425486253,-1.3789953327631945,0,0,0,1,1,1,85.86,31.36,0.12,1.02
1980-07-01,6.789402,98.5342830834869,62.3,-471.75151533547614,341.692445442308,0.5,-132.0,-132.0,-0.004174441036020382,7.99909090909091,8.056363636363637,8.061363636363636,82.6,48.6039,10.25,7.8,79.8,31489.0,64.47526834393743,98.83123406910389,-2.799999999999997,7.074285714285715,1.0107235881988068,1.9611955228339712,-5.1469696969696965,0.5136482163053984,51.7,0.8974227423645971,-0.3082439364544314,6.774600701754125,67.0,0.614545902814967,1.0616025621691159,100.045126020709,67.0,-2.2357999999999976,0.8999999999999995,51.7,0.00524020495277755,-1.2139296330114195,0,0,0,1,1,1,31.36,0.72,0.14,4.0
1980-08-01,7.018506,99.1110448394843,67.3,-431.6184823082149,389.1412748833071,0.10000000000000853,0.0,-132.0,0.0,9.385238095238096,9.129999999999999,9.412857142857144,83.2,48.7563,11.1,7.7,79.9,31489.0,65.16060980032559,98.96729511231233,-3.299999999999997,7.074285714285715,1.2555781286706262,2.149048415207332,0.5528571428571425,0.5767617559973957,51.7,1.41332413682089,0.08857655812931853,6.892465007742237,66.9,0.6653319973266435,1.1669047376160677,99.7940606873952,66.9,-0.8326999999999956,0.20000000000000018,51.7,0.005853412009997783,-0.560379280256317,0,0,0,1,1,0,0.72,0.12,0.16,3.44
1980-09-01,7.240799,99.6141938426167,73.7,-405.1334148551832,417.0336807845636,0.0,0.0,-132.0,0.0,10.484285714285713,10.27142857142857,10.574285714285715,83.9,49.5608,11.51,7.5,79.9,31489.0,66.0005900515584,99.11182349221305,-4.0,7.074285714285715,1.4038933198913075,2.205502759970704,3.1971428571428557,0.5031490031324068,51.7,1.5935589754352009,0.420200265550136,7.009559533367879,56.5,0.5830951894845233,1.0206207261617597,99.5482441628863,67.3,0.6126000000000005,-0.09999999999999964,51.7,0.005076618896988627,-0.2779080344354945,0,0,0,0,0,0,0.12,0.14,1.02,2.38
1980-10-01,7.444011,99.9446147075904,75.0,-5.196695211201586,429.199492712994,0.5,501.0,501.0,0.015910317888786496,11.298636363636364,11.620454545454546,11.634545454545455,84.7,50.1908,11.75,7.5,80.4,31990.0,67.03862998842335,99.25268470299363,-4.299999999999997,7.074285714285715,1.4294677995405582,2.140712852100298,3.5640909090909094,0.3304208649737035,51.7,1.410331624103506,0.6107132131801478,7.12581066847617,52.7,0.3162277660168227,0.7687652437541628,99.6141938426167,73.7,1.5869,-0.2999999999999998,51.7,0.0033170058625957566,-0.13738818660992003,0,0,0,0,0,0,0.14,0.16,4.0,2.44
1980-11-01,7.738816,100.076525017395,76.7,-6.119454468247568,410.43889110679186,2.1999999999999886,0.0,501.0,0.0,12.663529411764706,13.728235294117647,13.504117647058823,85.6,51.0311,12.68,7.5,82.6,31990.0,68.23558129862633,99.37526171528935,-3.0,7.074285714285715,1.3827904982478532,2.0606522944892136,4.598235294117648,0.13191030980459573,51.7,0.9654801779107061,0.6445108511326509,7.237400232834502,51.7,0.12649110640669398,0.7266360849864799,99.9446147075904,75.0,2.274799999999999,-0.20000000000000018,51.7,0.0013198340920170804,0.7348459524389721,0,0,0,1,1,0,0.16,1.02,3.44,1.9
1980-12-01,7.594362,100.055224693435,64.5,-20.00452588446933,388.02822257510337,1.6000000000000085,0.0,501.0,0.0,13.227727272727272,15.49409090909091,14.635909090909092,86.4,51.3708,12.84,7.2,84.2,31990.0,69.46314143198019,99.46395181291773,-2.200000000000003,7.074285714285715,1.3385042177118558,2.1495595038522888,5.222662337662339,-0.021300323960005585,51.7,0.44103085081829363,0.5665931333535212,7.335465778025656,58.7,0.12649110640669398,1.1720352668206266,100.076525017395,76.7,1.8100000000000023,-0.2999999999999998,58.7,-0.00021284036347490876,0.6282567908437287,0,0,0,1,1,0,1.02,4.0,2.38,2.38
1981-01-01,7.550431,99.9567972312044,71.4,378.26144667845074,361.2888859217157,2.0,560.0,560.0,0.017505470459518557,12.616190476190477,15.02190476190476,14.078095238095237,87.2,51.0415,12.57,7.5,86.2,32550.0,70.52346051681785,99.50490331874805,-1.0,7.074285714285715,1.3054488343149444,2.27414652655406,3.4014502164502147,-0.09842746223058896,51.7,0.012182523614001184,0.4564825882249295,7.406926047745132,62.3,0.20655911179770525,1.8392027258221086,100.076525017395,76.7,0.8506999999999962,0.0,62.3,-0.0009837313596783304,-0.05630274557701753,0,0,0,1,0,0,4.0,3.44,2.44,4.68
1981-02-01,7.280319,99.8330931240869,66.9,358.2791167701944,385.9984298911487,0.20000000000000284,0.0,560.0,0.0,12.99,14.787777777777778,14.052777777777777,88.0,50.824,13.19,7.4,86.4,32550.0,71.26060024975452,99.48903851184296,-1.5999999999999943,7.074285714285715,1.2175574110970218,2.8092245236430875,1.059542483660131,-0.12370410711750424,51.7,-0.24343189330809878,0.3809530934293832,7.445422463260282,67.3,0.16020819787594334,2.606913884271026,100.076525017395,76.7,-0.20710000000000406,-0.09999999999999964,64.5,-0.0012375757381598573,-0.06127433949474437,0,0,0,0,0,0,3.44,2.38,1.9,48.76
1981-03-01,7.57145,99.7091781730066,66.5,347.31631407923487,408.6642227664905,2.6999999999999886,0.0,560.0,0.0,12.278636363636364,13.358636363636363,12.81090909090909,88.6,51.0826,13.12,7.4,89.1,32550.0,71.60636507539284,99.41391097900122,0.5,7.074285714285715,1.1009766123003886,3.0799940968058346,-2.1354545454545466,-0.1239149510802946,51.7,-0.3460465204283878,0.360417854574294,7.4535415597721055,73.7,0.12110601416386368,2.803152986669116,100.076525017395,76.7,-0.28820000000000334,0.20000000000000018,64.5,-0.0012412211943215734,-0.3628486579107779,0,0,0,0,0,0,2.38,2.44,2.38,82.6
1981-04-01,7.685257,99.553897285993,72.4,-93.46330825002224,429.60986530022564,1.9000000000000057,-314.0,-314.0,-0.009646697388632886,12.785238095238096,13.692380952380953,13.452857142857143,89.1,50.858,13.68,7.2,91.0,32236.0,71.62440659912818,99.28359633838798,1.9000000000000057,7.074285714285715,1.0136223325053848,3.6116813846513893,-1.329523809523808,-0.15528088701360332,51.7,-0.40289994521140216,0.35055166312926644,7.437892920224278,75.0,0.1169045194449647,3.0844232307957276,100.076525017395,76.7,-0.18350000000000222,-0.2999999999999998,64.5,-0.0015573379488111883,0.09393733999118581,0,0,0,0,0,0,2.44,1.9,4.68,93.24
1981-05-01,7.554264,99.3375344650645,76.3,-63.56210686795748,428.35544395195154,0.29999999999999716,0.0,-314.0,0.0,14.2865,16.3045,15.285,89.7,51.1495,14.1,7.5,91.3,32236.0,71.43885510690103,99.10672079436944,1.5999999999999943,7.074285714285715,1.0147621543983156,4.226638108114351,1.5167222222222225,-0.21636282092850934,51.7,-0.49555865902240726,0.3064192620404498,7.40329897166878,76.7,0.13662601021276546,3.084423230795801,100.076525017395,76.7,0.32550000000000523,0.09999999999999964,64.5,-0.0021733234642432597,0.4249007871524988,0,0,0,1,1,0,1.9,2.38,48.76,95.22
1981-06-01,7.605069,99.0751109424422,73.1,-5.242634985159384,420.33493138815766,0.5,0.0,-314.0,0.0,13.218181818181819,14.734090909090908,14.085454545454546,90.5,51.4101,13.47,7.5,91.8,32236.0,71.16064195105214,98.89379327937002,1.2999999999999972,7.074285714285715,1.0354484759209337,4.5411502347467,1.375454545454545,-0.2624235226222993,58.7,-0.6340672305644119,0.22913499154270767,7.352841953461994,64.5,0.13662601021276546,2.8751811537141694,100.076525017395,76.3,0.32750000000000057,0.09999999999999964,64.5,-0.0026417358155248483,-0.28128509141132163,0,0,0,0,0,0,2.38,4.68,82.6,95.2
1981-07-01,7.425051,98.7995711539331,74.1,194.34249348748926,405.146690605661,3.299999999999997,297.0,297.0,0.00921330189849856,13.906818181818181,14.946363636363635,14.735454545454546,91.5,51.7471,14.28,7.2,95.1,32533.0,70.85324486732047,98.65513743576803,3.5999999999999943,8.056363636363637,0.989419079790582,4.750087718487701,1.2539826839826826,-0.2755397885090929,62.3,-0.7543261320599015,0.14763039748532947,7.289483244360184,71.4,0.1169045194449647,2.4979991993607165,100.076525017395,76.3,0.8891000000000062,0.0,66.5,-0.0027811201611388503,0.22237748707622806,0,0,0,0,0,0,4.68,48.76,93.24,92.18
1981-08-01,7.451368,98.514402783159,77.2,297.56004647041846,381.3125954570163,0.7000000000000028,0.0,297.0,0.0,14.699523809523809,15.506190476190476,15.516190476190475,92.2,51.6826,14.94,7.4,95.8,32533.0,70.53603635555751,98.4000207009676,3.5999999999999943,9.129999999999999,0.8511160553626363,5.196407558606774,-0.7983095238095252,-0.28516837077410173,64.5,-0.8231316819054939,0.07108398880109235,7.217116805278403,66.9,0.13662601021276546,2.899252777298628,100.076525017395,76.3,0.5330999999999975,-0.09999999999999964,66.5,-0.0028863320705087014,0.7337200770459642,0,0,0,1,1,0,48.76,82.6,95.22,12.28
1981-09-01,6.770684,98.1969887186499,73.1,412.22653240819636,331.8743258847109,-0.09999999999999432,0.0,297.0,0.0,14.52904761904762,14.704761904761906,14.915714285714287,93.1,51.4337,15.32,7.6,95.7,32533.0,70.18299660502967,98.13684328778102,2.6000000000000085,10.27142857142857,0.6133856838857918,5.386487020706191,-0.029329004329001762,-0.3174140645090944,64.5,-0.878122223792289,-0.015009418211406,7.138054728045002,66.5,0.13662601021276546,2.5789532760419513,100.076525017395,77.2,0.02360000000000184,0.09999999999999964,66.5,-0.003222006686755874,1.060641594806329,0,0,0,0,0,1,82.6,93.24,95.2,55.84
1981-10-01,6.873013,97.8589966856836,70.3,-39.91640932658265,241.59399638756446,3.200000000000003,-438.0,-438.0,-0.01346325269726123,13.621904761904762,13.543333333333335,13.822380952380952,93.4,51.0281,15.15,7.9,98.9,32095.0,69.73331140851789,97.87386674795746,5.5,11.620454545454546,0.42416752872338426,5.203378855623053,-1.4030303030303006,-0.337992032966298,64.5,-0.9405744682494941,-0.0955808982427584,7.051401381439326,72.4,0.16733200530679004,2.3088958400083266,100.076525017395,77.2,-0.7190000000000012,0.7000000000000002,72.4,-0.0034419796103392075,0.9599206043692341,0,0,0,0,0,1,93.24,95.22,92.18,65.66
1981-11-01,7.080006,97.5213810511412,62.5,80.29179239805671,229.88692872715632,0.09999999999999432,0.0,-438.0,0.0,11.201666666666666,10.857222222222223,11.296666666666667,93.8,50.435,13.39,8.3,99.0,32095.0,69.16884697809977,97.61982452049642,5.200000000000003,13.358636363636363,0.3033793288871645,5.120569037980106,-4.648968253968253,-0.3376156345424022,64.5,-0.9930217320177945,-0.1615041478180359,6.95825131486562,76.3,0.2316606713852333,2.826776727418482,100.076525017395,77.2,-1.2475999999999985,0.9000000000000004,70.3,-0.0034500214183351696,-0.6287854499125132,0,0,0,1,1,0,95.22,95.2,12.28,68.82
1981-12-01,7.111047,97.2106701825971,64.3,201.91181891981978,217.16651549939584,0.20000000000000284,0.0,-438.0,0.0,11.565,10.84590909090909,11.517727272727273,94.1,49.8987,13.72,8.5,99.2,32095.0,68.50783027560347,97.3839634482525,5.1000000000000085,10.857222222222223,0.3772215766334789,4.955338413052303,-3.858852813852815,-0.31071086854410623,62.5,-0.9863185360528064,-0.20962610128160009,6.863988252406418,73.1,0.39370039370057697,2.682349716201894,100.055224693435,77.2,-1.5350000000000037,0.9000000000000004,62.5,-0.003186079454526647,-0.30373864061980704,0,0,0,1,1,0,95.2,92.18,55.84,71.44
1982-01-01,6.725087,96.9204118241502,71.0,-408.2642785808712,203.24257785746713,0.20000000000000284,-566.0,-566.0,-0.017635145661317964,12.7685,12.2765,12.8275,94.4,48.8685,14.59,8.6,99.4,31529.0,67.84579857444886,97.17555284599321,5.0,10.84590909090909,0.5192821556688014,4.681774786500073,-1.2668333333333344,-0.2902583584469056,62.5,-0.938584861533414,-0.265090335712145,6.78016400784113,74.1,0.5115336417740814,1.9343388189961315,99.9567972312044,77.2,-2.1596000000000046,0.6999999999999993,62.5,-0.0029858693279419812,0.5270093712305517,0,0,0,0,0,0,92.18,12.28,65.66,72.18
1982-02-01,6.552295,96.6448477508578,66.5,-279.2099907627744,302.8202161893159,0.09999999999999432,0.0,-566.0,0.0,13.107222222222223,13.481111111111112,13.610555555555557,94.7,49.8636,14.43,8.9,99.5,31529.0,67.31412342932711,97.00323131471937,4.799999999999997,10.84590909090909,0.8162148630419537,4.406701164307329,2.6238888888888887,-0.2755640732923865,62.5,-0.8765333002833984,-0.33680030340045164,6.719247759577381,77.2,0.49295030175463456,1.7515707236674312,99.8330931240869,77.2,-0.5714000000000041,0.5999999999999996,62.5,-0.0028431995707195457,0.17270748696625837,0,0,0,0,0,0,12.28,55.84,68.82,70.68
1982-03-01,6.324361,96.4205531968184,62.0,-148.91894838671578,355.3843843019542,0.5,0.0,-566.0,0.0,12.465652173913043,12.67782608695652,12.771739130434783,94.7,49.5323,13.86,9.0,100.0,31529.0,67.00126352016011,96.87474418737361,5.299999999999997,10.84590909090909,0.8664765223955708,3.8321210204198546,1.831916996047429,-0.22429455403940324,62.5,-0.7901169857786954,-0.4026830242673043,6.690913740916422,73.1,0.47749345545251504,1.4469508169511693,99.7091781730066,73.1,-0.3663999999999987,0.5,62.5,-0.0023208123273950054,-0.18355106866291493,0,0,0,0,0,0,55.84,65.66,71.44,67.36
1982-04-01,6.631616,96.2782835162444,65.5,-64.6081235460806,380.9218781749793,0.0,74.0,74.0,0.0023470455770877585,12.496190476190478,12.703333333333333,12.8,95.0,49.075,13.87,9.3,100.0,31603.0,66.94140248444818,96.79707542376305,5.0,10.84590909090909,0.931698949947046,3.4547617555876085,0.42683333333333273,-0.14226968057400313,62.0,-0.6421283079057929,-0.44851820388834085,6.700028769561353,70.3,0.4033195589934206,0.3983298465792113,99.553897285993,71.0,0.20650000000000546,0.7000000000000011,62.0,-0.0014755119718469212,0.17151424429349404,0,0,0,0,0,0,65.66,68.82,72.18,63.74
1982-05-01,6.641652,96.2257340877204,67.5,48.925818131454434,403.28458257796814,0.0,0.0,74.0,0.0,11.984,12.088,12.1645,95.9,48.7483,13.62,9.4,100.0,31603.0,67.11927644965235,96.7764988096162,4.099999999999994,10.84590909090909,1.0336601098651224,3.140485872463581,-1.3931111111111125,-0.052549428524002906,62.0,-0.4191136631374093,-0.4796518092968398,6.746227680333321,62.5,0.36696957185391516,0.4119061381866755,99.3375344650645,71.0,-1.1152999999999977,0.5,62.0,-0.0005458077003952511,0.24963762580147453,0,0,0,0,0,0,68.82,71.44,70.68,34.04
1982-06-01,6.248705,96.2653990702421,65.7,146.08593488263432,417.25817710773856,0.0,0.0,74.0,0.0,12.567272727272728,12.465909090909092,12.69818181818182,97.0,48.6214,14.3,9.6,100.0,31603.0,67.50790730705499,96.81827513032478,3.0,10.84590909090909,1.1268948813600501,2.6324317597401508,-0.21191699604742809,0.0396649825216997,62.0,-0.15515412657630634,-0.5023197260221224,6.825416808545561,64.3,0.36193922141704704,0.3600925807009941,99.0751109424422,71.0,-0.910899999999998,0.5999999999999996,62.0,0.0004122076375696615,1.2674010882962747,0,0,0,1,1,1,71.44,72.18,67.36,14.02
1982-07-01,6.221205,96.3842614040128,65.4,-173.46445664749626,423.6735449929749,-0.5,-201.0,-201.0,-0.0063601556814226745,11.895238095238096,11.349047619047619,11.881428571428572,97.5,48.4616,13.95,9.8,99.5,31402.0,68.09969401951072,96.92610785560296,2.0,10.84590909090909,1.166318468482505,1.8676674806221027,-1.354285714285714,0.1188623337707071,62.0,0.10597788776840389,-0.5274296012074018,6.9332545934363985,71.0,0.36696957185391227,0.2857738033409234,98.7995711539331,71.0,-0.6134000000000057,0.5,62.0,0.0012347357920781121,1.031281461660413,0,0,0,0,0,1,72.18,70.68,63.74,1.08
1982-08-01,6.230021,96.569011275009,65.4,-114.15197102397724,405.1588072479229,-1.0,0.0,-201.0,0.0,10.371818181818183,8.679545454545455,9.88090909090909,97.7,48.0192,13.06,9.8,98.5,31402.0,68.93914246202321,97.10155573083709,0.7999999999999972,10.84590909090909,1.1236979215016074,1.5302010166989668,-3.4084545454545445,0.18474987099619966,62.0,0.34327718728860646,-0.5568029427360983,7.069651995747421,66.5,0.34448028487366633,0.2581988897651224,98.514402783159,67.5,-0.7291000000000025,0.40000000000000036,62.0,0.0019168053819678121,0.3810166739252612,0,0,0,0,0,0,70.68,67.36,34.04,2.14
1982-09-01,6.952616,96.8247827686046,69.3,-75.85641589139777,359.75938928883795,0.0,0.0,-201.0,0.0,9.91952380952381,7.920476190476189,9.373809523809523,97.7,47.9008,12.34,10.1,98.5,31402.0,70.08648779688157,97.34341261729908,0.7999999999999972,8.679545454545455,1.0629356337588496,1.1912242238581667,-4.545432900432902,0.2557714935956028,62.0,0.5593836983625096,-0.5697075496999418,7.235747113957091,62.0,0.31251666622220564,0.6055300708271252,98.1969887186499,67.5,-0.7206000000000046,0.5,62.0,0.0026485876806505715,-0.044519776959381474,0,0,0,1,0,0,67.36,63.74,14.02,0.18
1982-10-01,7.53648,97.1469802400446,73.4,-269.4596196363527,274.44261695237543,0.0,-65.0,-65.0,-0.002069931851474416,8.629,7.710500000000001,8.2895,98.1,47.4371,10.91,10.4,98.5,31337.0,71.58046766945434,97.64720638778518,0.4000000000000057,7.920476190476189,0.9628408158102268,0.5658862718944062,-3.6385476190476185,0.322197471439992,62.0,0.7627188360317945,-0.5567716177610436,7.430409677805043,65.5,0.2943920288775499,0.7359800722002228,97.8589966856836,69.3,-1.0244999999999962,0.5999999999999996,65.4,0.0033276343331436475,-1.0180183189986725,0,0,0,0,0,1,63.74,34.04,1.08,0.02
1982-11-01,7.897333,97.5480387189615,72.1,-268.2022567801905,250.7372613755251,-0.4000000000000057,0.0,-65.0,0.0,8.443684210526316,8.066315789473684,8.33736842105263,98.0,47.283,10.55,10.8,98.1,31337.0,73.38175114059429,98.00510960488259,0.09999999999999432,7.710500000000001,0.9005234892949421,0.6067174470850066,-0.6132296650717706,0.4010584789168945,62.0,0.9790274439524893,-0.5015954713765751,7.648638754712882,67.5,0.35637059362407036,0.7527726527151392,97.5213810511412,73.4,-0.7361999999999966,1.0,65.4,0.004128367942327182,-0.8540064402435696,0,0,0,0,0,0,34.04,14.02,2.14,0.02
1982-12-01,7.951669,98.0371840717893,71.9,-285.05509020636964,204.24025884485465,-0.19999999999998863,0.0,-65.0,0.0,8.228181818181818,7.9368181818181816,8.155909090909091,97.7,46.9485,10.54,10.8,97.9,31337.0,75.37186234165769,98.40652284714848,0.20000000000000284,7.710500000000001,0.8729893662352541,0.7010814157474587,0.016341991341992212,0.4891453528278049,62.0,1.2124013031846914,-0.39709966354277526,7.882302505253817,65.7,0.44907311951021717,0.731436941922577,97.5480387189615,73.4,-0.9522999999999939,0.7000000000000011,65.4,0.005014404792258675,-0.631410245853127,0,0,0,0,0,0,14.02,1.08,0.18,0.0
1983-01-01,8.244418,98.6016554894088,70.4,-170.13375856892526,108.87367575503626,-3.1000000000000085,349.0,349.0,0.011136994607014117,8.012857142857143,7.856190476190475,7.930952380952381,97.9,47.8234,10.46,10.4,94.8,31686.0,77.42302548961884,98.83912142514929,-3.1000000000000085,7.710500000000001,0.9019806392378078,0.8050503466227429,0.1456904761904747,0.5644714176195009,62.0,1.4546752493642003,-0.250522226351066,8.122962192063527,65.4,0.45789372857316635,0.5513619500917472,98.0371840717893,73.4,0.38629999999999853,0.0,65.4,0.005757727774047039,-0.5870146900236666,0,0,0,0,0,0,1.08,2.14,0.02,0.02
1983-02-01,8.391662,99.2146613320764,74.6,-226.771593711288,125.1238174635588,-2.0999999999999943,0.0,349.0,0.0,8.281578947368422,8.113684210526316,8.225263157894737,98.0,47.5233,10.72,10.4,92.7,31686.0,79.44139652920816,99.28980468916157,-5.299999999999997,7.710500000000001,0.902729515346669,1.4863775367683751,0.047368421052631504,0.6130058426676044,62.0,1.6666226131149102,-0.06938730385959957,8.36151196294349,65.4,0.3920034013457483,1.451091543175511,98.6016554894088,73.4,0.24029999999999774,-0.40000000000000036,65.4,0.006216993412787586,-0.4306532000412826,0,0,0,0,0,0,2.14,0.18,0.02,0.06
1983-03-01,8.66558,99.8457499016385,80.8,-303.6235545788877,138.14844343649162,0.20000000000000284,0.0,349.0,0.0,8.35695652173913,8.348695652173914,8.366521739130436,98.1,47.9244,10.51,10.3,92.9,31686.0,81.38265051689086,99.74526939940198,-5.199999999999989,7.710500000000001,0.7810640172318839,2.2729469590774594,0.41187747035573263,0.6310885695620954,62.0,1.8085658298492007,0.1251479739840562,8.586182552939647,69.3,0.2714160398109059,2.427962108437572,99.2146613320764,74.6,0.9758999999999958,-0.5,69.3,0.0063608398304138,-0.5036859327200087,0,0,0,0,0,0,0.18,0.02,0.0,0.0
1983-04-01,8.972832,100.461906871589,89.1,122.04671126395624,148.7969941034674,-0.20000000000000284,654.0,654.0,0.020640030297292222,8.2925,8.212,8.296000000000001,98.8,48.5311,10.4,10.2,92.7,32340.0,83.25403869987298,100.1922724853796,-6.099999999999994,7.710500000000001,0.6411055905083687,2.6559823840218075,0.35580952380952446,0.6161569699504952,65.4,1.860251382180195,0.30661671994370465,8.786571463015113,73.4,0.22286019533921905,2.6835921200277593,99.8457499016385,80.8,0.7077000000000027,-0.20000000000000107,70.4,0.00617108860975546,-0.5312433459643398,0,0,0,0,0,0,0.02,0.02,0.02,0.0
1983-05-01,9.369154,101.028436067551,93.3,12.664545080257085,283.317187596437,-0.10000000000000853,0.0,654.0,0.0,8.225238095238096,8.191904761904762,8.218571428571428,99.2,48.8239,10.38,10.1,92.6,32340.0,85.09076960760325,100.61782250513751,-6.6000000000000085,7.710500000000001,0.5722172189659153,2.8864757792564832,0.07822055137844686,0.5665291959620049,65.4,1.8137747354745954,0.4488437362997928,8.957364856892564,72.1,0.25625508125037283,2.5657357619225327,100.461906871589,89.1,1.3006000000000029,-0.3000000000000007,70.4,0.00563924390451942,-0.6123503431660566,0,0,0,0,0,0,0.02,0.0,0.06,0.04
1983-06-01,9.549047,101.512825620802,92.2,-108.77205798947762,360.78647256729136,0.0,0.0,654.0,0.0,8.871818181818183,8.792272727272728,8.887272727272729,99.4,49.123,10.85,10.1,92.6,32340.0,86.91482516183525,101.00948757451037,-6.800000000000011,7.710500000000001,0.5823105686902468,2.978241803886364,0.4435770750988137,0.4843895532510061,65.4,1.6670757191635062,0.5298500782969597,9.095846812205464,71.9,0.2422120283277358,2.115340792088753,101.028436067551,93.3,1.198599999999999,-0.20000000000000107,70.4,0.00479458627793794,-0.19877982811997263,0,0,0,0,0,0,0.0,0.02,0.0,0.02
1983-07-01,9.58049,101.898757611229,92.8,108.7634936133145,414.53021054467155,-0.3999999999999915,566.0,566.0,0.017501546072974605,9.338,9.0805,9.258,99.8,49.8546,11.38,9.4,92.2,32906.0,88.72202358204449,101.35585535765665,-7.599999999999994,7.710500000000001,0.6496627112651261,2.928892126880283,0.8685000000000009,0.38593199042699666,65.4,1.4368507396400076,0.5498083172446542,9.202474158771992,70.4,0.13784048752079248,0.8642916174577864,101.512825620802,93.3,1.3234999999999957,-0.7999999999999989,70.4,0.003801805220836174,0.07451159533600205,0,0,0,0,0,0,0.02,0.06,0.0,0.0
1983-08-01,9.305114,102.186704552189,90.9,-24.305777711582778,530.3205648612955,0.0,0.0,566.0,0.0,9.599565217391303,9.343478260869565,9.506521739130434,100.1,50.4443,11.85,9.5,92.2,32906.0,90.43283981586161,101.64714686431499,-7.8999999999999915,7.710500000000001,0.8395906139389643,2.8416811072222528,1.1515734989648028,0.28794694095999773,65.4,1.1582684846380005,0.5281156837912988,9.277564869546744,74.6,0.3544949458971695,0.23166067140185262,101.898757611229,93.3,1.6203999999999965,-0.5999999999999996,74.6,0.0028258140502417373,0.3633406838982651,0,0,0,0,0,0,0.06,0.0,0.04,0.0
1983-09-01,9.5762,102.396916154582,89.9,-157.76803335306613,596.9686238642922,0.09999999999999432,0.0,566.0,0.0,9.272857142857143,8.995238095238095,9.145238095238096,100.4,51.178,11.65,9.2,92.3,32906.0,91.92360396425644,101.87600867325234,-8.100000000000009,7.710500000000001,1.0768755288076222,2.7503581034043916,0.20296536796536735,0.2102116023930023,69.3,0.8840905337799967,0.5010262049840577,9.320442144248362,80.8,0.38297084310249774,0.2804757862531704,102.186704552189,93.3,2.0549999999999997,-0.9000000000000004,80.8,0.002057132611470447,-0.022715622462156304,0,0,0,0,0,0,0.0,0.0,0.02,0.06
1983-10-01,9.584584,102.537299842189,89.3,151.84828429589106,630.2620126146584,0.7999999999999972,607.0,607.0,0.018446483923904466,8.977,8.635,8.8335,100.8,51.5693,11.54,8.8,93.1,33513.0,93.09037975584324,102.03826269771858,-7.700000000000003,7.710500000000001,1.3475663623392775,2.5334579315437074,-0.4455000000000009,0.14038368760699882,70.4,0.6385422309599988,0.4846058053920359,9.33107714136829,89.1,0.43243496620876104,0.225092573565425,102.396916154582,93.3,1.7147000000000006,-0.5999999999999996,89.1,0.0013709757371507258,-0.10196053839043806,0,0,0,0,0,0,0.0,0.04,0.0,0.02
1983-11-01,9.448442,102.613305055485,91.1,27.245727860739862,709.1530746834133,0.10000000000000853,0.0,607.0,0.0,9.082105263157894,8.76421052631579,8.932105263157895,101.1,51.7993,11.69,8.5,93.2,33513.0,93.91912348828274,102.13339604552421,-7.8999999999999915,7.856190476190475,1.544111927760985,2.1337653445136104,-0.5792677345537758,0.07600521329599985,70.4,0.42660050329600097,0.477942799842225,9.312873438349042,93.3,0.5115336417740675,0.34641016152482584,102.537299842189,93.3,1.355000000000004,-1.0,89.3,0.0007412445365049258,0.17084800560643387,0,0,0,0,0,0,0.04,0.02,0.0,0.02
1983-12-01,9.400146,102.626942813932,94.2,-88.97130634717905,732.6826745015454,1.5999999999999943,0.0,607.0,0.0,9.238571428571428,8.996190476190476,9.173809523809524,101.4,52.0594,11.83,8.3,94.8,33513.0,94.52306678710181,102.16459954423199,-6.6000000000000085,7.856190476190475,1.6555110803604272,1.6160183017243326,0.0009523809523805937,0.01363775844700399,70.4,0.23002665935000266,0.46749316360697435,9.27503227370515,92.2,0.5612486080160694,0.45166359163395625,102.613305055485,92.8,0.8813999999999993,-0.8999999999999986,89.3,0.00013290438739521626,0.11461266884080956,0,0,0,0,0,0,0.02,0.0,0.06,0.04
1984-01-01,9.531851,102.582308835901,100.1,175.96226473670686,706.4047416959178,-1.0999999999999943,590.0,590.0,0.017605108465371666,9.072380952380954,8.903333333333332,9.014761904761905,102.1,53.0985,11.67,8.0,93.7,34103.0,95.04994032185999,102.13828009439943,-8.399999999999991,7.856190476190475,1.6543143563712808,0.8948929172399541,0.26833333333333265,-0.04463397803100122,70.4,0.04500899371200262,0.44779057275678724,9.230066365557985,92.8,0.4929503017546268,1.0053191864649054,102.626942813932,94.2,1.529200000000003,-0.8000000000000007,89.3,-0.0004349148167838157,-0.2661657911228996,0,0,0,0,0,0,0.0,0.0,0.02,0.1
1984-02-01,8.972541,102.468703710749,97.4,78.04797294730815,761.0692637611709,1.8999999999999915,0.0,590.0,0.0,9.200526315789475,9.087894736842106,9.18421052631579,102.6,53.3318,11.84,7.8,95.6,34103.0,95.58442133317563,102.06313951591746,-7.0,8.113684210526316,1.7987442086370131,0.7371114795784016,0.32368421052631646,-0.11360512515200583,74.6,-0.14460134473600306,0.40749052454610535,9.18939924201578,90.9,0.5636192568273777,0.9621157241592804,102.626942813932,100.1,1.5324999999999989,-0.7000000000000002,89.3,-0.0011074533849081414,-0.389031716573097,0,0,0,0,0,0,0.0,0.06,0.02,0.18
1984-03-01,8.978227,102.279042769959,101.0,-9.248086428895476,755.6002380204064,0.5,0.0,590.0,0.0,9.671818181818182,9.516818181818183,9.655454545454544,102.9,53.5929,12.32,7.8,96.1,34103.0,96.1307954185962,101.94896652163683,-6.800000000000011,8.191904761904762,1.8060013787367695,1.0629789473066276,0.5206277056277067,-0.18966094078999163,80.8,-0.3479000439729987,0.32999276831834834,9.16053473409706,89.9,0.5163977794943031,1.2122980931580765,102.626942813932,100.1,1.5335000000000036,-0.5000000000000009,89.3,-0.00185091578132357,0.046387103541189134,0,0,0,0,0,0,0.06,0.02,0.04,0.12
1984-04-01,8.978723,102.021973875108,96.1,226.29801041784958,688.566297065177,0.0,519.0,519.0,0.015218602468991094,9.947,9.693999999999999,9.8405,103.3,53.91,12.63,7.7,96.1,34622.0,96.629323103416,101.80547377646808,-7.200000000000003,8.191904761904762,1.770749983442815,1.3538665168499229,0.7906666666666666,-0.2570688948510025,89.1,-0.5603349607929999,0.212910317990179,9.146312866182962,89.3,0.4049691346263093,1.2734467663294389,102.626942813932,101.0,0.8114999999999952,-0.2999999999999998,89.3,-0.0025134073206882768,0.2745592076636676,0,0,0,0,0,0,0.02,0.02,0.1,0.06
1984-05-01,8.919742,101.726849100344,98.1,161.50405026701628,738.1266623665977,0.0,0.0,519.0,0.0,10.573636363636364,9.834090909090909,10.306363636363637,103.5,54.2026,13.41,7.4,96.1,34622.0,97.00063505146157,101.64160861098972,-7.400000000000006,8.191904761904762,1.737086144738222,1.5323531122423406,0.7461961722488031,-0.29512477476400534,89.3,-0.7418546104049994,0.07638574745210747,9.14863929713332,91.1,0.31885210782845635,1.2416387021493258,102.626942813932,101.0,0.8707999999999956,-0.39999999999999947,91.1,-0.0028927569576853163,0.8924432069749031,0,0,0,0,0,0,0.02,0.04,0.18,0.06
1984-06-01,8.742867,101.417608388503,95.5,107.7249978005566,732.5547864501187,0.0,0.0,519.0,0.0,10.927142857142858,9.868095238095238,10.505238095238095,103.7,54.4014,13.56,7.2,96.1,34622.0,97.17724859245332,101.4654153795054,-7.6000000000000085,8.635,1.6574927809840398,1.6320650610894827,0.3512770562770555,-0.30924071184099944,89.3,-0.8614343814560073,-0.06222455614340561,9.170796137038169,94.2,0.301109061083606,0.9757048734164215,102.626942813932,101.0,0.8085000000000022,-0.5999999999999996,94.2,-0.0030399124181657022,1.0296906865026294,0,0,0,0,0,1,0.04,0.1,0.12,0.2
1984-07-01,8.625086,101.126169136277,96.6,71.44368385063717,670.4775774159988,0.10000000000000853,249.0,249.0,0.007191958870082615,10.889047619047618,10.115238095238094,10.524761904761906,104.1,54.5521,13.36,7.5,96.2,34871.0,97.14000970120651,101.28422702621796,-7.8999999999999915,8.635,1.5148925527201305,1.6713948085515828,0.4212380952380954,-0.29143925222599876,89.3,-0.8958047388310035,-0.17383690806147456,9.215880809850562,100.1,0.2949576240750276,0.9600347215988023,102.626942813932,101.0,0.6421000000000063,-0.20000000000000018,95.5,-0.0028736553430600553,0.7355945187695863,0,0,0,0,0,0,0.1,0.18,0.06,0.14
1984-08-01,9.317769,100.871453437502,99.1,37.64579729636171,675.9503915359547,0.20000000000000284,0.0,249.0,0.0,10.711304347826088,10.466521739130433,10.610869565217392,104.4,54.6083,12.72,7.5,96.4,34871.0,96.92789730756311,101.10481504550489,-8.0,8.635,1.383499543209041,1.6142124451800979,0.6324308300395245,-0.25471569877500144,89.3,-0.8553956628419996,-0.24273492031308308,9.284836837703319,97.4,0.24221202832777028,0.21602468996719984,102.626942813932,101.0,0.40570000000000306,0.09999999999999964,95.5,-0.002518791139331622,0.09552133244455518,0,0,0,0,0,0,0.18,0.12,0.06,0.16
1984-09-01,9.475889,100.6702707809,100.9,13.611601353222795,637.0041387045188,-0.20000000000000284,0.0,249.0,0.0,10.512631578947369,10.368947368421052,10.466842105263158,104.7,54.4466,12.52,7.3,96.2,34871.0,96.60989387905126,100.93333945332648,-8.5,8.635,1.2415538961191737,1.4912624304112414,0.5008521303258142,-0.20118265660200052,89.3,-0.7473376076030007,-0.2578412368102363,9.37776242758354,101.0,0.21369760566429613,0.12110601420022438,102.626942813932,101.0,0.045199999999994134,0.09999999999999964,95.5,-0.001994445898676922,-0.08594469051878129,0,0,0,0,0,0,0.12,0.06,0.2,0.1
1984-10-01,9.416708,100.529125255017,96.3,-3.5674979560280917,544.183980419171,0.20000000000000284,201.0,201.0,0.005764101975853864,9.92909090909091,9.736363636363636,9.865909090909092,105.1,54.4406,12.16,7.4,96.4,35072.0,96.26678629792632,100.7751194739577,-8.699999999999989,8.635,1.1112543179173249,1.262753124936848,-0.37887445887445814,-0.14114552588300455,89.3,-0.5970438812600065,-0.2209116707783636,9.493429522038902,96.1,0.1751190071541458,0.116904519482652,102.626942813932,100.9,-0.11149999999999949,-0.09999999999999964,95.5,-0.0014020576758971837,-0.11731175067795441,0,0,0,0,0,0,0.06,0.06,0.14,0.22
1984-11-01,9.498795,100.434152733335,95.7,-13.760139428384718,531.0801742811876,-0.10000000000000853,0.0,201.0,0.0,9.00842105263158,8.608421052631579,8.810526315789474,105.3,54.624,11.57,7.2,96.3,35072.0,95.93750139888279,100.63426225862175,-9.0,8.76421052631579,0.9657106192986872,1.0872191382318912,-1.8581006864988545,-0.09497252168199566,91.1,-0.43730070416700073,-0.16017821844484104,9.627287234642894,98.1,0.11690451944494787,0.13662601024506718,102.626942813932,100.9,0.01570000000000249,-0.2999999999999998,95.5,-0.0009447264306844394,-0.22669637780631824,0,0,0,0,0,0,0.06,0.2,0.16,0.1
1984-12-01,9.382779,100.363791105905,92.9,-21.470008817253984,480.7604692435212,0.10000000000000853,0.0,201.0,0.0,8.595,8.056999999999999,8.284,105.5,54.6416,11.5,7.3,96.4,35072.0,95.61775244731611,100.51327210837643,-9.099999999999994,8.608421052631579,0.7870712452824645,0.8026471355674246,-2.3119473684210536,-0.07036162743000318,94.2,-0.3064796749950034,-0.11137611165899841,9.769838852809503,95.5,0.13784048752085792,0.1211060142003483,102.626942813932,100.9,0.19500000000000028,0.0,95.5,-0.0007005747100472526,-0.12746133163891393,0,0,0,0,0,0,0.2,0.14,0.1,0.56
1985-01-01,9.815166,100.309502274723,96.0,7.826401044301747,378.66824049951094,-0.10000000000000853,274.0,274.0,0.0078125,8.327142857142857,7.756190476190476,8.002857142857144,105.7,54.6322,11.38,7.3,96.3,35346.0,95.27789363759032,100.41284202007365,-9.400000000000006,8.056999999999999,0.5409848527528804,0.746304024484542,-1.9801731601731607,-0.054288831181992236,92.9,-0.21962298029399108,-0.08268330775183586,9.912007636792985,96.6,0.12110601416384881,0.09831920806999261,102.582308835901,100.9,0.191599999999994,-0.10000000000000053,92.9,-0.000540920491182928,-0.06743644534783932,0,0,0,0,0,0,0.14,0.16,0.22,0.4
1985-02-01,10.37154,100.258240757282,93.7,-1.9797015845906571,380.36787416436675,0.0,0.0,274.0,0.0,8.563333333333333,8.265,8.393333333333333,106.3,54.7825,11.51,7.2,96.3,35346.0,94.87447333612351,100.33202073048315,-10.0,7.756190476190476,0.4407919102082302,0.2208797835473837,-0.3434210526315784,-0.05126151744100582,92.9,-0.17591197605300124,-0.07493449749026126,10.048918818235487,99.1,0.10327955589880596,0.08164965814696264,102.468703710749,100.9,0.15849999999999653,0.0,92.9,-0.0005110335140594557,0.20293129701098067,0,0,0,0,0,0,0.16,0.1,0.1,0.04
1985-03-01,10.29142,100.215928749672,93.7,-13.392411493907275,350.0856605122673,-2.0,0.0,274.0,0.0,9.058095238095238,8.516666666666666,8.899047619047618,106.8,54.8653,11.86,7.2,94.3,35346.0,94.42420134836388,100.26868835528748,-12.5,7.756190476190476,0.3450284678621739,0.12401124090512629,0.4596666666666671,-0.04231200760999343,92.9,-0.1478623562329915,-0.07464988454565002,10.182199020152744,100.9,0.07527726527082948,0.07527726532964882,102.279042769959,100.9,0.2237000000000009,-0.09999999999999964,92.9,-0.0004220302220585559,0.7732940761369491,0,0,0,0,0,0,0.1,0.22,0.56,0.1
1985-04-01,10.36456,100.181526187385,94.6,-69.97041465355869,277.543485535092,0.10000000000000853,236.0,236.0,0.0066768516946755785,8.443809523809524,7.946666666666666,8.233333333333334,107.0,54.7459,11.43,7.3,94.4,35582.0,93.9838685845067,100.22010680997374,-12.599999999999994,7.756190476190476,0.25801480342575306,0.5759708536328145,0.1904761904761907,-0.03440256228699923,92.9,-0.12797608733799848,-0.07683044408467765,10.317446157237155,96.3,0.08164965809270051,0.834266144589812,102.021973875108,96.3,0.11370000000000147,0.0,92.9,-0.0003432843732150692,0.44200449423511223,0,0,0,0,0,0,0.22,0.1,0.4,0.18
1985-05-01,10.59652,100.151126911305,91.8,-81.86526581506769,302.87925136663756,-0.20000000000000284,0.0,236.0,0.0,7.8536363636363635,7.479545454545455,7.649090909090909,107.2,54.8255,10.85,7.2,94.2,35582.0,93.62211460984437,100.18339278651787,-13.0,7.756190476190476,0.18377176782755042,0.7549834435218643,-0.7854545454545452,-0.030399276080004256,92.9,-0.10711384597699691,-0.080386411496562,10.46126659822345,95.7,0.054772255750409525,1.0211105065933415,101.726849100344,96.0,0.04299999999999926,0.0,92.9,-0.00030344193422593424,-0.1649597365347013,0,0,0,0,0,0,0.1,0.56,0.04,0.12
1985-06-01,10.84758,100.124970291898,96.5,-93.22559986410488,304.10139606753773,-1.0,0.0,236.0,0.0,7.2705,6.954000000000001,7.093500000000001,107.5,54.7989,10.16,7.4,93.2,35582.0,93.38840010588159,100.15585916495885,-14.299999999999997,7.479545454545455,0.1533720906187442,0.9049945588274733,-1.562666666666665,-0.0261566194070042,91.8,-0.09095845777400768,-0.07863045561521176,10.620714679524646,92.9,0.054772255750409525,1.1160943807202002,101.417608388503,96.0,-0.06639999999999446,0.20000000000000018,91.8,-0.00026117149365845194,-0.6638519223530626,0,0,0,0,0,0,0.56,0.4,0.1,0.1
1985-07-01,11.05607,100.092983504341,94.0,93.42816788261553,281.52413912202917,0.0,451.0,451.0,0.012674948007419529,7.3127272727272725,7.082727272727272,7.194999999999999,107.7,54.5396,10.31,7.4,93.2,36033.0,93.2874276882556,100.13522624678662,-14.5,6.954000000000001,0.1418890547666796,1.165020483624637,-0.8639393939393942,-0.03198678755698836,91.8,-0.08854268304399682,-0.07560874661416506,10.800344508122917,96.0,0.08164965809270051,1.2512660255417507,101.126169136277,96.5,-0.20629999999999882,0.10000000000000053,91.8,-0.0003194686346845721,-0.3643644743562273,0,0,0,0,0,0,0.4,0.04,0.18,0.1
1985-08-01,10.80291,100.064151003566,92.4,85.10819960185472,344.263498006841,0.0,0.0,451.0,0.0,7.481363636363636,7.135,7.318181818181818,107.9,54.7055,10.33,7.1,93.2,36033.0,93.29068226649956,100.11966199117622,-14.700000000000003,6.954000000000001,0.14282503493787824,1.3239060664260145,-0.3445454545454556,-0.028832500775010317,91.8,-0.08697590773900288,-0.06220919686319348,11.00130038496209,93.7,0.09831920802495737,1.1343133018152025,100.871453437502,96.5,-0.11999999999999744,-0.10000000000000053,91.8,-0.00028805716210622556,-0.13740127521599454,0,0,0,0,0,0,0.04,0.1,0.12,0.56
1985-09-01,10.55842,100.04368068093,92.1,80.17450106320757,370.56798133024284,-0.29999999999999716,0.0,451.0,0.0,7.503157894736842,7.099473684210525,7.265263157894736,108.1,54.8906,10.37,7.1,92.9,36033.0,93.3697276493131,100.10766364437076,-15.199999999999989,6.954000000000001,0.1422215738189934,1.4021628315046055,0.14547368421052465,-0.020470322636001015,91.8,-0.08128961096799969,-0.03832220275832299,11.221018572440466,93.7,0.1211060141638511,0.6058052492411213,100.6702707809,96.5,0.0916999999999959,-0.3000000000000007,91.8,-0.00020457199137458026,0.10139106389820007,0,0,0,0,0,0,0.1,0.18,0.1,0.44
1985-10-01,10.65283,100.037937036855,88.4,26.9337942647835,368.3281948075577,-0.8000000000000114,177.0,177.0,0.0049121638498044184,7.447727272727272,7.161363636363637,7.330454545454546,108.5,54.7199,10.24,7.1,92.1,36210.0,93.5117631041956,100.09790839576573,-16.400000000000006,6.954000000000001,0.1362546868768707,1.4743000393587096,0.07863636363636495,-0.005743644074996723,91.8,-0.055046467486008055,-0.004152378894062281,11.455033409221794,94.6,0.13784048752085978,0.621020665255753,100.529125255017,96.5,0.18030000000000257,-0.3000000000000007,91.8,-5.741136307568784e-05,0.4382656489057162,0,0,0,0,0,0,0.18,0.12,0.1,0.18
1985-11-01,11.28278,100.05324103126,90.9,30.23913214688946,391.5634067611895,-1.0999999999999943,0.0,177.0,0.0,7.333157894736843,7.237368421052631,7.301052631578948,109.0,54.9124,9.78,7.0,91.0,36210.0,93.70800384068058,100.08923272986834,-18.0,6.954000000000001,0.10725236558317278,1.5591372905878693,0.10236842105263122,0.015303994405002186,88.4,-0.010909972305995552,0.03541810866508399,11.698685624617873,91.8,0.14719601443875804,0.6742897497920244,100.434152733335,96.5,0.20689999999999742,-0.09999999999999964,88.4,0.00015298190724744032,0.5496859673614907,0,0,0,0,0,0,0.12,0.1,0.56,0.22
1985-12-01,11.81692,100.085422123212,93.9,37.73774646950187,389.0453253167102,-0.09999999999999432,0.0,177.0,0.0,7.157619047619048,7.099523809523809,7.135714285714285,109.5,55.4412,9.26,7.0,90.9,36210.0,93.9356674950717,100.08071004318066,-18.599999999999994,6.954000000000001,0.11325094788086049,1.7148858076636053,5.012531328407732e-05,0.03218109195199759,88.4,0.04174144228200305,0.06680454078521336,11.947195087392608,96.5,0.17224014243681746,0.8921883209321735,100.363791105905,96.5,0.5506000000000029,-0.09999999999999964,88.4,0.0003216396752399042,0.28686585859514224,0,0,0,0,0,0,0.1,0.1,0.44,0.34
1986-01-01,11.8989,100.112285983153,95.6,62.0624895303481,360.23429875466115,-0.30000000000001137,266.0,266.0,0.007346037006351835,7.206190476190477,7.073809523809524,7.164761904761905,109.9,55.7481,9.19,6.7,90.6,36476.0,94.16488419167408,100.07171093470798,-19.30000000000001,6.954000000000001,0.2227570512073158,1.737814719696222,-0.0875541125541126,0.026863859941002488,88.4,0.07434894629800226,0.072847656099853,12.194300844574157,94.0,0.14719601443875893,1.060974394919278,100.309502274723,94.0,1.0281999999999982,-0.39999999999999947,88.4,0.00026840931847127436,0.46276193202276694,0,0,0,0,0,0,0.1,0.56,0.18,0.08
1986-02-01,12.52,100.121791438243,95.9,78.35798659683496,379.98719077196574,-0.29999999999999716,0.0,266.0,0.0,7.105263157894737,7.064210526315789,7.109473684210527,109.7,55.3568,8.7,7.2,90.3,36476.0,94.39108058349989,100.06191486917758,-19.400000000000006,6.954000000000001,0.3390538220421113,1.68097644783466,-0.17315789473684173,0.00950545508999312,88.4,0.0685504069829932,0.05571054194412284,12.43737605141824,92.4,0.1549193338482609,1.1089033621890654,100.258240757282,95.6,0.4444000000000017,0.20000000000000018,88.4,9.494793767461651e-05,0.189925558971197,0,0,0,0,0,0,0.56,0.44,0.22,0.12
1986-03-01,13.2667,100.114613208977,95.1,98.65239521922194,373.7175545854226,-0.20000000000000284,0.0,266.0,0.0,6.589,6.5605,6.571,109.1,54.9625,7.78,7.2,90.1,36476.0,94.60337011818942,100.0514074741125,-19.0,6.954000000000001,0.3586741598630761,1.5009845253858296,-0.5390238095238091,-0.007178229265988989,88.4,0.02919108576500662,0.025770981235567092,12.678044717892952,92.1,0.17224014243681865,0.9939818911868618,100.215928749672,95.9,-0.47870000000000346,0.20000000000000018,88.4,-7.169497431946947e-05,-0.5184233952817499,0,0,0,0,0,0,0.44,0.18,0.34,0.02
1986-04-01,13.59399,100.099631582713,96.2,-91.17990442722657,339.9888032904549,-0.09999999999999432,87.0,87.0,0.002385129948459186,6.0622727272727275,6.056363636363637,6.078636363636363,108.7,55.0413,7.3,7.1,90.0,36563.0,94.77116889701261,100.04093252607042,-18.700000000000003,6.5605,0.3573753288641452,1.5386682553407338,-1.0174458874458878,-0.014981626264003012,88.4,-0.01265440043999888,-0.003054897763547615,12.917019934522527,88.4,0.18618986725022274,0.7089898917995551,100.181526187385,95.9,-0.7068000000000012,0.39999999999999947,88.4,-0.00014964474999001887,-0.8671444242947244,0,0,0,0,0,0,0.18,0.22,0.08,0.12
1986-05-01,13.60329,100.081777738723,94.8,-66.37044507252722,328.34626954863415,0.09999999999999432,0.0,87.0,0.0,6.245238095238095,6.15,6.185714285714286,109.0,55.1226,7.71,7.2,90.1,36563.0,94.83557394318704,100.03217782958089,-18.900000000000006,6.056363636363637,0.3506020522103209,1.4835205874293589,-0.9142105263157889,-0.017853843989996676,88.4,-0.04001369951998868,-0.025323749641586346,13.154634867114892,90.9,0.18618986725022274,0.416733328009468,100.151126911305,96.2,-0.2342000000000013,0.0,90.9,-0.00017836073627552906,-0.4524832960025389,0,0,0,0,0,0,0.22,0.34,0.12,0.08
1986-06-01,13.94495,100.049859607594,99.3,-40.28301139383257,292.3164925511489,0.5,0.0,87.0,0.0,6.317619047619047,6.2090476190476185,6.267142857142856,109.4,54.9005,7.8,7.2,90.6,36563.0,94.75668238729581,100.0278414117919,-18.80000000000001,6.056363636363637,0.34801015005943564,1.3486244394869182,-0.35145238095238174,-0.03191813112900377,88.4,-0.06475360138300346,-0.05018278071450766,13.391552129872947,93.9,0.19663841605000668,0.35023801431855317,100.124970291898,96.2,-0.06199999999999761,0.0,93.9,-0.00031892050531245886,-0.10087824405239765,0,0,0,0,0,0,0.34,0.08,0.02,0.1
1986-07-01,13.69767,100.000457419449,97.7,2.6468646675057244,220.23933262607687,-0.09999999999999432,259.0,259.0,0.007083663813144403,5.9,5.828636363636363,5.86090909090909,109.5,55.2592,7.3,7.0,90.5,36822.0,94.53221933455946,100.03125673330945,-19.0,6.056363636363637,0.3433480471971376,1.250090905782802,-0.22772727272727344,-0.04940218814499531,88.4,-0.09917416326399575,-0.08006159441333693,13.630505462393145,95.6,0.19999999999997203,0.2639444386112092,100.121791438243,99.3,0.2179000000000002,-0.09999999999999964,94.8,-0.0004937756868300669,-0.448867603872781,0,0,0,0,0,0,0.08,0.12,0.12,0.88
1986-08-01,13.9549,99.9486644885368,94.9,28.66946430459211,243.18497448936202,0.0,0.0,259.0,0.0,5.599047619047619,5.527142857142857,5.552380952380952,109.6,55.1567,7.17,6.9,90.5,36822.0,94.19907990774834,100.045731642337,-19.099999999999994,5.828636363636363,0.3115844984846087,1.101342156392921,-0.6228571428571437,-0.05179293091219961,88.4,-0.13311325018619868,-0.10689880034296095,13.872793601929136,95.9,0.08366600265334043,0.24221202834248842,100.121791438243,99.3,0.03410000000000224,-0.2999999999999998,94.8,-0.0005179269400233943,-0.5020571714500619,0,0,0,0,0,0,0.12,0.02,0.08,0.02
1986-09-01,13.57344,99.9037604522467,91.9,52.29809060147818,245.64275612272237,0.09999999999999432,0.0,259.0,0.0,5.452857142857143,5.20952380952381,5.351428571428571,110.0,55.2975,7.45,7.0,90.6,36822.0,93.80948123209876,100.07382914231763,-19.400000000000006,5.527142857142857,0.2874711521740369,0.8675985665738544,-0.9995238095238088,-0.044904036290105864,88.4,-0.14609915534730078,-0.13424107661431606,14.116848100345829,95.1,0.12649110640669087,0.26076809622176755,100.121791438243,99.3,0.39699999999999847,-0.20000000000000018,94.8,-0.00044927099846592267,-0.23570661101726742,0,0,0,0,0,0,0.02,0.12,0.1,0.04
1986-10-01,13.54146,99.8764879517502,95.6,-40.260214123401965,228.27540185071746,-0.6999999999999886,109.0,109.0,0.0029601868448210222,5.405909090909091,5.179545454545455,5.261363636363637,110.2,55.5332,7.43,7.0,89.9,36931.0,93.39660225347293,100.11677820620909,-20.299999999999997,5.20952380952381,0.28111008021041234,0.5615859576882054,-0.6490909090909085,-0.02727250049649399,88.4,-0.12396946769879946,-0.16350033917869666,14.360215477647165,96.2,0.1211060141638536,0.2639444386112617,100.121791438243,99.3,0.2740000000000009,0.0,91.9,-0.00027298772711892294,-0.09379039821733492,0,0,0,0,0,0,0.12,0.08,0.88,0.02
1986-11-01,13.94781,99.8894489908636,91.4,-24.73193035692384,234.70516643377627,-0.10000000000000853,0.0,109.0,0.0,5.477222222222222,5.349444444444445,5.414444444444444,110.4,55.7557,7.25,6.9,89.8,36931.0,92.98933268479236,100.1741465470152,-20.60000000000001,5.179545454545455,0.2628336298281324,0.34935004585559015,-0.1776984126984118,0.012961039113392303,90.9,-0.05921549767320755,-0.18652968815283089,14.605603507906785,94.8,0.12247448713911345,0.2943920288897241,100.121791438243,99.3,0.5989999999999966,0.0,91.9,0.00012977067355079974,-0.052554777560350985,0,0,0,0,0,0,0.08,0.1,0.02,0.02
1986-12-01,14.07404,99.969232142201,89.1,-13.172781894776563,224.02453531572766,0.4000000000000057,0.0,109.0,0.0,5.550909090909091,5.528181818181818,5.545454545454546,110.8,56.2845,7.11,6.6,90.2,36931.0,92.616841243546,100.24378202297045,-20.599999999999994,5.179545454545455,0.2828523400766075,0.341454109778736,0.31865800865800864,0.079783151337395,91.4,0.06547168995429331,-0.18604257227606524,14.863590668883168,99.3,0.1095445115009825,0.3656045222283147,100.121791438243,99.3,0.9870000000000019,-0.40000000000000036,91.4,0.0007987145003141016,-0.23215102216197625,0,0,0,0,0,0,0.1,0.88,0.04,0.0
1987-01-01,14.97068,100.126024301256,90.4,-54.419469370885054,193.4194687932675,-0.10000000000000853,201.0,201.0,0.005442582112588301,5.4625,5.427,5.438000000000001,111.4,56.0882,7.08,6.6,90.1,37132.0,92.28932259263885,100.32198280414923,-21.30000000000001,5.179545454545455,0.4015392425806812,0.2902454551518808,0.24745454545454493,0.15679215905500143,89.1,0.24953634950578873,-0.1435646323354689,15.138086873353853,97.7,0.15491933384826098,0.33911649916674613,100.121791438243,97.7,0.5549999999999997,-0.40000000000000036,89.1,0.001568404154910219,-0.3491335501695385,0,0,0,0,0,0,0.88,0.02,0.02,0.0
1987-02-01,15.86818,100.336685370628,90.2,-50.91036957336473,216.3189284067662,0.10000000000000853,0.0,201.0,0.0,5.626315789473685,5.593684210526316,5.588421052631579,111.8,56.8275,7.25,6.6,90.2,37132.0,92.00092285696184,100.40387979988016,-21.599999999999994,5.179545454545455,0.4408666103312815,0.2734460225833245,0.24423976608187115,0.21066106937200857,89.1,0.447236379764405,-0.06318265217161922,15.41349714832836,94.9,0.18618986725022318,0.31885210783960377,100.126024301256,95.6,1.0718000000000032,-0.3000000000000007,89.1,0.0021039591938474267,-0.30289101406516394,0,0,0,0,0,0,0.02,0.04,0.02,0.02
1987-03-01,16.48206,100.556418604361,90.8,-54.49253800576844,222.83721466934415,0.0,0.0,201.0,0.0,5.681363636363636,5.591818181818182,5.604090909090909,112.2,56.9098,7.25,6.6,90.2,37132.0,91.72873020137155,100.48400658076484,-22.0,5.179545454545455,0.6033063323097092,0.2724746304453679,0.06363636363636349,0.21973323373299536,89.1,0.5871864621600054,0.029231574804200022,15.659034209138726,91.9,0.2041241452319048,0.28047578625212033,100.336685370628,95.6,0.6252999999999957,0.0,89.1,0.002189959065533653,-0.5023689550922334,0,0,0,0,0,0,0.04,0.02,0.0,0.0
1987-04-01,16.22884,100.757026075734,92.8,-19.110831536563637,214.473138812041,0.0,322.0,322.0,0.00867176559301952,6.093333333333333,5.636190476190476,5.903809523809524,112.7,57.2701,8.02,6.3,90.2,37454.0,91.47152929087814,100.5570022448302,-22.5,5.179545454545455,0.6949129277800932,0.2701009912022872,0.20919047619047682,0.2006074713730044,89.1,0.6310017744780083,0.12055188753313928,15.845282461920013,95.6,0.1834847859269422,0.17511900717434015,100.556418604361,95.6,1.1818999999999988,-0.2999999999999998,89.1,0.0019949743055418523,0.02182621937867424,0,0,0,0,0,0,0.02,0.02,0.0,0.02
1987-05-01,16.14232,100.922727460978,91.1,-38.98702038850752,252.4232106441122,0.3999999999999915,0.0,322.0,0.0,6.519499999999999,5.66,6.051,113.0,57.6322,8.61,6.3,90.6,37454.0,91.23592922946094,100.61825888558313,-22.400000000000006,5.179545454545455,0.7984222010536118,0.26097137889042016,0.0663157894736841,0.1657013852439917,89.1,0.5860420903499914,0.20352065893179372,15.955310795053649,91.4,0.1897366596100742,0.16020819789805268,100.757026075734,92.8,0.8046999999999969,-0.2999999999999998,89.1,0.0016445640735709421,0.27027842063418284,0,0,0,0,0,0,0.02,0.0,0.02,0.04
1987-06-01,16.79351,101.037842598845,91.5,-64.63804501675622,263.45346319962215,0.5,0.0,322.0,0.0,6.345,5.668181818181818,5.990454545454545,113.5,57.9307,8.4,6.2,91.1,37454.0,91.04478533316687,100.66435819616348,-22.400000000000006,5.179545454545455,0.906972455688549,0.2757908737694144,0.07636363636363619,0.11511513786700789,89.1,0.48142399448400397,0.27188651807219344,15.987540338627772,89.1,0.1549193338482611,0.17606816863679106,100.922727460978,92.8,1.0209000000000046,-0.39999999999999947,89.1,0.0011406265046842723,0.05456722733861241,0,0,0,0,0,0,0.0,0.0,0.0,0.02
1987-07-01,17.25948,101.083361553951,93.7,-77.2120800255434,251.13637186171877,-0.09999999999999432,231.0,231.0,0.006167565547070986,6.239545454545455,5.692272727272727,5.761363636363637,113.8,58.3258,8.45,6.1,91.0,37685.0,90.93078546286719,100.69327983048332,-22.799999999999997,5.179545454545455,0.969534078471258,0.35451631581028004,0.056082251082250956,0.045518955105990244,89.1,0.3263354782169898,0.3143738403317684,15.952570737722251,90.4,0.1861898672502224,0.3847076812427282,101.037842598845,92.8,1.0557000000000016,-0.20000000000000018,90.2,0.00045051392562611703,-0.0029694093417909073,0,0,0,0,0,0,0.0,0.02,0.02,0.34
1987-08-01,18.23986,101.03832310658,94.4,-108.70289933029562,289.6648010525795,0.20000000000000284,0.0,231.0,0.0,6.541428571428572,6.036190476190477,6.1519047619047615,114.3,58.7636,8.76,6.0,91.2,37685.0,90.91149354071548,100.70450301848395,-23.099999999999994,5.179545454545455,1.0617484791387628,0.4030189107450216,0.37619047619047663,-0.045038447370998824,89.1,0.11559564560199931,0.30707330014998035,15.867137068845944,90.2,0.20736441353324966,0.41833001327564456,101.083361553951,93.7,1.1313999999999993,-0.2999999999999998,90.2,-0.0004455574753216007,0.12969727259836006,0,0,0,0,0,0,0.02,0.0,0.04,0.02
1987-09-01,17.67034,100.907878976282,93.6,-142.3835129322033,305.7082561494127,1.3999999999999915,0.0,231.0,0.0,7.11047619047619,6.398095238095239,6.638571428571429,114.7,58.9951,9.42,5.9,92.6,37685.0,90.97087994339145,100.69904934786923,-22.10000000000001,5.179545454545455,1.129255208291498,0.4692837869787476,0.7299134199134212,-0.13044413029798818,89.1,-0.12996362256299676,0.2419307417777361,15.746606589666039,90.8,0.2073644135332492,0.44907311951832474,101.083361553951,94.4,1.0643999999999991,-0.2999999999999998,90.8,-0.0012910361760496425,0.5842675326907436,0,0,0,0,0,0,0.0,0.02,0.02,0.04
1987-10-01,15.56063,100.722028258491,89.3,198.0586005776131,302.86135441670433,1.6000000000000085,553.0,553.0,0.01467427358365403,7.053333333333334,6.133333333333334,6.688095238095237,115.0,59.781,9.52,6.0,94.2,38238.0,91.07236857676972,100.67940613045761,-20.799999999999997,5.179545454545455,1.1607655015962088,0.785618845045581,0.4410606060606064,-0.1858507177910127,89.1,-0.3613332954599997,0.1322152349971475,15.60259514005616,92.8,0.16329931618550897,0.8158839786844907,101.083361553951,94.4,1.4551999999999978,-0.09999999999999964,91.1,-0.0018417859901177502,0.6982414276794096,0,0,0,0,0,0,0.02,0.04,0.34,0.1
1987-11-01,13.58801,100.533797434789,83.1,161.33281112210534,382.4558104785539,1.5,0.0,553.0,0.0,6.501578947368421,5.6947368421052635,6.190526315789474,115.4,60.0726,8.86,5.8,95.7,38238.0,91.18658142937014,100.64927344443336,-19.700000000000003,5.349444444444445,1.2526341850333167,1.2717203809275013,-0.34145363408521323,-0.18823082370199984,89.1,-0.5045256717910007,0.008305784281134265,15.442208604445211,91.1,0.14719601443875716,1.3658940905773878,101.083361553951,94.4,1.3090000000000046,-0.20000000000000018,89.3,-0.0018688148655915393,0.19917126630219784,0,0,0,0,0,0,0.04,0.02,0.02,0.12
1987-12-01,13.3575,100.40196898068,86.8,124.73120146313886,418.2551055664872,0.8999999999999915,0.0,553.0,0.0,6.685454545454546,5.767727272727273,6.356363636363636,115.6,60.4095,8.99,5.7,96.6,38238.0,91.32197971406538,100.61319085582764,-19.0,5.427,1.3099897081190055,1.812310596162585,-0.6303679653679666,-0.13182845410899802,83.1,-0.5059099956020106,-0.09065065010291562,15.26852357500556,91.5,0.14142135623726762,1.9459359359121908,101.083361553951,94.4,1.4144000000000005,-0.20000000000000018,83.1,-0.0013112849357401757,0.337837594204041,0,0,0,0,0,0,0.02,0.34,0.04,0.02
1988-01-01,13.91834,100.333989532916,90.8,-7.086930196535832,421.5680954365478,2.1000000000000085,121.0,121.0,0.003164391443067016,6.522105263157894,5.813684210526316,6.253157894736842,116.0,60.3976,8.67,5.7,98.7,38359.0,91.50130606720082,100.57612069214329,-17.299999999999997,5.427,1.3846833700805818,2.291932491468245,-0.31964912280701796,-0.067979447764003,83.1,-0.38803872557500085,-0.15921085254696266,15.089277907792555,93.7,0.14719601443875716,2.335594142827047,101.083361553951,94.4,0.6165999999999983,-0.2999999999999998,83.1,-0.0006770728547871308,-0.019529921326462585,0,0,0,0,0,0,0.34,0.02,0.1,0.1
1988-02-01,14.37273,100.32117850198,91.6,-41.09707257794798,438.9699720512967,2.0,0.0,121.0,0.0,6.2095,5.6605,5.929,116.2,60.7003,8.21,5.7,100.7,38359.0,91.74594320933036,100.54298701015692,-15.5,5.591818181818182,1.33067571086983,2.9128113047299737,-0.034236842105263676,-0.012811030935992562,83.1,-0.21261893280899358,-0.19718968417964788,14.92185771539152,94.4,0.13784048752085953,2.7354463377436233,101.083361553951,94.4,0.6276999999999973,-0.09999999999999964,83.1,-0.00012768385863681786,-0.49450297306365343,0,0,0,0,0,0,0.02,0.04,0.12,0.1
1988-03-01,14.84251,100.35172448449,94.6,-73.99224385304115,429.95182076703486,0.7000000000000028,0.0,121.0,0.0,6.281739130434782,5.70304347826087,5.908260869565217,116.5,60.8501,8.37,5.7,101.4,38359.0,92.06146036718646,100.51802842334618,-15.099999999999994,5.591818181818182,1.3287980593944435,3.5937656455512275,-0.06468379446640249,0.030545982510005842,83.1,-0.05024449618998972,-0.20376352711345191,14.789829921461369,93.6,0.12649110640668884,2.9525695024292675,101.083361553951,93.6,0.44059999999999633,0.0,83.1,0.00030448189471177223,-0.41928243886159144,0,0,0,0,0,0,0.04,0.1,0.02,0.16
1988-04-01,14.70187,100.410980016742,91.2,76.79762188136374,392.6976630240052,4.199999999999989,423.0,423.0,0.011027399045856257,6.5575,5.907,6.2090000000000005,117.2,61.2031,8.72,5.4,105.6,38782.0,92.44858507735935,100.50394187810268,-11.600000000000009,5.636190476190476,1.2690693675665987,4.063585519306767,0.09331578947368424,0.059255532251995646,83.1,0.07699048382600893,-0.18120653692963629,14.717233245826963,89.3,0.12110601416385147,2.8617593656133637,101.083361553951,94.6,0.8055000000000021,-0.2999999999999998,83.1,0.0005904784651822315,-0.17213746392973306,0,0,0,0,0,0,0.1,0.12,0.1,0.06
1988-05-01,14.35853,100.485966431132,94.8,44.93125661430531,430.4400144731624,0.7000000000000028,0.0,423.0,0.0,6.903809523809524,6.257142857142857,6.561428571428571,117.5,61.0797,9.09,5.6,106.3,38782.0,92.9151027092845,100.5010162977892,-11.200000000000003,5.66,1.2149509981384838,4.923013366430412,0.5966428571428573,0.07498641438999698,83.1,0.16478792915199847,-0.13515980771114755,14.719777997006847,83.1,0.13662601021275225,3.6129858381505264,101.083361553951,94.6,0.37940000000000396,-0.10000000000000053,83.1,0.0007467949658244155,0.033741608953761215,0,0,0,0,0,0,0.12,0.02,0.1,0.1
1988-06-01,15.12444,100.555371849987,94.7,11.856888889051334,435.4592838346975,1.2999999999999972,0.0,423.0,0.0,6.986818181818182,6.459545454545454,6.707272727272727,118.0,61.2569,8.92,5.4,107.6,38782.0,93.43134684141349,100.50666100037336,-10.400000000000006,5.6605,1.1136967421877058,5.475475626219583,0.7565019762845839,0.0694054188549984,83.1,0.20364736549699103,-0.07690805883312635,14.795940751530567,86.8,0.12110601416385201,3.803550972447986,101.083361553951,94.8,0.40680000000000405,-0.2999999999999998,86.8,0.0006906976299279055,0.01505336826520498,0,0,0,0,0,0,0.02,0.1,0.16,0.12
1988-07-01,15.06437,100.597406736587,93.4,-74.20169557781628,408.9621009323822,1.1000000000000085,126.0,126.0,0.0032489299159403906,7.223999999999999,6.7284999999999995,6.9935,118.5,61.2659,9.06,5.4,108.7,38908.0,93.91089106411411,100.51575625498339,-9.799999999999997,5.6605,0.9929688244284292,5.890104696295661,0.8214999999999995,0.04203488660000687,83.1,0.18642671984500225,-0.016789638616756974,14.92436116923538,90.8,0.14719601443875827,3.585201063633268,101.083361553951,94.8,0.06280000000000285,0.0,90.8,0.000418027260271181,0.1774467343367192,0,0,0,0,0,0,0.1,0.1,0.06,0.22
1988-08-01,14.78065,100.616308146061,97.4,-112.83843206425081,403.3618854144225,1.5999999999999943,0.0,126.0,0.0,7.5926086956521734,7.062608695652174,7.392608695652174,119.0,61.5731,9.26,5.6,110.3,38908.0,94.26348313777687,100.52183055379275,-8.700000000000003,5.6605,0.8541736320182545,6.063970846255177,0.805465838509317,0.018901409473997433,83.1,0.1303417149290027,0.05246837803504434,15.07920951765507,91.6,0.150554530541778,3.284356862463473,101.03832310658,94.8,0.49339999999999407,0.0,91.2,0.00018789161755927708,0.2681994505502896,0,0,0,0,0,0,0.1,0.16,0.1,0.86
1988-09-01,15.00061,100.621267690615,97.3,-152.83425260650984,368.08838694675933,-0.09999999999999432,0.0,126.0,0.0,7.5252380952380955,7.23952380952381,7.4280952380952385,119.5,61.3807,8.98,5.4,110.2,38908.0,94.44644151376029,100.51863282234271,-9.299999999999997,5.6605,0.7433243475635015,6.067549053377417,0.7799783549783559,0.00495954455399783,83.1,0.06589584062800213,0.13173101777553597,15.247310674643176,94.6,0.13291601358246932,3.072946468783887,100.907878976282,97.4,0.12379999999999569,0.0,91.2,4.9291657042260795e-05,-0.16717574855867845,0,0,0,0,0,0,0.16,0.06,0.12,0.84
1988-10-01,15.48469,100.620726832554,94.1,91.759925247723,292.5999829101098,-0.29999999999999716,420.0,420.0,0.010794695178369507,7.5435,7.3485,7.4965,119.9,61.6453,8.8,5.4,109.9,39328.0,94.46821384129187,100.50155754748846,-10.0,5.6605,0.5628124911781517,5.834536672419436,0.6200000000000001,-0.0005408580610009039,83.1,0.02332009596699436,0.21638824444337956,15.430712931878285,91.2,0.10327955589880924,1.9671468340412441,100.722028258491,97.4,0.37939999999999685,0.0,91.2,-5.375186314160452e-06,-0.3196804783917049,0,0,0,0,0,0,0.06,0.1,0.22,1.12
1988-11-01,15.11941,100.615020936809,93.0,54.2819434894991,344.20909562958946,-0.7000000000000028,0.0,420.0,0.0,7.8655,7.76,7.861,120.3,61.7944,8.96,5.3,109.2,39328.0,94.35344445122206,100.46848859112322,-11.099999999999994,5.6605,0.5005227200959166,5.427950949957092,0.6973913043478257,-0.0057058957449953596,83.1,-0.0012872092519984335,0.28686005773350587,15.6373777306342,94.8,0.10327955589880924,1.6194649322164159,100.621267690615,97.4,0.2213000000000065,-0.2999999999999998,93.4,-5.670696212012327e-05,0.015502949797562948,0,0,0,0,0,0,0.1,0.12,0.86,1.74
1988-12-01,15.38439,100.596263533266,91.9,18.60256580971327,365.16234455070594,-0.10000000000000853,0.0,420.0,0.0,8.316666666666666,8.067142857142857,8.223809523809523,120.7,62.0743,9.11,5.3,109.1,39328.0,94.13148044558382,100.41996137256486,-11.600000000000009,5.6605,0.459951659184701,4.849804744584489,0.8276190476190468,-0.018757403543006035,86.8,-0.0250041573490023,0.3174750842274108,15.873405602361672,94.7,0.09831920802496033,1.0419532939047067,100.621267690615,97.4,0.6936000000000035,-0.10000000000000053,93.0,-0.0001864274674731048,0.2584108837628101,0,0,0,0,0,0,0.12,0.22,0.84,1.38
1989-01-01,15.88492,100.541888571307,97.9,125.27129124689236,360.84021268406525,0.5,320.0,320.0,0.008136696501220397,8.366,8.266,8.3645,121.2,62.2574,9.09,5.4,109.6,39648.0,93.85441480865852,100.358661202148,-11.600000000000009,5.6605,0.4738309240059506,4.057792727354315,0.9175000000000004,-0.054374961958998824,90.8,-0.07883826124700022,0.28562298866908975,16.139739972384422,93.4,0.1095445115009822,0.656251984133339,100.621267690615,97.4,0.6120999999999981,0.0,91.9,-0.0005405266562511502,0.2725086828074694,0,0,0,0,0,0,0.22,0.86,1.12,1.8
1989-02-01,16.3478,100.433804196191,95.4,93.9413326095455,393.6251870469549,1.6000000000000085,0.0,320.0,0.0,8.547368421052632,8.530526315789475,8.54842105263158,121.6,61.9819,9.17,5.2,111.2,39648.0,93.57728461477288,100.28847662709023,-10.399999999999991,5.6605,0.46720421529214956,3.310268688168105,0.7705263157894748,-0.10808437511599323,91.2,-0.18121674061799808,0.18311282902864434,16.431101594106636,97.4,0.1095445115009822,0.5036533199324642,100.621267690615,97.9,0.1875,-0.09999999999999964,91.9,-0.0010750183495841226,0.42679701217022625,0,0,0,0,0,0,0.86,0.84,1.74,0.34
1989-03-01,16.30056,100.279513847294,94.3,67.61152355705417,393.066605118724,0.20000000000000284,0.0,320.0,0.0,8.817272727272726,8.815454545454545,8.852727272727272,122.2,62.1369,9.36,5.0,111.4,39648.0,93.32978770548961,100.21353184949224,-10.799999999999997,5.70304347826087,0.43203176300047264,2.7177725951180944,0.7483116883116878,-0.15429034889700688,91.2,-0.31674968597199893,0.03266365934383941,16.737848970858874,97.3,0.08164965809270523,0.7737355276055529,100.621267690615,97.9,0.06259999999999621,-0.2999999999999998,91.9,-0.001536239218775437,0.6083386307196985,0,0,0,0,0,0,0.84,1.12,1.38,0.52
1989-04-01,16.7725,100.105893088287,91.5,37.792163478792645,359.0088628924186,0.29999999999999716,213.0,213.0,0.005372276029055767,8.638,8.647,8.654,123.1,62.1276,9.18,5.2,111.7,39861.0,93.09961961114472,100.13754649845731,-11.399999999999991,5.907,0.4068326802210452,1.8027546262348062,0.3810000000000002,-0.1736207590069938,91.2,-0.4359954830199939,-0.12363773124485533,17.049315877639557,94.1,0.15055453054177972,0.999333110969065,100.621267690615,97.9,-0.12979999999999592,-0.20000000000000018,91.9,-0.001731368176269621,0.3958072066255127,0,0,0,0,0,0,1.12,1.74,1.8,0.42
1989-05-01,17.35978,99.939537637,90.7,25.38992964670615,387.9117655830047,-0.6000000000000085,0.0,213.0,0.0,8.308181818181819,8.433181818181819,8.413636363636364,123.7,61.7744,8.86,5.2,111.1,39861.0,92.87748668734221,100.06369126679668,-12.600000000000009,6.257142857142857,0.4046291668310419,1.5742241956495213,-0.09734449760765607,-0.16635545128700358,91.5,-0.49426655919100426,-0.2516929852270806,17.350038210097573,93.0,0.1366260102127544,1.1910779431587206,100.621267690615,97.9,-0.20750000000000313,0.0,91.5,-0.0016617947870490868,0.024961904637230248,0,0,0,0,0,0,1.74,1.38,0.34,0.26
1989-06-01,17.90099,99.8108922893598,90.6,18.28881386692956,392.9678065295236,0.10000000000000853,0.0,213.0,0.0,7.840909090909091,8.151363636363637,7.933636363636364,124.1,61.7697,8.28,5.3,111.2,39861.0,92.65682033400982,99.9947410487996,-12.899999999999991,6.459545454545454,0.35179545193033307,1.2321452098548442,-0.6640909090909073,-0.12864534764020163,90.7,-0.468621557934199,-0.3167420460464143,17.625263331789615,91.9,0.13291601358247118,1.0647378394136802,100.621267690615,97.9,-0.36719999999999686,0.2999999999999998,90.7,-0.0012872317671457356,-0.3186633524086826,0,0,0,0,0,0,1.38,1.8,0.52,0.26
1989-07-01,18.33109,99.732049081442,92.0,55.77116944568115,375.1424274965599,0.20000000000000284,185.0,185.0,0.004641127919520427,7.3645,7.883,7.606,124.5,61.1738,8.02,5.2,111.4,40046.0,92.42168863308535,99.93305189499738,-13.099999999999994,6.7284999999999995,0.31242654797192704,1.013544635060066,-0.7640000000000002,-0.07884320791779942,90.6,-0.37384400684500463,-0.3043085097760496,17.869373123285193,97.9,0.13291601358247118,0.7339391437165794,100.621267690615,97.9,-0.9538000000000011,0.0,90.6,-0.0007899258899441985,-0.4306163444866211,0,0,0,0,0,0,1.8,0.34,0.42,0.38
1989-08-01,19.10661,99.7013174774493,89.6,54.04502919621882,373.29940660093575,-0.10000000000000853,0.0,185.0,0.0,7.613913043478261,7.899565217391304,7.743478260869565,124.5,61.7732,8.11,5.2,111.3,40046.0,92.19051086108364,99.88006905172365,-13.200000000000003,7.062608695652174,0.32789385050018405,0.9215846037149412,-0.5336166007905145,-0.030731603992705914,90.6,-0.23822015955070697,-0.22227026134113714,18.082414280409793,95.4,0.09831920802496139,0.21602468997669566,100.621267690615,95.4,-0.0011999999999972033,0.0,90.6,-0.00030814170846538147,-0.3254912112020598,0,0,0,0,0,0,0.34,0.52,0.26,0.16
1989-09-01,19.11225,99.703857509696,95.8,55.08470036871586,344.02205487632807,0.10000000000000853,0.0,185.0,0.0,7.6455,7.7505,7.7364999999999995,124.8,61.5796,8.19,5.3,111.4,40046.0,91.99051362955424,99.8354664919577,-13.399999999999991,7.23952380952381,0.31988226337687004,0.9443211446476464,-0.40086363636363753,0.0025400322466992975,89.6,-0.10703477966380603,-0.1020590907500889,18.267257899755624,94.3,0.09831920802496139,0.20736441356430182,100.621267690615,94.3,-0.19010000000000105,0.0,89.6,2.5476416069203367e-05,-0.26034412069422075,0,0,0,0,0,0,0.52,0.42,0.26,0.38
1989-10-01,19.06244,99.7182788819105,93.9,-99.96380265105836,278.797458249126,0.09999999999999432,-31.0,-31.0,-0.0007741097737601343,7.4452380952380945,7.63952380952381,7.617142857142857,125.4,61.4966,8.01,5.3,111.5,40015.0,91.83157373358074,99.79627078123808,-13.900000000000006,7.3485,0.29930798202675274,0.9605475080066068,-0.24347619047618974,0.014421372214513895,89.6,-0.013770199531492722,0.01870834904742935,18.42877047358935,91.5,0.05163977794932476,0.20736441356430182,100.620726832554,95.8,0.32280000000000086,0.09999999999999964,89.6,0.00014464206876962926,-0.3575484692523476,0,0,0,0,0,0,0.42,0.26,0.38,1.08
1989-11-01,18.66268,99.7420028096524,90.9,-90.68230908241094,260.76949068405963,-0.4000000000000057,0.0,-31.0,0.0,7.24952380952381,7.687619047619047,7.492380952380953,125.9,61.7044,7.87,5.4,111.1,40015.0,91.68409226424593,99.75650028521248,-14.800000000000011,7.63952380952381,0.3109839862369706,0.9491224016529587,-0.2119461697722569,0.02372392774189791,89.6,0.0406853322031111,0.12229677196133082,18.56641602681437,90.7,0.05477225575041495,0.14719601448246117,100.615020936809,95.8,-0.06880000000000308,0.20000000000000018,89.6,0.0002379095187752256,-0.3647646557329107,0,0,0,0,0,0,0.26,0.26,0.16,1.28
1989-12-01,19.07521,99.7720245458272,90.5,-75.68457068219868,226.10260140593076,0.10000000000000853,0.0,-31.0,0.0,7.2075000000000005,7.626,7.422,126.3,62.0428,7.84,5.4,111.2,40015.0,91.42106598155837,99.70773351791058,-15.099999999999994,7.63952380952381,0.312955331790076,0.7965836142750826,-0.12449999999999939,0.030021736174788316,89.6,0.06816703613120012,0.19865379548774342,18.666706445112315,90.6,0.07527726527083392,0.14719601448246117,100.596263533266,95.8,0.4632000000000005,0.10000000000000053,89.6,0.0003009939175984133,-0.3227681022494471,0,0,0,0,0,0,0.26,0.38,0.38,2.88
1990-01-01,18.56648,99.8057039753154,93.0,133.32023227305035,164.5995139691766,-0.29999999999999716,346.0,346.0,0.008646757465950339,7.383333333333334,7.642857142857143,7.552380952380952,127.5,61.729,8.21,5.4,110.9,40361.0,90.8855243819717,99.6406712663297,-16.599999999999994,7.626,0.3107602918875229,0.5259191088722216,0.0033333333333329662,0.03367942948820257,89.6,0.0874250934048888,0.258911561643032,18.7129354042847,92.0,0.08944271909992907,0.14719601448246117,100.541888571307,95.8,0.23239999999999839,0.10000000000000053,89.6,0.00033756385761951613,0.017836556900112654,0,0,0,0,0,0,0.38,0.16,1.08,8.32
1990-02-01,18.07759,99.8354140877465,89.5,164.28060473431105,194.32187839542956,0.09999999999999432,0.0,346.0,0.0,7.554736842105263,7.741052631578948,7.7026315789473685,128.0,62.2896,8.47,5.3,111.0,40361.0,89.96062172480727,99.54723723487457,-17.0,7.626,0.27864534793014334,0.21248885885505345,0.05343358395990094,0.029710112431104108,89.6,0.093411278094095,0.31763537580752654,18.696929932400415,89.6,0.08164965809270383,0.21602468997661173,100.433804196191,95.8,0.5852000000000004,-0.10000000000000053,89.6,0.0002976795037530344,0.24551982323117727,0,0,0,0,0,0,0.16,0.38,1.28,15.98
1990-03-01,18.44583,99.8340627210283,91.3,206.77167774832196,201.80788944267385,-0.20000000000000284,0.0,346.0,0.0,7.757272727272727,7.8981818181818175,7.845454545454545,128.6,62.5999,8.59,5.2,110.8,40361.0,88.61978452081995,99.4225927383309,-17.799999999999997,7.626,0.31169756612161764,0.22696949464887187,0.2721818181818172,-0.0013513667181968003,89.5,0.06203817520110988,0.3720780762323983,18.624783438935033,95.8,0.05477225575041405,0.2316606714128973,100.279513847294,95.8,0.5570999999999984,-0.20000000000000018,89.5,-1.3535945441289776e-05,0.20834603607325697,0,0,0,0,0,0,0.38,1.08,2.88,32.86
1990-04-01,18.38141,99.7583590358986,93.9,59.98428964789491,189.70844855573694,0.7999999999999972,21.0,21.0,0.0005203042541066516,7.8025,7.773000000000001,7.836,128.9,62.4359,8.79,5.4,111.6,40382.0,86.90861772973176,99.2665081628825,-17.30000000000001,7.626,0.3786781575012785,0.2587850400539514,0.13014285714285734,-0.07570368512971015,89.5,-0.047344939416802845,0.39858792139158084,18.514916997141817,93.9,0.08164965809270383,0.2483277404549077,100.105893088287,93.9,0.7068999999999974,0.0,89.5,-0.0007582951456283071,0.2359416724029515,0,0,0,0,0,0,1.08,1.28,8.32,54.94
1990-05-01,18.94923,99.586823767279,90.6,129.39904580967413,196.82564195808067,-0.19999999999998863,0.0,21.0,0.0,7.7268181818181825,7.743181818181818,7.76409090909091,129.1,62.6258,8.76,5.4,111.4,40382.0,84.93711675486114,99.08369183113359,-17.69999999999999,7.626,0.40930403930302706,0.2429303428993216,0.0021291866028700923,-0.17153526861959278,89.5,-0.24859032046749974,0.38182123541803037,18.392565969097735,90.9,0.08366600265334032,0.2828427124972075,99.939537637,93.9,0.33619999999999806,0.10000000000000053,89.5,-0.001719507721231306,0.0675595361893162,0,0,0,0,0,0,1.28,2.88,15.98,60.44
1990-06-01,19.47706,99.2998189348465,88.3,214.03385132256517,193.33553420609027,0.0,0.0,21.0,0.0,7.534285714285714,7.725238095238095,7.632380952380952,129.9,62.8382,8.48,5.2,111.4,40382.0,82.88082042865959,98.88309945047273,-18.5,7.626,0.46266071433586387,0.24618298193027754,-0.17294372294372273,-0.2870048324325012,89.5,-0.5342437861818041,0.29750277938806846,18.290054522552545,90.5,0.08366600265334032,0.30822070016920744,99.8354140877465,93.9,0.2383000000000024,0.0,89.5,-0.002881955881063103,-0.08854064117906546,0,0,0,0,0,0,2.88,8.32,32.86,58.54
1990-07-01,19.47469,98.9031476643459,88.2,77.5438848706035,178.6174174515349,0.09999999999999432,-116.0,-116.0,-0.002872566985290481,7.398571428571429,7.62,7.52,130.5,62.7284,8.47,5.5,111.5,40266.0,80.96473531590887,98.67648868585776,-19.0,7.626,0.5263818184424114,0.2504541329531028,-0.15300000000000047,-0.3966712705006046,88.3,-0.8552113715526986,0.14085193893021142,18.23460359451578,93.0,0.09831920802496046,0.32506409626329985,99.8354140877465,93.9,0.292500000000004,0.09999999999999964,88.3,-0.003994682717003428,-0.027616971028013637,0,0,0,0,0,0,8.32,15.98,54.94,55.7
1990-08-01,17.96866,98.4280607616829,76.4,188.48767684947234,172.44568753781172,0.09999999999999432,0.0,-116.0,0.0,7.25695652173913,7.44695652173913,7.377391304347826,131.6,62.9475,8.75,5.7,111.6,40266.0,79.3120331684424,98.47675273262047,-20.0,7.62,0.48800052316049636,0.2574643252450599,-0.2962252964426879,-0.47508690266299425,88.2,-1.1587630055961,-0.07632982668604882,18.24057067779435,89.5,0.12110601416385319,0.3125166662428008,99.8354140877465,93.9,0.3216999999999999,0.2999999999999998,88.2,-0.004803556953266286,0.24311010863623572,0,0,0,0,0,0,15.98,32.86,60.44,47.24
1990-09-01,17.15432,97.9473475587125,72.8,306.74567516815296,163.82159549457432,0.20000000000000284,0.0,-116.0,0.0,7.241578947368422,7.35578947368421,7.315789473684211,132.5,62.9523,8.89,5.9,111.8,40266.0,77.93868318017604,98.29652739372257,-20.700000000000003,7.44695652173913,0.5213800291261469,0.2757908737551214,-0.369448621553885,-0.48071320297040643,76.4,-1.3524713761340053,-0.3115324294162036,18.304533429611393,91.3,0.18973665961007294,0.29944392910785894,99.8354140877465,93.9,0.11410000000000053,0.7000000000000002,76.4,-0.0048839040335695305,0.40333419615352817,0,0,0,0,0,0,32.86,54.94,58.54,30.34
1990-10-01,16.64209,97.5301340843308,63.9,-214.44324619271356,152.32918898574152,-0.09999999999999432,-507.0,-507.0,-0.012591268067352113,7.0590909090909095,7.165909090909091,7.160454545454545,133.4,62.5845,8.72,5.9,111.7,39759.0,76.83665959943957,98.14718842115559,-21.700000000000003,7.35578947368421,0.5110526308649653,0.31285585796782633,-0.4540909090909091,-0.41721347438169687,72.8,-1.3730135800150975,-0.5250651655916698,18.41164555382598,93.9,0.24832774042916608,0.15165750892372723,99.8354140877465,93.9,-0.14390000000000214,0.40000000000000036,72.8,-0.004259568888597132,0.3086661273149449,0,0,0,0,0,0,54.94,60.44,55.7,3.5
1990-11-01,17.05451,97.2418337091666,66.0,-96.24510826959158,199.7072099245366,-0.10000000000000853,0.0,-507.0,0.0,6.845000000000001,7.062,7.028499999999999,133.7,61.7887,8.39,6.2,111.6,39759.0,76.00692842996168,98.0380330183721,-22.099999999999994,7.165909090909091,0.4334294010339697,0.3284490643384144,-0.38495652173913,-0.28830037516419793,63.9,-1.1862270525163012,-0.6771172820999851,18.5453094833205,90.6,0.2828427124745988,0.16329931622521812,99.8354140877465,90.6,-1.1587999999999994,0.5,63.9,-0.0029560133170217773,0.060934387738582174,0,0,0,0,0,0,60.44,58.54,47.24,0.82
1990-12-01,17.78271,97.1276836101905,65.5,16.824888166956953,235.73032871835176,0.10000000000000853,0.0,-507.0,0.0,6.609999999999999,6.7395,6.698,134.2,61.3352,8.08,6.3,111.7,39759.0,75.46945483912542,97.97543570922817,-22.499999999999986,7.062,0.42062480690119247,0.3278719261937188,-0.6162894736842102,-0.11415009897609707,63.9,-0.8196639485219919,-0.7392372284262052,18.69999482098024,88.3,0.3502380143083487,0.1414213562831664,99.8354140877465,88.3,-1.6171000000000006,0.39999999999999947,63.9,-0.0011738785111509165,-0.12893602911895563,0,0,0,0,0,0,58.54,55.7,30.34,0.32
1991-01-01,17.62213,97.1874318070154,66.8,-331.7968551114682,265.06911619898625,0.7000000000000028,-308.0,-308.0,-0.007746673709097318,6.2457142857142856,6.222857142857143,6.281904761904761,134.7,61.1355,8.09,6.4,112.4,39451.0,75.26518475849257,97.96207206957578,-22.299999999999983,6.7395,0.5222848279569317,0.3352972448592595,-0.9430519480519477,0.059748196824898514,63.9,-0.3427022773153965,-0.7072684981363864,18.8815318204528,88.2,0.29944392908632295,0.10488088487894505,99.8354140877465,88.2,-1.448999999999998,0.5,63.9,0.0006151510527594439,-0.07427616770159595,0,0,0,0,0,0,55.7,47.24,3.5,0.4
1991-02-01,19.58308,97.4041456508598,70.4,-233.86954484712624,333.62876301966367,0.29999999999999716,0.0,-308.0,0.0,5.905263157894737,5.944210526315789,5.929473684210526,134.8,60.6838,7.85,6.6,112.7,39451.0,75.40669446242792,97.99649397983573,-22.10000000000001,6.222857142857143,0.6124022743921438,0.39876703913573947,-1.117789473684211,0.21671384384440273,63.9,0.16231194169320418,-0.5829461305573176,19.099300539355422,76.4,0.2732520204255676,0.30331501778357384,99.8354140877465,76.4,-1.1049000000000007,0.39999999999999947,63.9,0.0022298546202428327,-0.25832194428848343,0,0,0,0,0,0,47.24,30.34,0.82,0.38
1991-03-01,20.15921,97.7258259843816,87.7,-145.95535975119128,373.9086746367091,-1.7000000000000028,0.0,-308.0,0.0,6.004,5.904999999999999,5.9155,134.8,60.3346,8.11,6.8,111.0,39451.0,75.81757598157073,98.07333422829554,-23.80000000000001,5.944210526315789,0.7804167260424,0.4821039746881734,-0.8345000000000002,0.3216803335217975,63.9,0.5981423741910987,-0.39606318274641694,19.35953983459966,72.8,0.2786873995476919,0.45350486952158187,99.8340627210283,72.8,-1.0005999999999986,0.5,63.9,0.0033025322625881426,-0.07091640226812856,0,0,0,0,0,0,30.34,3.5,0.32,0.36
1991-04-01,20.56992,98.0919776178373,81.8,-109.93851303900738,394.6647599243694,-0.09999999999999432,181.0,181.0,0.004587969886694854,5.8522727272727275,5.648181818181818,5.709090909090909,135.1,60.4938,8.04,6.7,110.9,39632.0,76.36711529537858,98.18418141213036,-24.19999999999999,5.904999999999999,0.9384831865910117,0.45126085983857583,-0.5746753246753249,0.3661516334557007,63.9,0.9045458108219009,-0.1819208442319109,19.65732685936218,63.9,0.31411250638370763,0.6090976933243704,99.7583590358986,87.7,-0.6417000000000002,0.2999999999999998,63.9,0.0037467233432666447,-0.18187846266279095,0,0,0,0,0,0,3.5,0.82,0.4,0.64
1991-05-01,20.49271,98.4596540299751,78.3,-49.29811688009795,381.71121878239956,-0.20000000000000284,0.0,181.0,0.0,5.756363636363637,5.460909090909091,5.612727272727273,135.6,61.0633,8.07,6.9,110.7,39632.0,76.88763113714984,98.31898309462863,-24.89999999999999,5.648181818181818,1.0259780481948255,0.507145905714393,-0.48330143540669823,0.3676764121377971,63.9,1.0555083791152953,0.035272407289269836,19.978901605200253,66.0,0.23664319132395928,0.7250287350717101,99.586823767279,87.7,0.37950000000000017,0.3000000000000007,65.5,0.00374828218440304,-0.11787477691350734,0,0,0,0,0,0,0.82,0.32,0.38,0.76
1991-06-01,20.53056,98.7957855273221,82.1,-5.318554750359908,356.5443998856278,-0.10000000000000853,0.0,181.0,0.0,5.9615,5.5729999999999995,5.752000000000001,136.0,61.5581,8.28,6.9,110.6,39632.0,77.22852953285792,98.46750514419819,-25.400000000000006,5.460909090909091,1.0205694799141387,0.5734002779680147,-0.33199999999999985,0.3361314973469973,63.9,1.0699595429404951,0.2337074547895952,20.30128976589922,65.5,0.23166067138522758,0.8382521498210577,99.2998189348465,87.7,1.2235000000000014,0.10000000000000053,65.5,0.0034139008577529495,0.3183706906800996,0,0,0,0,0,0,0.32,0.4,0.36,0.66
1991-07-01,20.62734,99.0534252721189,82.9,-27.280262012740423,316.26197425952574,-1.0999999999999943,59.0,59.0,0.0014886960032296503,5.914545454545455,5.575,5.703636363636364,136.2,61.7305,8.27,6.8,109.5,39691.0,77.33414349059072,98.6204299090685,-26.69999999999999,5.460909090909091,0.9605353540014895,0.6393652154862791,-0.07318181818181824,0.25763974479680485,63.9,0.9614476542815993,0.3740620327087356,20.604541682875016,66.8,0.1940790217067628,0.9196013629174086,98.9031476643459,87.7,1.236699999999999,0.09999999999999964,66.8,0.002607800964602447,0.4403066378028333,0,0,0,0,0,0,0.4,0.38,0.64,0.34
1991-08-01,21.12646,99.1937360054817,82.0,-11.685089853868703,276.49772589144607,-0.09999999999999432,0.0,59.0,0.0,5.444999999999999,5.333181818181818,5.38909090909091,136.6,61.7298,7.9,6.9,109.4,39691.0,77.2220822401218,98.76983780669033,-27.19999999999999,5.460909090909091,0.8983390982549058,0.864975039043209,-0.1277272727272729,0.14031073336279576,63.9,0.7340819755065979,0.41814764565572204,20.87776813527709,70.4,0.11690451944494704,1.0334408546272487,99.0534252721189,87.7,0.6664999999999992,0.0,70.4,0.0014165157133874118,0.13361676134258094,0,0,0,0,0,0,0.38,0.36,0.76,0.14
1991-09-01,21.04894,99.2233089546776,83.0,-6.8793862734528375,218.79414705786874,0.3999999999999915,0.0,59.0,0.0,5.2585,5.215,5.248,137.0,62.2195,7.65,6.9,109.8,39691.0,76.9618010369784,98.90928501320894,-27.200000000000003,5.333181818181818,0.7882364194538601,1.0254341283091664,-0.35799999999999965,0.02957294919590936,63.9,0.42752342735550997,0.36259826059260547,21.118071033362558,87.7,0.08164965809269431,0.7120393247654789,99.1937360054817,87.7,0.6613999999999933,0.0,78.3,0.0002981332328715336,-0.022044754987724957,0,0,0,0,0,0,0.36,0.64,0.66,0.04
1991-10-01,21.10341,99.1747453119492,78.3,-141.20532352972077,119.50437420215935,-1.8999999999999915,3.0,3.0,7.558388551553996e-05,5.043636363636363,4.994090909090909,5.041363636363636,137.2,62.1855,7.53,7.0,107.9,39694.0,76.61244204065424,99.03384862617321,-29.299999999999983,5.215,0.6824920491814302,1.0744977685093284,-0.580909090909091,-0.04856364272841063,63.9,0.12132003983029449,0.22926171159144815,21.324873509422098,81.8,0.08366600265333103,0.6595452979230467,99.2233089546776,83.0,0.4549999999999983,0.20000000000000018,78.3,-0.00048943784721589,-0.060168655355734124,0,0,0,0,0,0,0.64,0.76,0.34,0.04
1991-11-01,21.11836,99.102240901013,69.1,-149.48876109319826,114.66142517493415,0.0,0.0,3.0,0.0,4.636842105263158,4.558947368421053,4.6147368421052635,137.8,62.0871,7.42,7.0,107.9,39694.0,76.22061197187314,99.14043719166393,-29.900000000000006,4.994090909090909,0.6263141144211439,1.369029738255738,-0.7742344497607654,-0.07250441093619031,65.5,-0.09149510446869158,0.06427779983344806,21.504470849101423,78.3,0.06324555320326593,1.017349497474784,99.2233089546776,83.0,0.35730000000000217,0.09999999999999964,78.3,-0.0007310773595448072,-0.1267983627112068,0,0,0,0,0,0,0.76,0.66,0.14,0.08
1991-12-01,21.21873,99.0692988370544,68.2,-162.38892557559302,109.31227854787949,0.5,0.0,3.0,0.0,4.1657142857142855,4.0738095238095235,4.1033333333333335,138.2,61.7852,7.09,7.3,108.4,39694.0,75.83728058899575,99.22834389074113,-29.799999999999983,4.558947368421053,0.6505593483155221,1.5486797896580542,-1.1411904761904763,-0.03294206395860044,65.5,-0.15401011762320138,-0.07360991984869258,21.670081324888052,82.1,0.07527726527082261,1.079660440452771,99.2233089546776,83.0,-0.43429999999999325,0.39999999999999947,69.1,-0.0003324048342308039,-0.29471418659796456,0,0,0,0,0,0,0.66,0.34,0.04,0.08
1992-01-01,22.71159,99.1203184326318,67.5,39.61572540735506,103.37838704485692,-0.4000000000000057,357.0,357.0,0.008993802589811972,3.9514285714285715,3.804761904761905,3.8685714285714283,138.3,61.4616,7.03,7.3,108.0,40051.0,75.4882758898721,99.29969898070927,-30.30000000000001,4.0738095238095235,0.6606508239117403,1.5845848323442264,-1.1893290043290041,0.05101959557740088,66.8,-0.054426879317389876,-0.1337729202200535,21.829213390895706,82.9,0.17224014243681343,0.851860708495544,99.2233089546776,83.0,-0.7239000000000004,0.2999999999999998,68.2,0.0005149889640514438,-0.2833920873481368,0,0,0,0,0,0,0.34,0.14,0.04,0.04
1992-02-01,22.59063,99.2465639783789,68.8,16.136554024240468,150.25977505274454,-0.20000000000000284,0.0,357.0,0.0,4.076842105263157,3.84421052631579,3.9294736842105262,138.6,61.8955,7.34,7.4,107.8,40051.0,75.17359613898014,99.35942184864244,-30.799999999999997,3.804761904761905,0.6546888934995185,1.5113710412168133,-0.7147368421052627,0.12624554574709634,67.5,0.14432307736589678,-0.11780286601434398,21.98334272362907,82.0,0.18618986725021763,0.8310635755936089,99.2233089546776,83.0,-0.1916000000000011,0.40000000000000036,67.5,0.0012736596062581373,0.10900880191674389,0,0,0,0,0,0,0.14,0.04,0.08,0.54
1992-03-01,22.30278,99.4160784200754,76.0,-13.390013592885225,170.33603152375315,0.4000000000000057,0.0,357.0,0.0,4.402727272727272,4.03590909090909,4.175,139.1,62.4232,7.54,7.4,108.2,40051.0,75.0098997863661,99.4142405793528,-30.89999999999999,3.804761904761905,0.6191945253522236,1.2814232144502111,-0.03790043290043332,0.1695144416964922,67.5,0.34677958302098943,-0.050850774188546666,22.131848508214283,83.0,0.2073644135332458,0.7641989269893431,99.2465639783789,83.0,0.6379999999999981,0.10000000000000053,67.5,0.0017080132036955131,0.2413714279755519,0,0,0,0,0,0,0.04,0.04,0.08,0.22
1992-04-01,22.23713,99.569546158948,77.2,24.531467382097617,173.1940582614633,-0.7000000000000028,299.0,299.0,0.007465481511073291,4.08952380952381,3.7490476190476194,3.8680952380952385,139.4,62.897,7.48,7.4,107.5,40350.0,75.17015679839717,99.4707201975996,-31.900000000000006,3.804761904761905,0.5358510870558046,1.2011042898674638,-0.055714285714285605,0.15346773887260667,67.5,0.44922772631619523,0.015167809023012069,22.276319651389223,78.3,0.18618986725021763,0.22509257357414503,99.4160784200754,78.3,1.4354000000000013,0.10000000000000053,67.5,0.0015436913355617587,0.15744050141449328,0,0,0,0,0,0,0.04,0.08,0.04,0.04
1992-05-01,22.63905,99.6667221485997,79.2,-12.031069115626451,235.22941734988794,-0.09999999999999432,0.0,299.0,0.0,3.9945,3.633,3.7515,139.7,63.104,7.39,7.6,107.4,40350.0,75.75002124667937,99.53298628381219,-32.29999999999998,3.7490476190476194,0.4825826023645508,1.1349476025758325,-0.21121052631578996,0.09717598965170282,67.5,0.4201581702208017,0.042448932967957376,22.418588502465113,69.1,0.15491933384825465,0.3141125064020936,99.569546158948,77.2,1.2085000000000008,0.1999999999999993,67.5,0.0009759609579476081,0.1224874326441805,0,0,0,0,0,0,0.08,0.08,0.54,0.02
1992-06-01,22.24978,99.695786679407,80.4,-47.10332252502121,269.92333366993415,-0.10000000000000853,0.0,299.0,0.0,3.975454545454545,3.6563636363636363,3.769090909090909,140.1,63.1363,7.26,7.8,107.3,40350.0,76.7267704933438,99.601246872347,-32.8,3.633,0.5120269124663137,1.029857301082384,-0.37954545454545396,0.029064530807289657,67.5,0.27970825933159915,0.01825805957258808,22.559649734325603,68.2,0.1095445115009726,0.39200340136045864,99.6667221485997,79.2,0.7130999999999972,0.39999999999999947,67.5,0.0002916172036233622,0.17952779034567623,0,0,0,0,0,0,0.08,0.04,0.22,0.04
1992-07-01,22.59568,99.6848154029868,76.6,55.11833962662058,287.3558136444147,0.0,249.0,249.0,0.0061710037174720345,3.4450000000000003,3.208181818181818,3.2795454545454548,140.5,63.7176,6.84,7.7,107.3,40599.0,77.96340520551838,99.67180323106422,-33.2,3.633,0.5631843494931524,0.8532913105105219,-0.5408658008658014,-0.010971276420193021,67.5,0.11526924403879946,-0.028457340778842877,22.70101527254615,67.5,0.18348478592693485,0.3577708764159304,99.695786679407,80.4,0.8205999999999989,0.2999999999999998,67.5,-0.0001100475434882009,-0.1311801724830266,0,0,0,0,0,0,0.04,0.54,0.04,0.04
1992-08-01,22.78407,99.6744979124688,76.1,32.52205188881635,330.2998178864819,0.0,0.0,249.0,0.0,3.3285714285714287,3.1271428571428572,3.209047619047619,140.8,63.3613,6.59,7.6,107.3,40599.0,79.25423464674718,99.7384958386607,-33.500000000000014,3.208181818181818,0.6847731574732164,0.7967262561629816,-0.5058571428571428,-0.010317490518005457,67.5,0.007775763869091179,-0.05802600979356498,22.84526428695806,68.8,0.1760681686165511,0.354494945913253,99.695786679407,80.4,0.25730000000000075,0.0,68.8,-0.0001035011247830786,-0.2842277985082031,0,0,0,0,0,0,0.54,0.22,0.02,0.12
1992-09-01,22.78987,99.7077080535699,75.6,18.48926553143974,350.8998389406352,0.10000000000000853,0.0,249.0,0.0,3.060952380952381,2.9095238095238094,2.958095238095238,141.1,63.5703,6.42,7.6,107.4,40599.0,80.39793848506913,99.79490358793007,-33.69999999999999,3.1271428571428572,0.7041469330560195,0.7045307916269088,-0.7468398268398269,0.03321014110110809,67.5,0.011921374162909615,-0.035650295940143906,22.994302338937366,76.0,0.16020819787592927,0.3521363372492812,99.695786679407,80.4,0.4340000000000046,-0.20000000000000018,76.0,0.0003331859381952018,-0.31217886621363533,0,0,0,0,0,0,0.22,0.04,0.04,0.52
1992-10-01,22.47702,99.8083312229416,73.3,154.65485995545896,353.0885801798259,0.6999999999999886,282.0,282.0,0.006945983891228913,3.1699999999999995,2.863809523809524,3.0357142857142856,141.7,63.9995,6.59,7.3,108.1,40881.0,81.27910842658459,99.83648761599271,-33.599999999999994,2.9095238095238094,0.7572208286439274,0.3837612894229813,-0.344372294372294,0.10062316937170124,67.5,0.12351581995480387,0.05369231150204712,23.15009668493317,77.2,0.1329160135824607,0.08164965816187726,99.7077080535699,80.4,0.28190000000000026,-0.40000000000000036,75.6,0.0010091814498196516,-0.025533912257385438,0,0,0,0,0,0,0.04,0.02,0.04,0.12
1992-11-01,23.05813,99.9540220005483,85.3,155.4261196450825,372.2912980515544,-0.09999999999999432,0.0,282.0,0.0,3.5163157894736843,3.128421052631579,3.3368421052631576,142.1,64.2422,6.87,7.4,108.0,40881.0,81.86674056612361,99.86188167245471,-34.099999999999994,2.863809523809524,0.8361937656041349,0.39733963792408683,0.0012781954887217672,0.14569077760670268,67.5,0.279524088079512,0.18144502701721876,23.31446674419242,79.2,0.16733200530677395,0.3141125064017506,99.8083312229416,80.4,0.8808999999999969,-0.1999999999999993,73.3,0.0014597055758929223,0.31146108561684827,0,0,0,0,0,0,0.02,0.04,0.12,0.2
1992-12-01,23.71526,100.084651251592,91.0,162.88451632838405,362.1906412442247,0.0,0.0,282.0,0.0,3.5504545454545453,3.216818181818182,3.3622727272727273,142.3,64.3507,6.77,7.4,108.0,40881.0,82.217266987221,99.87294633919748,-34.30000000000001,2.863809523809524,0.9012147745810093,0.4025486983363731,0.3072943722943724,0.13062925104370038,67.5,0.3769431980221043,0.28328878099809174,23.485945999835167,80.4,0.1861898672502154,0.37771241266078576,99.9540220005483,85.3,0.7804000000000002,-0.1999999999999993,73.3,0.0013068933938744642,0.41589699100612254,0,0,0,0,0,0,0.04,0.04,0.52,0.12
1993-01-01,23.73477,100.148180002315,89.3,-8.653050710279786,320.02389825352014,-0.09999999999999432,-52.0,-52.0,-0.0012719845404955965,3.3473684210526318,3.001578947368421,3.143157894736842,142.8,64.5978,6.6,7.3,107.9,40829.0,82.42247641867021,99.8738228987997,-34.900000000000006,2.863809523809524,0.8998972065870073,0.355370058917098,0.13776942355889688,0.06352875072299469,67.5,0.33984877937339775,0.3103964090687441,23.665338675520257,76.6,0.15491933384825193,0.38686776381352783,100.084651251592,91.0,0.5983000000000089,0.0,73.3,0.0006347501832553171,0.3243363976420941,0,0,0,0,0,0,0.04,0.12,0.12,0.1
1993-02-01,24.10519,100.131263306475,86.6,8.594237406781758,305.8607699671361,0.29999999999999716,0.0,-52.0,0.0,3.2463157894736843,2.928421052631579,3.0705263157894733,143.1,64.9089,6.26,7.1,108.2,40829.0,82.56586821790958,99.86957388128398,-34.89999999999999,2.863809523809524,0.8059999648462697,0.34859023437557357,-0.20000000000000018,-0.016916695839995555,68.8,0.1772413059266995,0.2540046174362942,23.854529055829634,76.1,0.1366260102127439,0.3430257522083707,100.148180002315,91.0,0.6667000000000058,-0.3000000000000007,73.3,-0.00016891665769269704,0.07037859966966309,0,0,0,0,0,0,0.12,0.52,0.2,0.08
1993-03-01,24.5713,100.040284082618,85.9,27.110527062250185,274.8005750711407,0.0,0.0,-52.0,0.0,3.1978260869565216,2.9517391304347824,3.0547826086956524,143.3,64.8522,5.98,7.0,108.2,40829.0,82.68483433945279,99.86508137496602,-35.10000000000001,2.863809523809524,0.7479507142238335,0.3785938897026602,-0.2650790513833994,-0.09097922385700485,73.3,-0.04436716897400572,0.1271152666585067,24.050891638984886,75.6,0.16431676725150804,0.28047578626001707,100.148180002315,91.0,0.501499999999993,-0.40000000000000036,73.3,-0.0009085995807177616,-0.2804023962099871,0,0,0,0,0,0,0.52,0.12,0.12,0.02
1993-04-01,24.23496,99.9065941104728,85.6,-96.81619616906391,219.79292940629472,1.3999999999999915,113.0,113.0,0.0027676406475789506,3.1095238095238096,2.8699999999999997,2.972857142857143,143.8,65.0301,5.97,7.1,109.6,40942.0,82.79013882937365,99.86458101122184,-34.20000000000002,2.863809523809524,0.7004109376030623,0.3785938897026602,-0.13157894736842124,-0.13368997214520562,73.3,-0.24158589184220602,-0.031196655877323565,24.249136824462102,73.3,0.16431676725150865,0.12110601421161656,100.148180002315,91.0,0.4322999999999979,-0.20000000000000018,73.3,-0.001336361380529394,-0.30420804940777035,0,0,0,0,0,0,0.12,0.2,0.1,0.0
1993-05-01,24.36321,99.7512523097289,80.3,-83.47591457625822,208.89164582573514,0.9000000000000057,0.0,113.0,0.0,3.2265,2.9565,3.0685000000000002,144.2,64.784,6.04,7.1,110.5,40942.0,82.89951335185933,99.87172216099201,-33.69999999999999,2.863809523809524,0.6948109057661489,0.6542981435040655,0.028078947368421314,-0.1553418007438978,73.3,-0.3800109967461083,-0.19825710893147175,24.44505600976581,85.3,0.17224014243681185,0.6400520812233228,100.148180002315,91.0,-0.12489999999999668,0.0,85.3,-0.0015548703479184578,-0.14754072406707408,0,0,0,0,0,0,0.2,0.12,0.08,0.04
1993-06-01,24.47691,99.6208462288921,81.5,-76.07872735359706,183.44603285028396,-0.09999999999999432,0.0,113.0,0.0,3.389090909090909,3.070909090909091,3.1954545454545453,144.3,64.9301,5.96,7.0,110.4,40942.0,83.0362118662516,99.88981137580336,-33.900000000000006,2.863809523809524,0.6496972821306404,0.9756116962218698,0.11916996047430839,-0.13040608083679217,73.3,-0.4194378537258956,-0.33205918621770536,24.63056645886828,91.0,0.15055453054177198,1.0652073350660194,100.148180002315,91.0,0.07789999999999964,0.0,80.3,-0.0013073127185599942,-0.04951559019287988,0,0,0,0,0,0,0.12,0.1,0.02,0.04
1993-07-01,24.54492,99.5499669757663,77.0,-165.6303140901,135.49580670695946,1.0,55.0,55.0,0.0013433637829123324,3.3299999999999996,3.036190476190476,3.156666666666667,144.5,65.1052,5.81,6.9,111.4,40997.0,83.22315956746694,99.92196108202108,-33.099999999999994,2.863809523809524,0.5824324532942557,1.1285214247178752,0.16619047619047622,-0.07087925312580978,73.3,-0.35662713470649976,-0.40430226176583517,24.795580367992056,89.3,0.10954451150097293,1.1792653080111337,100.148180002315,89.3,0.07509999999999195,-0.1999999999999993,80.3,-0.0007114901730803647,-0.0981440646523346,0,0,0,0,0,0,0.1,0.08,0.0,0.04
1993-08-01,24.94888,99.5642276439523,77.3,-175.11013154765533,126.85314223846608,0.0,0.0,55.0,0.0,3.3013636363636363,3.019090909090909,3.137272727272727,144.8,65.0267,5.68,6.8,111.4,40997.0,83.51879210424022,99.9708540750288,-33.400000000000006,2.863809523809524,0.580594003754621,1.3594785096383002,0.06259090909090892,0.01426066818599736,73.3,-0.1870246657766046,-0.3986614033140654,24.93221502020562,86.6,0.08164965809269219,1.3060117406358966,100.148180002315,86.6,0.24269999999999925,-0.2999999999999998,77.0,0.00014325136028903174,-0.15730952838450563,0,0,0,0,0,0,0.08,0.02,0.04,0.08
1993-09-01,25.23904,99.6695596780699,77.9,-193.94057096580946,106.88435409504213,0.19999999999998863,0.0,55.0,0.0,3.221904761904762,2.9476190476190474,3.061428571428571,145.0,65.3717,5.36,6.7,111.6,40997.0,84.00378534162614,100.03807552815995,-33.400000000000006,2.863809523809524,0.47976636382982335,1.472449001015829,-0.12329004329004345,0.10533203411760894,73.3,0.04871344917779652,-0.32354361704082635,25.0384924813365,85.9,0.11690451944494568,1.2128478882416895,100.148180002315,85.9,0.4416000000000082,-0.2999999999999998,77.0,0.0010579305098843417,-0.4251851530183437,0,0,0,0,0,0,0.02,0.0,0.04,0.0
1993-10-01,25.5033,99.8560968438873,82.7,29.16257373238477,66.00568156450815,0.4000000000000057,426.0,426.0,0.010391004219820976,3.2545,3.0175,3.12,145.6,65.8509,5.33,6.8,112.0,41423.0,84.67964747033851,100.12334702485022,-33.599999999999994,2.863809523809524,0.3974230524898781,1.531759732717314,-0.018690476190475813,0.18653716581739843,73.3,0.30612986812100473,-0.2001574818785059,25.115012650015586,85.6,0.16329931618550578,0.7808115436385333,100.148180002315,85.6,0.7456999999999994,-0.10000000000000053,77.0,0.001871556033957722,-0.4788140654089652,0,0,0,0,0,0,0.0,0.04,0.04,0.0
1993-11-01,25.34482,100.092906706375,81.2,-3.713393376863678,160.49155079809537,-0.20000000000000284,0.0,426.0,0.0,3.4219999999999997,3.104,3.258,146.0,66.1518,5.72,6.6,111.8,41423.0,85.49329072247001,100.22413662663996,-34.2,2.8699999999999997,0.4305441253373406,1.631693672970043,0.08490909090909105,0.23680986248770353,77.0,0.5286790624227109,-0.061532362576940614,25.164019404758122,80.3,0.14719601443875427,0.6337717780710359,100.148180002315,82.7,1.125099999999989,-0.20000000000000018,77.0,0.002371511304491758,-0.21249836873561367,0,0,0,0,0,0,0.04,0.04,0.08,0.0
1993-12-01,25.52289,100.354933494745,88.2,-40.31311476320843,206.65758166442959,0.6000000000000085,0.0,426.0,0.0,3.452727272727273,3.0568181818181817,3.2340909090909093,146.3,66.5436,5.77,6.5,112.4,41423.0,86.40231467240876,100.33577111171013,-33.900000000000006,2.8699999999999997,0.5036003347852631,1.6263921775321093,0.1091991341991343,0.2620267883699938,77.0,0.6853738166750958,0.07239223192665634,25.194911232282703,81.5,0.1414213562372658,0.5573747991068445,100.148180002315,82.7,1.1718999999999937,-0.20000000000000018,77.0,0.0026178357387367512,-0.15923677880964338,0,0,0,0,0,0,0.04,0.04,0.0,0.0
1994-01-01,25.95653,100.600198157586,94.3,70.5430940008373,234.9600062653937,0.6999999999999886,290.0,290.0,0.007000941505926672,3.3884999999999996,2.9755,3.154,146.3,66.7351,5.75,6.6,113.1,41713.0,87.38005606301394,100.4518529453878,-33.20000000000002,2.8699999999999997,0.6029640415923713,1.609912476442178,-0.04200000000000026,0.24526466284099513,77.0,0.7441013136986925,0.1719984133646335,25.21861618767289,77.0,0.14719601443875632,0.38815804343013705,100.354933494745,88.2,0.884200000000007,-0.20000000000000018,77.0,0.0024439721526379188,-0.3068941888914205,0,0,0,0,0,0,0.04,0.08,0.0,0.04
1994-02-01,25.94262,100.800001875931,93.2,32.83047232709214,291.8363359290071,1.4000000000000057,0.0,290.0,0.0,3.6915789473684213,3.2536842105263157,3.4257894736842105,146.7,66.774,5.97,6.6,114.5,41713.0,88.3957863451805,100.56479935199079,-32.19999999999999,2.8699999999999997,0.6970200903035302,1.5602058916144015,0.14968421052631564,0.19980371834500943,77.0,0.7070951695559984,0.2239132392785308,25.238355805875663,77.3,0.12110601416385018,0.6188699378810868,100.600198157586,94.3,0.6222000000000065,0.0,77.3,0.001986116548518435,-0.2266363129735094,0,0,0,0,0,0,0.08,0.0,0.0,0.04
1994-03-01,25.48287,100.94854191723,91.5,-3.181327795391553,321.3883118105896,-0.5,0.0,290.0,0.0,4.108260869565217,3.5030434782608695,3.781304347826087,147.1,67.4552,6.48,6.5,114.0,41713.0,89.38428913850024,100.66642463667374,-33.099999999999994,2.8699999999999997,0.7715751855578035,1.6334338249809057,0.4462252964426878,0.14854004129900034,77.0,0.5936084224850049,0.24063941277144352,25.249285354251267,77.9,0.10327955589880695,1.0856641592498992,100.800001875931,94.3,0.9116000000000071,0.0,77.9,0.001473611493398863,-0.04161466895557453,0,0,0,0,0,0,0.0,0.0,0.0,0.06
1994-04-01,24.55667,101.042244137994,92.6,111.66082071504934,331.0169248606652,1.2000000000000028,441.0,441.0,0.01057224366504439,4.57,3.678421052631579,4.091052631578948,147.2,67.8541,6.97,6.4,115.2,42154.0,90.28342032427504,100.74865761260429,-31.999999999999986,2.8699999999999997,0.8987813982371031,1.44502804837539,0.702921052631579,0.09370222076400125,77.0,0.442045980408011,0.2357867295510374,25.24490134112379,82.7,0.10954451150097953,1.1003029885808417,100.94854191723,94.3,1.1189999999999998,-0.1999999999999993,81.2,0.0009282176739198178,0.1622590463963114,0,0,0,0,0,0,0.0,0.0,0.04,0.04
1994-05-01,24.7144,101.083759919923,92.8,84.40126939838228,399.975482201576,0.09999999999999432,0.0,441.0,0.0,5.027619047619048,4.144761904761905,4.5980952380952385,147.5,68.1663,7.18,6.1,115.3,42154.0,91.05072533877566,100.80423847608053,-32.2,2.9476190476190474,1.0345545324461705,1.538865185970308,0.8910776942355896,0.04151578192899308,77.0,0.28375804399199467,0.22286859738927944,25.22536971387722,81.2,0.08164965809270185,1.2961481396867673,101.042244137994,94.3,1.3923000000000059,-0.5,81.2,0.0004108754935439052,0.1889648150303369,0,0,0,0,0,0,0.0,0.0,0.04,0.04
1994-06-01,24.87754,101.079179000288,91.2,63.730894992055255,433.74167531818773,0.20000000000000284,0.0,441.0,0.0,4.983636363636363,4.136818181818182,4.546818181818182,147.9,68.6265,7.1,6.1,115.5,42154.0,91.66199514220861,100.82729640663582,-32.400000000000006,2.9476190476190474,1.1162394476403996,1.632877178104069,0.6337747035573122,-0.004580919635003511,77.0,0.13063708305799082,0.2117332512279546,25.19989984078076,88.2,0.18708286933866736,1.158303356932174,101.083759919923,94.3,1.171299999999988,-0.40000000000000036,88.2,-4.531805740737305e-05,0.02031915950221652,0,0,0,0,0,0,0.0,0.04,0.06,0.04
1994-07-01,24.68769,101.042985847732,89.0,-28.479226941024535,440.48446985171455,0.5,110.0,110.0,0.002609479527446945,5.174,4.3305,4.7509999999999994,148.4,68.7178,7.3,6.1,116.0,42264.0,92.09324304523564,100.81386741187617,-32.400000000000006,2.9476190476190474,1.2014603940238413,1.6269510431954541,0.652078947368421,-0.03619315255599531,77.0,0.0007417097379942561,0.2165825447143277,25.184719875526593,94.3,0.23166067138523072,0.9252026805051239,101.083759919923,94.3,0.8636999999999944,-0.3000000000000007,91.2,-0.0003580673380408905,0.11140366330337947,0,0,0,0,0,0,0.04,0.04,0.04,0.12
1994-08-01,25.36024,100.990157104083,91.7,-33.781429337424925,442.03976236744677,0.20000000000000284,0.0,110.0,0.0,5.254782608695652,4.479130434782609,4.877826086956522,149.0,69.1785,7.24,6.0,116.2,42264.0,92.35204786908137,100.76240738945557,-32.8,2.9476190476190474,1.2345049107928043,1.708446042101661,0.3343685300207033,-0.05282874364900181,77.3,-0.09360281584000063,0.24727176043161592,25.200684923523877,93.2,0.22803508501980466,0.7194905605223055,101.083759919923,93.2,1.0121999999999929,-0.09999999999999964,89.0,-0.0005228343482308606,-0.021275674631678676,0,0,0,0,0,0,0.04,0.06,0.04,0.36
1994-09-01,25.51085,100.921739063199,91.5,-29.267015808487486,415.27000161476985,4.0,0.0,110.0,0.0,5.434285714285714,4.624761904761905,5.040476190476191,149.3,69.3961,7.46,5.9,120.2,42264.0,92.47367269271072,100.67413624303823,-29.10000000000001,2.9476190476190474,1.2314845907260796,1.7169387839592902,0.4879437229437231,-0.06841804088399783,77.9,-0.15743993708899495,0.2924333235450831,25.2667847056534,91.5,0.199999999999975,0.7763160868362862,101.083759919923,92.8,0.7696000000000112,-0.1999999999999993,89.0,-0.0006774723680594841,0.19204703719840754,0,0,0,0,0,0,0.06,0.04,0.04,0.42
1994-10-01,25.27446,100.830149025393,92.7,91.98420001718478,353.80310394671733,0.7000000000000028,354.0,354.0,0.008375922771152844,5.753500000000001,4.9465,5.385,149.4,69.9544,7.74,5.8,120.9,42618.0,92.53576887841665,100.55296109284713,-28.5,2.9755,1.2107392536075101,2.3260709491738703,0.6160000000000005,-0.09159003780600017,81.2,-0.2128368223389998,0.3308174207716519,25.396820938582696,92.6,0.1673320053067866,1.9026297590478602,101.083759919923,92.8,1.23660000000001,-0.2999999999999998,89.0,-0.0009075352709553286,0.4605005175556238,0,0,0,0,0,0,0.04,0.04,0.12,0.38
1994-11-01,25.00329,100.692558407807,91.6,113.98848014271061,378.2039993841948,1.0999999999999943,0.0,354.0,0.0,6.133,5.289,5.724,149.8,70.4326,7.96,5.6,122.0,42618.0,92.60900239347858,100.40483030070436,-27.80000000000001,2.9755,1.244423805938581,2.7693533869483846,0.8098695652173911,-0.13759061758599955,81.2,-0.29759869627599755,0.3328506134611615,25.595228846805398,92.8,0.1264911064066994,2.5097808669313886,101.083759919923,92.8,1.254099999999994,-0.40000000000000036,89.0,-0.001364578143699391,0.6219955406439093,0,0,0,0,0,0,0.04,0.04,0.36,0.2
1994-12-01,24.62429,100.498026338956,95.1,141.7683538880592,373.17978443884965,0.09999999999999432,0.0,354.0,0.0,6.67,5.595714285714286,6.208571428571428,150.1,71.1523,7.81,5.5,122.1,42618.0,92.71569332684868,100.2367086746042,-28.0,2.9755,1.2907970186408473,3.10106286764311,0.9709523809523812,-0.19453206885100371,88.2,-0.42371272424300344,0.2857038437526427,25.858107781274423,91.2,0.194079021706773,2.8786570943205345,101.083759919923,92.7,1.7561999999999927,-0.40000000000000036,89.0,-0.0019319408695839257,0.5925028664495944,0,0,0,0,0,0,0.04,0.12,0.42,0.06
1995-01-01,25.11062,100.241578145366,97.6,44.75824885391194,337.4185760345887,1.8000000000000114,36.0,36.0,0.000844713501337413,6.592999999999999,5.7105,6.214,150.5,71.2734,7.78,5.6,123.9,42654.0,92.83051878325925,100.05553313613834,-26.599999999999994,2.9755,1.3957239288915873,3.2593455375760696,0.7639999999999993,-0.25644819358998916,89.0,-0.5885708800269924,0.18376311858220618,26.18139378408902,89.0,0.23166067138523666,2.7775288777404876,101.083759919923,95.1,1.3189999999999884,-0.20000000000000018,89.0,-0.0025517734320975594,0.6256902437951046,0,0,0,0,0,0,0.12,0.36,0.38,0.28
1995-02-01,25.93257,99.9255016733298,95.1,79.31715624155186,326.34569883816556,1.6999999999999886,0.0,36.0,0.0,6.282105263157895,5.769473684210527,6.03421052631579,150.9,71.193,7.47,5.4,125.6,42654.0,92.9217367844564,99.86753164919072,-25.30000000000001,3.2536842105263157,1.428325707910323,3.5385752996790307,0.4804736842105273,-0.31607647203620104,89.0,-0.7670567344771939,0.03032978920847995,26.559953522369728,91.7,0.19663841605001606,2.616422493918516,101.083759919923,97.6,0.7604000000000042,-0.1999999999999993,91.5,-0.0031531474053395625,0.39878866038622807,0,0,0,0,0,0,0.36,0.42,0.2,0.06
1995-03-01,26.42236,99.5808852392823,90.3,117.2762559061739,292.8060041379837,1.8000000000000114,0.0,36.0,0.0,6.03,5.728695652173912,5.889130434782608,151.2,71.3113,7.2,5.4,127.4,42654.0,92.93656864900844,99.67818082472924,-23.799999999999983,3.5030434782608695,1.346560603796093,3.9697626064411233,0.13298136645962622,-0.3446164340475093,89.0,-0.9171410996736995,-0.14101421515267987,26.98897959033415,91.5,0.18618986725023423,1.9907285098718588,101.083759919923,97.6,0.15900000000000603,-0.09999999999999964,91.5,-0.0034487335892904314,0.06602788806765769,0,0,0,0,0,0,0.42,0.38,0.06,0.12
1995-04-01,27.17155,99.2603884496826,92.5,-165.5496171151608,227.0524568914771,0.29999999999999716,6.0,6.0,0.00014066676044444115,5.883157894736843,5.653684210526316,5.770526315789474,151.8,71.1882,7.06,5.8,127.7,42660.0,92.83040364551147,99.49273669310433,-24.10000000000001,3.678421052631579,1.285988709449683,4.331727557954947,-0.05681578947368404,-0.3204967895997015,89.0,-0.9811896956834119,-0.27865738620677405,27.46707847016981,92.7,0.15165750888101034,2.474469640148579,101.083759919923,97.6,-0.08520000000000039,0.20000000000000018,90.3,-0.0032184569240329974,-0.0630341214850425,0,0,0,0,0,0,0.38,0.2,0.28,0.2
1995-05-01,27.90742,99.0072754400411,89.8,-120.66219652562722,219.51572042517768,1.2000000000000028,0.0,6.0,0.0,5.6486363636363635,5.665,5.665909090909091,152.1,71.5378,6.63,5.6,128.9,42660.0,92.59347757576616,99.31694265050861,-23.19999999999999,4.136818181818182,1.1907463457843264,4.562760992948262,-0.10447368421052694,-0.2531130096414955,89.0,-0.9182262332887063,-0.34456966086322893,27.994326855438906,91.6,0.15165750888101034,2.5198544931571143,101.083759919923,97.6,0.34480000000000643,0.1999999999999993,90.3,-0.0025499901178586137,-0.37307452001333363,0,0,0,0,0,0,0.2,0.06,0.06,0.04
1995-06-01,28.67153,98.838682598787,92.7,-74.63192983225599,202.34167023571817,-1.6000000000000085,0.0,6.0,0.0,5.329999999999999,5.472272727272728,5.423636363636363,152.4,71.7749,6.17,5.6,127.3,42660.0,92.2621178696141,99.15739067083328,-25.10000000000001,4.136818181818182,1.1004136407878906,4.687507575749525,-0.2564229249011847,-0.16859284125409602,89.0,-0.742202640495293,-0.3317987927362225,28.57250756951228,95.1,0.15165750888101034,2.5695654626190185,101.079179000288,97.6,0.46359999999999957,0.1999999999999993,89.8,-0.0017028328524826275,-0.6035392364003309,0,0,0,0,0,0,0.06,0.28,0.12,0.08
1995-07-01,29.52861,98.7414716914499,94.4,-40.84959531181812,172.67836627800835,0.8999999999999915,225.0,225.0,0.0052742616033756295,5.282,5.422,5.3705,152.6,71.4748,6.28,5.7,128.2,42885.0,91.9133700526188,99.02113742530464,-24.400000000000006,4.3305,1.0303928439936205,4.381953348849882,-0.23168421052631594,-0.09721090733710014,89.0,-0.5189167582326917,-0.26628245687081176,29.19218850735089,97.6,0.15055453054179493,1.7708754896994043,101.042985847732,97.6,0.28660000000000707,-0.09999999999999964,89.8,-0.0009835309899031142,-0.2981306741622669,0,0,0,0,0,0,0.28,0.06,0.2,0.38
1995-08-01,29.71381,98.681137950099,96.2,-3.643290574545972,172.55572222138954,-1.5999999999999943,0.0,225.0,0.0,5.425217391304348,5.397826086956522,5.4082608695652175,152.9,72.4223,6.49,5.7,126.6,42885.0,91.61375877526704,98.91459426955798,-26.30000000000001,4.479130434782609,0.8691269466061237,3.958649907593526,-0.2671739130434778,-0.060333741350902415,89.8,-0.32613748994209857,-0.19558239216161155,29.833777837083755,95.1,0.16020819787595184,1.1089033621939404,100.990157104083,95.1,0.8845000000000027,0.10000000000000053,89.8,-0.000611027365881589,0.08624499758899606,0,0,0,0,0,0,0.06,0.12,0.04,0.04
1995-09-01,30.73981,98.6291147634023,88.9,23.838328467718384,154.5641967200144,0.30000000000001137,0.0,225.0,0.0,5.307,5.279,5.3025,153.1,72.7144,6.2,5.6,126.9,42885.0,91.39287808807727,98.84216989229839,-26.19999999999999,4.624761904761905,0.8141045660530221,3.0914348928855846,-0.1932727272727277,-0.05202318669670092,89.8,-0.20956783538470347,-0.16182679232703379,30.475892358340836,90.3,0.13662601021276952,0.7935153852856796,100.921739063199,96.2,0.9394999999999953,0.0,89.8,-0.000527184705987116,-0.006569569794650398,0,0,0,0,0,0,0.12,0.2,0.08,0.14
1995-10-01,30.87537,98.5854190370348,90.2,-120.2435551624585,110.27991244789722,0.19999999999998863,159.0,159.0,0.003707590066456712,5.281428571428571,5.2785714285714285,5.3238095238095235,153.5,72.5866,6.04,5.5,127.1,43044.0,91.26444655491026,98.80523407659875,-26.400000000000006,4.9465,0.7462033647162208,2.7146488137139917,-0.14342857142857124,-0.04369572636750263,88.9,-0.15605265441510596,-0.17347147995782564,31.098519951900737,92.5,0.08164965809272941,0.8532291603188362,100.830149025393,96.2,1.1118000000000023,-0.20000000000000018,88.9,-0.00044303070622020435,-0.05982842628140084,0,0,0,0,0,0,0.2,0.04,0.38,0.04
1995-11-01,31.44986,98.5647976988067,88.2,-113.51035253566806,143.54164742003437,-0.3999999999999915,0.0,159.0,0.0,5.1433333333333335,5.356190476190476,5.273333333333333,153.7,72.7779,5.93,5.6,126.7,43044.0,91.22207186214767,98.80184057192547,-26.999999999999986,5.2785714285714285,0.6761174875480868,2.290477652972909,-0.04163561076604605,-0.02062133822809642,88.9,-0.11634025129229997,-0.21112469402277156,31.68092928438887,89.8,0.07527726527086344,0.8740709353469865,100.692558407807,96.2,0.3555999999999955,-0.10000000000000053,88.9,-0.00020917229372785506,-0.20421018057894358,0,0,0,0,0,0,0.04,0.08,0.04,0.04
1995-12-01,32.47175,98.5820544507372,91.0,-115.01488285200321,162.16384811345188,-0.10000000000000853,0.0,159.0,0.0,5.0280000000000005,5.1435,5.1265,153.9,73.0305,5.71,5.6,126.6,43044.0,91.23776434619809,98.82745013369669,-27.30000000000001,5.2785714285714285,0.650093558941642,1.8835813727734336,-0.1354999999999995,0.017256751930503356,88.2,-0.047060312665095694,-0.24585299805872296,32.21605690479835,92.7,0.07527726527086344,0.5819507424902075,100.498026338956,96.2,0.3161000000000058,0.0,88.2,0.00017508027544721472,-0.3651397604490434,0,0,0,0,0,0,0.08,0.38,0.14,0.06
1996-01-01,32.60315,98.6489318416676,89.3,-89.18867228249292,170.9982057281058,-0.3999999999999915,215.0,215.0,0.004994888950841103,4.824761904761904,4.996666666666667,4.921428571428571,154.7,72.6125,5.65,5.6,126.2,43259.0,91.30144668420819,98.8763489804208,-28.499999999999986,5.1435,0.7077448232034889,1.2681112177511018,-0.28190476190476144,0.06687739093040079,88.2,0.06351280463280773,-0.2534858816457586,32.71342834519721,94.4,0.07527726527086344,0.6112828041789397,100.241578145366,96.2,0.02589999999999293,0.09999999999999964,88.2,0.0006783931548497435,-0.462706779125039,0,0,0,0,0,0,0.38,0.04,0.04,0.08
1996-02-01,34.30991,98.7731567837842,88.5,-99.23896087190951,206.15520778180453,0.0,0.0,215.0,0.0,4.6895,4.8265,4.7695,155.0,73.6752,5.81,5.5,126.2,43259.0,91.44454867955935,98.94307583028322,-28.799999999999997,4.996666666666667,0.6985218247811386,0.8893306982721021,-0.5296904761904759,0.12422494211659796,88.2,0.2083590849775021,-0.21412195847668158,33.19282295783147,96.2,0.06324555320331504,0.30605010485992395,99.9255016733298,96.2,0.8973000000000013,-0.09999999999999964,88.2,0.0012592629215284479,-0.3441065636083085,0,0,0,0,0,0,0.04,0.14,0.04,0.08
1996-03-01,34.33728,98.9418835062824,93.7,-111.17793335936585,224.08417993145585,0.29999999999999716,0.0,215.0,0.0,5.060952380952381,4.962380952380952,4.961904761904762,155.5,73.585,6.27,5.5,126.5,43259.0,91.70865800250627,99.02329660800108,-29.0,4.8265,0.7833860981575208,0.8107235825191956,-0.18111904761904807,0.16872672249819232,88.2,0.35982905554519107,-0.1314013742888278,33.67239042537597,88.9,0.051639777949368956,0.36560452224329576,99.5808852392823,91.0,0.5544999999999902,-0.09999999999999964,88.2,0.0017082244608981334,-0.07495833622151249,0,0,0,0,0,0,0.14,0.04,0.06,0.02
1996-04-01,34.41352,99.1196865172332,92.7,108.30761968488514,228.87034836827146,-0.5,597.0,597.0,0.01380059640768394,5.234545454545454,4.951818181818182,5.0609090909090915,156.1,74.3172,6.51,5.6,126.0,43856.0,92.12058621809724,99.1139056588947,-30.099999999999994,4.8265,0.8079474155453734,0.8269604805211055,-0.044848484848484915,0.17780301095081086,88.2,0.47075467556560113,-0.03794554171514619,34.16386409315114,90.2,0.054772255750457646,0.33911649918289,99.2603884496826,93.7,1.7047000000000025,0.0,88.2,0.001797044938400827,0.02466678421718438,0,0,0,0,0,0,0.04,0.04,0.08,0.08
1996-05-01,35.14032,99.2856323420233,89.4,92.9258554473854,325.4407733647761,0.20000000000000284,0.0,597.0,0.0,5.325909090909091,5.015454545454546,5.119545454545454,156.4,74.8726,6.74,5.6,126.2,43856.0,92.6663667003917,99.21258120654026,-30.200000000000003,4.8265,0.8670407869797271,0.8552865902697595,0.18895454545454538,0.1659458247901,88.2,0.5124755582391032,0.0457991470105128,34.67720168011365,88.2,0.051639777949368956,0.27325202045851954,99.1196865172332,93.7,1.1974000000000018,0.09999999999999964,88.2,0.0016741964247561913,0.1588147771522932,0,0,0,0,0,0,0.04,0.06,0.08,0.04
1996-06-01,35.48436,99.4199375285999,92.4,76.58733493545878,371.1721809044197,-0.7000000000000028,0.0,597.0,0.0,5.482,5.093999999999999,5.2455,156.7,75.4433,6.91,5.3,125.5,43856.0,93.30659002577605,99.31723325109172,-31.19999999999999,4.8265,0.9840297579180339,0.6111960455048914,0.13161904761904708,0.13430518657659718,88.2,0.47805402231750804,0.09880635238184254,35.22085872350344,91.0,0.051639777949368956,0.22286019537959986,99.2856323420233,93.7,1.8582999999999998,-0.20000000000000018,88.5,0.0013527152258439035,0.3638269147168254,0,0,0,0,0,0,0.06,0.08,0.02,0.0
1996-07-01,34.21694,99.5134889240118,94.7,55.16767223404895,384.6464728675583,1.0999999999999943,249.0,249.0,0.00567767238234218,5.5213636363636365,5.150454545454545,5.297272727272727,157.0,75.4549,6.87,5.5,126.6,44105.0,94.00239366495842,99.42567124957516,-30.400000000000006,4.8265,1.131945820625633,0.670763924495436,0.19863636363636328,0.09355139541189317,88.2,0.39380240677859035,0.1088523331433322,35.789073395600546,89.3,0.11690451944497428,0.3346640106403792,99.4199375285999,93.7,1.1376999999999953,-0.09999999999999964,88.5,0.0009409721806048488,0.31715670140455643,0,0,0,0,0,0,0.08,0.08,0.08,0.04
1996-08-01,35.1152,99.587434423285,95.3,39.93046087955736,434.26098841496116,-0.7999999999999972,0.0,249.0,0.0,5.3545454545454545,5.046818181818182,5.13,157.2,75.8411,6.64,5.1,125.8,44105.0,94.74395804663814,99.5356859959163,-31.39999999999999,4.8265,1.1339644794280548,0.4309081319285554,0.03136363636363626,0.07394549927320782,88.2,0.30180208126169816,0.09425287107222857,36.36156541841774,88.5,0.10954451150100483,0.393276832122861,99.5134889240118,94.7,0.9684999999999917,-0.5,88.5,0.0007430701111250659,0.06924969622709654,0,0,0,0,0,0,0.08,0.02,0.04,0.0
1996-09-01,35.7465,99.6578549088858,94.7,25.197998537274543,454.5995907139712,0.20000000000000284,0.0,249.0,0.0,5.5024999999999995,5.0915,5.2355,157.7,76.3158,6.83,5.2,126.0,44105.0,95.52806194598959,99.64543904788886,-31.69999999999999,4.8265,1.2299133793095005,0.46212617978315773,-0.0024999999999995026,0.07042048560079195,88.2,0.23791738028589293,0.06530129039116161,36.93881192887192,93.7,0.19663841605001986,0.41952353928939584,99.587434423285,95.3,0.8725000000000023,-0.09999999999999964,89.4,0.000707122198785326,0.3207393332983619,0,0,0,0,0,0,0.02,0.08,0.0,0.02
1996-10-01,36.99174,99.7298016755146,96.5,-27.033058193002944,449.6525931694008,1.9000000000000057,316.0,316.0,0.007164720553225257,5.248636363636364,4.98590909090909,5.1077272727272724,158.2,76.3384,6.53,5.2,127.9,44421.0,96.3565602513203,99.75386820679218,-30.299999999999983,4.8265,1.3457817024333798,0.4386618770814757,-0.164545454545455,0.07194676662879829,88.2,0.21631275150279805,0.022472600367621,37.5465368372048,92.7,0.21369760566431448,0.37103458960659724,99.6578549088858,95.3,0.883499999999998,-0.2999999999999998,89.4,0.0007219377408291816,0.055757597358666366,0,0,0,0,0,0,0.08,0.04,0.04,0.04
1996-11-01,38.49857,99.8115685410206,99.2,-42.665149384854885,479.0703355063193,0.0,0.0,316.0,0.0,5.138421052631578,5.028421052631579,5.072631578947369,158.7,77.0397,6.2,5.4,127.9,44421.0,97.223177039537,99.86083330995775,-30.799999999999983,4.8265,1.3700928384817572,0.6037759969772131,-0.018397129186602967,0.08176686550601175,88.2,0.224134117735602,-0.023119560343630496,38.21882174880505,89.4,0.19407902170678082,0.8524474568468492,99.7298016755146,96.5,1.198599999999999,0.3000000000000007,89.4,0.0008198839678037473,-0.3191933832150262,0,0,0,0,0,0,0.04,0.0,0.0,0.1
1996-12-01,38.78163,99.899423493265,96.9,-60.483301561638655,477.5982526219929,-0.20000000000000284,0.0,316.0,0.0,5.182857142857143,4.910952380952381,5.043809523809524,159.1,77.5333,6.3,5.4,127.7,44421.0,98.11706042026819,99.96688653082192,-31.39999999999999,4.8265,1.4280235653978837,0.7489386429404089,-0.18054761904761918,0.08785495224439899,88.5,0.24156858437920903,-0.06522292199232993,38.98173365349827,92.4,0.14719601443877914,1.0571975532911415,99.8115685410206,99.2,1.2175000000000011,0.20000000000000018,92.4,0.0008802081114303029,-0.1527857917081814,0,0,0,0,0,0,0.0,0.04,0.02,0.04
1997-01-01,39.9673,100.00249104084,97.4,-86.1638217964719,444.92984635816185,2.700000000000003,169.0,169.0,0.003804506877377767,5.301904761904762,5.0338095238095235,5.103809523809524,159.4,77.6562,6.58,5.3,130.4,44590.0,99.02796158648835,100.07274634627683,-29.0,4.8265,1.4889557077681244,0.831710541127571,0.04790043290043311,0.10306754757499448,88.5,0.2726893653254052,-0.09088195211182892,39.84356137828416,94.7,0.1549193338482791,0.9703951085433805,99.899423493265,99.2,1.3178000000000054,0.09999999999999964,94.7,0.0010317131367825194,0.11972436729034719,0,0,0,0,0,0,0.04,0.0,0.04,0.04
1997-02-01,41.45096,100.129028029054,99.7,-110.51898331579287,433.57831070479045,0.0,0.0,169.0,0.0,5.227894736842106,5.00578947368421,5.060526315789474,159.7,78.5833,6.42,5.2,130.4,44590.0,99.92080711994838,100.17868108955928,-29.299999999999983,4.8265,1.3841960338859263,1.37870712383504,-0.02263157894736878,0.12653698821399928,88.5,0.31745948803339274,-0.08698428491341303,40.79307884091607,95.3,0.12110601416387769,1.6630293643484333,100.00249104084,99.2,1.5435999999999979,-0.20000000000000018,94.7,0.0012653383620446768,-0.008990056843559913,0,0,0,0,0,0,0.0,0.02,0.1,0.04
1997-03-01,41.26777,100.26561742904,100.0,-136.85846560745267,388.8134533598452,0.4000000000000057,0.0,169.0,0.0,5.4704999999999995,5.144,5.2585,159.8,79.082,6.69,5.2,130.8,44590.0,100.76864101972824,100.28404820649166,-29.0,4.910952380952381,1.4631806005053423,1.6860164634817585,0.2330476190476194,0.13658939998600772,89.4,0.3661939357750015,-0.06310069707978982,41.792329107722786,94.7,0.09831920802499011,1.7174593639109583,100.129028029054,99.7,1.5486999999999966,-0.20000000000000018,94.7,0.0013641338847949491,0.1704106794122504,0,0,0,0,0,0,0.02,0.04,0.04,0.06
1997-04-01,39.71159,100.407606411597,101.4,59.951598702551564,295.83748609712086,0.5,613.0,613.0,0.013747477012783227,5.6440909090909095,5.162272727272728,5.370909090909091,159.9,79.1747,6.89,5.1,131.3,45203.0,101.55837638393642,100.38712638065056,-28.599999999999994,4.910952380952381,1.4709215051254667,1.950291353520354,0.1284632034632045,0.14198898255699532,89.4,0.4051153707570023,-0.022977597560284835,42.794709145886166,96.5,0.09831920802499011,1.487839597095648,100.26561742904,100.0,1.518500000000003,-0.20000000000000018,96.5,0.0014161283418763215,0.32915446194784614,0,0,0,0,0,0,0.04,0.1,0.04,0.04
1997-05-01,42.91642,100.549909657154,103.2,31.08903953544359,379.3952424562479,0.8999999999999773,0.0,613.0,0.0,5.537142857142857,5.048095238095239,5.296666666666667,159.9,79.6133,6.71,4.9,132.2,45203.0,102.29917565596934,100.48531474849072,-27.700000000000017,4.910952380952381,1.4720431265034226,2.1453791075544784,0.04230576441102851,0.14230324555700236,89.4,0.4208816281000054,0.03007217943692808,43.767975413703056,99.2,0.12110601416387769,1.547578754060456,100.407606411597,101.4,1.0300000000000011,-0.2999999999999998,96.9,0.001417255630750347,0.1029383029616815,0,0,0,0,0,0,0.1,0.04,0.04,0.0
1997-06-01,45.26382,100.68650683668,104.5,0.1976708759830217,415.7771474745345,0.10000000000002274,0.0,613.0,0.0,5.37952380952381,4.930952380952381,5.1328571428571435,160.2,79.9792,6.49,5.0,132.3,45203.0,103.01725521573228,100.57548324649453,-27.899999999999977,4.910952380952381,1.5012680781333787,2.365070951586898,-0.21304761904761893,0.13659717952599237,92.4,0.42088940763999005,0.09352480688392006,44.72473046534361,96.9,0.17224014243683577,1.5148157203720394,100.549909657154,103.2,0.8972000000000122,-0.20000000000000018,96.9,0.001358501265607881,0.015672617042598702,0,0,0,0,0,0,0.04,0.04,0.06,0.06
1997-07-01,47.62737,100.806129988628,107.1,140.4071837875308,417.5038649774888,0.09999999999999432,413.0,413.0,0.009136561732628445,5.241363636363636,5.052272727272727,5.118636363636363,160.4,80.6624,6.22,4.9,132.4,45616.0,103.72607062781437,100.65416760227743,-28.0,4.910952380952381,1.5506087235529826,2.3845938603391654,-0.11000000000000121,0.1196231519480051,94.7,0.39852357703099983,0.15686846704910806,45.70146600282164,97.4,0.14719601443878036,0.854790422668952,100.68650683668,104.5,1.4877000000000038,-0.1999999999999993,97.4,0.0011880753013115974,-0.15664603635873853,0,0,0,0,0,0,0.04,0.04,0.04,0.0
1997-08-01,47.68659,100.892098228056,104.4,108.51673483709601,483.88303119368624,0.09999999999999432,0.0,413.0,0.0,5.265238095238095,5.141904761904762,5.188571428571429,160.8,81.4694,6.3,4.8,132.5,45616.0,104.42147065560346,100.71769028702144,-28.30000000000001,4.910952380952381,1.588019113024551,2.417533804716883,0.09380952380952312,0.08596823942799858,94.7,0.34218857090199606,0.2039848506875046,46.728354230288765,99.7,0.13784048752088482,0.8547904226690307,100.806129988628,107.1,1.8560999999999979,-0.10000000000000053,99.7,0.000852807656019472,0.02392964285265542,0,0,0,0,0,0,0.04,0.06,0.0,0.04
1997-09-01,48.49962,100.949473698058,106.0,79.4252389832036,509.2969232765863,0.30000000000001137,0.0,413.0,0.0,5.228571428571429,4.952857142857143,5.088095238095238,161.2,82.2156,6.21,4.9,132.8,45616.0,105.05929990147456,100.7623921014213,-28.399999999999977,4.910952380952381,1.6724841977550358,2.228533965714368,0.02190476190476165,0.057375470002000384,94.7,0.26296686137800407,0.23513230220898151,47.80477269809838,100.0,0.14719601443878214,0.6968978882783708,100.892098228056,107.1,2.236399999999989,-0.09999999999999964,100.0,0.000568681502413737,0.11508697855825112,0,0,0,0,0,0,0.06,0.04,0.06,0.12
1997-10-01,49.44086,100.97961617974,105.6,-44.616191479311965,500.03118084431753,0.6999999999999886,246.0,246.0,0.005392844615924153,5.166363636363636,4.972727272727273,5.090909090909091,161.5,82.9446,6.03,4.7,133.5,45862.0,105.58031024261965,100.78505932728824,-28.0,4.910952380952381,1.79595583437148,1.9206217427610848,-0.07954545454545414,0.03014248168200595,96.5,0.17348619111200492,0.24687112321329607,48.9057628138677,101.4,0.10327955589884356,0.5089204260199585,100.949473698058,107.1,2.282199999999989,-0.20000000000000018,101.4,0.0002985897853431396,0.0951676133498145,0,0,0,0,0,0,0.04,0.0,0.0,0.08
1997-11-01,48.73145,100.977125831586,107.2,-64.69334588910715,531.5150657788423,0.0,0.0,246.0,0.0,5.171111111111111,5.1433333333333335,5.165555555555556,161.7,83.5978,5.88,4.6,133.5,45862.0,105.9448471626801,100.78352516895072,-28.19999999999999,4.910952380952381,1.878958123514721,1.8531709106882097,0.0014285714285717788,-0.0024903481540121675,96.9,0.08502760352999417,0.2347266342106593,49.99178894634483,103.2,0.10327955589884515,0.4792355023233928,100.97961617974,107.1,2.1284000000000134,-0.20000000000000018,103.2,-2.4661889678645466e-05,0.019691951991245737,0,0,0,0,0,0,0.0,0.06,0.04,0.04
1997-12-01,49.97653,100.941139553274,102.1,-81.61577896979725,532.4692621643792,0.09999999999999432,0.0,246.0,0.0,5.235,5.162272727272727,5.23590909090909,161.8,83.9538,5.81,4.7,133.6,45862.0,106.14194350762953,100.75724691233215,-28.200000000000017,4.910952380952381,1.9966955819471677,1.6445502286411922,0.20941558441558428,-0.03598627831199508,96.9,-0.008334144784001296,0.20733698583840976,50.99187900098984,104.5,0.147196014438785,0.542832079640872,100.97961617974,107.2,1.7382000000000062,-0.20000000000000018,104.4,-0.00035638049722286347,0.07524816912069276,0,0,0,0,0,0,0.06,0.0,0.12,0.58
1998-01-01,49.9245,100.889611396657,106.6,82.42321934286156,503.0675221245514,-1.5999999999999943,342.0,342.0,0.007457154070908301,4.982,5.037,5.029999999999999,162.0,84.3218,5.54,4.6,132.0,46204.0,106.16745301575484,100.70774332146082,-30.0,4.930952380952381,2.0731964983645157,1.1696606604413888,0.06427272727272726,-0.05152815661699606,97.4,-0.0900047830830033,0.18290271941197034,51.83037862119453,107.1,0.12110601416388572,0.5468089245985784,100.97961617974,107.2,1.377200000000002,-0.10000000000000053,102.1,-0.0005104772627398946,-0.16079570287309597,0,0,0,0,0,0,0.0,0.04,0.08,0.52
1998-02-01,52.69964,100.822795614286,110.4,63.020957266227924,506.5554129233836,3.1999999999999886,0.0,342.0,0.0,5.04,5.08578947368421,5.067894736842105,162.0,84.4583,5.57,4.6,135.2,46204.0,106.03163814282321,100.63886276156308,-26.80000000000001,4.930952380952381,2.0635016422328003,1.036712461220946,-0.05754385964912334,-0.06681578237100894,99.7,-0.15433021730000007,0.16215327564495396,52.48101682450129,104.4,0.11690451944498795,0.6554896388863042,100.97961617974,107.2,0.8604999999999876,0.0,102.1,-0.0006622662278706892,-0.04594762474644565,0,0,0,0,0,0,0.04,0.12,0.04,0.04
1998-03-01,55.5262,100.722356698268,106.5,37.99034129114443,469.73418498528196,0.0,0.0,342.0,0.0,5.11,5.031818181818182,5.043181818181818,162.0,84.488,5.65,4.7,135.2,46204.0,105.77680536558087,100.55664307286571,-26.80000000000001,4.930952380952381,2.0573279994192344,1.1655080827205673,-0.13045454545454493,-0.1004389160179926,100.0,-0.2187828550059976,0.12510000949687594,52.9920207628257,106.0,0.11690451944498864,1.0595596569742833,100.97961617974,110.4,0.5341999999999985,0.0,102.1,-0.00099619253171912,0.007355600740929447,0,0,0,0,0,0,0.12,0.08,0.58,0.18
1998-04-01,57.24488,100.584999488662,108.7,-94.48020059965347,381.0936713748448,-0.5999999999999943,300.0,300.0,0.006492944333823969,5.100476190476191,4.949523809523809,5.058571428571429,162.2,84.7779,5.64,4.3,134.6,46504.0,105.4487460546995,100.46863266359811,-27.599999999999994,4.930952380952381,2.001715572592146,1.2131539161294156,-0.08747619047619093,-0.1373572096059945,101.4,-0.30461190799499605,0.06378698942971539,53.43596175330703,105.6,0.05477225575049096,1.214358541242089,100.97961617974,110.4,0.4561000000000064,-0.2999999999999998,102.1,-0.0013637211648797054,0.025516445240381103,0,0,0,0,0,0,0.08,0.04,0.52,0.1
1998-05-01,56.88943,100.411949346854,106.5,-133.7188654183774,404.58965369507575,-0.799999999999983,0.0,300.0,0.0,5.157500000000001,4.9985,5.144,162.6,85.3367,5.65,4.4,133.8,46504.0,105.09909015981954,100.38286226489946,-28.799999999999983,4.930952380952381,1.870952511159053,1.155094119204148,-0.08728947368421025,-0.17305014180800526,102.1,-0.4108462674319924,-0.025580387132265514,53.87403904147232,107.2,0.14719601443878913,1.2367969383401962,100.97961617974,110.4,0.8783999999999992,-0.1999999999999993,102.1,-0.0017204368711808415,0.009843068858587323,0,0,0,0,0,0,0.04,0.58,0.04,0.08
1998-06-01,56.42339,100.214764970028,105.6,-179.2148677348232,395.6105657022755,-0.20000000000001705,0.0,300.0,0.0,5.130454545454546,4.975454545454546,5.115454545454546,162.8,84.8248,5.5,4.5,133.6,46504.0,104.78057833799848,100.30677279448025,-29.200000000000017,4.930952380952381,1.735235783536871,1.1057699908682581,-0.056363636363636616,-0.19718437682600154,102.1,-0.5075917282400013,-0.13393242982091635,54.33470864184373,102.1,0.1643167672515429,1.2176480060705968,100.97961617974,110.4,0.33679999999999666,-0.20000000000000018,102.1,-0.0019637540960874,0.026196980461075547,0,0,0,0,0,0,0.58,0.52,0.18,0.04
1998-07-01,58.07058,100.024397979834,105.2,-8.69016870433552,351.6776674974936,-0.19999999999998863,439.0,439.0,0.009440048167899562,5.080454545454545,4.963636363636364,5.026818181818182,163.2,84.4986,5.46,4.5,133.4,46943.0,104.52628522574418,100.24643437277774,-29.799999999999983,4.949523809523809,1.464374603996663,1.0448647875298942,0.014112554112554854,-0.1903669901939935,102.1,-0.5606015088280003,-0.23825195955132017,54.82182997096569,106.6,0.14719601443879035,1.2176480060705968,100.97961617974,110.4,-0.2793000000000063,0.20000000000000018,105.6,-0.0018995902475141824,0.10603469554090506,0,0,0,0,0,0,0.52,0.04,0.1,0.04
1998-08-01,53.39362,99.8650485329177,104.4,-58.96314999632159,408.10949028280737,-0.4000000000000057,0.0,439.0,0.0,4.9438095238095245,4.902380952380953,4.949523809523809,163.4,86.248,5.34,4.5,133.0,46943.0,104.32668058236065,100.20622600676579,-30.400000000000006,4.949523809523809,1.1534589673305136,0.9820741809797914,-0.09611904761904722,-0.15934944691630903,102.1,-0.5469008139363041,-0.3229777789153303,55.321524546973315,110.4,0.14142135623730256,0.8074651695405395,100.97961617974,110.4,0.9113000000000113,0.09999999999999964,105.2,-0.0015931057835353313,0.09559654688910424,0,0,0,0,0,0,0.04,0.18,0.08,0.02
1998-09-01,50.16512,99.7690707573185,100.9,-108.19445691500732,427.49127228174484,-0.30000000000001137,0.0,439.0,0.0,4.496666666666666,4.606190476190476,4.632857142857143,163.5,86.2021,4.81,4.6,132.7,46943.0,104.16269622939164,100.18894007201953,-30.80000000000001,4.902380952380953,1.0560640618108534,0.9388903831079338,-0.3692640692640694,-0.09597777559919507,102.1,-0.4456942127094976,-0.3705158794342509,55.807989432014885,106.5,0.13291601358250565,0.816496580940582,100.97961617974,108.7,1.3773000000000053,0.09999999999999964,104.4,-0.0009610747404539266,-0.27117398005647697,0,0,0,0,0,0,0.18,0.1,0.04,0.12
1998-10-01,50.65313,99.7709507336665,97.4,138.0032013749078,415.0463555688616,-0.19999999999998863,612.0,612.0,0.013037087531687419,3.947619047619048,3.9614285714285713,4.054285714285714,163.9,86.7914,4.53,4.5,132.5,47555.0,104.03202705899025,100.19608514599702,-31.400000000000006,4.606190476190476,0.9616799599926222,0.9478444444562133,-1.0022077922077925,0.0018799763479933063,100.9,-0.2534472461675108,-0.36047036380918485,56.274901486020546,108.7,0.10327955589885586,0.6645800679282438,100.97961617974,108.7,2.2927999999999997,0.0,100.9,1.8843278119407003e-05,-0.44304743551169423,0,0,0,0,0,0,0.1,0.08,0.04,0.08
1998-11-01,55.87901,99.8738606016013,102.7,89.77019084875064,502.20157729807755,-1.3000000000000114,0.0,612.0,0.0,4.326315789473685,4.414736842105263,4.42421052631579,164.1,86.7256,4.83,4.4,131.2,47555.0,103.9538560142319,100.22808860814521,-32.900000000000006,3.9614285714285713,0.986812684934848,1.006757471309776,-0.48764411027568944,0.10290986793479817,97.4,0.008812068683596408,-0.2950260990615021,56.746878939649136,106.5,0.06324555320335164,0.5163977795143788,100.977125831586,106.5,0.47759999999999536,-0.09999999999999964,97.4,0.0010314612337363194,-0.1355194210414421,0,0,0,0,0,0,0.08,0.04,0.02,0.02
1998-12-01,57.03838,100.04116573232,100.5,40.9845886006442,537.3279781091284,-1.5999999999999943,0.0,612.0,0.0,4.319090909090909,4.390909090909091,4.404545454545455,164.4,87.1185,4.65,4.4,129.6,47555.0,103.94754027957806,100.28422044189034,-34.80000000000001,3.9614285714285713,1.0076583348009072,1.2217721852721972,-0.21528138528138552,0.16730513071870234,97.4,0.2720949750014938,-0.20053428821832142,57.259128505068574,105.6,0.06324555320335164,0.8571269839920034,100.941139553274,105.6,0.9163999999999959,-0.1999999999999993,97.4,0.0016751643494195,-0.30893568831646423,0,0,0,0,0,0,0.04,0.04,0.12,0.04
1999-01-01,58.96622,100.247567328937,103.9,162.91835034119867,530.8561695275815,-2.5,325.0,325.0,0.006834191988224214,4.312105263157895,4.335263157894737,4.328947368421052,164.7,87.4949,4.72,4.3,127.1,47880.0,104.03111742003036,100.36235228113539,-37.599999999999994,3.9614285714285713,1.0592628083689595,1.6372556491225543,0.3738345864661654,0.20640159661699897,97.4,0.4766165952704995,-0.0980777923761309,57.8302556568583,105.2,0.07527726527089537,1.4193895401499088,100.889611396657,105.2,0.7035000000000053,-0.20000000000000018,97.4,0.0020631666485102507,-0.3298641210315232,0,0,0,0,0,0,0.04,0.02,0.08,0.06
1999-02-01,58.29973,100.457622642888,108.1,113.92512959159649,577.7673066246233,-0.5,0.0,325.0,0.0,4.478421052631579,4.438421052631579,4.441052631578947,164.7,88.027,5.0,4.4,126.6,47880.0,104.21349053171076,100.45880192404805,-38.099999999999994,3.9614285714285713,1.136381735102897,2.373129247264093,0.023684210526315752,0.21005531395100263,97.4,0.583762041286704,-0.014442617546365,58.45357491239362,104.4,0.10488088481700711,2.29557545436575,100.822795614286,104.4,1.301400000000001,0.0,97.4,0.0020953656986184566,-0.10316535389952364,0,0,0,0,0,0,0.02,0.12,0.02,0.1
1999-03-01,59.78408,100.64673152235,105.7,64.0143532426955,585.8853181799361,-0.3999999999999915,0.0,325.0,0.0,4.532608695652174,4.440869565217391,4.46695652173913,164.8,88.2267,5.23,4.2,126.2,47880.0,104.48420280473087,100.5684079663727,-38.60000000000001,3.9614285714285713,1.2314393931541199,2.796575286544494,0.04996047430830064,0.1891088794619975,97.4,0.6055657900299991,0.036569455951493524,59.11105702345075,100.9,0.10327955589885678,2.649339540341968,100.722356698268,108.1,1.1081999999999965,-0.20000000000000018,97.4,0.0018824741665870448,-0.05122511338900182,0,0,0,0,0,0,0.12,0.08,0.04,0.2
1999-04-01,62.16686,100.812302087722,104.6,-114.8016523533588,556.9092467261569,-0.10000000000000853,268.0,268.0,0.0055973266499582675,4.450909090909091,4.289545454545455,4.371363636363636,165.9,88.4295,5.18,4.3,126.1,48148.0,104.82476364073707,100.68488526450197,-39.80000000000001,3.9614285714285713,1.274065282208848,3.0395748307112815,-0.04571770334928171,0.16557056537200765,97.4,0.5647347587850078,0.06461857564200102,59.77692219622805,97.4,0.10327955589885927,2.6288146885403667,100.64673152235,108.1,0.9346000000000032,0.0,97.4,0.001645066490164604,-0.2588681796170116,0,0,0,0,0,0,0.08,0.02,0.06,0.02
1999-05-01,62.94555,100.954039259425,106.8,-164.7325650693092,566.751749404198,-0.09999999999999432,0.0,268.0,0.0,4.5969999999999995,4.4985,4.559,166.0,88.9886,5.54,4.2,126.0,48148.0,105.22581373788263,100.80133457403574,-40.0,3.9614285714285713,1.2987184178198161,3.161079600769789,0.0600789473684209,0.14173717170299938,97.4,0.49641661653700453,0.08273082177717583,60.40447542428997,102.7,0.0816496580927675,2.1061813787084946,100.812302087722,108.1,0.9616000000000042,-0.20000000000000018,100.5,0.0014059511465145391,-0.14476230733569206,0,0,0,0,0,0,0.02,0.04,0.1,0.04
1999-06-01,62.34271,101.061595824512,107.3,-212.13609988942335,539.7375624892128,0.4000000000000057,0.0,268.0,0.0,4.823181818181818,4.566818181818181,4.821818181818181,166.0,88.9188,5.9,4.3,126.4,48148.0,105.66360902179193,100.91085142885963,-39.599999999999994,3.9614285714285713,1.3853434936416553,3.2185070885065294,0.12594861660079015,0.10755656508699474,97.4,0.41486430216200176,0.09532566004884302,60.92746348229657,100.5,0.08944271909998792,1.3677231688776372,100.954039259425,108.1,0.6921000000000106,0.09999999999999964,100.5,0.001065401304157776,0.16785503566870474,0,0,0,0,0,0,0.04,0.06,0.2,0.02
1999-07-01,64.2543,101.138408414103,106.0,12.627397866875981,469.54784827142976,-0.20000000000000284,484.0,484.0,0.01005233862258037,4.754761904761905,4.55095238095238,4.576190476190476,166.7,89.4333,5.79,4.3,126.2,48632.0,106.08905569767026,101.0072945259798,-40.499999999999986,3.9614285714285713,1.3126662197474743,3.1221593149386107,0.2614069264069254,0.07681258959100035,97.4,0.32610632638099446,0.10866080108442588,61.320080329292736,103.9,0.07527726527090428,0.40496913464827783,101.061595824512,108.1,1.0037999999999982,0.0,103.9,0.0007600571608268325,-0.03197932356230293,0,0,0,0,0,0,0.06,0.1,0.02,0.08
1999-08-01,61.5006,101.194002798086,104.5,-33.39859416456602,496.75933902366194,0.7999999999999972,0.0,484.0,0.0,4.913181818181818,4.721363636363637,4.873636363636364,167.1,89.7924,5.94,4.2,127.0,48632.0,106.4713216033726,101.08592159971437,-40.099999999999994,3.9614285714285713,1.1107142995153518,2.93484809373717,0.2228636363636367,0.055594383983006423,97.4,0.2399635386610015,0.1294484577092163,61.60537567408458,108.1,0.07527726527090428,0.21679483392762466,101.138408414103,108.1,0.8037999999999954,0.0,104.6,0.0005496861662621644,0.05351903306267669,0,0,0,0,0,0,0.1,0.2,0.04,0.2
1999-09-01,60.19794,101.242657999745,107.2,-83.19626993114798,479.4178287710791,0.5,0.0,484.0,0.0,4.962857142857143,4.6761904761904765,4.87952380952381,167.8,89.4299,5.92,4.2,127.5,48632.0,106.80586313134567,101.14360842806093,-40.30000000000001,3.9614285714285713,1.1549395521356212,2.6171925740526847,0.10937229437229501,0.0486552016590025,97.4,0.18106217523300927,0.15927803087097914,61.81312789152615,105.7,0.05477225575051312,0.36009258071280237,101.194002798086,107.3,0.511099999999999,-0.09999999999999964,104.5,0.00048081111838294,0.06883530941286242,0,0,0,0,0,0,0.2,0.02,0.02,0.1
1999-10-01,59.32374,101.292659363948,103.2,209.71238518933387,411.9344883903026,0.0,649.0,649.0,0.013345122553051425,5.121,4.861,4.9805,168.1,90.523,6.11,4.1,127.5,49281.0,107.08401828511266,101.17872752849703,-40.599999999999994,3.9614285714285713,1.0675645527267692,2.187568180751005,0.31004761904761935,0.05000136420299839,97.4,0.1542509498450073,0.19198444393077807,61.965981268277616,104.6,0.05477225575051312,0.5921711464471315,101.242657999745,107.3,1.0896999999999935,-0.20000000000000018,104.5,0.00049387644685428,0.23608955607970206,0,0,0,0,0,0,0.02,0.04,0.08,0.14
1999-11-01,62.80751,101.344523873402,107.2,152.02280831836833,511.30180703463435,0.6999999999999886,0.0,649.0,0.0,5.2415,5.0705,5.2005,168.4,90.9618,6.03,4.1,128.2,49281.0,107.3126872543724,101.19076554174312,-40.20000000000002,4.289545454545455,1.1354224904476826,1.5827670438606525,0.34913636363636336,0.051864509453992014,100.5,0.1505210753159929,0.22276261283712984,62.09099689178519,106.8,0.0752772652709069,0.6592925501510087,101.292659363948,107.3,1.169399999999996,-0.10000000000000053,103.2,0.0005120263381341861,0.06618309638908393,0,0,0,0,0,0,0.04,0.02,0.2,0.38
1999-12-01,63.19875,101.380197251927,105.4,96.02896486227837,555.0058899479085,1.0,0.0,649.0,0.0,5.505,5.196363636363636,5.4354545454545455,168.8,91.6634,6.28,4.0,129.2,49281.0,107.50472453013539,101.17972740550117,-39.60000000000002,4.289545454545455,1.1605294671996091,1.0577276959444,0.5201731601731598,0.035673378525004296,100.5,0.1375392521819947,0.2462259796703421,62.22674494137008,107.3,0.08944271909999112,0.7527726527211205,101.344523873402,107.3,2.2334999999999923,-0.20000000000000018,103.2,0.00035200104713672964,0.25994723999220426,0,0,0,0,0,0,0.02,0.08,0.1,0.46
2000-01-01,62.86602,101.373394757766,112.0,-54.47665780108218,556.3236672345885,1.0,54.0,54.0,0.0010957569854508353,5.747999999999999,5.3185,5.504,169.3,91.538,6.66,4.0,130.2,49335.0,107.66586720736159,101.1455123811729,-39.10000000000002,4.289545454545455,1.2484184711110637,0.9723448695985007,0.45750000000000046,-0.006802494161007644,103.2,0.08073539381798867,0.2417869850930714,62.412982667804634,106.0,0.10488088481701595,1.0256705124055965,101.380197251927,107.2,1.0150000000000006,-0.09999999999999964,103.2,-6.709884519262577e-05,0.5564168187702903,0,0,0,0,0,0,0.08,0.2,0.14,0.62
2000-02-01,59.92387,101.307948762891,111.3,-91.48273608322779,570.7877331913271,0.20000000000001705,0.0,54.0,0.0,5.8420000000000005,5.548,5.7204999999999995,170.0,91.8239,6.52,4.1,130.4,49335.0,107.80802948980467,101.08738665648198,-39.599999999999994,4.289545454545455,1.255429198127577,1.3426285842076315,0.47750000000000004,-0.0654459948749917,103.2,-0.036575110510995046,0.20094072584272737,62.658182171060304,104.5,0.0894427190999941,1.2160043859646905,101.380197251927,112.0,0.8620999999999981,0.0,103.2,-0.0006455934027993493,0.41415427007582295,0,0,0,0,0,0,0.2,0.1,0.38,1.04
2000-03-01,61.62468,101.211579595688,107.1,-114.8064208678552,556.7989885357279,1.0999999999999943,0.0,54.0,0.0,5.862608695652174,5.694782608695652,5.8500000000000005,171.0,92.1504,6.26,4.0,131.5,49335.0,107.91924572948268,101.00381196605616,-39.5,4.289545454545455,1.2842997267391003,1.5972277118858533,0.4984189723320158,-0.09636916720300803,103.2,-0.16861765623900737,0.15770460381997964,62.935742764079706,107.2,0.07527726527091162,1.2971764208023686,101.380197251927,112.0,0.487000000000009,0.0,103.2,-0.0009512498118835477,0.08591048572095605,0,0,0,0,0,0,0.1,0.14,0.46,1.42
2000-04-01,64.01819,101.093191056934,109.2,270.8711192803021,512.0307164062418,0.8000000000000114,774.0,774.0,0.015688659166920083,5.799473684210526,5.658421052631579,5.808421052631579,170.9,92.6989,5.99,3.8,132.3,50109.0,107.91869056970214,100.89286926585821,-38.599999999999994,4.289545454545455,1.2974584735559354,1.888642289304484,0.33992105263157857,-0.11838853875399025,103.2,-0.28020370083199,0.12879069916260732,63.214629639931566,103.2,0.05477225575052322,1.4886235252807503,101.380197251927,112.0,1.160899999999998,-0.20000000000000018,103.2,-0.0011697133789129177,-0.22985275373619896,0,0,0,0,0,0,0.14,0.38,0.62,4.08
2000-05-01,63.33833,100.947375569107,110.7,273.8851744485728,576.7990761438878,1.0,0.0,774.0,0.0,5.941818181818181,5.790909090909091,6.0986363636363645,171.2,92.9499,6.44,4.0,133.3,50109.0,107.69239384306839,100.75329311623416,-37.89999999999998,4.4985,1.321728893944184,2.1470204865525533,0.24290909090909096,-0.14581548782700793,103.2,-0.3605731937840062,0.11716015216789799,63.474363028157896,107.2,0.10954451150103778,1.4886235252808877,101.380197251927,112.0,1.1260000000000048,-0.09999999999999964,105.4,-0.0014423868343901303,0.12907351904066466,0,0,0,0,0,0,0.38,0.46,1.04,5.66
2000-06-01,64.33157,100.783089848814,106.4,290.0924344007435,587.3273569657944,0.19999999999998863,0.0,774.0,0.0,5.825454545454545,5.6863636363636365,5.965909090909091,172.2,92.9862,6.1,4.0,133.5,50109.0,107.16174963188467,100.5856612115898,-38.69999999999999,4.55095238095238,1.3603963777023542,2.3849750649818606,-0.008418972332015606,-0.1642857202929946,103.2,-0.42848974687399277,0.1399352116931709,63.693160349915324,105.4,0.09831920802502302,1.5056560032159203,101.380197251927,112.0,0.8357999999999919,0.0,105.4,-0.001627439241157158,-0.062293136391024184,0,0,0,0,0,0,0.46,0.62,1.42,9.76
2000-07-01,64.67895,100.600841780002,108.3,12.558394430416229,546.757903046165,-0.19999999999998863,-85.0,-85.0,-0.0016963020615059499,5.753,5.955,5.9990000000000006,172.7,92.8048,6.05,4.0,133.3,50024.0,106.31085087828399,100.39312220032197,-39.39999999999998,4.55095238095238,1.3028379125140053,2.5198605059954997,0.2965789473684213,-0.18224806881200095,103.2,-0.4923492769320035,0.18951913657546982,63.84526072416458,112.0,0.09831920802502302,1.4123266855395658,101.380197251927,112.0,0.10590000000000543,0.20000000000000018,106.4,-0.0018083199184049104,-0.0062741553924157145,0,0,0,0,0,0,0.62,1.04,4.08,15.88
2000-08-01,65.96814,100.386454700158,107.3,52.29116814841109,530.4881328445372,-0.30000000000001137,0.0,-85.0,0.0,5.867826086956522,6.094347826086956,6.073478260869565,172.7,92.5521,5.83,4.1,133.0,50024.0,105.16021917186414,100.18132687245547,-39.69999999999999,4.6761904761904765,1.2175447378982998,2.447308354457377,0.3034387351778651,-0.21438707984400196,103.2,-0.5609208689489975,0.2355706215128066,63.92056282508741,111.3,0.09831920802502302,1.2367969383401016,101.380197251927,111.3,-0.3978000000000037,0.09999999999999964,106.4,-0.0021310664607839813,-0.07130561115389344,0,0,0,0,0,0,1.04,1.42,5.66,20.12
2000-09-01,66.10835,100.136818580332,106.8,103.19075546351087,484.2856266499983,0.5999999999999943,0.0,-85.0,0.0,5.79,5.9975000000000005,5.979,173.6,92.9792,5.8,3.9,133.6,50024.0,103.79237911482178,99.95758096977403,-40.0,4.6761904761904765,1.0977080191812099,2.315609089316231,0.311136363636364,-0.24963611982599332,103.2,-0.6462712684819962,0.24942822101289153,63.9349196391666,107.1,0.09831920802502302,0.7704976746802672,101.380197251927,110.7,-0.006999999999990791,-0.10000000000000009,106.4,-0.002486751032015455,0.1635977079695099,0,0,0,0,0,0,1.42,4.08,9.76,24.7
2000-10-01,64.02615,99.8353955355492,105.8,33.872356529805984,397.85541571798933,0.5999999999999943,166.0,166.0,0.00331840716456111,5.722380952380952,6.106666666666667,6.038095238095238,173.9,92.6179,5.74,3.9,134.2,50190.0,102.31808693025387,99.72948212355823,-39.70000000000002,4.861,0.8362596218564214,2.185212006906836,0.15166666666666728,-0.30142304478280835,103.2,-0.7654462444528036,0.1895316927070354,63.890144316931035,109.2,0.10327955589887007,0.47187568986745915,101.380197251927,110.7,-0.1868999999999943,-0.10000000000000009,106.4,-0.0030101120552477045,0.23824876063383194,0,0,0,0,0,0,4.08,5.66,15.88,28.54
2000-11-01,63.94636,99.4924544384815,107.6,108.82089711246226,400.0045454261505,-2.1999999999999886,0.0,166.0,0.0,5.843809523809524,6.171904761904763,6.061904761904762,174.2,92.6438,5.72,3.9,132.0,50190.0,100.82961718971937,99.50365207266574,-42.19999999999999,5.0705,0.6713292654483558,1.9611955228293623,0.07755693581780676,-0.34294109706769405,105.4,-0.8940002616764957,0.054846082708778,63.76942284255301,110.7,0.07527726527091526,0.40702170296935125,101.380197251927,110.7,0.091700000000003,-0.19999999999999973,105.8,-0.0034350652414211202,0.257477936274527,0,0,0,0,0,0,5.66,9.76,20.12,27.82
2000-12-01,63.89025,99.1232761766684,98.4,195.75566455542867,386.26277560246433,0.0,0.0,166.0,0.0,5.326,5.769,5.6765,174.6,92.3415,5.24,3.9,132.0,50190.0,99.3512586126408,99.28523090058518,-42.599999999999994,5.196363636363636,0.5234248673289468,1.5808273629631657,-0.22850000000000037,-0.3691782618131043,105.4,-1.0135424036636067,-0.12780970625844645,63.552446852134544,106.4,0.08164965809277977,0.7366591251643755,101.380197251927,108.3,-0.6377000000000095,0.0,105.8,-0.0037106156833368598,-0.16328496323820207,0,0,0,0,0,0,9.76,15.88,24.7,27.7
2001-01-01,64.42542,98.7865337341418,94.7,-153.88562380503572,354.7884132546449,-1.0,-279.0,-279.0,-0.005558876270173374,4.626190476190477,5.145714285714286,4.948571428571428,175.6,91.902,5.16,4.2,131.0,49911.0,97.84187134228704,99.07834343909283,-44.599999999999994,5.3185,0.463922334470048,1.2731195282891397,-0.9609523809523814,-0.33674244252659946,98.4,-1.0488618014073978,-0.2932606439467804,63.22036031777091,108.3,0.08366600265341508,0.8818541073713945,101.373394757766,108.3,-0.7159000000000049,0.30000000000000027,98.4,-0.0033972085620578296,-0.21001147553142907,0,0,0,0,0,0,15.88,20.12,28.54,26.66
2001-02-01,64.176,98.5283564381723,90.6,-51.78007599298144,304.68568006109103,-1.3000000000000114,0.0,-279.0,0.0,4.509473684210526,4.881578947368421,4.706315789473685,176.0,91.3034,5.1,4.2,129.7,49911.0,96.27689641666016,98.88717422621839,-46.30000000000001,5.145714285714286,0.4026422041233985,1.1610796960518512,-1.2903258145363417,-0.258177295969503,94.7,-0.9640980003092068,-0.39074336174981283,62.766749168350906,107.3,0.13291601358251684,1.1826523862435492,101.307948762891,107.6,-1.3404000000000025,0.30000000000000027,94.7,-0.0026134867396432337,-0.17251775962889404,0,0,0,0,0,0,20.12,24.7,27.82,24.8
2001-03-01,59.7594,98.3614248541388,91.5,54.98901512806333,234.0192299746357,1.0,0.0,-279.0,0.0,4.11090909090909,4.424545454545455,4.280454545454545,176.1,91.1162,4.89,4.3,130.7,49911.0,94.66127695659073,98.71698561975155,-45.400000000000006,4.881578947368421,0.5022297013821884,1.287351050510526,-1.3444545454545453,-0.16693158403349173,90.6,-0.7618513225295942,-0.41115789200000563,62.202965876077855,106.8,0.15491933384830023,1.6521702898573252,101.211579595688,107.6,-1.22529999999999,0.3999999999999999,90.6,-0.001694249148855409,-0.34946404729118274,0,0,0,0,0,0,24.7,28.54,27.7,23.6
2001-04-01,60.09292,98.2774505452795,88.4,13.825217974321276,108.02651188779588,-0.5,194.0,194.0,0.0038869187153132145,3.804,3.8725,3.8545000000000003,176.4,90.7891,5.14,4.4,130.2,50105.0,93.07066259159684,98.57441257330075,-46.20000000000002,4.424545454545455,0.637187317193986,1.3597013932351958,-1.2732142857142859,-0.0839743088592968,90.6,-0.5090831888622915,-0.36667996623543786,61.56762128083657,105.8,0.1861898672502547,1.5401298646608677,101.093191056934,107.6,-1.1128999999999962,0.20000000000000018,90.6,-0.0008537321311055113,-0.10295238738905166,0,0,0,0,0,0,28.54,27.82,26.66,17.5
2001-05-01,63.83125,98.2511704798726,92.0,123.05485661287821,107.86256686751993,-1.0999999999999943,0.0,194.0,0.0,3.597727272727273,3.6204545454545456,3.6181818181818177,177.3,90.3555,5.39,4.3,129.1,50105.0,91.6379014775683,98.46658257090161,-48.20000000000002,3.8725,0.7803450489204721,1.499368553953292,-1.2611244019138756,-0.026280065406908193,88.4,-0.2771859582996967,-0.28481010687266917,60.91386903215022,107.6,0.20736441353327859,0.9373722135238597,100.947375569107,107.6,-0.94789999999999,0.09999999999999964,88.4,-0.0002674068696439935,0.08239762912366366,0,0,0,0,0,0,27.82,27.7,24.8,13.48
2001-06-01,62.47472,98.2279522093492,92.6,227.4560682802039,107.6972467968141,0.8000000000000114,0.0,194.0,0.0,3.3738095238095234,3.485238095238095,3.4495238095238094,177.7,89.8784,5.28,4.5,129.9,50105.0,90.49736244287213,98.39931813144214,-47.79999999999998,3.6204545454545456,0.9160524473433799,1.698372661387291,-0.9393073593073598,-0.023218270523400975,88.4,-0.13347264478960597,-0.21775832283367436,60.29551435828922,98.4,0.17224014243685198,1.0212737145445914,100.783089848814,98.4,-1.2378000000000071,0.20000000000000018,88.4,-0.00023631545975477675,0.11599796038135679,0,0,0,0,0,0,27.7,26.66,23.6,5.78
2001-07-01,60.79872,98.1833711862075,92.4,-227.3379405759988,107.53054533357086,-1.0,-331.0,-331.0,-0.006606127133020667,3.3899999999999997,3.513333333333333,3.447142857142857,177.4,89.3028,5.24,4.6,128.9,49774.0,89.75366732956985,98.37509472127314,-48.5,3.485238095238095,1.0512887419786643,1.6999777182076246,-0.35916666666666686,-0.04458102314170276,88.4,-0.09407935907201193,-0.19705524329248192,59.75061285634809,94.7,0.1169045194450019,0.6899275324405707,100.600841780002,94.7,-1.4863,0.1999999999999993,88.4,-0.0004538527184877461,0.10537193604536998,0,0,0,0,0,0,26.66,24.8,17.5,1.96
2001-08-01,59.8657,98.1205422364184,91.5,-139.90143492461357,135.25486603371166,-0.20000000000001705,0.0,-331.0,0.0,3.2583333333333333,3.361739130434782,3.286521739130435,177.4,89.2003,4.97,4.9,128.7,49774.0,89.41969467102687,98.39156998126607,-48.70000000000002,3.485238095238095,1.2127045522848132,1.763497729627835,-0.2587154150197635,-0.06282894978909326,88.4,-0.130628243454197,-0.22878189294924312,59.28006756133406,90.6,0.1471960144387976,0.6745368781759555,100.386454700158,92.6,-1.1552000000000078,0.6000000000000005,88.4,-0.0006399143666592222,-0.09106197292903406,0,0,0,0,0,0,24.8,23.6,13.48,1.08
2001-09-01,54.59542,98.0797949880945,81.8,-61.30616044461931,155.17077590477496,-0.19999999999998863,0.0,-331.0,0.0,,2.6364705882352943,2.632941176470588,178.1,88.7485,4.73,5.0,128.5,49774.0,89.41521060445677,98.4414561020168,-49.599999999999994,3.361739130434782,1.3246210363421724,1.799158052242246,-0.8487675070028007,-0.0407472483238962,88.4,-0.14815722125469222,-0.28401796135204904,58.86033527390407,91.5,0.22803508501982742,0.801040989391902,100.136818580332,92.6,-1.1298999999999921,0.5,88.4,-0.0004152774474657228,-0.1504499057425086,0,0,0,0,0,0,23.6,17.5,5.78,0.44
2001-10-01,55.06464,98.1306281960496,82.7,-268.12259054893366,170.04437922793196,-0.7000000000000028,9.0,9.0,0.0001808172941697439,,2.1572727272727272,2.1195454545454546,177.6,88.5052,4.57,5.3,127.8,49783.0,89.579879962553,98.51384646363121,-49.8,2.6364705882352943,1.370958021701875,1.6849377292629253,-1.356060606060606,0.05083320795509394,81.8,-0.05274299015789552,-0.29937160307476063,58.445338519047944,88.4,0.27868739954771254,0.6823977334999032,99.8353955355492,92.6,-0.7976000000000028,0.7000000000000002,81.8,0.0005182841987105835,-0.3008312032043925,0,0,0,0,0,0,17.5,13.48,1.96,0.32
2001-11-01,56.99183,98.2987670626016,83.9,-203.6495486905551,168.1938591041557,-0.8999999999999915,0.0,9.0,0.0,,1.871,1.8815000000000002,177.5,87.97,4.65,5.5,126.9,49783.0,89.76453313645796,98.59649417625035,-50.599999999999994,2.1572727272727272,1.4025128462369427,1.3565497678692036,-1.4907391304347821,0.16813886655199894,81.8,0.17822482618319668,-0.24004280441887715,57.97413280443785,92.0,0.36696957185394313,0.6940220938022508,99.4924544384815,92.6,-1.2302999999999997,0.5999999999999996,81.8,0.001713418834087932,-0.27381174986984114,0,0,0,0,0,0,13.48,5.78,1.08,0.26
2001-12-01,57.73238,98.5630983837654,88.8,-146.35947507372475,158.59831096310907,0.19999999999998863,0.0,9.0,0.0,,1.69,1.775,177.4,87.9324,5.09,5.7,127.1,49783.0,89.8944100370852,98.67803803095676,-50.30000000000001,1.871,1.4042032968951448,1.427330629970354,-0.9464705882352944,0.26433132116379454,81.8,0.4833033956708874,-0.09614468964132072,57.402745451168265,92.6,0.3881580434135897,1.0193134944750106,99.1232761766684,92.6,-0.8161000000000058,0.7000000000000002,81.8,0.0026890603927458567,0.16808886271188506,0,0,0,0,0,0,5.78,1.96,0.44,0.22
2002-01-01,57.62083,98.8692007149855,93.0,24.03048413174838,139.67047256675352,-0.5,308.0,308.0,0.0061868509330493815,1.665,1.6533333333333333,1.730952380952381,177.7,88.5176,5.04,5.7,126.6,50091.0,89.95901981696386,98.74936597714577,-51.099999999999994,1.69,1.345033267470413,1.3290176367403248,-0.5039393939393939,0.306102331220103,81.8,0.7385725189358965,0.10186536604958008,56.71675996571346,92.4,0.40824829046386235,0.8495096625026453,98.7865337341418,92.4,0.012399999999999523,0.40000000000000036,81.8,0.003105648424608809,0.12191343553565837,0,0,0,0,0,0,1.96,1.08,0.32,0.62
2002-02-01,56.41106,99.1592803640643,90.7,66.02936426602537,150.9594316295876,-0.09999999999999432,0.0,308.0,0.0,1.6666666666666667,1.724736842105263,1.8194736842105264,178.0,88.5278,4.91,5.7,126.5,50091.0,89.95715417530536,98.80395997399279,-51.5,1.6533333333333333,1.1998331322094804,1.3464600051370312,-0.1462631578947371,0.29007964907880535,81.8,0.8605133014627029,0.3119178693388136,55.94880014919116,91.5,0.34496376621320574,0.8717797887187789,98.8692007149855,93.0,0.5578000000000003,0.20000000000000018,81.8,0.002933973846061866,0.06694406783897211,0,0,0,0,0,0,1.08,0.44,0.26,0.52
2002-03-01,59.49042,99.3771292054204,95.7,103.08210955009417,159.93357995720285,1.0,0.0,308.0,0.0,,1.7875,1.998,178.5,89.1686,5.28,5.7,127.5,50091.0,89.9104849890846,98.83742236091973,-51.0,1.6533333333333333,1.0749399322171016,1.4387231291681457,0.09750000000000014,0.21784884135610127,81.8,0.8140308216550096,0.4807491046377663,55.14801151624389,81.8,0.2857738033247027,0.7737355276094687,99.1592803640643,93.0,1.2361999999999966,0.0,81.8,0.002196958676548233,0.46278993122537937,0,0,0,0,0,0,0.44,0.32,0.22,0.54
2002-04-01,58.18821,99.467213067611,93.0,28.379031298070913,166.9665861992055,4.300000000000011,195.0,195.0,0.0038929148948914083,,1.7136363636363638,1.9227272727272726,179.3,89.604,5.21,5.9,131.8,50286.0,89.8271497040905,98.84663467483928,-47.5,1.6533333333333333,0.897855017483542,1.2609219810929835,0.060303030303030525,0.09008386219059616,81.8,0.5980123526255028,0.5560172861972035,54.33630399661672,82.7,0.16733200530681275,0.5085928299583542,99.3771292054204,95.7,1.0863999999999976,0.20000000000000018,82.7,0.0009064848513020696,0.3623375301818905,0,0,0,0,0,0,0.32,0.26,0.62,0.48
2002-05-01,57.0232,99.4099182873882,96.9,65.3693718123468,189.98819739510054,-0.10000000000002274,0.0,195.0,0.0,,1.7272727272727273,1.8604545454545454,179.5,89.964,5.16,5.8,131.7,50286.0,89.6518700784129,98.82926182354085,-47.80000000000001,1.6533333333333333,0.7441586513675873,1.5498533654912787,0.002535885167464391,-0.05729478022280432,81.8,0.2506379233238931,0.5225427617766911,53.50932921229794,83.9,0.1264911064067326,2.0245164031652827,99.467213067611,95.7,1.4361999999999995,0.09999999999999964,83.9,-0.0005760167441694053,0.26493847608260346,0,0,0,0,0,0,0.26,0.22,0.52,0.4
2002-06-01,53.90807,99.213987449999,92.4,105.0909006562506,209.32465359814583,2.8000000000000114,0.0,195.0,0.0,,1.6995,1.7870000000000001,179.6,90.7061,4.93,5.8,134.5,50286.0,89.3028984608398,98.78409898322244,-45.099999999999994,1.6533333333333333,0.6843567264863001,1.831769305305096,-0.08800000000000008,-0.1959308373891986,81.8,-0.16314175542140674,0.3972590619569445,52.6406485759592,88.8,0.08366600265340413,2.51767088132773,99.467213067611,96.9,1.5375000000000085,0.09999999999999964,88.8,-0.0019709385216751807,0.2049603341472892,0,0,0,0,0,0,0.22,0.62,0.54,0.86
2002-07-01,48.25622,98.9320631250008,88.1,22.471438079192012,225.92416265342007,0.5,76.0,76.0,0.0015113550491190342,,1.6831818181818183,1.6940909090909089,180.0,90.6769,4.65,5.8,135.0,50362.0,88.7176267561076,98.71221625302763,-45.0,1.6533333333333333,0.8161855093530811,2.5093008805382304,-0.030454545454545512,-0.28192432499820086,81.8,-0.5351499426102038,0.22857725952606245,51.70895648668572,93.0,0.0816496580927693,3.350024875532418,99.467213067611,96.9,1.0729000000000042,-0.10000000000000053,90.7,-0.0028415784129257604,-0.015850946896278195,0,0,0,0,0,0,0.62,0.52,0.48,0.4
2002-08-01,48.70765,98.6310622879133,87.6,67.80216183531593,239.70038115361837,1.1999999999999886,0.0,76.0,0.0,,1.6159090909090907,1.6009090909090908,180.5,90.5762,4.26,5.7,136.2,50362.0,87.95487430161907,98.61826176312378,-44.30000000000001,1.6533333333333333,0.9466194568340149,3.070040963103005,-0.11136363636363655,-0.3010008370874999,81.8,-0.7788559994748994,0.06670446537376051,50.738716069867664,90.7,0.07527726527090485,3.513213154177599,99.467213067611,96.9,0.6122000000000014,-0.09999999999999964,88.1,-0.0030425003540781592,-0.24556489782935564,0,0,0,0,0,0,0.52,0.54,0.4,0.82
2002-09-01,46.76304,98.3517229120771,86.1,113.57516022151685,242.1410182624685,1.8000000000000114,0.0,76.0,0.0,,1.629,1.6024999999999998,180.8,90.6531,3.87,5.7,138.0,50362.0,87.14564895251505,98.5110107854865,-42.80000000000001,1.6159090909090907,1.0354892532309128,3.6305417410232446,-0.07050000000000001,-0.2793393758362015,81.8,-0.8622645379219023,-0.07500990486327908,49.7937731838529,95.7,0.07527726527090485,3.1492327107864018,99.467213067611,96.9,-0.05300000000001148,-0.09999999999999964,87.6,-0.002832164323859576,-0.3633086374848169,0,0,0,0,0,0,0.54,0.48,0.86,0.74
2002-10-01,45.54277,98.1317987288604,80.6,-167.8186655796162,233.60164226870253,1.0,-60.0,-60.0,-0.001191374448989313,,1.5804545454545456,1.5559090909090907,181.2,90.4643,3.94,5.7,139.0,50302.0,86.41482518264944,98.40277736875487,-42.19999999999999,1.6159090909090907,1.0971912043993253,4.253982091680945,-0.10272727272727278,-0.2199241832166905,82.7,-0.8002643961403919,-0.1866379063003052,48.96090833850781,93.0,0.07527726527090485,2.4703575989495254,99.467213067611,96.9,-0.212600000000009,-0.09999999999999964,86.1,-0.0022360989386357444,-0.20480350334023,0,0,0,0,0,0,0.48,0.4,0.4,0.58
2002-11-01,47.87475,97.9863105583494,84.2,-133.25541553564108,210.297678623106,1.0,0.0,-60.0,0.0,,1.2347368421052631,1.2747368421052632,181.5,90.9711,4.05,5.9,140.0,50302.0,85.84271742962677,98.30786058121095,-41.5,1.5804545454545456,1.09767198265749,4.737151682243705,-0.3811722488038276,-0.14548817051100116,80.6,-0.6447517295638932,-0.269248539137962,48.32425478991933,96.9,0.054772255750511256,2.6211956559341614,99.467213067611,96.9,0.3949000000000069,0.20000000000000018,80.6,-0.0014825792698754947,-0.04132577803935167,0,0,0,0,0,0,0.4,0.86,0.82,0.16
2002-12-01,47.52485,97.888555823384,86.7,-111.22436246524012,172.62465850848858,0.5,0.0,-60.0,0.0,,1.1909523809523808,1.2447619047619047,181.8,90.4652,4.03,6.0,140.5,50302.0,85.47916599917703,98.24046369518643,-41.30000000000001,1.2347368421052631,1.0421030828928777,5.022879471159567,-0.43804761904761924,-0.09775473496540599,80.6,-0.46316708869309764,-0.34305459672751226,47.94949301941495,92.4,0.08164965809276936,2.22747989142183,99.467213067611,92.4,-0.18789999999999907,0.2999999999999998,80.6,-0.0009976366536139647,0.014543758383656069,0,0,0,0,0,0,0.86,0.4,0.74,0.12
2003-01-01,47.3499,97.817272704837,82.4,-146.17264524025086,106.26478505765638,1.9000000000000057,160.0,160.0,0.003180788040237026,,1.169047619047619,1.2019047619047618,182.6,91.2361,4.05,5.8,142.4,50462.0,85.35244293729043,98.21257137483022,-40.19999999999999,1.1909523809523808,0.868505037534789,5.122935652235685,-0.41140692640692667,-0.07128311854700087,80.6,-0.314526024023408,-0.4238091281798262,47.87108172849857,88.1,0.12649110640673342,2.163715939463632,99.467213067611,88.1,0.7717999999999989,0.09999999999999964,80.6,-0.0007282068669560715,0.08302814074995846,0,0,0,0,0,0,0.4,0.82,0.58,0.06
2003-02-01,44.37599,97.783096421709,79.9,-155.62816655828647,106.51575497783661,1.6999999999999886,0.0,160.0,0.0,,1.1652631578947368,1.1752631578947368,183.6,91.3445,3.9,5.9,144.1,50462.0,85.45532569324202,98.23232137129831,-39.5,1.169047619047619,0.7907577871098078,5.094820602305288,-0.06947368421052635,-0.034176283127990814,80.6,-0.20321413664039767,-0.5006565579083571,48.07267717069267,87.6,0.12649110640673342,2.1407942451395914,99.467213067611,87.6,0.3733999999999895,0.0,80.6,-0.0003493890412495926,0.008924443830528705,0,0,0,0,0,0,0.82,0.74,0.16,0.02
2003-03-01,44.24553,97.8183479435325,77.6,-182.1199647064568,96.50667270545303,-0.799999999999983,0.0,160.0,0.0,,1.130952380952381,1.129047619047619,183.9,91.1044,3.81,5.9,143.3,50462.0,85.76626002274334,98.30327059977488,-40.599999999999994,1.1652631578947368,0.6355236587486933,4.872767554105236,-0.05999999999999983,0.035251521823497,79.9,-0.07020787985149468,-0.5482307777295858,48.503393077416305,86.1,0.1211060141638983,2.242914770268792,99.467213067611,86.7,0.6392000000000024,-0.09999999999999964,79.9,0.00036050731786474444,-0.09349669112650316,0,0,0,0,0,0,0.74,0.58,0.12,0.0
2003-04-01,46.62976,97.9503964357439,86.0,-157.50102751269878,72.08328514909883,0.29999999999998295,334.0,334.0,0.00661884190083617,,1.1323809523809525,1.1414285714285715,183.2,90.5617,3.96,6.0,143.6,50796.0,86.24808885222755,98.42458951874718,-39.599999999999994,1.130952380952381,0.5025395080916015,4.248092263447756,-0.0366666666666664,0.13204849221139625,77.6,0.13312373090690244,-0.5391562900417455,49.1124625879976,80.6,0.10327955589886338,2.014696006851549,99.467213067611,86.7,-0.6743999999999915,0.20000000000000018,77.6,0.0013499358247965887,-0.06785723834313373,0,0,0,0,0,0,0.58,0.16,0.06,0.04
2003-05-01,49.36493,98.173603723175,92.1,-212.55476190690388,143.729860241894,-0.9000000000000057,0.0,334.0,0.0,,1.068095238095238,1.082857142857143,182.9,90.537,3.57,6.1,142.7,50796.0,86.91981416757079,98.59184912308025,-40.20000000000002,1.130952380952381,0.3838438255595832,4.0321717586042505,-0.09716791979949879,0.22320728743110863,77.6,0.3905073014660019,-0.4740855790041678,49.88065303207745,84.2,0.07527726527090772,1.7010780895333824,99.4099182873882,86.7,-0.8074999999999903,0.1999999999999993,77.6,0.0022787788059390746,-0.5643213519315813,0,0,0,0,0,0,0.16,0.12,0.02,0.06
2003-06-01,52.29276,98.4612726301053,89.7,-276.81836500923237,179.38683441521908,-0.19999999999998863,0.0,334.0,0.0,,0.9171428571428573,0.9233333333333333,183.1,90.6527,3.33,6.3,142.5,50796.0,87.78791871100883,98.79786549747216,-40.599999999999994,1.068095238095238,0.30856049305566885,3.4193190000669436,-0.21380952380952367,0.2876689069302927,77.6,0.6429246865727976,-0.36670985513516996,50.8149315573802,86.7,0.10488088481701538,1.2675435561315933,99.213987449999,92.1,-0.45170000000000243,0.39999999999999947,77.6,0.002930206247103273,-0.7454863908265814,0,0,0,0,0,0,0.12,0.06,0.0,0.2
2003-07-01,52.14394,98.798782243329,90.9,190.38185342292854,199.39932524199565,1.4000000000000057,716.0,716.0,0.014095598078588845,,0.9004545454545454,0.9527272727272728,183.7,91.1185,3.98,6.2,143.9,51512.0,88.80778487829161,99.03342379150983,-39.79999999999998,0.9171428571428573,0.3100216336472401,3.018265104724976,-0.2319264069264071,0.3375096132237019,77.6,0.8483858075851032,-0.22365627838668445,51.902726094720606,82.4,0.17888543819998384,0.6782329983303571,98.9320631250008,92.1,0.5567999999999955,0.20000000000000018,77.6,0.003427841263962117,-0.15078500127382677,0,0,0,0,0,0,0.06,0.02,0.04,0.22
2003-08-01,52.26897,99.1748610102057,89.3,118.78926933204639,353.8236163867706,-0.20000000000001705,0.0,716.0,0.0,,0.949047619047619,1.029047619047619,184.5,90.9197,4.45,6.1,143.7,51512.0,89.88780288370349,99.28793173241789,-40.80000000000001,0.9004545454545454,0.32383297976556513,2.5759376051120886,-0.11904761904761896,0.3760787668767023,77.6,1.0012572870306968,-0.05753160806276014,53.099478176987525,79.9,0.16329931618554666,0.6442049363551142,98.798782243329,92.1,0.3826999999999998,0.0,77.6,0.0038065121688490855,0.37885913866627696,0,0,0,0,0,0,0.02,0.0,0.06,0.02
2003-09-01,53.80064,99.5774661480807,87.7,47.17415796527348,436.5596560966014,0.10000000000002274,0.0,716.0,0.0,,0.9366666666666665,1.0090476190476192,185.1,91.5059,4.27,6.1,143.8,51512.0,90.9220681316155,99.55002406415757,-41.29999999999998,0.9004545454545454,0.3166730388848561,2.0736989349235757,0.019523809523809277,0.40260513787499974,77.6,1.116193517975404,0.11238760822837435,54.33098971156613,77.6,0.14142135623731159,0.5671566509271797,99.1748610102057,92.1,0.8532000000000011,-0.20000000000000018,77.6,0.004059548294537807,0.3301453335110667,0,0,0,0,0,0,0.0,0.04,0.2,0.06
2003-10-01,55.20531,99.9849607556768,89.6,228.65655126197817,485.7361797946227,1.1999999999999886,474.0,474.0,0.00920173940052793,,0.9218181818181819,0.9995454545454545,184.9,91.6186,4.29,6.0,145.0,51986.0,91.82445740743638,99.80817066568105,-39.900000000000006,0.9004545454545454,0.3641095975267727,1.7063828480790029,0.021363636363636473,0.40749460759609235,77.6,1.1861785123477944,0.2617091072437603,55.51986997535137,86.0,0.1032795558988679,0.6055300708395658,99.5774661480807,92.1,0.5001000000000033,-0.20000000000000018,86.0,0.0040922371632765575,0.2695357883497005,0,0,0,0,0,0,0.04,0.06,0.22,0.06
2003-11-01,56.13243,100.364160619438,93.7,162.29649933194014,574.0907963223788,-0.4000000000000057,0.0,474.0,0.0,,0.9322222222222223,1.0222222222222221,185.0,92.2329,4.3,5.8,144.6,51986.0,92.54244219892956,100.0514075117058,-40.400000000000006,0.9004545454545454,0.3882652478953305,1.4625372308050173,-0.016825396825396743,0.3791998637612011,77.6,1.1892996092322932,0.3667474265983799,56.600061100670665,92.1,0.1032795558988679,0.9077444574462582,99.9849607556768,92.1,1.3131999999999948,-0.2999999999999998,87.7,0.0037925690113318478,0.20208610694059015,0,0,0,0,0,0,0.06,0.2,0.02,0.14
2003-12-01,58.51985,100.681930649507,92.6,100.73805408906628,616.6468465265498,1.5,0.0,474.0,0.0,,0.895909090909091,0.990909090909091,185.5,92.2602,4.27,5.7,146.1,51986.0,93.09598605451832,100.27019319901193,-39.400000000000006,0.9004545454545454,0.5254723623867468,1.1950339160800476,-0.04075757575757555,0.3177700300689992,77.6,1.1044645014262926,0.4229742390220821,57.529014056569466,89.7,0.1722401424368526,0.8612007121984908,100.364160619438,93.7,0.7543000000000006,-0.39999999999999947,87.7,0.003166170355112463,0.11419274454357176,0,0,0,0,0,0,0.2,0.22,0.06,0.82
2004-01-01,61.47464,100.921236206483,103.8,44.26533905733231,622.8634754813443,5.300000000000011,193.0,193.0,0.0037125379909974665,,0.883,0.97,186.3,92.4006,4.15,5.7,151.4,52179.0,93.54607024478634,100.45721149909218,-34.900000000000006,0.895909090909091,0.5786225930150415,1.0714971117933492,-0.03881818181818186,0.23930555697600653,77.6,0.9362754508062068,0.4388172334880096,58.31357790534388,90.9,0.19407902170679578,0.9282600210562794,100.681930649507,93.7,0.7819999999999965,-0.2999999999999998,87.7,0.0023768471207517017,-0.049906898739363825,0,0,0,0,0,0,0.22,0.02,0.06,0.06
2004-02-01,62.40279,101.064941444382,94.4,-5.4043374251778005,637.7121690887162,10.699999999999989,0.0,193.0,0.0,,0.9257894736842105,0.9910526315789473,186.7,92.958,4.08,5.6,162.1,52179.0,93.95538424538206,100.60788963223553,-24.599999999999994,0.883,0.66576222908614,2.3650709515859902,-0.00643274853801179,0.14370523789899892,77.6,0.7007808249440046,0.40885123853777827,58.996211121255826,89.3,0.18973665961010241,2.895974217200817,100.921236206483,103.8,0.7250999999999976,-0.20000000000000018,87.7,0.0014239345780999724,-0.11738470601089368,0,0,0,0,0,0,0.02,0.06,0.14,0.08
2004-03-01,61.57739,101.131809736442,95.8,-50.62447003881243,617.0305478397786,10.5,0.0,193.0,0.0,,0.9369565217391305,0.9891304347826086,187.1,92.5861,3.83,5.8,172.6,52179.0,94.31816708825563,100.72051967298545,-14.5,0.883,0.8106714644843802,5.57616002335258,0.04104743083003948,0.06686829205999345,77.6,0.4498790869349989,0.3491437232459589,59.628485887932136,87.7,0.19407902170679434,7.042916062732327,101.064941444382,103.8,0.3259000000000043,0.09999999999999964,87.7,0.0006616368753034063,-0.3992091723417879,0,0,0,0,0,0,0.06,0.06,0.82,0.06
2004-04-01,61.8445,101.133947730905,94.2,-31.337857394639286,556.8739248515448,22.5,290.0,290.0,0.005557791448667082,,0.9438095238095239,1.0880952380952382,187.4,92.93,4.35,5.6,195.1,52469.0,94.59032128390368,100.79602344026893,7.699999999999989,0.883,0.858184421222641,9.377632963598769,0.06080952380952387,0.00213799446301266,86.0,0.21271152442200503,0.2703255008227501,60.241951288595615,89.6,0.13662601021279316,11.395554688855428,101.131809736442,103.8,0.5294000000000096,-0.10000000000000053,89.6,2.1140672441077868e-05,-0.02315628635558653,0,0,0,0,0,0,0.06,0.14,0.06,0.04
2004-05-01,59.72372,101.091310682141,90.2,-77.77425942379341,541.5156059735335,15.0,0.0,290.0,0.0,,1.0234999999999999,1.306,188.2,93.6013,4.72,5.6,210.1,52469.0,94.73699618347044,100.83742483336839,21.900000000000006,0.883,0.8667996212096674,16.219710698760572,0.09771052631578936,-0.04263704876400709,87.7,0.02636923775899902,0.1903916661135554,60.838708752691474,93.7,0.08944271909998862,19.369606776253836,101.133947730905,103.8,0.6432999999999964,0.0,92.6,-0.0004215898787759409,0.2881826470077833,0,0,0,0,0,0,0.14,0.82,0.08,0.16
2004-06-01,61.33126,101.013529018558,95.6,-128.93597429443616,483.6958958836499,13.900000000000006,0.0,290.0,0.0,,1.2666666666666668,1.6004761904761904,188.9,92.871,4.73,5.6,224.0,52469.0,94.75862569520253,100.84915034874584,35.099999999999994,0.883,0.9080642459477142,22.759032505931174,0.32971014492753636,-0.07778166358299643,87.7,-0.11828071788399086,0.12065130581433436,61.420799182933074,92.6,0.08164965809276906,25.194840741708145,101.133947730905,103.8,0.28489999999999327,-0.20000000000000018,90.2,-0.0007694198745484826,0.3398311501963853,0,0,0,0,0,0,0.82,0.06,0.06,0.0
2004-07-01,60.38981,100.907008521808,96.7,18.292942708889314,363.69805158259504,7.199999999999989,366.0,366.0,0.006975547466122833,,1.3333333333333333,1.6566666666666667,189.1,93.5649,4.5,5.5,231.2,52835.0,94.67424622152336,100.83634826292352,42.099999999999994,0.883,0.8154026984269203,28.909545450971503,0.3895238095238094,-0.10652049675000796,87.7,-0.22693920909701149,0.06408830766697804,61.99421916886293,103.8,0.08366600265340399,28.479706225077347,101.133947730905,103.8,0.6348999999999876,-0.09999999999999964,90.2,-0.0010545171303780743,0.0647145333697603,0,0,0,0,0,0,0.06,0.08,0.04,0.06
2004-08-01,59.49894,100.788448611038,95.9,-43.483715636954,389.83449285033055,7.400000000000006,0.0,366.0,0.0,,1.479090909090909,1.7199999999999998,189.2,93.6277,4.28,5.4,238.6,52835.0,94.49298442281436,100.80448671287449,49.400000000000006,0.883,0.8125429141088782,33.656800609575086,0.45559090909090916,-0.11855991076998862,87.7,-0.302862071102993,0.021818982042105972,62.54550101100719,94.4,0.0983192080250143,27.779950803893012,101.133947730905,96.7,0.026400000000009527,-0.1999999999999993,90.2,-0.001174942281084168,-0.07872706917124717,0,0,0,0,0,0,0.08,0.06,0.16,0.04
2004-09-01,61.34568,100.685049387672,94.2,-108.32059696668148,380.97959859175717,1.4000000000000057,0.0,366.0,0.0,,1.6528571428571428,1.8695238095238094,189.8,93.7467,4.13,5.4,240.0,52835.0,94.23344762549796,100.7592480710411,50.19999999999999,0.883,0.7182259790382838,37.239515506400984,0.386190476190476,-0.10339922336601148,87.7,-0.32847963088600807,-0.002321545828706917,63.06318053563203,95.8,0.13291601358250996,24.745720168682155,101.133947730905,96.7,0.875700000000009,-0.1999999999999993,90.2,-0.0010259035116717552,-0.07644907489155361,0,0,0,0,0,0,0.06,0.04,0.0,0.18
2004-10-01,61.89985,100.615371134175,91.7,75.43182512846397,334.3648320424294,2.0,407.0,407.0,0.007703227027538562,,1.761,2.002,190.8,94.5465,4.1,5.5,242.0,53242.0,93.95995799719171,100.70648602974252,51.19999999999999,0.883,0.6752969622829006,38.96291943513798,0.42766666666666664,-0.06967825349698842,89.6,-0.2916373876329885,-0.009536080628862464,63.56970172804442,94.2,0.09831920802501389,17.579836935157523,101.133947730905,96.7,0.9816000000000003,0.0,90.2,-0.0006920417074902652,-0.159714121975024,0,0,0,0,0,0,0.04,0.16,0.06,0.14
2004-11-01,64.97321,100.587997488998,92.8,11.316015460441122,395.2183420293764,-2.8000000000000114,0.0,407.0,0.0,,2.069,2.2685,191.7,94.7813,4.19,5.4,239.2,53242.0,93.72957336815115,100.6519824171087,47.5,0.883,0.711403749901946,39.201712238423994,0.5899090909090909,-0.02737364517700769,90.2,-0.2004511220400076,-0.0010299713959227574,64.10628848897478,90.2,0.08944271909998767,12.21153825964334,101.133947730905,96.7,1.1535999999999973,0.0,90.2,-0.00027206225916021065,-0.05329482766538707,0,0,0,0,0,0,0.16,0.0,0.04,0.14
2004-12-01,66.84936,100.576207054791,97.1,-50.37700151208992,420.34887205757565,-0.5999999999999943,0.0,407.0,0.0,,2.1872727272727275,2.434090909090909,191.7,95.5365,4.23,5.4,238.6,53242.0,93.49422500737721,100.60108597634984,46.900000000000006,0.883,0.8004138923150304,37.28463815600467,0.5344155844155847,-0.011790434207000544,90.2,-0.10884233288099665,0.005385655699370773,64.69909318700422,95.6,0.08164965809276845,6.868381662861772,101.133947730905,96.7,1.7897999999999996,0.0,91.7,-0.00011721512010709478,0.04524236275865423,0,0,0,0,0,0,0.0,0.06,0.18,0.22
2005-01-01,66.09673,100.544254134136,95.5,212.2253569841414,416.2772513573646,-0.6999999999999886,477.0,477.0,0.008959092445813388,,2.3335,2.6055,191.6,95.8801,4.22,5.3,237.9,53719.0,93.13614384634631,100.55846075505009,46.30000000000001,0.883,0.9498201397498973,33.51455925143781,0.5725,-0.03195292065500155,90.2,-0.07111700003900978,-0.013962332565128577,65.3436261770918,96.7,0.05163977794942599,3.6870946104944577,101.133947730905,97.1,1.3336000000000041,-0.20000000000000018,91.7,-0.000317698604776373,0.07430245324803764,0,0,0,0,0,0,0.06,0.04,0.14,0.74
2005-02-01,67.847,100.485690224325,94.1,157.51294597126252,479.88548981081243,-1.4000000000000057,0.0,477.0,0.0,,2.5389473684210526,2.7705263157894735,192.4,96.5761,4.17,5.4,236.5,53719.0,92.5519089451812,100.52795166641992,44.099999999999994,0.9257894736842105,1.0746574417890935,28.15127425933316,0.46994736842105267,-0.05856390981099935,90.2,-0.10230726467300144,-0.06321997135533763,66.01074253761175,95.9,0.06324555320336264,1.46207614943199,101.133947730905,97.1,1.794799999999995,0.0,91.7,-0.0005824689865705501,0.04801061078345903,0,0,0,0,0,0,0.04,0.18,0.14,2.56
2005-03-01,68.08076,100.411920456352,92.6,107.15062589559966,501.3582385190764,0.30000000000001137,0.0,477.0,0.0,,2.7386363636363638,2.997727272727273,193.1,96.4456,4.5,5.2,236.8,53719.0,91.74961908857449,100.51247459798702,43.70000000000002,0.9369565217391305,1.278830688557204,21.91437192733677,0.5513636363636363,-0.07376976797300472,90.2,-0.16428659843900562,-0.13928331511866077,66.67437033960242,94.2,0.06324555320336264,1.8790068298805245,101.133947730905,97.1,0.9090999999999951,-0.20000000000000018,91.7,-0.000734132072022553,0.3706326699573248,0,0,0,0,0,0,0.18,0.14,0.22,12.54
2005-04-01,66.29041,100.35904929942,87.7,23.127815593310515,486.3093151458294,-3.0,149.0,149.0,0.0027736927344141904,,2.780952380952381,3.0542857142857143,193.7,96.6532,4.34,5.2,233.8,53868.0,90.84462100890453,100.51386071494376,40.10000000000002,0.9438095238095239,1.3240388295065721,14.367218579005351,0.44745238095238093,-0.05287115693199951,90.2,-0.18520483471600357,-0.20806125579925094,67.3234409631534,91.7,0.1032795558988615,2.000000000017663,101.133947730905,97.1,0.7730999999999995,-0.09999999999999964,91.7,-0.0005265426325052891,0.03898184468588095,0,0,0,0,0,0,0.14,0.14,0.74,0.16
2005-05-01,66.47942,100.352395667155,86.9,-21.56466094305506,497.67273535200485,-2.8000000000000114,0.0,149.0,0.0,,2.8414285714285716,3.080952380952381,193.6,96.7402,4.14,5.1,231.0,53868.0,89.94491189238028,100.5327700049664,37.400000000000006,1.0234999999999999,1.3562388160952856,8.932622371072668,0.302481203007519,-0.006653632264999487,87.7,-0.1332945571700037,-0.2416852007400081,67.9536316396604,92.8,0.09831920802501472,1.9304576314274522,101.091310682141,97.1,0.1641000000000048,-0.3000000000000007,87.7,-6.629827914317321e-05,-0.23384149441034996,0,0,0,0,0,0,0.14,0.22,2.56,0.06
2005-06-01,67.7982,100.389011940112,96.0,-67.06113767383795,478.75358215038716,-4.800000000000011,0.0,149.0,0.0,,2.972727272727273,3.127727272727273,193.7,97.1753,4.0,5.0,226.2,53868.0,89.13268894297545,100.56871941501863,32.5,1.2666666666666668,1.4019098089463133,5.015068204008175,0.23409090909090935,0.03661627295700498,86.9,-0.022908516239994015,-0.2350483901784628,68.57778542171322,97.1,0.1211060141638978,2.8556376987873855,101.013529018558,97.1,0.729699999999994,-0.20000000000000018,86.9,0.00036487691911668563,-0.41333393542516417,0,0,0,0,0,0,0.22,0.74,12.54,0.12
2005-07-01,69.14153,100.442580289564,96.5,16.099832801235607,425.5317528984727,-3.6999999999999886,285.0,285.0,0.005290710625974526,,3.2155,3.4170000000000003,194.9,96.8676,4.18,5.0,222.5,54153.0,88.46201140876212,100.62009280241017,27.599999999999994,1.3333333333333333,1.334115860755679,4.5644542307034985,0.4345476190476192,0.05356834945200717,86.9,0.08353099014401266,-0.20743137755985686,69.23029555338955,95.5,0.14142135623730837,4.441621325604862,100.907008521808,96.0,0.2143999999999977,-0.20000000000000018,86.9,0.0005336076968658343,-0.28635543901514726,0,0,0,0,0,0,0.74,2.56,0.16,0.06
2005-08-01,70.08316,100.513940718187,89.1,-33.40586131864984,431.9824982397353,-5.199999999999989,0.0,285.0,0.0,,3.4408695652173913,3.6647826086956523,196.1,97.1833,4.26,4.9,217.3,54153.0,87.9255431462068,100.68411010901612,21.200000000000017,1.479090909090909,1.2502661617220254,5.891358592086464,0.5994409937888197,0.07136042862299519,86.9,0.16154505103200734,-0.1621609936379116,69.93801984543458,94.1,0.15165750888103047,5.777773504277668,100.788448611038,96.5,0.44310000000000116,-0.1999999999999993,86.9,0.0007104599306118065,-0.15440319073678754,0,0,0,0,0,0,2.56,12.54,0.06,0.1
2005-09-01,71.01159,100.618749812701,76.9,-83.31233698007418,407.2105404332992,2.799999999999983,0.0,285.0,0.0,,3.4195238095238096,3.6733333333333333,198.8,95.3005,4.2,5.0,220.1,54153.0,87.45264365983539,100.75695842439512,21.299999999999983,1.6528571428571428,1.1258239756898158,7.718435231586003,0.4467965367965365,0.10480909451399611,86.9,0.22973787258899847,-0.09507225113345896,70.70104383396259,92.6,0.12110601416389975,7.3216573715745,100.685049387672,96.5,-1.8747999999999934,0.0,86.9,0.0010427319212154007,-0.09515927649109557,0,0,0,0,0,0,12.54,0.16,0.12,0.12
2005-10-01,69.05574,100.769094174383,74.2,-76.00004959878424,344.54594626617893,3.9000000000000057,164.0,164.0,0.003028456410540503,,3.7060000000000004,3.9880000000000004,199.1,96.4572,4.46,5.0,224.0,54317.0,86.9807436760165,100.8341949599776,24.900000000000006,1.761,0.9104812332257046,8.30641865722149,0.4905000000000004,0.15034436168200216,76.9,0.32651388481899346,-0.0023894623832205752,71.48560746660164,87.7,0.10327955589886509,6.392104504782682,100.618749812701,96.5,-0.41039999999999566,0.0,76.9,0.0014941982678364774,0.053295868059464624,1,0,0,0,0,0,0.16,0.06,0.06,0.24
2005-11-01,71.1132,100.950722495772,81.6,-121.93031987917493,341.47127080535057,2.1999999999999886,0.0,164.0,0.0,,3.8835,4.1475,198.1,97.5414,4.54,5.0,226.2,54317.0,86.4811309419357,100.91138752863087,28.099999999999994,2.069,0.7612134349551299,7.918117889311694,0.4426304347826089,0.18162832138899887,74.2,0.43678177758499714,0.09818683743660017,72.26126826947844,86.9,0.06324555320336954,4.791415935475526,100.769094174383,96.5,0.3580999999999932,0.09999999999999964,74.2,0.001802420899752244,0.11035300123083225,0,0,0,0,0,0,0.06,0.12,0.1,0.24
2005-12-01,72.95638,101.124312865821,91.5,-162.3879959029873,311.4223479222646,-0.5,0.0,164.0,0.0,,3.886190476190476,4.178095238095238,198.1,98.0452,4.47,4.9,225.7,54317.0,85.9815309152636,100.98485633707581,27.599999999999994,2.1872727272727275,0.6725196279630574,7.4701172356997825,0.46666666666666634,0.17359037004899847,74.2,0.5055630531199995,0.1788782038611174,73.01608400473836,96.0,0.04082482904639039,3.525573239450342,100.950722495772,96.5,2.7446999999999946,-0.09999999999999964,74.2,0.0017195554995286244,0.05690062504854243,0,0,0,0,0,0,0.12,0.06,0.12,0.14
2006-01-01,74.89481,101.259276768784,91.2,309.7260731847855,244.6541622136053,2.1000000000000227,610.0,610.0,0.011230369865787848,,4.236,4.313,199.3,98.1999,4.42,4.7,227.8,54927.0,85.55531621973256,101.0522463314418,28.5,2.3335,0.723670420282969,6.908010282313852,0.5299999999999994,0.1349639029630083,74.2,0.49018259440100564,0.22572120750712088,73.73932275004422,96.5,0.051639777949436076,3.431423416998891,101.124312865821,96.5,1.7426999999999992,-0.2999999999999998,74.2,0.0013346335726611702,-0.049013541701627084,0,0,0,0,0,0,0.06,0.1,0.24,0.32
2006-02-01,75.36825,101.346048158814,86.7,280.57701445206476,341.48697787489914,-2.1000000000000227,0.0,610.0,0.0,,4.433157894736842,4.522631578947368,199.4,98.2413,4.57,4.8,225.7,54927.0,85.32873925799836,101.11268211102536,26.299999999999983,2.5389473684210526,0.7810040450629175,6.192535829524778,0.5496578947368422,0.08677139002999468,74.2,0.39532566304200145,0.235902530926964,74.44065261444446,89.1,0.11690451944500393,4.021649744411965,101.259276768784,91.5,0.6998999999999995,-0.20000000000000018,74.2,0.000856922869675758,0.014434523896175833,0,0,0,0,0,0,0.1,0.12,0.24,0.14
2006-03-01,76.55873,101.378532741895,88.9,254.2754805724544,388.9228617885079,0.20000000000001705,0.0,610.0,0.0,,4.512173913043478,4.6173913043478265,199.7,98.4628,4.72,4.7,225.9,54927.0,85.40631065091394,101.16645168143725,26.200000000000017,2.7386363636363638,0.8563002674889221,5.481891677476382,0.625983436853002,0.03248458308100055,74.2,0.25421987607400354,0.1966613946119935,75.1593381246078,76.9,0.12649110640673805,2.654367470176196,101.346048158814,91.5,0.4176000000000073,-0.20000000000000018,74.2,0.0003205313248140218,0.11545181574592878,0,0,0,0,0,0,0.12,0.24,0.14,0.2
2006-04-01,78.15821,101.352513840296,87.4,81.58633672142605,404.72035799961026,2.0999999999999943,18.0,18.0,0.0003277076847452154,,4.603684210526316,4.718947368421053,200.7,98.7618,4.99,4.7,228.0,54945.0,85.79078312576395,101.2144991268501,27.30000000000001,2.780952380952381,0.9181542477421978,4.403476587942167,0.36768421052631606,-0.02601890159900222,74.2,0.09323707151199301,0.1032093998800292,75.93581735680723,74.2,0.13784048752090577,1.2155931337129455,101.378532741895,91.5,0.5618999999999943,0.0,74.2,-0.0002566509979509135,0.18269154693056944,0,0,0,0,0,0,0.24,0.24,0.32,0.24
2006-05-01,78.19043,101.290699813021,79.1,59.855141557593015,415.5524253079595,2.8000000000000114,0.0,18.0,0.0,,4.715454545454545,4.819999999999999,201.3,98.7869,5.11,4.6,230.8,54945.0,86.36381070751776,101.25812355185778,29.5,2.8414285714285716,0.9944553844883817,3.6686220681254094,0.2822966507177025,-0.06181402727499119,74.2,-0.05534834579299286,-0.017670171018224323,76.78496463401905,81.6,0.1264911064067402,1.0634848377215864,101.378532741895,91.5,0.5456000000000074,-0.20000000000000018,81.6,-0.0006098914070586936,0.2211398201981032,0,0,0,0,0,0,0.24,0.14,0.14,0.14
2006-06-01,74.79095,101.229184571129,84.9,42.35845770480955,404.9622036204608,3.6999999999999886,0.0,18.0,0.0,,4.791363636363636,4.974545454545455,201.8,99.0997,5.11,4.6,234.5,54945.0,86.94839693584811,101.29907248750199,32.69999999999999,2.972727272727273,1.0426026597204257,3.6393888930836202,0.2791897233201581,-0.06151524189201041,74.2,-0.14934817076600382,-0.12373052696274556,77.69484148730845,91.5,0.10327955589887275,2.0034137532548595,101.378532741895,91.5,0.6368999999999971,-0.10000000000000053,79.1,-0.0006073138205735518,0.13833265710206977,0,0,0,0,0,0,0.14,0.32,0.2,0.12
2006-07-01,75.96101,101.189459442917,84.7,-166.67293717490247,371.1202941429777,2.6999999999999886,-59.0,-59.0,-0.0010738010738010617,,4.9465,5.061999999999999,202.9,99.0489,5.09,4.7,237.2,54886.0,87.41611142337041,101.33973438773447,34.29999999999998,3.2155,1.1190113090100824,4.557602705830242,0.3428157894736845,-0.03972512821199814,74.2,-0.16305439737899974,-0.1886217086745603,78.63169652109953,91.2,0.07527726527092135,3.351069481036066,101.378532741895,91.2,0.28710000000000946,0.0,79.1,-0.00039242762233338,0.10384909348484861,0,0,0,0,0,0,0.32,0.14,0.24,0.2
2006-08-01,77.68768,101.19353402526,82.0,-172.93594894469425,353.36086584771266,-0.5,0.0,-59.0,0.0,,4.960434782608695,4.9739130434782615,203.8,99.4836,4.88,4.7,236.7,54886.0,87.75883788334072,101.3830307305961,32.89999999999998,3.4195238095238096,1.1403789270205091,5.495838646120426,0.24498023715415052,0.004074582343008615,74.2,-0.09716578776099993,-0.19782201704512659,79.57819426466716,86.7,0.07527726527092135,4.717944467675016,101.378532741895,88.9,0.6966999999999928,0.10000000000000053,79.1,4.026686539715385e-05,-0.016188984965259223,0,0,0,0,0,0,0.14,0.2,0.14,0.08
2006-09-01,78.53902,101.253445492333,85.4,-175.55739773230744,322.2681924675118,-0.5,0.0,-59.0,0.0,,4.8055,4.885,202.8,99.3183,4.72,4.5,236.2,54886.0,88.04143687212381,101.43186740321464,33.39999999999998,3.4195238095238096,1.1959093922789128,5.252445317957133,0.01413636363636428,0.05991146707299322,74.2,0.024260921204003694,-0.1549778940737241,80.55092395876872,88.9,0.05163977794945249,4.686754385151056,101.378532741895,88.9,0.21859999999999502,-0.09999999999999964,79.1,0.0005920483719645819,-0.024099963730884078,0,0,0,0,0,0,0.2,0.24,0.12,0.16
2006-10-01,81.02309,101.347729730142,93.6,70.7355722291395,273.3293467882044,5.400000000000006,330.0,330.0,0.0060124621943664636,,4.917142857142857,4.922857142857143,201.9,99.2044,4.73,4.4,241.6,55216.0,88.30881392342658,101.48834924962637,39.69999999999999,3.7060000000000004,0.846411693112676,4.945054156023803,-0.02935714285714308,0.0942842378090063,74.2,0.15827028722500813,-0.09407914812307183,81.58224803368002,87.4,0.0816496580927865,3.7094473982072693,101.378532741895,87.4,0.15550000000000352,-0.2999999999999998,79.1,0.0009311706614087978,-0.06842279383688332,0,0,0,0,0,0,0.24,0.14,0.2,0.14
2006-11-01,82.98521,101.462076923501,92.1,62.91510518490395,261.1865697923673,-1.6999999999999886,0.0,330.0,0.0,,4.943333333333333,4.948571428571428,202.0,99.1627,4.6,4.5,239.9,55216.0,88.58350963899743,101.5530025826445,37.900000000000006,3.8835,0.5899123532702869,5.604780156795448,-0.017101449275362057,0.11434719335899501,79.1,0.26854289824099453,-0.04072347737337623,82.69609527790506,79.1,0.11690451944501197,3.534213726804618,101.378532741895,93.6,-0.32089999999999463,-0.20000000000000018,79.1,0.0011282659578411014,-0.13121831942103412,0,0,0,0,0,0,0.14,0.12,0.08,0.34
2006-12-01,85.11807,101.585780764336,91.7,48.96787190013856,222.44650360743003,-0.700000000000017,0.0,330.0,0.0,,4.8475,4.8815,203.1,100.1735,4.56,4.4,239.2,55216.0,88.84861630661904,101.62423974361766,36.099999999999994,3.886190476190476,0.4801760291919822,5.848542942084104,0.041999999999999815,0.12370384083499175,79.1,0.33233527200299307,-0.0013426307709494267,83.86909017668343,84.9,0.12110601416391044,2.5995512433369705,101.462076923501,93.6,0.8552000000000106,-0.09999999999999964,82.0,0.0012192125825323252,-0.05618911874900423,0,0,0,0,0,0,0.12,0.2,0.16,0.52
2007-01-01,85.53719,101.70629460971,96.9,25.92138091360539,136.01838110148185,-0.8999999999999773,44.0,44.0,0.0007968704723269049,,4.975238095238096,4.9504761904761905,203.437,99.8346,4.76,4.6,238.3,55260.0,89.04553262744041,101.69835171709437,34.863,4.236,0.555887924987523,5.718570228168272,0.05809523809523842,0.12051384537400622,79.1,0.358564879567993,0.0272592342334832,85.06482856652514,84.7,0.1366260102128049,2.1106081272313686,101.585780764336,93.6,0.6301999999999879,0.1999999999999993,82.0,0.001186325925412568,0.15332391125691824,0,0,0,0,0,0,0.2,0.08,0.14,0.52
2007-02-01,87.57293,101.824243642636,91.3,2.2056831974041415,153.99830281595015,-3.6000000000000227,0.0,44.0,0.0,,5.026842105263158,4.956842105263157,204.226,100.7753,4.72,4.5,234.7,55260.0,89.07812109187779,101.77012791379077,30.47399999999999,4.433157894736842,0.5434023345481496,5.546989355410545,0.0835087719298242,0.11794903292600623,79.1,0.3621667191350042,0.057686460662324635,86.2483523237417,82.0,0.11690451944501348,2.0245987256907245,101.70629460971,96.9,1.6126000000000005,0.0,82.0,0.0011597023898926029,0.06700678448624497,0,0,0,0,0,0,0.08,0.16,0.34,0.58
2007-03-01,85.42087,101.946119510877,88.4,-24.345986411142803,165.07518947219725,2.3000000000000114,0.0,44.0,0.0,,4.9390909090909085,4.890454545454546,205.288,100.9547,4.56,4.4,237.0,55260.0,88.83717241928325,101.83386237705483,31.71199999999999,4.512173913043478,0.6482467241522973,4.808231578141571,0.09159090909090839,0.12187586824099128,79.1,0.36033874654100373,0.09718126572319363,87.36457735344204,85.4,0.07527726527092844,2.5150878049752134,101.824243642636,96.9,0.7811999999999983,0.0,85.4,0.0011969238747182587,-0.06818152599152771,0,0,0,0,0,0,0.16,0.14,0.52,0.84
2007-04-01,89.44112,102.061776111637,87.1,5.2034595735312905,170.59901149987414,1.9000000000000057,214.0,214.0,0.003872602243937706,,4.869047619047619,4.863333333333333,205.904,101.6334,4.69,4.5,238.9,55474.0,88.26284965813241,101.88436580465202,32.99600000000001,4.603684210526316,0.7341833203459274,3.8100644232135616,-0.10619047619047706,0.11565660076000484,79.1,0.35548150192700234,0.14298855331689708,88.35117037874045,93.6,0.08164965809279194,2.39895810719329,101.946119510877,96.9,1.7988,-0.09999999999999964,88.4,0.0011344875245364872,-0.0784163079233311,0,0,0,0,0,0,0.14,0.34,0.52,1.74
2007-05-01,92.02119,102.149572052437,88.3,-16.67430772670923,199.37941597017794,0.5,0.0,214.0,0.0,,4.732727272727273,4.78,206.755,101.7306,4.75,4.4,239.4,55474.0,87.34735500491864,101.91759635530212,32.64500000000001,4.715454545454545,0.9024861231174706,2.8663671443147876,-0.2941148325358842,0.08779594079999242,79.1,0.32532840980098854,0.1845539212441878,89.14816032082102,92.1,0.07527726527092844,1.888915032516876,102.061776111637,96.9,0.955299999999994,-0.09999999999999964,87.1,0.0008602235248578172,-0.036331706468653024,0,0,0,0,0,0,0.34,0.52,0.58,2.66
2007-06-01,92.69252,102.195194393758,85.3,-31.29782158776652,214.8494010905521,-1.5999999999999943,0.0,214.0,0.0,,4.610952380952381,4.756190476190476,207.234,101.7893,5.1,4.6,237.8,55474.0,86.13583937926535,101.93079162740808,30.566000000000003,4.732727272727273,0.999948194223931,2.1341381057682565,-0.3281385281385276,0.04562234132100684,82.0,0.2490748828810041,0.21708372976003432,89.70908817282721,91.7,0.08164965809279194,1.7971273373734138,102.149572052437,96.9,0.8345999999999947,0.1999999999999993,87.1,0.00044662293149477783,0.2664688219863418,0,0,0,0,0,0,0.52,0.52,0.84,8.32
2007-07-01,93.54096,102.182394773046,90.4,41.15646198192553,219.83712978888084,-0.5,175.0,175.0,0.0031546309983054854,,4.821428571428571,4.833809523809523,207.603,101.6672,5.0,4.7,237.3,55649.0,84.71256591189966,101.92216944777239,29.697000000000003,4.610952380952381,1.0702144291986593,1.8660239694312868,-0.04761904761904745,-0.012799620712002024,82.0,0.12061866140899724,0.231515314858882,90.01282907043546,96.9,0.08944271910000803,1.68453752310086,102.195194393758,96.9,0.033799999999999386,0.20000000000000018,85.3,-0.00012524679646563897,0.24687493989959997,0,0,0,0,0,0,0.52,0.58,1.74,20.8
2007-08-01,88.41669,102.108217086111,83.4,39.744395079229434,228.10860982486255,-1.1000000000000227,0.0,175.0,0.0,,4.201739130434783,4.379565217391304,207.667,101.863,4.67,4.6,236.2,55649.0,83.12769846851498,101.89034724717001,28.532999999999987,4.610952380952381,1.0679536447187319,1.8619800474001689,-0.5309881422924905,-0.07417768693500193,82.0,-0.04135496632599711,0.22080519170997093,90.08196260822136,91.3,0.11690451944501348,1.6606223733090917,102.195194393758,91.3,0.13240000000000407,0.1999999999999993,85.3,-0.0007259341210367198,0.11708425237974662,0,0,0,0,0,0,0.58,0.84,2.66,44.44
2007-09-01,91.48969,102.000347101834,83.4,42.99182710635796,216.60556247337402,-1.8999999999999773,0.0,175.0,0.0,,3.892105263157895,4.046842105263158,208.547,102.0894,4.52,4.7,234.3,55649.0,81.35918674151776,101.83377177236696,25.753000000000014,4.201739130434783,1.0873948976009635,1.900936770649473,-0.718847117794486,-0.10786998427700212,83.4,-0.19484729192400607,0.20125103084190243,89.95729524819173,88.4,0.12110601416391105,1.2011105972119271,102.195194393758,90.4,0.3001000000000005,0.10000000000000053,83.4,-0.001056428046197655,0.18410597882419832,0,0,0,0,0,0,0.84,1.74,8.32,61.04
2007-10-01,95.14953,101.87941129509,80.9,189.79534832634818,181.60853253175992,0.19999999999998863,208.0,208.0,0.003737713166453993,,3.899545454545455,4.012727272727273,209.19,101.8015,4.53,4.7,234.5,55857.0,79.39024221698004,101.75026343236298,25.310000000000002,3.892105263157895,1.0670029202104712,2.1332149588245226,-0.9218831168831163,-0.12093580674400073,83.4,-0.3029834779560048,0.1862827468973478,89.66599992792348,87.1,0.11690451944501183,1.866994018933817,102.195194393758,90.4,0.1343000000000103,0.0,83.4,-0.0011856411294685065,0.21213218593985506,0,0,1,0,0,0,1.74,2.66,20.8,73.0
2007-11-01,91.09004,101.750489339124,76.1,203.91390819523804,214.02456669489942,-2.8000000000000114,0.0,208.0,0.0,,3.2729999999999997,3.4604999999999997,210.834,102.3446,4.15,4.7,231.7,55857.0,77.27944970489912,101.6366350980167,20.865999999999985,3.892105263157895,0.9470148067679032,1.9883562573159057,-0.9287391304347832,-0.12892195596599265,80.9,-0.3577277469869955,0.1721836233801497,89.20688193990728,88.3,0.116904519445011,1.9813295199775394,102.195194393758,90.4,0.48160000000000025,0.10000000000000053,80.9,-0.00126543679755442,-0.024125799111905266,0,0,0,0,0,0,2.66,8.32,44.44,80.68
2007-12-01,91.88258,101.625373087458,75.5,226.72710997965623,228.9233529209512,2.200000000000017,0.0,208.0,0.0,,2.9955,3.2295000000000003,211.445,102.3803,4.1,5.0,233.9,55857.0,75.12856353794758,101.48839262378037,22.455000000000013,3.2729999999999997,0.7787784671063547,2.3807784568398778,-0.8966052631578951,-0.12511625166600027,76.1,-0.37497401437599365,0.17553040197390146,88.56271993380147,85.3,0.051639777949452084,2.265391798357927,102.195194393758,90.4,0.2909000000000077,0.2999999999999998,76.1,-0.0012296378374063721,0.0910525001306528,0,0,0,0,0,0,8.32,20.8,61.04,86.06
2008-01-01,85.92138,101.494000685579,78.4,-106.87280069926055,229.7385866136373,5.599999999999994,-360.0,-360.0,-0.006445029271174629,,2.7533333333333334,2.7495238095238097,212.174,102.2448,3.74,5.0,239.5,55497.0,73.05311348296661,101.29969143705394,27.325999999999993,2.9955,0.7245606097436841,2.3476616347893997,-1.1462121212121215,-0.13137240187900545,75.5,-0.38541060951099837,0.2046215119521264,87.67784123732034,90.4,0.136626010212801,1.94087609085875,102.195194393758,90.4,0.4432999999999936,0.2999999999999998,75.5,-0.0012927126158340796,-0.21750038491833745,0,0,0,0,0,0,20.8,44.44,73.0,94.64
2008-02-01,84.64895,101.344112333772,70.8,-50.5148890023338,211.02913413070996,9.400000000000006,0.0,-360.0,0.0,,2.1245000000000003,2.04,212.687,101.8438,3.74,4.9,248.9,55497.0,71.10211408148938,101.06389908075799,36.212999999999994,2.7533333333333334,0.4977149082751951,2.4692042639110605,-1.1484999999999994,-0.14988835180699311,75.5,-0.40637700535199883,0.26409442432368735,86.4431459793804,83.4,0.1722401424368553,2.627863517524057,102.195194393758,83.4,-0.5007999999999981,0.20000000000000018,75.5,-0.0014768198198368276,-0.23242330248158627,0,0,0,0,0,0,44.44,61.04,80.68,99.46
2008-03-01,82.16946,101.1775627464,69.5,34.114579793123994,188.24379742806178,15.799999999999983,0.0,-360.0,0.0,,1.2625,1.476,213.448,101.5336,3.51,5.1,264.7,55497.0,69.27476540857657,100.77497282306788,51.25199999999998,2.1245000000000003,0.3860906766566542,4.342286787558052,-1.7329999999999999,-0.16654958737200332,70.8,-0.4478103410580019,0.36133690526700946,84.76439266133742,83.4,0.15055453054182058,6.3086184435845025,102.195194393758,83.4,-0.8466999999999985,0.09999999999999964,70.8,-0.0016434066423461902,-0.38859138454215936,0,0,0,0,0,0,61.04,73.0,86.06,99.94
2008-04-01,85.92222,100.970126595153,62.6,203.30936236240814,159.64684035010416,18.0,208.0,208.0,0.003747950339658024,,1.2936363636363637,1.5495454545454548,213.942,100.8785,3.68,5.0,282.7,55705.0,67.56667091258458,100.42930896197201,68.75799999999998,1.2625,0.2854959580109331,8.973846680346753,-1.4596969696969697,-0.20743615124699488,69.5,-0.5238740904259913,0.48069713434131245,82.61676205104635,80.9,0.1673320053068181,12.624262354691039,102.195194393758,80.9,-1.3662999999999954,0.0,69.5,-0.0020502188985015435,-0.28886774695694983,0,0,0,0,0,0,73.0,80.68,94.64,89.96
2008-05-01,88.26169,100.688914125146,59.8,348.3545215210106,154.38058049434125,17.100000000000023,0.0,208.0,0.0,,1.733809523809524,1.8199999999999998,215.208,100.2674,3.88,5.4,299.8,55705.0,65.98449272227067,100.02746164661917,84.59200000000001,1.2625,0.40863089330694513,15.282816157270071,-0.39069047619047637,-0.2812124700070058,62.6,-0.655198208626004,0.5966427411916015,80.05130759511991,76.1,0.13784048752090508,19.95301146861642,102.195194393758,78.4,-1.5764000000000067,0.5,62.6,-0.00278510564946155,-0.041042433746933504,0,0,1,0,0,0,80.68,86.06,99.46,99.8
2008-06-01,84.26327,100.296330757999,56.4,519.865819103994,146.1886234758639,17.599999999999966,0.0,208.0,0.0,2.3465,1.856190476190476,2.1323809523809523,217.463,100.0335,4.1,5.6,317.4,55705.0,64.51874989099714,99.57529392289347,99.93699999999998,1.2625,0.6135277778858754,22.216188132788663,0.593690476190476,-0.3925833671469974,59.8,-0.881231988400998,0.6699185534066743,77.16234303091073,75.5,0.17511900715418333,25.811037690622626,102.195194393758,78.4,-1.5001000000000033,0.5,59.8,-0.0038989730950823587,0.16025165350760195,1,0,1,0,0,0,86.06,94.64,99.94,99.92
2008-07-01,78.95065,99.760575527776,61.2,238.03178054188902,134.53759189819786,5.900000000000034,-427.0,-427.0,-0.0076653801274571,2.203181818181818,1.625909090909091,1.9272727272727272,219.016,99.676,4.01,5.8,323.3,55278.0,63.205192823914366,99.08431464239001,104.28400000000002,1.2625,0.7828682454232934,29.454344485845418,0.3322727272727273,-0.5357552302230033,56.4,-1.2095510673770065,0.6572158536042423,74.07832144761363,78.4,0.27325202042558866,30.06040585221828,102.182394773046,78.4,-1.2025000000000006,0.7999999999999998,56.4,-0.005341723133578058,0.19661082926601736,1,0,0,0,0,0,94.64,99.46,89.96,99.94
2008-08-01,78.31818,99.0648669218098,63.0,445.44480459517945,177.36734265312012,4.099999999999966,0.0,-427.0,0.0,2.107142857142857,1.7219047619047618,1.9185714285714286,218.69,98.1111,3.89,6.1,327.4,55278.0,62.139988934492564,98.57108169033029,108.70999999999998,1.2625,0.9546441577226497,34.726868254822826,-0.011904761904762085,-0.6957086059662032,56.4,-1.624047203336204,0.5161330084141866,70.92899348516524,70.8,0.35777087639996474,29.450206564076073,102.108217086111,70.8,-2.1563000000000017,0.6999999999999993,56.4,-0.006973783002810596,0.31921176290027864,1,0,1,0,0,0,99.46,99.94,99.8,99.64
2008-09-01,74.07194,98.2224896355455,70.3,664.4286395332529,206.7184441430494,2.7000000000000455,0.0,-427.0,0.0,1.856190476190476,1.1342857142857143,1.61,218.877,93.7895,3.69,6.1,330.1,55278.0,61.41934494505381,98.05578222382259,111.22300000000001,1.2625,1.333213175426802,38.304793394164626,-0.7219047619047616,-0.8423772862642949,56.4,-2.0738411224535014,0.22533011281234394,67.82005883778655,69.5,0.41952353926805797,24.91110194270989,102.000347101834,69.5,-6.244,0.5,56.4,-0.008503289939602587,0.3198177222122154,1,0,1,0,0,0,99.94,89.96,99.92,99.58
2008-10-01,57.41563,97.2959579745484,57.6,-500.784820213943,227.8604537014862,1.599999999999966,-1337.0,-1337.0,-0.024186837439849507,1.3772727272727272,0.6745454545454546,1.201818181818182,216.995,94.7219,3.81,6.5,331.7,53941.0,61.098947438943775,97.56046281935406,114.70499999999998,1.1342857142857143,2.4547182563125527,40.162038272251046,-0.9513636363636364,-0.9265316609970995,56.4,-2.4646175532275976,-0.18326066081111492,64.83761122975567,62.6,0.4273952113286527,18.527466097663915,101.87941129509,70.3,-4.954099999999997,0.7000000000000002,56.4,-0.009432988966528888,0.4386449300737194,1,0,1,0,0,0,89.96,99.8,99.94,96.3
2008-11-01,51.77961,96.4086000922858,55.3,-268.55544038143125,512.665132300037,-21.30000000000001,0.0,-1337.0,0.0,1.0394444444444444,0.19111111111111112,0.7338888888888889,213.153,93.4715,3.53,6.8,310.4,53941.0,61.14505512626752,97.10728922425523,97.24699999999999,0.6745454545454546,2.8999274171159666,40.43066174440937,-1.5307936507936506,-0.8873578822626058,56.4,-2.656266829524,-0.6200774922436239,62.048228979513766,59.8,0.39707262140150507,11.863122129808565,101.750489339124,70.3,-4.639599999999987,0.7000000000000002,56.4,-0.009120192665092341,0.2774858855081823,0,0,1,0,0,0,99.8,99.92,99.64,87.36
2008-12-01,51.73662,95.6617456335782,60.1,-38.7419761244455,646.6131987404233,-16.099999999999966,0.0,-1337.0,0.0,0.47409090909090906,0.034545454545454546,0.25545454545454543,211.398,90.8357,2.42,7.3,294.3,53941.0,61.46855251609292,96.71708022025551,82.90200000000002,0.19111111111111112,3.3008544574569942,37.07922312938507,-1.0997402597402597,-0.7468544587075883,55.3,-2.5607440019672936,-1.0051051713642352,59.56464152524961,56.4,0.44158804331638746,8.182766443370749,101.625373087458,70.3,-2.953800000000001,1.2000000000000002,55.3,-0.0077467617825864865,-0.7299080151732267,1,0,1,0,0,0,99.92,99.94,99.58,61.7
2009-01-01,51.37847,95.1197005249761,61.2,-523.4012586295285,719.5621301099508,-29.30000000000001,-720.0,-720.0,-0.013347917168758494,0.4245,0.13,0.304,211.933,88.57,2.52,7.8,265.0,53221.0,61.98508711526995,96.40805257172802,53.06700000000001,0.034545454545454546,3.8824368683323853,32.179661372682936,-0.5445454545454546,-0.5420451086021103,55.3,-2.1762574495723044,-1.27856516885916,57.525734160765346,61.2,0.5501514942874021,14.531987705291845,101.494000685579,70.3,-6.151900000000012,1.2999999999999998,55.3,-0.005666268214238435,-0.6373890049618489,1,0,1,0,0,0,99.94,99.64,96.3,3.02
2009-02-01,47.38305,94.8201287779183,56.3,-327.99624329211656,887.3205281601748,-7.899999999999977,0.0,-720.0,0.0,0.5989473684210526,0.29578947368421055,0.4526315789473684,212.705,88.031,2.87,8.3,257.1,53221.0,62.603048050327516,96.1946341903568,44.39500000000001,0.034545454545454546,4.5160031348036584,28.648416054368145,0.10467836257309943,-0.2995717470577972,55.3,-1.5884713143674958,-1.4035496217393444,56.065532748289,63.0,0.6801960501698465,26.264456336782448,101.344112333772,70.3,-5.4405,1.5000000000000009,55.3,-0.003149418526387615,-0.35633146828984463,0,0,1,0,0,0,99.64,99.58,87.36,0.98
2009-03-01,44.39098,94.7806985796111,57.3,-164.37720319013897,989.150274300634,-6.400000000000034,0.0,-720.0,0.0,0.6222727272727272,0.21363636363636365,0.4163636363636364,212.495,86.6528,2.82,8.7,250.7,53221.0,63.26517018786649,96.0863325725599,38.204999999999984,0.034545454545454546,4.906418946729823,27.398610615071334,0.1790909090909091,-0.03943019830720118,55.3,-0.8810470539671087,-1.3678315137308488,55.265822841033696,70.3,0.8262364471909114,31.92271918242686,101.1775627464,70.3,-4.182900000000004,1.3999999999999995,55.3,-0.0004158420666096063,-0.37912911534352034,0,0,1,0,0,0,99.58,96.3,61.7,0.54
2009-04-01,50.01416,94.9909322459739,65.1,-399.6454832920499,1044.5148612882792,-16.399999999999977,-204.0,-204.0,-0.00383307341087169,0.5242857142857142,0.15809523809523812,0.34523809523809523,212.709,85.9344,2.93,9.0,234.3,53017.0,63.99175390837442,96.08669104770084,21.591000000000008,0.034545454545454546,5.204362061530331,29.28649885444573,0.028095238095238118,0.2102336663627966,55.3,-0.12876827900220178,-1.178848777192357,55.13352356318232,57.6,0.8571269839800038,32.45715124077818,100.970126595153,61.2,-2.6355999999999966,1.2000000000000002,55.3,0.0022181063181994087,-0.3697521687808205,0,0,1,0,0,0,96.3,87.36,3.02,0.32
2009-05-01,54.52264,95.3819828205814,68.7,-312.8049552288139,1059.2088063512795,-5.100000000000023,0.0,-204.0,0.0,0.4795,0.176,0.297,213.022,85.0665,3.29,9.4,229.2,53017.0,64.8537632397558,96.19241673661958,16.177999999999997,0.034545454545454546,5.347901294107024,34.60846257518698,-0.11978947368421056,0.3910505746075046,55.3,0.5618540426631,-0.8937843243418655,55.61814093513653,55.3,0.8424171571535423,28.45991332851783,100.688914125146,65.1,-2.964500000000001,1.0999999999999996,55.3,0.004116714778573893,-0.026806116364581634,0,0,0,0,0,0,87.36,61.7,0.98,0.18
2009-06-01,56.05994,95.8825709609703,70.8,-264.2251492063442,1021.4501389501208,-8.5,0.0,-204.0,0.0,0.48681818181818187,0.17681818181818182,0.3109090909090909,214.79,84.7459,3.72,9.5,220.7,53017.0,65.88076123746102,96.39296410138863,5.909999999999997,0.034545454545454546,5.358462673100541,39.40937724896768,-0.03681818181818183,0.5005881403888992,55.3,1.1018723813592004,-0.5704990065323869,56.609160762162055,60.1,0.7782458908768194,23.500893600033134,100.296330757999,68.7,-1.9068999999999932,0.8000000000000007,56.3,0.005248246320592065,0.26171434066352095,0,0,0,0,0,0,61.7,3.02,0.54,0.18
2009-07-01,56.34072,96.4300571385469,66.0,-214.35367882811988,924.8365088919404,1.4000000000000057,64.0,64.0,0.0012071599675576028,0.4559090909090909,0.18363636363636363,0.2740909090909091,214.726,85.7027,3.56,9.5,222.1,53081.0,67.0199361643607,96.67109602459499,7.373999999999995,0.034545454545454546,5.1055308134900965,42.863331082815854,0.025541125541125503,0.5474861775766016,55.3,1.4391248925730054,-0.2593462075808475,57.94662469446819,61.2,0.6554896388705573,17.351388032856143,99.760575527776,70.8,-0.23170000000000357,0.5,56.3,0.005709965555673824,0.08587073105699838,0,0,0,0,0,0,3.02,0.98,0.32,0.08
2009-08-01,61.60015,96.9832420520943,65.7,-222.73720541792864,832.3627742015051,5.900000000000006,0.0,64.0,0.0,0.43666666666666665,0.17142857142857143,0.2642857142857143,215.445,86.6426,3.59,9.6,228.0,53081.0,68.14757083478845,97.00452871358576,12.555000000000007,0.034545454545454546,4.4484273449535365,43.76953070552339,-0.00457142857142856,0.5531849135473976,55.3,1.6012592315128984,0.008570752238640011,59.45585680461299,56.3,0.49261208538428436,15.080638801680205,99.0648669218098,70.8,1.5760999999999967,0.1999999999999993,56.3,0.00573664405023222,0.2073500969656661,0,0,0,0,0,0,0.98,0.54,0.18,0.16
2009-09-01,63.97417,97.510974375702,73.5,-252.5241851252067,676.1653184513756,9.800000000000011,0.0,64.0,0.0,0.38285714285714284,0.12333333333333335,0.20714285714285713,215.861,87.4063,3.4,9.8,237.8,53081.0,69.17972144001047,97.36843562010097,21.93900000000002,0.034545454545454546,3.6162267907368104,41.85045526706422,-0.05348484848484847,0.527732323607708,55.3,1.6284034147317072,0.21201321891075509,60.99433121536391,57.3,0.35449494589719344,10.92111105459246,98.2224896355455,70.8,2.6603999999999957,0.3000000000000007,57.3,0.005441479501419932,0.05795490171454487,0,0,0,0,0,0,0.54,0.32,0.18,0.04
2009-10-01,65.43233,97.9951781000113,70.6,100.72522385123011,385.2762881095911,3.0999999999999943,450.0,450.0,0.008477609690849874,0.3538095238095238,0.07428571428571429,0.1604761904761905,216.509,87.6419,3.39,10.0,240.9,53531.0,70.06918645472585,97.73835402374388,24.39100000000002,0.034545454545454546,3.246994837316173,36.87756462576142,-0.10935064935064934,0.48420372430929604,55.3,1.5651209614644017,0.3500037661993929,62.43965493854582,65.1,0.26583202716500265,6.670357311774339,97.510974375702,73.5,1.9392000000000138,0.5,65.1,0.004965633123956925,-0.058027085826429126,0,0,0,0,0,0,0.32,0.18,0.08,0.04
2009-11-01,66.3718,98.4380407217398,67.4,39.58027712129842,340.26562707300866,-1.9000000000000057,0.0,450.0,0.0,0.2942105263157895,0.05210526315789474,0.15473684210526314,217.234,88.0221,3.4,9.9,239.0,53531.0,70.75243277182184,98.09308704393533,21.76599999999999,0.034545454545454546,2.5016678111200803,28.461631536103262,-0.11932330827067669,0.44286262172849433,55.3,1.4547986696454984,0.43510546600566613,63.683351914602696,68.7,0.2250925735484295,8.159758983373322,97.9951781000113,73.5,1.379499999999993,0.3000000000000007,65.7,0.004519228704054301,-0.01654902675670744,0,0,0,0,0,0,0.18,0.18,0.16,0.06
2009-12-01,67.1647,98.8445874438168,72.5,-32.42481020186824,283.8601875189631,2.0,0.0,450.0,0.0,0.3481818181818182,0.05454545454545454,0.16772727272727272,217.347,88.3793,3.59,9.9,241.0,53531.0,71.2083390161567,98.41701400635014,23.65299999999999,0.034545454545454546,1.6953899267900177,20.988458227983724,-0.06878787878787881,0.40654672207701026,56.3,1.3336130681148006,0.48712014990223906,64.65633251998784,70.8,0.21369760566430135,8.961119721705652,98.4380407217398,73.5,0.972999999999999,0.09999999999999964,65.7,0.004129975760348792,0.20375134925523808,0,0,0,0,0,0,0.18,0.08,0.04,0.2
2010-01-01,67.98261,99.1953857400254,74.4,79.55234847663087,206.94333874818085,6.599999999999994,152.0,152.0,0.0028394761913657085,0.3231578947368421,0.061578947368421046,0.14842105263157895,217.488,89.3426,3.73,9.8,247.6,53683.0,71.46950796384043,98.70119778016004,30.111999999999995,0.05210526315789474,1.3079266667819214,13.513550999126759,-0.012706766917293243,0.3507982962085947,56.3,1.2002076400140993,0.5089144475274594,65.36223922772965,66.0,0.1940790217067658,7.87172153979522,98.8445874438168,73.5,1.7006999999999977,-0.1999999999999993,65.7,0.0035489884199071398,0.311982201946579,0,0,0,0,0,0,0.08,0.16,0.04,0.12
2010-02-01,65.13094,99.455619232722,73.6,-1.5320793673963635,247.64197029631183,5.700000000000017,0.0,152.0,0.0,0.3263157894736842,0.10894736842105263,0.18105263157894735,217.281,89.6779,3.69,9.8,253.3,53683.0,71.59823317045085,98.94306699401585,36.019000000000005,0.05210526315789474,1.4124648175550347,11.180854848867977,0.05684210526315789,0.26023349269659946,56.3,1.0175785109822044,0.4828617480097819,65.87491693808172,65.7,0.13662601021275297,6.387409490558513,99.1953857400254,74.4,1.6557999999999993,-0.09999999999999964,65.7,0.002623443527692171,0.21777048889118866,0,0,0,0,0,0,0.16,0.04,0.06,0.22
2010-03-01,68.83686,99.6291061826409,73.6,-81.54968274140992,276.7553892017903,14.899999999999977,0.0,152.0,0.0,0.3726086956521739,0.15043478260869564,0.2234782608695652,217.353,90.2928,3.73,9.9,268.2,53683.0,71.653551490098,99.14495429022179,50.84699999999998,0.05210526315789474,1.5939185256345623,10.61041512339873,0.0958893280632411,0.17348694991889602,57.3,0.7845187388240902,0.41739218562707947,66.28115934202191,73.5,0.08164965809270222,5.971152875847738,99.455619232722,74.4,1.913499999999999,0.0,67.4,0.001744365489424471,0.32496432528092845,0,0,0,0,0,0,0.04,0.04,0.2,0.18
2010-04-01,71.22054,99.699171881368,72.2,82.03820305042609,297.7021085787427,7.300000000000011,417.0,417.0,0.007767822215599018,0.4190909090909091,0.1622727272727273,0.24181818181818182,217.403,90.5991,3.85,9.9,275.5,54100.0,71.67669795420753,99.31212483905699,58.09700000000001,0.05210526315789474,1.8297314655593533,13.473439078646539,0.10069377990430625,0.070065698727106,65.1,0.5037861413426015,0.29763023161194724,66.65550477638439,70.6,0.07527726527083174,11.099849848837863,99.6291061826409,74.4,1.2565000000000026,0.09999999999999964,67.4,0.0007032653549923218,0.4300110657901257,0,0,0,0,0,0,0.04,0.06,0.12,0.1
2010-05-01,65.55708,99.6763666630233,73.6,13.342563121186686,353.73516672715834,8.199999999999989,0.0,417.0,0.0,0.352,0.16,0.2225,217.29,91.823,3.42,9.6,283.7,54100.0,71.69264777318631,99.45086047213235,66.41,0.05210526315789474,1.9784590373947162,17.072277279703787,0.05105263157894738,-0.022805218344700506,65.7,0.2207474303013015,0.136480110862081,67.06234137181035,67.4,0.05163977794932148,14.827541940594221,99.699171881368,74.4,2.1450999999999993,-0.20000000000000107,67.4,-0.00022874029858377387,0.06704341569565075,0,0,0,0,0,0,0.06,0.2,0.22,0.14
2010-06-01,63.38498,99.6007936228761,76.0,-45.86328288572986,379.28820895488724,0.6000000000000227,0.0,417.0,0.0,0.30272727272727273,0.12363636363636364,0.19090909090909092,217.199,91.9928,3.2,9.4,284.3,54100.0,71.73778168890554,99.5669825520021,67.101,0.05210526315789474,2.0901509734503376,20.3156381025822,-0.026798418972331997,-0.075573040147205,65.7,-0.028312559764799516,-0.028894252071083315,67.55987724516461,72.5,0.11690451944495303,16.819126017724056,99.699171881368,74.4,1.7000000000000028,-0.5,72.2,-0.0007581841380985832,-0.21374910435797778,0,0,0,0,0,0,0.2,0.12,0.18,0.08
2010-07-01,63.66211,99.537278609977,67.8,149.6803456200796,380.5515435133283,-0.10000000000002274,301.0,301.0,0.005563770794824396,0.27904761904761904,0.15761904761904763,0.20047619047619047,217.605,92.3421,3.01,9.4,284.2,54401.0,71.7905590646692,99.66494246927796,66.595,0.05210526315789474,1.9969977035798459,21.252201312005262,-0.00465367965367966,-0.06351501289910289,65.7,-0.1618932713910084,-0.145834234813492,68.17119762531757,74.4,0.19663841605000734,15.473805823608844,99.699171881368,76.0,1.742999999999995,-0.5,72.2,-0.0006376958514968667,-0.3324173265384407,0,0,0,0,0,0,0.12,0.22,0.1,0.12
2010-08-01,64.83236,99.5357699628432,68.9,108.36918965190853,407.1356988405254,-2.3999999999999773,0.0,301.0,0.0,0.2490909090909091,0.155,0.19136363636363637,217.923,92.6805,2.7,9.5,281.8,54401.0,71.79548023593948,99.74754667796014,63.87700000000001,0.05210526315789474,1.9310782553027417,20.925385120092287,-0.0050000000000000044,-0.001508647133789509,65.7,-0.1405967001800974,-0.18130986484560196,68.89683915679328,73.6,0.23380903888997961,12.3619847381702,99.699171881368,76.0,0.8575000000000017,-0.09999999999999964,67.8,-1.5156604187493983e-05,-0.4670910007538711,0,0,0,0,0,0,0.22,0.18,0.14,0.14
2010-09-01,66.91848,99.6076647177816,68.2,74.94449401886959,400.3741715824703,4.0,0.0,301.0,0.0,0.2471428571428571,0.1519047619047619,0.19333333333333336,218.275,92.9537,2.65,9.5,285.8,54401.0,71.73427599390381,99.81611131324448,67.525,0.05210526315789474,1.9014108360030102,19.894972335802862,0.028268398268398262,0.07189475493839836,67.4,0.00687109490550597,-0.13979139003346575,69.71993398924127,73.6,0.23166067138523114,6.506432714380057,99.699171881368,76.0,0.9608999999999952,0.09999999999999964,67.8,0.0007223006861276637,-0.4066582289386145,0,0,0,0,0,0,0.18,0.1,0.08,0.1
2010-10-01,70.07586,99.7391037765785,67.7,154.89562146594108,358.38453826907175,-1.6999999999999886,168.0,168.0,0.003088178526130081,0.22000000000000003,0.1345,0.17650000000000002,219.035,92.6903,2.54,9.4,284.1,54569.0,71.61349239675761,99.87074537707764,65.06500000000003,0.05210526315789474,1.8833313114756913,19.531580875983597,-0.023119047619047622,0.1314390587969001,67.4,0.20182516660150895,-0.041543758715434365,70.61340929263282,72.2,0.18708286933866877,3.686054801558092,99.699171881368,76.0,0.3481999999999914,0.0,67.8,0.0013195677176982556,-0.5218694547506924,0,0,0,0,0,0,0.1,0.14,0.12,0.32
2010-11-01,71.24583,99.9180845204784,71.6,137.69874754892953,378.3651735335219,-2.0,0.0,168.0,0.0,0.2425,0.143,0.182,219.59,92.7709,2.76,9.8,282.1,54569.0,71.41394520428949,99.91065845767066,62.51000000000002,0.05210526315789474,1.7511897980472264,18.553679288794754,-0.01200000000000001,0.17898074389989915,67.4,0.3823145576351976,0.09278324924089532,71.54787369384883,73.6,0.08164965809270797,1.2890565025462144,99.7391037765785,76.0,0.09040000000000248,0.3000000000000007,67.7,0.001794489193534643,-0.2464090226095048,0,0,0,0,0,0,0.14,0.08,0.14,0.16
2010-12-01,73.43909,100.107325230246,74.5,130.27275291623664,376.2393157617357,3.099999999999966,0.0,168.0,0.0,0.28045454545454546,0.1409090909090909,0.19318181818181818,220.472,93.6787,3.29,9.3,285.2,54569.0,71.09623608480476,99.93461266408966,64.72799999999998,0.05454545454545454,1.5688742436603984,16.23645356111857,-0.010995670995671003,0.18924070976760277,67.7,0.499660512464402,0.22744531534412715,72.45241242337357,76.0,0.15491933384826304,1.5065412927485724,99.9180845204784,76.0,0.7250000000000085,-0.1999999999999993,67.7,0.0018939585428983108,0.304909476384029,0,0,0,0,0,0,0.08,0.12,0.1,0.1
2011-01-01,75.83663,100.267143020501,74.2,-71.02680929904454,351.60621697540745,9.100000000000023,-228.0,-228.0,-0.004178196411882218,0.2615,0.152,0.1815,221.187,93.4814,3.39,9.1,294.3,54341.0,70.64306702708271,99.94161174887647,73.113,0.061578947368421046,1.4113510608513993,13.122834597704975,0.017499999999999988,0.15981779025499065,67.7,0.5280392439224926,0.3364842642992869,73.24339655377587,67.8,0.17224014243682034,1.616993094220446,100.107325230246,74.5,0.7911000000000001,-0.3000000000000007,67.7,0.0015964644933565975,0.37491807963763657,0,0,0,0,0,0,0.12,0.14,0.32,0.04
2011-02-01,78.38196,100.362478799572,77.5,-63.30485756499547,315.057125648367,18.30000000000001,0.0,-228.0,0.0,0.2715789473684211,0.13210526315789473,0.16842105263157894,221.898,93.1102,3.58,9.0,312.6,54341.0,70.07428991726428,99.93161691816007,90.70200000000003,0.10894736842105263,1.2718298180406133,10.493760772547136,-0.010894736842105263,0.09533577907100721,67.7,0.44439427909360063,0.39875969631576424,73.83794764146978,68.9,0.23380903888997967,4.578536884212126,100.267143020501,74.5,0.3393000000000086,-0.8000000000000007,67.7,0.0009508177474599755,0.5016797868386869,0,0,0,0,0,0,0.14,0.1,0.16,0.04
2011-03-01,77.49942,100.35776895342,67.5,-53.835599453683244,261.40962572522784,12.099999999999966,0.0,-228.0,0.0,0.24043478260869566,0.10043478260869565,0.15608695652173915,223.046,94.0788,3.41,9.0,324.7,54341.0,69.44756385685425,99.90609262438409,101.654,0.12363636363636364,1.0483447736628722,10.631984335439178,-0.04047430830039525,-0.004709846151996544,67.7,0.2504437231740013,0.3854522030613339,74.17894177388153,68.2,0.28809720581773957,11.526910543018912,100.362478799572,77.5,0.4000999999999948,-0.3000000000000007,67.7,-4.6928356177811104e-05,0.3653421448360552,0,0,0,0,0,0,0.1,0.32,0.1,0.06
2011-04-01,79.34373,100.249984058942,69.8,17.472063906148833,175.6386398710022,7.300000000000011,269.0,269.0,0.004950221747851424,0.2285,0.058499999999999996,0.11950000000000001,224.093,93.7749,3.46,9.1,332.0,54610.0,68.8297948582967,99.86814936512123,107.90700000000001,0.10043478260869565,0.9300786139367796,14.315627718323388,-0.0935,-0.10778489447800155,67.5,-0.01715896155899088,0.2969866824082743,74.26659125643764,67.7,0.30767948691236335,17.58086080562507,100.362478799572,77.5,0.29350000000000875,0.0,67.5,-0.0010740064830260243,0.4275821452730679,0,0,0,0,0,0,0.32,0.16,0.04,0.02
2011-05-01,78.79452,100.050729249653,74.3,16.616675009630853,170.54944630198003,-0.19999999999998863,0.0,269.0,0.0,0.1742857142857143,0.04095238095238095,0.08666666666666667,224.806,93.888,3.17,9.0,331.8,54610.0,68.28219587656041,99.82214615742437,106.994,0.058499999999999996,0.7085021517339292,17.984960046625584,-0.09115288220551378,-0.19925480928900186,67.5,-0.31174954991899995,0.14827782232342201,74.15208698661245,71.6,0.3060501048303281,21.0031188160259,100.362478799572,77.5,0.7777999999999992,0.0,67.5,-0.001987579461078526,0.2310998519020977,0,0,0,0,0,0,0.16,0.1,0.04,0.16
2011-06-01,75.94405,99.7829028996643,71.5,5.165427667649055,152.9195421166942,-4.699999999999989,0.0,269.0,0.0,0.1731818181818182,0.03727272727272728,0.10136363636363636,224.806,94.172,3.0,9.1,327.1,54610.0,67.86996705817197,99.77284998970352,102.29400000000001,0.04095238095238095,0.659469744920966,20.523783321261984,-0.06316205533596837,-0.26782634998870947,67.5,-0.5748660537557129,-0.040291727677626454,73.91782341446188,74.5,0.11690451944494513,19.864004295880825,100.362478799572,77.5,0.09319999999999595,0.09999999999999964,67.5,-0.002676905525799911,0.05551152731821585,0,0,0,0,0,0,0.1,0.04,0.06,0.0
2011-07-01,77.6741,99.4972139888854,63.7,-249.27993980942847,117.22094521687508,-3.8000000000000114,-128.0,-128.0,-0.002343893059879143,0.175,0.0375,0.084,225.395,94.636,3.0,9.0,323.3,54482.0,67.63493349992322,99.72458144807933,97.905,0.03727272727272728,0.6196369809028979,21.51263723038135,-0.020999999999999998,-0.28568891077888736,67.5,-0.7527700700565987,-0.2316558662597572,73.63827940586798,74.2,0.05477225575039379,14.628385648005542,100.362478799572,77.5,0.8610999999999933,-0.09999999999999964,67.5,-0.0028631048253442426,0.1842883509460571,0,0,0,0,0,0,0.04,0.04,0.02,0.0
2011-08-01,68.76672,99.2592780372204,55.8,-281.0793992431718,114.54415582604118,-1.6999999999999886,0.0,-128.0,0.0,0.10869565217391304,0.024347826086956525,0.06217391304347827,226.106,95.2749,2.3,9.0,321.6,54482.0,67.60269480153877,99.68077417339309,95.49400000000003,0.03727272727272728,0.649759084721547,21.5091946512505,-0.016604554865424424,-0.23793595166500836,63.7,-0.7914512124326052,-0.37967409335769275,73.34811211463463,77.5,0.05163977794930112,7.155627156309204,100.362478799572,77.5,1.3868999999999971,0.0,63.7,-0.0023913830561285154,-0.2755761984143925,0,0,0,0,0,0,0.04,0.06,0.16,0.14
2011-09-01,66.55733,99.1358292761573,59.5,-318.9966452897643,111.35783842798907,1.6999999999999886,0.0,-128.0,0.0,0.09857142857142856,0.013809523809523811,0.043333333333333335,226.597,95.1961,1.98,9.0,323.3,54482.0,67.77385900425583,99.64401517645449,96.703,0.024347826086956525,0.7745037748578472,20.588118079623843,-0.023463203463203464,-0.1234487610631021,55.8,-0.6470736235069978,-0.4349344909698658,73.03661968692187,67.5,0.05163977794930112,4.3775563959942785,100.362478799572,74.3,1.0241000000000042,-0.09999999999999964,55.8,-0.001243699969455836,-0.41886561896961094,0,0,1,0,0,0,0.06,0.02,0.0,0.32
2011-10-01,67.9489,99.1566992259131,60.8,41.034123892037314,107.61674420785417,0.19999999999998863,497.0,497.0,0.009122278917807813,0.1075,0.019,0.05450000000000001,226.75,95.8568,2.15,8.8,323.5,54979.0,68.10684619255446,99.6163493624452,96.75,0.013809523809523811,0.8431382317716836,19.61652635051715,-0.0185,0.020869949755805806,55.8,-0.34051476297230465,-0.3750043253781854,72.70227889486593,69.8,0.05163977794930112,4.542869871213235,100.362478799572,74.3,1.2208000000000112,-0.1999999999999993,55.8,0.0002105187388674601,-0.1267970470020079,0,0,0,0,0,0,0.02,0.16,0.0,0.08
2011-11-01,68.64421,99.3020612514123,63.7,0.08079666377307149,175.2029126572702,-1.1000000000000227,0.0,497.0,0.0,0.10500000000000001,0.014000000000000002,0.0465,227.169,95.8485,2.01,8.6,322.4,54979.0,68.57612110227288,99.59954121254557,95.23099999999997,0.013809523809523811,0.9231891990232631,17.760637017648172,-0.010347826086956523,0.14536202549919608,55.8,0.04278321419189979,-0.22716325366089052,72.38528427429017,74.3,0.0983192080249471,3.7464650005184437,100.362478799572,74.3,0.573599999999999,-0.40000000000000036,55.8,0.0014659829001368863,-0.1552517264676525,0,0,0,0,0,0,0.16,0.0,0.14,0.16
2011-12-01,69.36818,99.520159806758,69.9,-39.373647038933996,217.40236400810772,-0.19999999999998863,0.0,497.0,0.0,0.10809523809523809,0.01142857142857143,0.04857142857142857,227.223,96.3571,1.98,8.5,322.2,54979.0,69.19780811544112,99.59495341729692,94.97699999999998,0.013809523809523811,0.9297047287433321,14.449840095579113,-0.002380952380952381,0.21809855534570488,55.8,0.38433053060070677,-0.04022773032744453,72.1593647991544,71.5,0.18348478592693312,1.88962077327054,100.362478799572,71.5,1.1610000000000014,-0.5,55.8,0.002196314483276618,-0.1120817927328468,0,0,0,0,0,0,0.0,0.0,0.32,0.18
2012-01-01,72.31305,99.7379176761695,75.0,253.5459064483657,247.55715592983145,3.400000000000034,363.0,363.0,0.006602520962549319,0.10900000000000001,0.0345,0.0655,227.842,96.9318,1.97,8.3,325.6,55342.0,70.007329361836,99.60306127939478,97.75800000000001,0.01142857142857143,1.0502112007991697,9.948625609353178,0.015500000000000003,0.21775786941149988,55.8,0.5812184502564008,0.1254822592973568,72.10234923818281,63.7,0.2228601953392574,0.7626707459809461,100.362478799572,69.9,1.0749999999999886,-0.5,55.8,0.0021880779716825227,-0.059104790656186124,0,0,0,0,0,0,0.0,0.14,0.08,0.14
2012-02-01,75.6142,99.8905407911143,75.3,221.44241927694384,311.60973795019635,5.599999999999966,0.0,363.0,0.0,0.15350000000000003,0.092,0.124,228.329,97.2435,1.97,8.3,331.2,55342.0,71.06793971358798,99.62287516063427,102.87099999999998,0.01142857142857143,1.1698218725757787,5.044191078487154,0.078,0.1526231149448023,55.8,0.5884795397020071,0.2188979885278286,72.26893934957327,55.8,0.28284271247459175,1.4142135624115206,100.362478799572,75.0,1.394999999999996,-0.29999999999999893,55.8,0.0015302416423044196,-0.046364956204880015,0,0,0,0,0,0,0.14,0.32,0.16,0.16
2012-03-01,76.48755,99.9508278755349,76.2,197.25293367246195,343.1251648966891,-2.1999999999999886,0.0,363.0,0.0,0.18227272727272725,0.08409090909090909,0.14227272727272727,228.807,96.74,2.17,8.2,329.0,55342.0,72.35246805089838,99.65168437213795,100.19300000000001,0.01142857142857143,1.1944678102372641,3.889642423378216,0.07266233766233766,0.06028708442059383,55.8,0.430668068776896,0.22412752742781095,72.65914763995353,59.5,0.27868739954768396,3.405877273201344,100.35776895342,75.3,0.38289999999999225,-0.3000000000000007,59.5,0.0006035314649728285,0.18790658621570966,0,0,0,0,0,0,0.32,0.08,0.18,0.06
2012-04-01,75.34689,99.9230015922522,76.4,106.30382176607964,350.98047730897605,0.5,148.0,148.0,0.0026742799320589317,0.17761904761904762,0.0838095238095238,0.13904761904761903,229.187,97.4359,2.05,8.2,329.5,55490.0,73.67744741956206,99.68553643031028,100.31299999999999,0.01142857142857143,1.1999205632781775,3.983564720035704,0.0493095238095238,-0.027826283282692543,55.8,0.18508391608270358,0.15503951630429924,73.22938724530657,60.8,0.22583179581268648,3.717929531353418,100.249984058942,76.2,0.5041000000000082,-0.10000000000000142,60.8,-0.0002783997278876793,0.1104223070136574,0,0,0,0,0,0,0.08,0.16,0.14,0.0
2012-05-01,72.17181,99.8308690209989,79.3,103.62403139896196,385.74684546391444,-3.1999999999999886,0.0,148.0,0.0,0.18681818181818183,0.08954545454545454,0.14545454545454548,228.713,97.6609,1.8,8.2,326.3,55490.0,74.82814202124347,99.72042653667957,97.58700000000002,0.01142857142857143,1.1886504592344993,3.7013818058466486,-0.0024545454545454592,-0.09213257125330188,55.8,-0.05967177011540059,0.044417581375640225,73.91252696334118,63.7,0.16431676725149594,3.829229687562542,100.050729249653,76.4,0.41740000000000066,-0.10000000000000142,63.7,-0.0009220356653141248,-0.0694986166667384,0,0,0,0,0,0,0.16,0.18,0.16,0.02
2012-06-01,70.76199,99.7150564508138,73.2,109.1057991330672,403.33686762475884,-3.400000000000034,0.0,148.0,0.0,0.18333333333333335,0.09142857142857143,0.14809523809523809,228.524,97.6663,1.62,8.2,322.9,55490.0,75.68664774505628,99.75367462656878,94.37599999999998,0.01142857142857143,1.1351796697648517,3.2087475135925074,0.007337662337662337,-0.11581257018509916,55.8,-0.23577142472109358,-0.06484497726538052,74.63329405606106,69.9,0.11690451944492422,3.2508460437416256,99.9508278755349,79.3,0.9263000000000119,0.0,69.9,-0.0011600877696530398,-0.2840817083625773,0,0,0,0,0,0,0.18,0.14,0.06,0.06
2012-07-01,72.79951,99.6259600757681,72.3,-71.84785892890068,405.98927997178674,-7.899999999999977,-36.0,-36.0,-0.0006487655433411454,0.18047619047619048,0.09714285714285714,0.1457142857142857,228.59,97.8713,1.53,8.2,315.0,55454.0,76.25399141782837,99.78487513688324,86.41,0.01142857142857143,1.0359083197684948,3.2373764162561782,0.013333333333333336,-0.089096375045699,55.8,-0.29704151648410004,-0.1337042835129978,75.36402749343127,75.0,0.051639777949256234,3.036719721472055,99.9508278755349,79.3,0.43540000000000134,0.0,73.2,-0.0008935097488477206,-0.3356756743722926,0,0,0,0,0,0,0.14,0.16,0.0,0.04
2012-08-01,75.0352,99.5902797272439,74.3,-58.54299116983748,372.9199585058426,-2.1999999999999886,0.0,-36.0,0.0,0.1791304347826087,0.10260869565217391,0.14043478260869566,229.918,97.4525,1.68,8.1,312.8,55454.0,76.59506519416797,99.81611123770358,82.882,0.01142857142857143,0.9515134265102047,4.345975149483244,0.013063241106719373,-0.03568034852420965,55.8,-0.24058929375500782,-0.15617740830366245,76.11745075939216,75.3,0.040824829046163025,5.97084583623711,99.9508278755349,79.3,-0.20839999999999748,-0.09999999999999964,72.3,-0.0003581430833596855,-0.057273720299683806,0,0,0,0,0,0,0.16,0.06,0.02,0.06
2012-09-01,77.42225,99.6223837871563,78.3,-42.61352770303347,314.63691194944073,-0.10000000000002274,0.0,-36.0,0.0,0.17105263157894737,0.10526315789473684,0.13736842105263158,231.015,97.381,1.72,7.8,312.7,55454.0,76.82939983896475,99.8513050707226,81.685,0.01142857142857143,0.864152438631521,5.457181812369775,0.013834586466165408,0.03210405991239895,59.5,-0.0926726636575097,-0.13753978897005936,76.92798752203493,76.2,0.040824829046386374,7.157490249156873,99.9508278755349,79.3,-0.28530000000000655,-0.39999999999999947,72.3,0.00032236137904551043,0.02489835428659304,0,0,0,0,0,0,0.06,0.0,0.06,0.08
2012-10-01,77.60919,99.6966870729957,82.6,-229.27047995260364,211.20740559755845,-3.3000000000000114,-51.0,-51.0,-0.0009196811771918778,0.17333333333333334,0.10476190476190476,0.14904761904761904,231.638,97.7193,1.75,7.8,309.4,55403.0,77.08445347672624,99.89485725744538,77.76199999999997,0.01142857142857143,0.6968115714139795,6.308934261432591,0.0076190476190476225,0.07430328583940593,60.8,0.07072699722759523,-0.11147058316927883,77.8282389035783,76.4,0.16020819787597237,7.326299657178577,99.9508278755349,79.3,-0.15200000000000102,-0.39999999999999947,72.3,0.0007458493062979521,0.07759971610095984,0,0,0,0,0,0,0.0,0.02,0.04,0.12
2012-11-01,76.13493,99.7952786208221,82.7,-214.86385821795557,183.27845596706484,1.8000000000000114,0.0,-51.0,0.0,0.1715,0.0935,0.14450000000000002,231.249,98.0777,1.65,7.7,311.2,55403.0,77.45525309750296,99.95007035309025,79.951,0.01142857142857143,0.612305560166613,7.380297275768423,-0.009108695652173912,0.09859154782640189,63.7,0.20499889357820678,-0.09861333682813722,78.84290108677004,79.3,0.19748417658131562,6.59982322996413,99.9508278755349,82.6,0.6251999999999924,-0.39999999999999947,72.3,0.0009889149852513324,-0.08538977297611794,0,0,0,0,0,0,0.02,0.06,0.06,0.08
2012-12-01,78.39357,99.9196466328739,72.9,-205.40746217840933,140.88838801055317,2.400000000000034,0.0,-51.0,0.0,0.153,0.06999999999999999,0.11950000000000001,231.221,98.3101,1.72,7.9,313.6,55403.0,77.94813269990007,100.01801330099336,82.37900000000002,0.01142857142857143,0.4943257105409705,7.9535583803111765,-0.035263157894736843,0.12436801205180359,69.9,0.2972628457176114,-0.08860740796781386,79.96892693888338,73.2,0.22509257354845613,4.74004219391628,99.9508278755349,82.7,0.9291000000000054,0.10000000000000053,72.3,0.0012462314226742155,-0.12825312375508413,0,0,0,0,0,0,0.06,0.04,0.08,0.22
2013-01-01,81.92726,100.063403135689,73.8,141.99509609157394,58.17391634465256,-6.300000000000011,456.0,456.0,0.008230601230980295,0.13952380952380952,0.07428571428571429,0.10761904761904763,231.679,98.3342,1.91,8.0,307.3,55859.0,78.4753626164806,100.0971892414082,75.62100000000001,0.0345,0.4468309309225238,8.185278729445647,-0.030476190476190476,0.14375650281509422,72.3,0.3667160626932997,-0.07148192416642019,81.17177237121759,72.3,0.19407902170679694,1.9429359227999077,99.9508278755349,82.7,0.6148999999999916,0.20000000000000018,72.3,0.0014387210889894586,0.000854539400624521,0,0,0,0,0,0,0.04,0.06,0.12,0.3
2013-02-01,83.34364,100.210340233688,77.6,136.06836367893993,134.59118795895782,-4.800000000000011,0.0,456.0,0.0,0.15210526315789474,0.09894736842105263,0.12421052631578947,232.937,98.7941,1.98,7.7,302.5,55859.0,78.90869423616202,100.18400118730301,69.56299999999999,0.06999999999999999,0.45634733805544,8.720765013699799,0.005447368421052631,0.14693709799900034,72.3,0.41506161286589816,-0.048272690413753594,82.4091111270685,74.3,0.14719601443880037,2.4088724886910344,100.063403135689,82.7,0.7164000000000073,0.0,72.9,0.001468439943020483,-0.028540376988776872,0,0,0,0,0,0,0.06,0.08,0.08,0.04
2013-03-01,84.68098,100.334268216615,78.6,120.8619619967285,169.69248031718735,-2.3000000000000114,0.0,456.0,0.0,0.142,0.087,0.1145,232.282,99.1921,1.96,7.5,300.2,55859.0,79.16868779945503,100.27371476218465,67.91799999999998,0.06999999999999999,0.5402174855908931,8.828552165177621,0.017,0.12392798292700036,72.3,0.4146215837410949,-0.03207770578953273,83.65608585531191,78.3,0.11690451944500593,4.093287187592042,100.210340233688,82.7,0.8819999999999908,-0.40000000000000036,72.9,0.0012366785966198002,-0.16938701507153375,0,0,0,0,0,0,0.08,0.12,0.22,0.04
2013-04-01,85.15526,100.449583511154,76.4,-86.08169415643351,188.21916624738586,-1.0,55.0,55.0,0.0009846219946652024,0.11954545454545454,0.060000000000000005,0.09409090909090909,231.797,99.1065,1.76,7.6,299.2,55914.0,79.27127615623145,100.36149027260679,67.40299999999999,0.06999999999999999,0.5710835901734417,8.89257436223105,-0.014285714285714284,0.11531529453900191,72.3,0.3861803754650026,0.00038404177321638144,84.90904048318181,82.6,0.17511900715418635,5.152345744102487,100.334268216615,82.7,0.7723000000000013,-0.40000000000000036,72.9,0.0011493111634606201,-0.41673889955794485,0,0,0,0,0,0,0.12,0.08,0.3,0.1
2013-05-01,88.4166,100.563395150797,84.5,-108.64982756094832,213.69767655990037,-3.1999999999999886,0.0,55.0,0.0,0.11363636363636363,0.04409090909090909,0.08090909090909092,231.893,99.1839,1.93,7.5,296.0,55914.0,79.30812703836486,100.44326020810723,64.107,0.060000000000000005,0.6245131441918553,8.251221213558791,-0.05485645933014354,0.11381163964300356,72.3,0.35305491710900583,0.06144957385687633,86.17167903752441,82.7,0.18618986725025655,5.965791369698611,100.449583511154,82.7,0.38979999999999393,-0.20000000000000018,72.9,0.0011330225140293582,-0.2887227505523686,0,0,0,0,0,0,0.08,0.22,0.04,0.06
2013-06-01,86.20319,100.652634850682,84.1,-125.44019592202676,230.61452817084205,-1.6000000000000227,0.0,55.0,0.0,0.135,0.0505,0.0875,232.445,99.3897,2.3,7.5,294.4,55914.0,79.38712934190598,100.51632252606817,61.954999999999984,0.04409090909090909,0.673256445576869,7.797824094322242,-0.03649999999999999,0.08923969988499891,72.3,0.3183666340670044,0.1271038148439203,87.43567747993502,72.9,0.2097617696340342,6.360398310386672,100.563395150797,84.5,0.19760000000000844,0.0,72.9,0.0008873974446783617,-0.027423007716055103,0,0,0,0,0,0,0.22,0.3,0.04,0.1
2013-07-01,88.49967,100.705998864282,85.1,22.701155385970196,240.78111523112025,2.400000000000034,358.0,358.0,0.006402689845119269,0.11636363636363636,0.035454545454545454,0.07363636363636364,232.9,99.0814,2.58,7.3,296.8,56272.0,79.57562681149484,100.5794915373531,63.900000000000006,0.04409090909090909,0.718024710046981,7.363479702780889,-0.02454545454545455,0.05336401359998888,72.3,0.25641535312799135,0.17396731906087837,88.67529675454867,73.8,0.19663841605003976,4.637959321379246,100.652634850682,84.5,-0.025099999999994793,-0.2999999999999998,73.8,0.0005301799965709009,0.18009148570653544,0,0,0,0,0,0,0.3,0.04,0.1,0.18
2013-08-01,88.94305,100.73593973994,82.1,23.79413808399113,288.911541453903,2.3999999999999773,0.0,358.0,0.0,0.12000000000000001,0.04363636363636363,0.07181818181818182,233.456,99.6543,2.74,7.2,299.2,56272.0,79.87421402353151,100.63282315556373,65.744,0.035454545454545454,0.7218289411092388,7.257864073473971,-0.00045454545454545747,0.0299408756579993,72.9,0.1725445891429871,0.1943480183490749,89.86093587908779,77.6,0.13291601358252086,2.990930735869377,100.705998864282,85.1,0.47040000000001214,-0.2999999999999998,76.4,0.00029730975309960606,0.3635926525997526,0,0,0,0,0,0,0.04,0.04,0.06,0.04
2013-09-01,90.11507,100.748381547154,77.5,29.390054617491842,314.36598049782003,0.6999999999999886,0.0,358.0,0.0,0.1105,0.016,0.0415,233.544,100.161,2.81,7.2,299.9,56272.0,80.18145908853685,100.6772136989564,66.35599999999997,0.035454545454545454,0.7105893270645204,6.928132154588903,-0.0345,0.01244180721400312,72.9,0.0957466964719913,0.17744645103087464,90.98923500824344,78.6,0.1505545305418241,2.2500370367547267,100.73593973994,85.1,0.7712999999999965,-0.2999999999999998,76.4,0.00012350911944758458,0.3721234897497072,0,0,0,0,0,0,0.04,0.1,0.1,0.04
2013-10-01,92.16814,100.753200310571,73.2,198.76710906185326,322.5582399803151,-1.6999999999999886,370.0,370.0,0.006575206141598011,0.1140909090909091,0.04727272727272727,0.07590909090909091,233.669,100.082,2.62,7.2,298.2,56642.0,80.38839740760832,100.71403671513788,64.53099999999998,0.016,0.6997690165950851,6.35125256078223,0.011818181818181818,0.0048187634170062665,72.9,0.047201446289008686,0.1298730173981113,92.09546783591318,76.4,0.17224014243685817,2.183956654049702,100.748381547154,85.1,1.0005999999999915,-0.09999999999999964,76.4,4.782968562877521e-05,0.14583347027576732,0,0,0,0,0,0,0.1,0.06,0.18,0.12
2013-11-01,94.64922,100.758670122188,75.1,196.02537482988555,358.5671295043763,0.4000000000000341,0.0,370.0,0.0,0.1163157894736842,0.06789473684210527,0.09842105263157895,234.1,100.3158,2.72,6.9,298.6,56642.0,80.48439593344361,100.74478236314202,64.50000000000003,0.016,0.6635900347638832,6.057220834867933,0.02425837320574164,0.005469811616990228,72.9,0.022730382247999614,0.06455763508866141,93.20727366503085,84.5,0.14719601443880687,2.0711510487571694,100.753200310571,85.1,0.6614999999999895,-0.2999999999999998,73.2,5.428920967398554e-05,0.12207362702170288,0,0,0,0,0,0,0.06,0.1,0.04,0.1
2013-12-01,95.09109,100.752399102537,82.5,183.93238089347142,360.32977319659426,-0.30000000000001137,0.0,370.0,0.0,0.12714285714285714,0.06666666666666668,0.09523809523809523,234.719,100.5175,2.9,6.7,298.3,56642.0,80.52682270935175,100.77075014881665,63.58100000000002,0.016,0.6603871689774226,5.271959844876924,0.05066666666666668,-0.006271019650995413,72.9,0.004017555383001081,-0.018913333586155545,94.32090239944606,84.1,0.19407902170680325,1.9856988694415425,100.758670122188,85.1,0.35649999999999693,-0.5,73.2,-6.223801528337791e-05,0.16557567657570527,0,0,0,0,0,0,0.1,0.18,0.04,0.1
2014-01-01,95.98233,100.739838302946,81.2,-312.3279073010708,328.39807467751876,1.1999999999999886,-297.0,-297.0,-0.00524345891741107,0.11,0.043333333333333335,0.06904761904761905,235.288,100.1599,2.86,6.6,299.5,56345.0,80.59427421942111,100.79291259139056,64.21199999999999,0.016,0.6668583100458841,3.291817219408581,-0.003939393939393937,-0.012560799591000205,73.2,-0.01336200762500539,-0.1012967253238628,95.41014666653473,85.1,0.23166067138526186,1.0469001863127159,100.758670122188,85.1,0.07789999999999964,-0.6000000000000005,73.2,-0.00012466998009863506,0.12848488808305358,0,0,0,0,0,0,0.18,0.04,0.12,0.12
2014-02-01,95.36447,100.755801323095,81.6,-335.4375718209558,316.0578557466506,0.30000000000001137,0.0,-297.0,0.0,0.11157894736842106,0.05263157894736842,0.08105263157894738,235.547,100.9168,2.71,6.7,299.8,56345.0,80.76959147559785,100.81196086669974,64.25300000000001,0.016,0.5836691557112956,2.1077059193252206,-0.015263157894736853,0.01596302014900175,73.2,-0.002868799092993868,-0.13926309789755464,96.43008768865835,82.1,0.2732520204255969,0.6892024376783158,100.758670122188,82.5,0.6009999999999991,-0.20000000000000018,73.2,0.00015845786947754625,-0.021882947781656892,0,0,0,0,0,0,0.04,0.04,0.1,0.16
2014-03-01,97.53705,100.801380582452,80.0,-359.949844242954,297.25597325152756,-2.5,0.0,-297.0,0.0,0.12238095238095237,0.05238095238095238,0.07857142857142857,236.028,101.8942,2.72,6.7,297.3,56345.0,81.13965385946271,100.82827606630492,61.27200000000002,0.016,0.6253245084183902,1.7660733709134255,-0.014285714285714297,0.045579259356998136,73.2,0.04898147991499968,-0.12435223733476164,97.35446019853447,77.5,0.26394443859773065,0.7713624310930384,100.758670122188,82.5,1.3766999999999996,0.0,73.2,0.00045237354830662824,-0.036569003209098394,0,0,0,0,0,0,0.04,0.12,0.1,0.12
2014-04-01,98.45526,100.857801007578,84.1,-11.59619111748907,270.64909350583076,0.0,623.0,623.0,0.011056881710888256,0.10333333333333333,0.030952380952380953,0.05333333333333334,236.468,101.9928,2.71,6.2,297.3,56968.0,81.75892238135256,100.84173921667204,60.83200000000002,0.016,0.8332064404573224,1.6852299546157998,-0.012380952380952381,0.056420425126006535,73.2,0.11796270463200642,-0.07273763527105359,98.16144897857974,73.2,0.2190890230020778,0.9152413161392602,100.801380582452,82.5,1.8329000000000093,-0.39999999999999947,73.2,0.0005597187736914311,0.05097519150942498,0,0,0,0,0,0,0.12,0.1,0.12,0.14
2014-05-01,99.72694,100.907007163134,81.9,-41.998752076637174,305.20349644092045,1.099999999999966,0.0,623.0,0.0,0.0919047619047619,0.03238095238095238,0.05190476190476191,236.918,102.3836,2.56,6.3,298.4,56968.0,82.637699142463,100.85159504548852,61.48199999999997,0.016,0.94832478273842,1.661575557495869,-0.02025062656641604,0.049206155555992837,73.2,0.1512058400389975,-0.0033535038211311985,98.84957517978731,75.1,0.2338090388900153,1.0595596570124242,100.857801007578,84.1,1.4668000000000063,-0.40000000000000036,75.1,0.000487876545635757,-0.030731572379517402,0,0,0,0,0,0,0.1,0.1,0.16,0.12
2014-06-01,102.1338,100.942015625024,82.5,-79.01779019562673,310.1860023565489,3.400000000000034,0.0,623.0,0.0,0.09904761904761905,0.03571428571428571,0.060476190476190475,237.231,102.735,2.6,6.1,301.8,56968.0,83.69733978993496,100.85650175337729,64.56900000000002,0.016,1.056096989775742,1.5471136370658036,-0.01666666666666667,0.035008461890001286,73.2,0.14063504257200066,0.07341128824292298,99.44430916791823,82.5,0.2250925735484701,1.0576703960914655,100.907007163134,84.1,0.8408000000000015,-0.6000000000000005,80.0,0.0003469378675893253,0.0561886725956926,0,0,0,0,0,0,0.1,0.12,0.12,0.48
2014-07-01,102.8774,100.958610088492,81.8,202.21506533529464,287.14017007386826,-4.699999999999989,568.0,568.0,0.009970509759865243,0.10272727272727274,0.026363636363636363,0.05954545454545455,237.498,102.9632,2.54,6.2,297.1,57536.0,84.83124997764789,100.85484333299469,59.60200000000003,0.016,1.159644433061919,1.3865970990471284,-0.00458874458874459,0.01659446346799598,73.2,0.1008090809139901,0.14357034590292983,99.97556516771957,81.2,0.26583202716503956,1.7244322737551798,100.942015625024,84.1,0.9703999999999979,0.0,80.0,0.00016439599868545152,0.04890823507789266,0,0,0,0,0,0,0.12,0.16,0.14,1.66
2014-08-01,101.5284,100.959337752927,82.5,149.05778987502708,387.4920429255881,1.099999999999966,0.0,568.0,0.0,0.09952380952380951,0.032857142857142856,0.05238095238095238,237.46,102.7688,2.42,6.1,298.2,57536.0,85.9732125330061,100.8450359591981,60.73999999999998,0.016,1.1705583636224952,1.3503086066776486,0.0004761904761904773,0.0007276644350042716,73.2,0.052330589793001536,0.19274161493152064,100.46843842705746,81.6,0.2658320271650408,1.8627041275436982,100.958610088492,84.1,0.38519999999999754,-0.20000000000000018,80.0,7.2075520292091966e-06,0.06811579560765191,0,0,0,0,0,0,0.16,0.12,0.12,2.32
2014-09-01,102.3879,100.946473792448,84.6,91.86609980629146,440.0490589010795,-0.5,0.0,568.0,0.0,0.10095238095238096,0.02,0.04380952380952381,237.477,103.0641,2.53,5.9,297.7,57536.0,87.08559050834208,100.82533269327386,60.222999999999985,0.016,1.154427612201465,1.3531108937716425,-0.015714285714285712,-0.012863960478995295,73.2,0.004458167424004955,0.21137529867459648,100.93082079027033,80.0,0.22509257354847584,1.7717223259025645,100.959337752927,84.1,0.32909999999999684,-0.1999999999999993,80.0,-0.0001274172430734133,0.21944283700782252,0,0,0,0,0,0,0.12,0.14,0.48,2.0
2014-10-01,98.07211,100.915525428388,86.9,-12.023786827165168,461.4420331930014,0.6000000000000227,166.0,166.0,0.0028851501668520907,0.09681818181818182,0.01681818181818182,0.05045454545454546,237.43,103.0764,2.3,5.7,298.3,57702.0,88.16481429019515,100.79385309452103,60.870000000000005,0.02,1.1734824925077527,1.3244781705172894,-0.009545454545454544,-0.030948364060009226,73.2,-0.04308466010400025,0.19627327608384348,101.34264424005686,84.1,0.13662601021283352,1.7313771012602315,100.959337752927,84.6,0.11320000000000618,-0.5,81.8,-0.000306581923046112,0.054459806423861945,0,0,0,0,0,0,0.14,0.12,1.66,1.52
2014-11-01,102.2602,100.86539228139,88.8,-57.815180441619304,511.9475218699641,-1.1999999999999886,0.0,166.0,0.0,0.12388888888888888,0.021666666666666667,0.06944444444444445,236.983,103.7126,2.33,5.8,297.1,57702.0,89.19389388417184,100.74887300052262,60.11700000000002,0.01681818181818182,1.1273302020546472,1.3226179273518799,-0.011190476190476188,-0.050133146997993094,75.1,-0.09394547153699762,0.1559364519826829,101.6607964619479,81.9,0.21679483388681425,1.6485347029311601,100.959337752927,86.9,0.943799999999996,-0.2999999999999998,81.8,-0.0004967832926120463,0.04395770646588826,0,0,0,0,0,0,0.12,0.48,2.32,1.66
2014-12-01,101.3765,100.790600983479,93.6,-91.73495735501638,542.4274494124174,-0.10000000000002274,0.0,166.0,0.0,0.1981818181818182,0.02909090909090909,0.10636363636363635,236.252,103.7044,2.21,5.6,297.0,57702.0,90.15140899417547,100.68918828234088,60.74799999999999,0.01681818181818182,1.1200914119531349,1.3843278644519246,0.00909090909090909,-0.07479129791100547,80.0,-0.1558728089690078,0.0984729861968816,101.83640753999462,82.5,0.1966384160500663,1.7591664693167217,100.959337752927,88.8,0.6403000000000105,-0.3000000000000007,81.8,-0.0007414961288442212,-0.12179035191852039,0,0,0,0,0,0,0.48,1.66,2.0,1.32
2015-01-01,100.0791,100.694361117654,98.1,97.9528370701446,556.1839337656943,-1.6999999999999886,419.0,419.0,0.007261446743613842,0.1825,0.027500000000000004,0.083,234.747,102.8905,1.88,5.7,295.3,58121.0,90.99911456633906,100.61436201759938,60.553,0.01681818181818182,1.066044301908276,1.4425093875839128,0.010681818181818185,-0.0962398658249981,80.0,-0.22116431073399667,0.03912995982788914,101.83126524827017,81.8,0.2316606713852828,0.5853773712470122,100.959337752927,93.6,-0.18590000000000373,0.0,81.8,-0.0009548496078595203,-0.3847841639227818,1,0,0,0,0,0,1.66,2.32,1.52,0.96
2015-02-01,102.7756,100.585952146336,95.4,87.8332127966205,562.3187586777508,-4.699999999999989,0.0,419.0,0.0,0.2094736842105263,0.017894736842105265,0.07105263157894737,235.342,102.2335,1.98,5.5,290.6,58121.0,91.70090996744415,100.52489618210511,55.25800000000001,0.01681818181818182,0.7886653294096715,1.6211434423086681,-0.003771929824561402,-0.1084089713179992,80.0,-0.2794401350540028,-0.008233439423875666,101.65895370411923,82.5,0.17888543820002295,1.10393236512388,100.959337752927,98.1,-1.4790999999999883,-0.2999999999999998,82.5,-0.0010766141233204962,-0.25207424251628807,0,0,0,0,0,0,2.32,2.0,1.66,1.16
2015-03-01,102.2537,100.479416467865,93.0,88.52013993887522,524.665282907251,-6.600000000000023,0.0,419.0,0.0,0.2381818181818182,0.027727272727272725,0.11,235.976,101.8914,2.04,5.4,284.0,58121.0,92.21732812068751,100.42229389960993,48.024,0.01681818181818182,0.5877983917235899,2.563777397784127,-0.0013636363636363655,-0.10653567847100476,80.0,-0.31118451561400207,-0.01082836058429848,101.37050984934767,84.6,0.14142135623736382,2.829840984949703,100.959337752927,98.1,-1.8130000000000024,-0.1999999999999993,84.6,-0.0010591506686342678,-0.20211436678373285,0,0,0,0,0,0,2.0,1.52,1.32,1.36
2015-04-01,103.8488,100.375267439598,95.9,152.79124705126742,431.91942114341015,-9.699999999999989,255.0,255.0,0.004387398702706324,0.21954545454545454,0.023181818181818182,0.09363636363636364,236.222,101.3355,1.94,5.4,274.3,58376.0,92.54054661205654,100.30896463674652,38.078,0.01681818181818182,0.5881845481191866,4.583831928795955,-0.004318181818181822,-0.10414902826698835,81.8,-0.3190936780559923,0.054325808066238324,100.99949063717558,86.9,0.14719601443885258,5.474821153861317,100.959337752927,98.1,-1.5550000000000068,-0.2999999999999998,86.9,-0.0010365210301583883,-0.20359980587997195,0,0,0,0,0,0,1.52,1.66,0.96,1.94
2015-05-01,104.4068,100.26515755656,90.7,167.414551518159,441.17991760072357,-6.699999999999989,0.0,255.0,0.0,0.223,0.0165,0.0795,237.001,100.8883,2.2,5.6,267.6,58376.0,92.6829717986322,100.18792922711374,30.599000000000018,0.01681818181818182,0.6903643410026371,7.741916605544552,-0.0013947368421052646,-0.11010988303800673,81.8,-0.32079458977599984,0.06775799344495681,100.52492100393744,88.8,0.1632993161855966,9.053931006295908,100.959337752927,98.1,-1.3452000000000055,0.09999999999999964,88.8,-0.001096982213315334,0.0659555694192222,0,0,0,0,0,0,1.66,1.32,1.16,2.28
2015-06-01,103.1632,100.143039496149,96.1,186.41352007576643,415.55711965284735,-2.400000000000034,0.0,255.0,0.0,0.25727272727272726,0.015000000000000001,0.08681818181818182,237.657,100.571,2.36,5.3,265.2,58376.0,92.66320511825836,100.06252324731634,27.542999999999978,0.0165,0.8701056377406337,10.732688668760467,-0.012727272727272724,-0.12211806041099749,81.8,-0.33637697171599257,0.08219531869266916,99.92299952191162,93.6,0.12110601416397064,11.827594852720415,100.959337752927,98.1,-1.3204000000000065,-0.10000000000000053,90.7,-0.001217951114694138,0.2431099699540229,0,0,0,0,0,0,1.32,0.96,1.36,1.8
2015-07-01,101.6938,99.987147361936,93.1,-12.770342380419606,347.41673298911047,0.0,110.0,110.0,0.001884336028504796,0.2781818181818182,0.03227272727272727,0.11590909090909092,238.034,101.2228,2.32,5.2,265.2,58486.0,92.51427734382217,99.93677217801563,27.165999999999997,0.015000000000000001,1.04704220469083,12.602909716937042,0.00909090909090909,-0.15589213421300485,81.8,-0.38812007766200907,0.07154733261484125,99.2182587629843,98.1,0.14719601443885813,12.379337623641149,100.959337752927,98.1,-0.11269999999998959,-0.20000000000000018,90.7,-0.0015566946539404825,0.20015320343330734,0,0,0,0,0,0,0.96,1.16,1.94,1.46
2015-08-01,98.64014,99.8077419311447,91.9,12.950132105928787,356.65732428604355,-4.300000000000011,0.0,110.0,0.0,0.3576190476190476,0.0719047619047619,0.21619047619047618,238.033,101.0367,2.17,5.1,260.9,58486.0,92.27865868787447,99.81544721821516,22.86699999999999,0.015000000000000001,1.0855410770297984,13.926503509493406,0.0554047619047619,-0.17940543079129156,82.5,-0.4574156254152939,0.03153647739702592,98.463307800411,95.4,0.14142135623737648,10.67790553745268,100.959337752927,96.1,0.1483999999999952,-0.5,90.7,-0.0017942849208596456,0.12012746403584895,0,0,0,0,0,0,1.16,1.36,2.28,1.56
2015-09-01,93.22412,99.6337954310177,87.2,39.9654084160793,346.46250179303854,-3.0,0.0,110.0,0.0,0.3547619047619048,0.022380952380952383,0.17904761904761907,237.498,100.7547,2.17,5.0,257.9,58486.0,92.02405322368976,99.70203201911725,20.401999999999987,0.015000000000000001,1.1289193102634538,15.043351496337369,0.007380952380952382,-0.17394650012700197,84.6,-0.5092440651312984,-0.02771440279691717,97.7221438718801,93.0,0.17511900715423948,8.340663442842024,100.946473792448,96.1,0.18370000000000175,-0.2999999999999998,90.7,-0.0017428157050882742,0.08971596934313686,0,0,0,0,0,0,1.36,1.94,1.8,1.68
2015-10-01,96.70031,99.4898155297267,90.0,-167.82844028968248,314.95053723761214,-5.299999999999983,-16.0,-16.0,-0.00027356974318637484,0.24523809523809526,0.015238095238095238,0.11333333333333333,237.733,100.2675,2.07,5.0,252.6,58470.0,91.80793403269367,99.59804836369207,14.86699999999999,0.015000000000000001,1.152837425656734,15.819062148959969,-0.017034632034632034,-0.14397990129100435,86.9,-0.4973318322092979,-0.08789446542739654,97.03957911333441,95.9,0.21602468994697702,5.663008623228502,100.915525428388,96.1,-0.9553000000000083,-0.20000000000000018,87.2,-0.0014450910021860386,0.008423850198555627,0,0,0,0,0,0,1.94,2.28,1.46,1.08
2015-11-01,97.66068,99.3679450587823,91.3,-141.3718920057363,287.78720831526147,-2.5,0.0,-16.0,0.0,0.45210526315789473,0.12473684210526316,0.3242105263157895,238.017,99.5298,2.26,5.1,250.1,58470.0,91.64667424707807,99.5038771871739,12.082999999999998,0.015000000000000001,1.186493287053142,16.36023217957577,0.05283208020050126,-0.12187047094440118,87.2,-0.4397968723624075,-0.14894639712011326,96.46701542663793,90.7,0.2280350850198755,5.605235647745712,100.86539228139,96.1,-1.5069000000000017,0.0,87.2,-0.001224954235722664,0.1363128966775693,0,0,0,0,0,0,2.28,1.8,1.56,0.9
2015-12-01,95.55367,99.261778924303,92.6,-114.62161379722966,239.8174021225222,-2.5,0.0,-16.0,0.0,0.6268181818181818,0.22772727272727272,0.4890909090909091,237.761,99.0417,2.24,5.0,247.6,58470.0,91.52602576615378,99.42005340797623,9.838999999999999,0.015000000000000001,1.1584696790127669,16.381981509626566,0.20534632034632033,-0.10616613447929524,87.2,-0.37201650671470077,-0.2073106584001323,96.05867745953736,96.1,0.11690451944510057,6.3424758572730635,100.790600983479,96.1,-1.7129999999999939,0.0,87.2,-0.001068414310233412,0.1047993965539109,0,0,0,0,0,0,1.8,1.46,1.68,0.44
2016-01-01,89.20781,99.1761900111516,92.0,-45.4576636127822,152.53382634344547,1.0999999999999943,234.0,234.0,0.004002052334530548,0.5210526315789474,0.2552631578947368,0.4257894736842105,237.652,99.5607,2.09,4.8,248.7,58704.0,91.43585192128883,99.34805992322224,11.048000000000002,0.015000000000000001,1.0801466638607884,15.643439422634165,0.24002506265664156,-0.0855889131513976,87.2,-0.313625518575094,-0.2505099434507372,95.83739387338454,93.1,0.0816496580929199,6.763258583460901,100.694361117654,93.1,-0.7068000000000012,-0.20000000000000018,87.2,-0.0008622544757803663,0.051057089845345516,0,0,1,0,0,0,1.46,1.56,1.08,0.38
2016-02-01,88.24099,99.1184734952036,91.7,-18.05533465606277,160.97251787899114,0.20000000000001705,0.0,234.0,0.0,0.518,0.3125,0.43550000000000005,237.336,99.0445,1.78,4.9,248.9,58704.0,91.36145919027503,99.29016919472589,11.563999999999993,0.015000000000000001,0.9639272618075014,13.822322196686702,0.18776315789473685,-0.057716515948001756,87.2,-0.2494715635786946,-0.27201996531101713,95.80102022129059,91.9,0.10954451150114804,5.341036104236418,100.585952146336,92.6,-0.4852999999999952,-0.1999999999999993,87.2,-0.0005819593991411853,-0.1955777370046876,0,0,1,0,0,0,1.56,1.68,0.9,0.58
2016-03-01,94.19507,99.0994563010755,91.0,8.336144155320653,152.99641012879547,-1.5,0.0,234.0,0.0,0.6372727272727272,0.29409090909090907,0.46,238.08,98.3096,1.89,5.0,247.4,58704.0,91.31755623035295,99.2487730877369,9.319999999999993,0.015000000000000001,0.9403579142884081,11.497944480325756,0.06636363636363635,-0.01901719412809655,87.2,-0.1623226232274959,-0.19369658006264956,95.93786353031105,87.2,0.10327955589898899,3.8008770917719135,100.479416467865,92.6,-0.7321000000000026,0.0,87.2,-0.00019186326683107158,-0.04747547303843369,0,0,0,0,0,0,1.68,1.08,0.44,0.42
2016-04-01,96.83752,99.1003205073339,89.0,100.75802929025667,125.51421504738663,2.799999999999983,83.0,83.0,0.0014138729899155766,0.5380952380952382,0.2280952380952381,0.3657142857142857,238.992,98.6421,1.81,5.1,250.2,58787.0,91.36233900498368,99.22592406450644,11.207999999999998,0.015000000000000001,1.000413931903545,9.262141908176451,-0.027167919799498702,0.0008642062583987808,87.2,-0.07586950381769952,0.07242475988958574,96.24857639721573,90.0,0.10327955589898899,1.923971586785062,100.375267439598,92.6,-0.9185999999999979,0.2999999999999998,90.0,8.720595356059846e-06,-0.014551811351865007,0,0,0,0,0,0,1.08,0.9,0.38,0.36
2016-05-01,96.83658,99.1051112739557,94.7,122.7139042315539,141.03843769069357,14.699999999999989,0.0,83.0,0.0,0.5723809523809523,0.2742857142857143,0.40904761904761905,239.557,98.4184,1.81,4.8,264.9,58787.0,91.52153457371196,99.22248315253019,25.34299999999999,0.015000000000000001,1.0075374045217314,7.697987733910766,-0.0382142857142857,0.004790766621795228,87.2,-0.01336222124790254,0.014399453724507794,96.73330661686406,91.3,0.11690451944510992,1.1889771514861651,100.26515755656,92.6,-0.6260999999999939,-0.10000000000000053,89.0,4.834259462804802e-05,-0.024956078127825077,0,0,0,0,0,0,0.9,0.44,0.58,0.36
2016-06-01,97.52459,99.1072384447106,93.5,142.22993085954658,146.52799917624097,-0.7999999999999545,0.0,83.0,0.0,0.5354545454545454,0.2695454545454546,0.3963636363636364,240.222,98.8833,1.64,4.9,264.1,58787.0,91.78076507862686,99.23745267162089,23.878000000000014,0.015000000000000001,1.0403255980314585,7.333154267781147,-0.02454545454545448,0.002127170754903318,87.2,0.007782143635097327,-0.07130832402705778,97.39527355833854,92.6,0.12110601416400835,6.746678194990224,100.143039496149,94.7,0.5737000000000023,-0.09999999999999964,89.0,2.1463784537045782e-05,-0.17505751205215092,0,0,0,0,0,0,0.44,0.38,0.42,0.18
2016-07-01,99.99921,99.125260010599,90.0,-83.40021132719266,143.14209404659536,3.1999999999999886,297.0,297.0,0.005052137377311361,0.5,0.2975,0.394,240.101,98.9992,1.5,4.8,267.3,59084.0,92.1146476446164,99.26933037976191,27.199000000000012,0.015238095238095238,1.0258436508824815,7.1992581688493145,0.06940476190476189,0.018021565888403757,87.2,0.024939503265102303,-0.1362151192692096,98.24177441548284,92.0,0.11690451944511504,8.159820259463883,99.987147361936,94.7,0.35710000000000264,-0.2999999999999998,89.0,0.00018183904799706774,-0.33313738965795237,0,0,0,0,0,0,0.38,0.58,0.36,0.4
2016-08-01,101.048,99.171387217631,89.8,-70.60351075746439,191.3570951805001,-5.0,0.0,297.0,0.0,0.5526086956521739,0.29739130434782607,0.43652173913043474,240.545,98.85,1.56,4.9,262.3,59084.0,92.51574405530111,99.31742627020391,21.755000000000024,0.015238095238095238,0.8898635215385675,7.492602412314186,0.02310559006211177,0.04612720703198647,87.2,0.06627594367529355,-0.15375060170298127,99.26100070105684,91.7,0.11690451944511504,9.195796140996046,99.8077419311447,94.7,0.4315999999999889,0.10000000000000053,89.0,0.0004653426082015244,-0.23950518131827092,0,0,0,0,0,0,0.58,0.42,0.36,0.24
2016-09-01,100.2302,99.260111063812,91.2,-65.18093209127983,217.54809638227337,-3.1000000000000227,0.0,297.0,0.0,0.5766666666666667,0.2919047619047619,0.4614285714285714,241.176,98.7457,1.63,5.0,259.2,59084.0,92.96181640264527,99.37927705902021,18.024,0.015238095238095238,0.7275134581145438,7.602073082484846,0.0223593073593073,0.08872384618101137,87.2,0.1528726191014016,-0.1375364548216993,100.38551152790555,91.0,0.11690451944511504,8.388007312035331,99.6337954310177,94.7,-0.13760000000000616,0.09999999999999964,89.0,0.0008946516598211662,-0.266035831378151,0,0,0,0,0,0,0.42,0.36,0.18,0.12
2016-10-01,99.05186,99.386316494498,87.2,-102.77639248624473,229.387375805514,-6.099999999999994,212.0,212.0,0.003588111840769015,0.6405000000000001,0.3265,0.46950000000000003,241.741,98.7611,1.76,4.9,253.1,59296.0,93.40700267296921,99.45029542385736,11.35899999999998,0.015238095238095238,0.5428886862674562,7.65365331660865,0.029000000000000026,0.12620543068599943,89.0,0.26105648389899727,-0.11130199692311749,101.5182183047622,89.0,0.11690451944511504,6.0895538971880745,99.4898155297267,94.7,-0.23810000000000286,0.10000000000000053,89.0,0.0012714617113904758,-0.19802522459716787,0,0,0,0,0,0,0.36,0.36,0.4,0.1
2016-11-01,99.85423,99.5340305953897,93.8,-111.60863712046557,256.3872987626572,0.4000000000000057,0.0,212.0,0.0,0.714,0.446,0.5740000000000001,242.026,98.3491,2.14,4.7,253.5,59296.0,93.81756775910844,99.52552253318638,11.47399999999999,0.12473684210526316,0.37861709238612373,7.63911386261431,0.14860869565217394,0.14771410089169024,87.2,0.36264337775870104,-0.07681373763757904,102.58826573974999,94.7,0.075277265271089,5.056645792099585,99.386316494498,94.7,-0.5008999999999872,-0.20000000000000018,87.2,0.0014862619533733135,0.029913505784920247,0,0,0,0,0,0,0.36,0.18,0.24,0.2
2016-12-01,103.8437,99.6823585389919,98.2,-122.58929807380628,261.7495188212741,9.5,0.0,212.0,0.0,0.8357142857142857,0.5052380952380953,0.628095238095238,242.637,99.0214,2.49,4.7,263.0,59296.0,94.20499340728699,99.6016947368076,20.363,0.22772727272727272,0.35223911944608244,7.489629193389415,0.21333333333333337,0.14832794360221158,87.2,0.42224747517990124,-0.042264165990360425,103.59650245422293,93.5,0.10327955589899769,5.7593113014281485,99.5340305953897,93.8,0.2757000000000005,-0.2999999999999998,87.2,0.0014902234212252896,0.29249444264403923,0,0,0,0,0,0,0.18,0.4,0.12,0.22
2017-01-01,105.0235,99.8009931534133,98.5,-105.35615850274917,246.88794844627276,7.699999999999989,198.0,198.0,0.003339179708580664,0.7975000000000001,0.5115000000000001,0.607,243.618,98.7611,2.43,4.7,270.7,59494.0,94.59487536165616,99.67780827717502,27.081999999999994,0.2280952380952381,0.3510218031451939,7.311489505415728,0.18500000000000005,0.11863461442139567,87.2,0.4146766589152975,-0.027423585689319907,104.59461700515264,90.0,0.12110601416401576,5.615217419366584,99.6823585389919,98.2,0.0,-0.20000000000000018,87.2,0.0011901264793507949,0.22772733506131626,0,0,0,0,0,0,0.4,0.24,0.1,0.28
2017-02-01,106.9744,99.8782290588316,96.3,-117.04480325977056,274.0034698908835,8.900000000000034,0.0,198.0,0.0,0.7931578947368422,0.5210526315789474,0.6431578947368422,244.006,98.3646,2.42,4.6,279.6,59494.0,95.02524986065869,99.7536799217052,35.59400000000002,0.2280952380952381,0.2563666412936044,7.81395410709612,0.07505263157894743,0.0772359054182914,87.2,0.34419846344189864,-0.04511915232272656,105.62276849542373,89.8,0.1329160135826195,6.6142270901512985,99.8009931534133,98.5,0.015499999999988745,-0.10000000000000053,87.2,0.0007738991665100503,0.178739771162868,0,0,0,0,0,0,0.24,0.12,0.2,0.28
2017-03-01,107.798,99.9150210861083,96.9,-130.5676817302665,282.3934902408663,8.099999999999966,0.0,198.0,0.0,0.9817391304347826,0.7373913043478261,0.8665217391304347,243.892,99.0137,2.48,4.4,287.7,59494.0,95.49713959092244,99.82841555184731,43.80799999999999,0.2280952380952381,0.2561847498506751,9.208901326232649,0.2321532091097308,0.03679202727670372,87.2,0.23266254711639078,0.036320550576689925,106.69545927708602,91.2,0.1505545305419138,10.366757770236504,99.8782290588316,98.5,-0.007699999999999818,-0.2999999999999998,87.2,0.00036836883896929074,0.20589809834990858,0,0,0,0,0,0,0.12,0.1,0.22,0.14
2017-04-01,107.2743,99.9267865786752,97.0,284.99723449115845,273.78496040237735,4.400000000000034,242.0,242.0,0.004067637072646013,1.0142105263157895,0.7984210526315789,0.9289473684210525,244.193,100.0224,2.3,4.4,292.1,59736.0,95.9442475865872,99.90149185906368,47.90700000000001,0.2280952380952381,0.24516547085896395,10.884796179934368,0.28692105263157885,0.01176549256690862,87.2,0.12579342526190374,0.441288659084222,107.83166378932977,87.2,0.16329931618564097,14.051144674607835,99.9150210861083,98.5,1.2613000000000056,-0.2999999999999998,87.2,0.00011775499258281918,0.05322864113374415,0,1,0,0,0,0,0.1,0.2,0.28,0.08
2017-05-01,108.3879,99.9341204703746,97.1,264.0828744923783,291.10645766460897,0.39999999999997726,0.0,242.0,0.0,1.0927272727272728,0.889090909090909,1.0150000000000001,244.004,100.1408,2.3,4.4,292.5,59736.0,96.30362032011129,99.97305246675025,48.49600000000001,0.2695454545454546,0.4424658226776863,12.442823780649217,0.3680382775119616,0.007333891699389028,87.2,0.05589141154300137,0.2428909067341749,109.04437195231992,93.8,0.14719601443890912,14.816702287174499,99.9267865786752,98.5,1.7762000000000029,-0.1999999999999993,93.8,7.339265026407027e-05,-0.00988697963384011,0,0,0,0,0,0,0.2,0.22,0.28,0.08
2017-06-01,109.9261,99.9521451900724,95.0,237.76377292216785,284.3980751492061,-4.199999999999989,0.0,242.0,0.0,1.17,0.9827272727272728,1.0895454545454546,244.163,100.3471,2.19,4.3,288.3,59736.0,96.56147912162156,100.04325172091485,44.137,0.2695454545454546,0.5550651869948007,14.2168993550863,0.2453359683794467,0.018024719697805835,87.2,0.03712410396410348,0.03510148801126434,110.29697150069647,98.2,0.15055453054192872,12.102671881314619,99.9341204703746,98.5,1.3333999999999975,-0.10000000000000053,96.3,0.00018036602126447754,-0.10211490561627956,0,0,0,0,0,0,0.22,0.28,0.14,0.26
2017-07-01,111.1847,99.9868482989814,93.4,-188.26105211364484,251.74608419226803,1.099999999999966,363.0,363.0,0.006076737645640762,1.1915,1.067,1.1085,244.243,100.1068,2.32,4.3,289.4,60099.0,96.736368935709,100.11363011163185,45.15699999999998,0.2919047619047619,0.6764172177137503,14.936316835350897,0.26857894736842103,0.034703108908999525,87.2,0.06006172030619439,-0.11917328498195445,111.52893863235775,98.5,0.15055453054193343,8.465872666187346,99.9521451900724,98.5,0.08440000000000225,-0.10000000000000053,95.0,0.0003471972396691392,0.02769101490668202,0,0,0,0,0,0,0.28,0.28,0.08,0.34
2017-08-01,110.9526,100.063628844344,96.8,-227.00087591437477,300.7498079246883,2.3000000000000114,0.0,363.0,0.0,1.1986956521739132,1.0143478260869565,1.1091304347826088,245.183,99.6925,2.21,4.4,291.7,60099.0,96.86607012179044,100.18800548611111,46.516999999999996,0.2919047619047619,0.7324721761154006,15.592762501371222,0.12525691699604746,0.07678054536259538,87.2,0.12950837396940074,-0.15963644558891588,112.68529745480534,96.3,0.10954451150120083,4.676180777810626,99.9868482989814,97.1,-0.44830000000000325,0.0,93.4,0.0007679064463859131,-0.027311213416847835,0,0,0,0,0,0,0.28,0.14,0.08,0.12
2017-09-01,112.8619,100.174576365087,95.1,-274.2697612894044,319.24181012261437,-1.8000000000000114,0.0,363.0,0.0,1.2485,1.0295,1.151,246.435,99.7954,2.2,4.3,289.9,60099.0,97.00717388740965,100.26804099627388,43.464999999999975,0.2919047619047619,0.735515229995914,15.846383776363776,0.0467727272727273,0.11094752074301084,87.2,0.22243117501460574,-0.14648371012535222,113.74477027715957,96.9,0.05163977794979521,2.0788618681303324,100.063628844344,97.1,-0.5516999999999967,0.0,93.4,0.0011087697100771177,-0.13273631509217942,0,0,0,0,0,0,0.14,0.08,0.26,0.12
2017-10-01,115.6323,100.307123317697,100.7,-61.1403432682564,312.6831463271089,-1.2999999999999545,575.0,575.0,0.009567546880979716,1.3595238095238096,1.0747619047619048,1.227142857142857,246.626,101.0247,2.36,4.2,288.6,60674.0,97.1800262525019,100.35169963252508,41.97400000000002,0.3265,0.7289496283018314,15.224350013490227,0.007761904761904859,0.13254695260999938,87.2,0.3202750187156056,-0.13579298838270404,114.71350700194147,97.0,0.05477225575086222,1.6896745249011085,100.174576365087,97.1,0.9178999999999888,-0.09999999999999964,93.4,0.0013231596021623382,-0.06003179518655788,0,0,0,0,0,0,0.08,0.08,0.34,0.12
2017-11-01,115.9486,100.443358961361,98.5,-118.32179664810974,407.12661830239034,-0.5,0.0,575.0,0.0,1.5147619047619048,1.2295238095238095,1.3623809523809522,247.284,101.2664,2.35,4.2,288.1,60674.0,97.37842430777741,100.43470963278502,40.81600000000003,0.446,0.8425864239432412,12.95169346596384,0.21517598343685296,0.1362356436639942,93.4,0.37973011701700443,-0.13008056890289765,115.60324318335405,97.1,0.0752772652711645,1.6931233465894455,100.307123317697,100.7,1.573900000000009,-0.20000000000000018,93.4,0.0013581851333976935,-0.21691618300793314,0,0,0,0,0,0,0.08,0.26,0.12,0.28
2017-12-01,119.0448,100.578723780114,95.9,-173.1112763150959,452.7277846197317,0.5,0.0,575.0,0.0,1.6504999999999999,1.322,1.465,247.805,101.4644,2.4,4.1,288.6,60674.0,97.58465826886366,100.51290656800664,40.795000000000016,0.5052380952380953,0.883426424837572,9.308386573729505,0.2925,0.1353648187530041,93.4,0.4041474150269977,-0.11976674027053491,116.43614574860388,95.0,0.07527726527116944,1.3456101466494839,100.443358961361,100.7,1.668999999999997,-0.20000000000000018,93.4,0.0013476731578150325,-0.23821736196618515,0,0,0,0,0,0,0.26,0.34,0.12,0.1
2018-01-01,124.2432,100.712798632164,95.7,39.43987673702213,464.11403868668975,8.0,419.0,419.0,0.0069057586445595565,1.747142857142857,1.4133333333333333,1.5895238095238096,248.859,101.4625,2.58,4.0,296.6,61093.0,97.79392250230066,100.58304220803731,47.741000000000014,0.5115000000000001,0.9662048027351795,6.183751925709449,0.3385714285714285,0.13407485204999148,93.4,0.4056753144669898,-0.08898133873699976,117.22713854862275,93.4,0.10488088481720659,1.3044794619947275,100.578723780114,100.7,0.43780000000000996,-0.20000000000000018,93.4,0.0013330339361146137,-0.08301753163880665,0,0,1,0,0,0,0.34,0.12,0.12,0.12
2018-02-01,119.4891,100.834545757965,99.7,-3.6393770953800413,530.2287670916282,-7.7000000000000455,0.0,419.0,0.0,1.903157894736842,1.5678947368421052,1.7473684210526317,249.529,101.7085,2.86,4.1,288.9,61093.0,97.99124698040183,100.64109946042586,39.37099999999998,0.5210526315789474,0.9660141552281787,4.015679496437628,0.33837092731829577,0.12174712580100788,93.4,0.39118679660400346,-0.04633662760923585,117.9404549073532,96.8,0.14142135623745566,3.223300585853931,100.712798632164,100.7,0.4420999999999964,-0.10000000000000053,95.1,0.001208854559247019,0.1405649068789434,0,0,0,0,0,0,0.12,0.12,0.28,0.1
2018-03-01,118.0817,100.91185959567,101.4,-35.51469033302419,555.1070535545705,17.600000000000023,0.0,419.0,0.0,1.9980952380952381,1.6966666666666668,1.8704761904761906,249.577,102.2067,2.84,4.0,306.5,61093.0,98.15007177308077,100.68077299159077,56.923,0.7373913043478261,0.8566409456079387,2.5922962793492337,0.3746666666666667,0.07731383770499178,93.4,0.33313581555599114,0.15545419219104417,118.49502379058553,95.1,0.10488088481721772,3.231975659989756,100.834545757965,100.7,0.7423000000000002,-0.09999999999999964,95.1,0.0007667395843737879,0.08347710551205356,0,0,0,0,0,0,0.12,0.12,0.1,0.32
2018-04-01,117.4013,100.937810196055,98.8,523.5142654981901,544.4315634399385,16.399999999999977,243.0,243.0,0.0039775424353034605,2.0833333333333335,1.7576190476190474,1.9309523809523808,250.227,103.3329,2.87,4.0,322.9,61336.0,98.23986642454845,100.69654334777108,72.67299999999997,0.7984210526315789,0.8475767591919374,5.2562228632171575,0.3442857142857141,0.025950600385002076,93.4,0.22501156389100174,0.7922132323339213,118.78837649770347,100.7,0.08944271910023519,7.411724945433892,100.91185959567,101.4,1.8703999999999894,0.0,95.7,0.0002571610560837545,0.09628607816723411,0,1,0,0,0,0,0.12,0.28,0.12,0.5
2018-05-01,118.3035,100.921435183111,98.0,521.2008030317666,562.5210837772049,9.0,0.0,243.0,0.0,2.1963636363636363,1.864090909090909,2.023181818181818,250.792,102.4024,2.98,3.8,331.9,61336.0,98.23155122990633,100.68498446834997,81.10799999999998,0.889090909090909,1.0870941082639731,10.418631329872788,0.2961961722488038,-0.016375012943996126,93.4,0.08688942514599773,0.6159276166387997,118.77009213438699,98.5,0.08164965809304352,13.865352501833557,100.937810196055,101.4,0.6938999999999993,-0.2999999999999998,95.7,-0.00016222873185167686,0.12766567575510468,0,1,0,0,0,0,0.28,0.1,0.1,0.42
2018-06-01,118.5999,100.873993206377,98.2,531.6579815212317,545.5880619388832,10.5,0.0,243.0,0.0,2.2485714285714287,1.8990476190476189,2.0638095238095238,251.018,103.198,2.91,4.0,342.4,61336.0,98.1270103562642,100.64420294041541,91.38199999999998,0.9827272727272728,1.111712486911761,14.99259413136388,0.2023809523809521,-0.04744197673400663,93.4,-0.03786638929300068,0.4061698214369329,118.49515709783925,95.9,0.10954451150124163,18.111543280463554,100.937810196055,101.4,0.9912999999999954,0.0,95.7,-0.0004700882091889236,0.07785728271140302,0,0,0,0,0,0,0.1,0.12,0.32,0.38
2018-07-01,119.5296,100.79852600734,97.9,-64.34775499087118,490.01512035721265,10.600000000000023,286.0,286.0,0.004662840746054497,2.305238095238095,1.9571428571428573,2.1142857142857143,251.214,103.3646,2.89,3.8,353.0,61622.0,97.95496905237731,100.57547797122817,101.786,1.0143478260869565,1.2055651321573848,19.41743007993124,0.19952380952380988,-0.07546719903699284,93.4,-0.1392841887149956,0.24119408600866166,118.0982524116054,95.7,0.0983192080252516,20.931762149106646,100.937810196055,101.4,0.03170000000000073,-0.20000000000000018,95.7,-0.0007481333556668135,0.08541060421199065,0,0,0,0,0,0,0.12,0.1,0.5,1.66
2018-08-01,121.2815,100.697943463239,96.2,-42.983600134335575,489.0369865759469,9.199999999999989,0.0,286.0,0.0,2.3604347826086958,2.033913043478261,2.1865217391304346,251.663,104.0327,2.89,3.8,362.2,61622.0,97.76044075430404,100.48438565706294,110.53699999999998,1.0143478260869565,1.2366562611237675,23.8111175332395,0.16982213438735205,-0.10058254410100176,95.1,-0.22349171987200123,0.17392397155586536,117.71761101383927,99.7,0.1224744871393498,23.583949344136077,100.937810196055,101.4,1.6303000000000054,0.0,97.9,-0.0009978572910250838,0.16474289558517619,0,0,0,0,0,0,0.1,0.32,0.42,1.68
2018-09-01,122.2612,100.557525589814,100.1,-25.94700862510217,450.6164128302386,4.400000000000034,0.0,286.0,0.0,2.468421052631579,2.126315789473684,2.285263157894737,252.182,104.1004,3.0,3.7,366.6,61622.0,97.57007423775192,100.37606412028904,114.41800000000003,1.0295,1.2168787766102267,27.921155224861955,0.22726817042606529,-0.1404178734249939,95.1,-0.3164676165629885,0.1206533690734517,117.44193653228001,101.4,0.10954451150125182,20.36501084376778,100.937810196055,101.4,0.9024000000000001,-0.2999999999999998,96.2,-0.0013944462875377095,0.20310701906058792,0,0,0,0,0,0,0.32,0.5,0.38,1.08
2018-10-01,117.4184,100.372618658275,98.6,-391.2988251766146,363.0547479331763,-3.900000000000034,-3.0,-3.0,-4.868391158996399e-05,2.557272727272727,2.249090909090909,2.395909090909091,252.772,103.9856,3.15,3.8,362.7,61619.0,97.39955874909967,100.25359349725636,109.928,1.0747619047619048,1.103393846136357,30.716577056380046,0.29194805194805173,-0.18490693153900395,95.7,-0.4259073490649996,0.013543700899873556,117.31978432570095,98.8,0.1224744871393589,17.20279047131932,100.937810196055,100.1,0.6210000000000093,0.0,96.2,-0.001838817437625262,0.284392139303137,0,0,0,0,0,0,0.5,0.42,1.66,1.18
2018-11-01,115.5294,100.160601801263,97.5,-389.04646188511833,345.0691630232097,-4.399999999999977,0.0,-3.0,0.0,2.604,2.3265000000000002,2.457,252.594,104.0681,3.12,3.8,358.3,61619.0,97.26841455811531,100.11956187991228,105.70600000000002,1.2295238095238095,1.0832290818927397,31.339847807639202,0.29258695652173916,-0.2120168570120029,95.7,-0.5373416619760008,-0.1199764339531697,117.33956018533769,98.0,0.0983192080252705,13.573159789333587,100.937810196055,100.1,0.03539999999999566,0.0,96.2,-0.0021122977545682264,0.22417272161130697,0,0,0,0,0,0,0.42,0.38,1.68,1.04
2018-12-01,108.7552,99.944051640931,98.3,-393.4387508767977,304.64080935434845,2.099999999999966,0.0,-3.0,0.0,2.568947368421053,2.365789473684211,2.476842105263158,252.767,104.0936,2.83,3.9,360.4,61619.0,97.15171900471864,99.97840389753006,107.63299999999998,1.322,1.0449525426344146,30.179729299746672,0.23947368421052673,-0.21655016033200525,95.7,-0.6134739488830121,-0.2516101618383857,117.42551123370372,98.2,0.0983192080252705,8.727351641064008,100.937810196055,100.1,-0.006799999999998363,0.19999999999999973,96.2,-0.0021620293452477846,0.00635899903496151,0,0,1,0,0,0,0.38,1.66,1.08,0.92
2019-01-01,111.1662,99.7446802618773,91.2,-239.25165964390908,230.2360448766112,-3.5,320.0,320.0,0.0051932033950568,2.4995238095238097,2.374285714285714,2.4466666666666668,252.561,103.4021,2.71,4.0,356.9,61939.0,97.00241863767877,99.83693242571081,104.33899999999997,1.4133333333333333,0.9801677082816312,27.88459985531146,0.12519480519480508,-0.1993713790536873,95.7,-0.6279383963976954,-0.3498887975003555,117.54257176411443,97.9,0.06324555320376385,4.605069670133421,100.937810196055,100.1,-0.5835000000000008,0.20000000000000018,96.2,-0.0019948298651125684,-0.03210767266698822,0,1,1,0,0,0,1.66,1.68,1.18,0.98
2019-02-01,117.2234,99.5798506903019,93.8,-263.53682012484205,250.4748218093283,-4.399999999999977,0.0,320.0,0.0,2.4694736842105263,2.3884210526315792,2.4426315789473687,253.319,102.8371,2.68,3.8,352.5,61939.0,96.79535610379502,99.7017264500296,99.18100000000001,1.5678947368421052,0.8213060910196045,25.09886361063745,0.06192105263157899,-0.16482957157541023,91.2,-0.5807511109611028,-0.403889545589891,117.70513796460155,96.2,0.10327955589910344,3.462609805736535,100.937810196055,100.1,-1.2309999999999945,0.0,91.2,-0.0016525149125011795,0.009473544408502566,0,0,0,0,0,0,1.68,1.08,1.04,0.64
2019-03-01,118.283,99.4481757482916,98.4,-297.32624253434915,248.23870476261948,-1.3999999999999773,0.0,320.0,0.0,2.413333333333333,2.4023809523809527,2.4357142857142855,254.277,102.8757,2.57,3.8,351.1,61939.0,96.56156011748156,99.57635570036848,96.82300000000004,1.6966666666666668,0.6701178740683449,18.563949667908854,0.03659147869674184,-0.13167494201029228,91.2,-0.4958758926393898,-0.22610000371761885,117.97641806178817,100.1,0.10327955589910344,4.87100263465158,100.937810196055,100.1,-1.2179000000000002,-0.10000000000000009,91.2,-0.0013223050757508181,0.0323655203129527,0,0,0,0,0,0,1.08,1.18,0.92,1.88
2019-04-01,121.0378,99.3272042607032,97.2,503.2432273445811,222.85217276447858,-2.7000000000000455,446.0,446.0,0.0072006328807374675,2.344761904761905,2.382857142857143,2.392857142857143,255.233,102.274,2.53,3.7,348.4,62385.0,96.36649077085585,99.46408249781187,93.16699999999997,1.7576190476190474,0.5821799289663954,13.177767663985689,0.008571428571428896,-0.12097148758840603,91.2,-0.41747600117410855,0.4624766014534316,118.43387434739044,98.6,0.08366600265370037,4.490174458390457,100.937810196055,98.6,-1.1281000000000034,-0.2999999999999998,91.2,-0.0012164274173775969,0.11430633051809425,0,1,0,0,0,0,1.18,1.04,0.98,2.32
2019-05-01,118.6425,99.214214005615,100.0,471.9745876902962,292.36977157373724,-4.2999999999999545,0.0,446.0,0.0,2.2677272727272726,2.3527272727272726,2.354090909090909,255.296,102.392,2.4,3.6,344.1,62385.0,96.27881833315423,99.36786819599001,88.80400000000003,1.864090909090909,0.6779539786676844,9.701577503712086,-0.035693779904306666,-0.11299025508819227,91.2,-0.3656366846868906,0.26451356864977527,119.12638753048677,97.5,0.10327955589910344,4.641551464770681,100.921435183111,98.4,-0.4451000000000107,-0.19999999999999973,91.2,-0.0011375559790409717,0.07014965401161621,0,1,0,0,0,0,1.04,0.92,0.64,0.76
2019-06-01,120.1735,99.1121347875984,98.2,456.2839390728259,323.45684925514826,-3.900000000000034,0.0,446.0,0.0,1.9434999999999998,2.1704999999999997,2.108,255.213,102.4375,2.07,3.6,340.2,62385.0,96.3196926929018,99.28588212124463,84.987,1.8990476190476189,0.6793311939921042,7.602491617082197,-0.23188095238095308,-0.10207921801661257,91.2,-0.3360409606932109,0.02599709190053545,119.9919739792586,98.3,0.1414213562374867,5.842488054483374,100.873993206377,100.0,-0.4381999999999948,-0.19999999999999973,91.2,-0.001028876951147728,-0.0951102371094823,0,0,0,0,0,0,0.92,0.98,1.88,0.88
2019-07-01,123.43,99.0285933103768,98.4,133.10866653821722,327.2550089850624,-1.599999999999966,637.0,637.0,0.010210787849643355,1.9077272727272727,2.0986363636363636,2.0286363636363633,255.802,101.9408,2.06,3.7,338.6,63022.0,96.3774704130911,99.20022866974024,82.79800000000003,1.9571428571428573,0.7318398030082274,7.949499698375471,-0.2842207792207794,-0.083541477221587,91.2,-0.29861095032639184,-0.1447975312580354,120.78033952605207,91.2,0.15165750888119997,6.012875074935477,100.79852600734,100.0,-0.33320000000000505,0.0,91.2,-0.0008428985754430629,0.06947407939359218,0,0,0,0,0,0,0.98,0.64,2.32,0.58
2019-08-01,118.284,98.9750458514347,89.8,212.75923511695146,449.32483862208915,1.599999999999966,0.0,637.0,0.0,1.729090909090909,1.9495454545454545,1.8786363636363637,256.036,102.639,1.63,3.6,340.2,63022.0,96.22039854033632,99.0737570013513,84.16399999999999,2.033913043478261,0.8327559339019905,9.215500775616073,-0.4031818181818181,-0.053547458942105663,91.2,-0.23916815418030524,-0.13579253284025583,121.21473802617852,93.8,0.08944271910028437,5.758964027217008,100.697943463239,100.0,0.2469999999999999,0.0,93.8,-0.0005407272501011251,-0.1698764864273019,0,0,0,0,0,0,0.64,1.88,0.76,0.26
2019-09-01,121.7589,98.9780186672135,93.2,384.1808710119076,516.7134705063833,3.6999999999999886,0.0,637.0,0.0,1.752,1.8945,1.8435000000000001,256.43,102.2917,1.7,3.5,343.9,63022.0,95.66298368856191,98.88499099426147,87.46999999999997,1.9495454545454545,0.8032304316211787,9.510982487562119,-0.2759999999999996,0.002972815778804261,89.8,-0.1341161203848884,0.033207374633136055,121.15340195869892,98.4,0.08164965809309796,5.049620447793967,100.557525589814,100.0,-0.14579999999999416,-0.10000000000000009,89.8,3.0036013150880336e-05,-0.08656694080124505,0,0,0,0,0,0,1.88,2.32,0.88,100.0
2019-10-01,121.3509,99.0325701453465,95.5,565.3090907458463,549.905301761827,-0.6999999999999886,338.0,338.0,0.005363206499317652,1.5677272727272729,1.6468181818181817,1.6245454545454547,257.155,101.4281,1.71,3.6,343.2,63360.0,94.64704797937465,98.64287462827778,86.04500000000002,1.8945,0.7645824390182666,8.47146279092971,-0.4518181818181819,0.05455147813299277,89.8,0.003976834969691367,0.28284630672197864,120.64709783204941,97.2,0.07527726527126849,3.608138947820397,100.372618658275,100.0,-0.5126999999999953,-0.10000000000000009,89.8,0.0005511474049244569,-0.09783372286803949,0,0,0,0,0,0,2.32,0.76,0.58,100.0
2019-11-01,125.887,99.1156805338003,96.8,893.3981956604475,598.3439772807718,-7.0,0.0,338.0,0.0,1.5273684210526315,1.5421052631578949,1.5489473684210526,257.879,101.9372,1.81,3.6,336.2,63360.0,93.21684456133728,98.37947788813432,78.32099999999997,1.6468181818181817,0.8011185889462243,7.591322797649048,-0.4074401913875596,0.08311038845380381,89.8,0.14063468236560084,0.5701719003413217,119.88733804835961,100.0,0.06324555320379945,2.322068043816035,100.160601801263,100.0,-0.7017999999999915,0.0,89.8,0.0008392227762221705,0.1021546689334929,0,1,0,0,0,0,0.76,0.88,0.26,0.1
2019-12-01,128.5203,99.1945266653832,99.3,1241.0376211684634,606.3907318665168,-3.5,0.0,338.0,0.0,1.5085714285714285,1.5352380952380953,1.5419047619047621,258.63,101.7003,1.86,3.6,332.7,63360.0,91.52937243111516,98.13352518496788,74.07,1.5421052631578949,0.7065156529571203,7.585807122310285,-0.3592619047619048,0.07884613158289255,89.8,0.21650799816968913,0.8332169618910257,119.10229949129297,98.2,0.06324555320379945,2.865251588740142,99.944051640931,98.4,-0.5914000000000073,0.10000000000000009,89.8,0.0007954960421827639,0.3415574320414949,0,1,1,0,0,0,0.88,0.58,100.0,0.08
2020-01-01,130.9052,99.2299518381407,99.8,541.1056918487229,575.7416560768178,2.0,-897.0,-897.0,-0.014157196969696972,1.4933333333333334,1.5223809523809524,1.5233333333333334,259.127,101.0338,1.76,3.6,334.7,62463.0,89.77890789842515,97.93637129246673,75.57299999999998,1.5352380952380953,0.5504007307992942,7.107358542698435,-0.12443722943722935,0.035425172757513224,89.8,0.19738169279420958,1.0203152157443043,118.44729344434937,98.4,0.06324555320379945,4.258481732587046,99.7446802618773,99.3,-0.3943000000000012,0.0,89.8,0.0003571283008085846,0.34512705881409045,1,1,1,0,0,0,0.58,0.26,100.0,0.0
2020-02-01,128.6936,99.1924410245772,101.0,828.6131557288609,533.0067086930221,2.1999999999999886,0.0,-897.0,0.0,1.3726315789473684,1.5152631578947369,1.471578947368421,259.25,101.3735,1.5,3.5,336.9,62463.0,88.10433260361611,97.80397187649253,77.64999999999998,1.5223809523809524,0.5618840066814997,6.286131922365048,-0.026842105263158,-0.03751081356350028,89.8,0.0767604907769055,1.0882358561921137,117.98649801992529,89.8,0.04082482904705982,4.6369889655656245,99.5798506903019,99.8,-0.5636999999999972,-0.10000000000000009,89.8,-0.00037801906449264067,0.15587091877529535,0,1,1,0,0,0,0.26,100.0,0.1,0.0
2020-03-01,100.458,97.7816194228771,89.1,1068.0773119483201,482.23812173781613,2.0,0.0,-897.0,0.0,0.32227272727272727,0.2863636363636364,0.2927272727272727,258.076,97.4078,0.87,4.4,338.9,62463.0,86.54689775947692,97.73506109820657,80.82399999999996,1.5152631578947369,0.5577603824557791,5.517163302732006,-1.248874458874459,-1.410821601700107,89.8,-1.412907242506094,-0.06560239453078509,117.72998395545038,93.2,0.05163977794996834,4.588100551075267,99.4481757482916,101.0,-4.292500000000004,0.8000000000000003,93.2,-0.014223075741734648,-0.32685045288908166,0,1,1,0,0,0,100.0,100.0,0.08,0.04
2020-04-01,101.8041,92.9050775905146,71.8,-3311.031994880497,420.53634584708885,-4.199999999999989,-4959.0,-4959.0,-0.07939099947168726,0.18333333333333335,0.1380952380952381,0.16904761904761906,256.032,84.5619,0.66,14.8,334.7,57504.0,85.0604227561706,97.71914490498884,78.668,0.2863636363636364,1.3995753027618716,4.483978212032476,-1.3842857142857143,-4.876541832362506,89.1,-6.324874247626113,-4.215386144811632,117.68305947578479,95.5,0.33714487489315126,3.644722211652106,99.3272042607032,101.0,-16.471900000000005,11.200000000000001,89.1,-0.04987176384625902,-0.4569498199543125,1,1,1,0,0,0,100.0,0.1,0.0,0.02
2020-05-01,105.6555,94.4391051321235,72.3,-3153.309313455975,1592.8424635327328,-4.099999999999966,0.0,-4959.0,0.0,0.1615,0.1275,0.1535,255.802,85.9604,0.67,13.2,330.6,57504.0,83.57342714785668,97.74663962458881,74.79800000000003,0.1380952380952381,5.083215789420465,3.7958011091898602,-1.387763157894737,1.534027541608907,71.8,-4.7533358924537055,-2.887125140967484,117.8786401754972,96.8,4.527434888175277,2.1414169763911586,99.2299518381407,101.0,-15.4131,9.7,71.8,0.01651177289114636,-0.37605020498057384,1,1,1,0,0,0,0.1,0.08,0.0,0.14
2020-06-01,113.1662,96.3059447617953,78.1,-3038.553676977215,2129.8993574166816,-6.7000000000000455,0.0,-4959.0,0.0,0.17636363636363636,0.15954545454545455,0.18,257.042,91.5934,0.73,11.0,323.9,57504.0,82.07047020363743,97.81990931519836,66.858,0.1275,6.440289996434751,4.039876985816091,-0.12681818181818183,1.8668396296718015,71.8,-1.475674661081797,-1.3117245218134883,118.39549674140683,99.3,5.314288914489561,2.941938136689686,99.2299518381407,101.0,-5.814399999999992,6.6,71.8,0.019767654797872458,-0.1935794971734166,1,1,0,0,0,0,0.08,0.0,0.04,0.06
2020-07-01,115.0943,97.8631096666131,72.5,438.57885182380414,2484.919172820582,1.0,4432.0,4432.0,0.07707289927657213,0.14545454545454548,0.12681818181818183,0.14136363636363639,258.352,95.0256,0.62,10.2,324.9,61936.0,80.68233590876815,97.95278860355593,66.548,0.1275,6.630164512304595,5.536894162761009,-0.011277056277056274,1.557164904817796,71.8,4.958032076098505,-0.06269125134161868,119.38795985482332,99.8,5.173167952683018,5.364481956981065,99.2299518381407,101.0,10.463700000000003,-4.600000000000001,71.8,0.016168938570400027,-0.17837590827760175,0,1,0,0,0,0,0.0,0.0,0.02,0.02
2020-08-01,120.638,98.5758586087277,74.1,421.86869987435784,2447.4085041856883,-2.099999999999966,0.0,4432.0,0.0,0.1304761904761905,0.10428571428571429,0.11952380952380952,259.316,95.9549,0.65,8.4,322.8,61936.0,79.60189907509407,98.16349645465802,63.48400000000004,0.12681818181818183,6.539563032449103,6.351425514050023,-0.023214285714285715,0.7127489421146009,71.8,4.1367534766041985,0.3884792346107133,121.00250248607611,101.0,4.615806177328787,6.263465494445407,99.2299518381407,101.0,9.994499999999988,-4.799999999999999,71.8,0.007283121745698562,-0.05421133769926356,0,0,0,0,0,0,0.0,0.04,0.14,0.02
2020-09-01,119.7456,98.8762496596837,80.4,298.61994060989673,2405.6025941343464,0.0,0.0,4432.0,0.0,0.12761904761904763,0.10857142857142857,0.11857142857142858,259.997,95.9669,0.68,7.8,322.8,61936.0,78.98079230907994,98.46127840050596,62.803,0.10428571428571429,6.319413823722168,7.023575019925752,-0.05097402597402598,0.3003910509559944,71.8,2.5703048978883913,0.36874595477462435,123.31965448729241,89.1,3.6762299529091718,6.538807230688758,99.2299518381407,89.1,4.373499999999993,-3.2,71.8,0.0030473084911015746,-0.13614300096855725,0,0,0,0,0,0,0.04,0.02,0.06,0.0
2020-10-01,121.4711,99.2442144452171,81.8,336.43192843730503,2359.273120918332,5.199999999999989,669.0,669.0,0.010801472487729225,0.12666666666666668,0.10047619047619047,0.11380952380952382,260.319,96.7394,0.79,6.9,328.0,62605.0,78.87969666837749,98.83765823649941,67.68099999999998,0.10428571428571429,6.06842142253746,6.854256585017206,-0.02634199134199136,0.3679647855334025,71.8,1.3811047786039978,0.31569890996701133,126.29057964857714,71.8,2.7151427218472137,4.912602840325451,99.2299518381407,80.4,1.7138000000000062,-3.299999999999999,71.8,0.0037214678631105613,-0.24215901020523867,0,1,0,0,0,0,0.02,0.14,0.02,0.22
2020-11-01,128.248,99.643407067489,76.9,46.227897981516435,2309.340158940167,8.899999999999977,0.0,669.0,0.0,0.11736842105263158,0.09105263157894737,0.10210526315789474,260.911,97.0816,0.87,6.7,336.9,62605.0,79.21050544622271,99.26371155518757,75.98899999999998,0.10047619047619047,5.845375461376816,5.906769357469631,-0.013233082706766916,0.39919262227189733,71.8,1.0675484587612942,0.231429508813207,129.71491123586577,72.3,2.3344521127379294,3.1546790645177833,99.2442144452171,81.8,1.1266999999999996,-1.7000000000000002,72.3,0.004022326384499175,-0.22464679233639961,0,1,0,0,0,0,0.14,0.06,0.02,0.24
2020-12-01,134.5941,100.058648444607,80.7,-275.88987528462167,2256.390377987733,3.2000000000000455,0.0,669.0,0.0,0.10045454545454545,0.08727272727272727,0.09272727272727273,262.045,98.363,0.93,6.7,340.1,62605.0,79.72284518554115,99.69361034860437,78.055,0.09105263157894737,5.5398225944885375,5.97030530663746,-0.021298701298701303,0.4152413771180079,71.8,1.1823987849233077,0.1563848603689877,133.29729678707602,78.1,1.757270610919084,5.42392846561485,99.643407067489,81.8,2.396100000000004,-1.0999999999999996,72.5,0.004167273975655528,-0.13068201914519173,0,0,0,0,0,0,0.06,0.02,0.0,0.12
2021-01-01,138.8357,100.424497216805,79.0,192.77339643373853,2200.2059820919517,14.599999999999966,885.0,885.0,0.014136251098155084,0.10052631578947369,0.08368421052631579,0.09210526315789473,262.687,98.8822,1.08,6.4,354.7,63490.0,80.12918471825867,100.07724180732531,92.01299999999998,0.08727272727272727,5.270161903297315,6.554850158926508,-0.016791979949874677,0.3658487721979924,71.8,1.1802827715878976,0.09490668071219943,136.7708605026091,72.5,1.3673575489485577,7.482446124103279,100.058648444607,81.8,2.142799999999994,-0.5,72.5,0.0036563433334853013,-0.07394832326944911,0,0,0,0,0,0,0.02,0.02,0.22,0.14
2021-02-01,142.3429,100.777770353185,76.8,-64.81148079702689,2275.5808232910917,16.100000000000023,0.0,885.0,0.0,0.07263157894736842,0.04263157894736842,0.056842105263157895,263.579,95.6149,1.26,6.2,370.8,63490.0,80.25102171504153,100.3845769644669,107.221,0.08368421052631579,5.082774195945205,9.42253906461317,-0.04842105263157895,0.353273136380011,71.8,1.1343632856960113,0.11873138757728441,140.0480660081229,74.1,0.7765307463326555,12.334572009874398,100.424497216805,81.8,-1.4666999999999888,-0.5,74.1,0.003517798407467687,0.012263158484071335,0,0,0,0,0,0,0.02,0.0,0.24,1.54
2021-03-01,144.9649,101.089002678226,84.9,-273.1736623615652,2345.133058187291,16.399999999999977,0.0,885.0,0.0,0.07478260869565218,0.03130434782608695,0.05260869565217391,264.961,98.3856,1.61,6.1,387.2,63490.0,80.06549698194162,100.62252466431421,122.23899999999998,0.04263157894736842,4.67224009527289,14.456861116205458,-0.055968379446640314,0.3112323250409901,71.8,1.0303542336189935,0.35853391598622864,143.12139665832782,80.4,0.5564770136013013,17.80285557619285,100.777770353185,81.8,0.022599999999997067,-0.6000000000000005,76.8,0.0030883033425948003,0.3563445100347793,0,0,0,0,0,0,0.0,0.22,0.12,1.62
2021-04-01,150.286,101.326606232386,88.3,856.4201026186784,2409.3669906121286,20.19999999999999,1049.0,1049.0,0.016522286974326672,0.060454545454545455,0.02090909090909091,0.03909090909090909,266.614,98.5587,1.64,6.1,407.4,64539.0,79.61317400217388,100.80799645765833,140.786,0.03130434782608695,4.736984180953413,20.760488404365645,-0.06277511961722489,0.23760355416000323,71.8,0.9021090155810043,1.0247304581165224,145.96438370839024,81.8,0.31622776601677544,22.538744419335337,101.089002678226,84.9,-0.3234999999999957,-0.3000000000000007,76.8,0.0023504391958075743,0.29895978618338837,0,1,1,0,0,0,0.22,0.24,0.14,0.08
2021-05-01,153.5066,101.387544561238,82.9,691.1824335813144,2228.6240353423877,25.900000000000034,0.0,1049.0,0.0,0.0495,0.018,0.0355,268.383,99.4333,1.62,5.8,433.3,64539.0,78.91751313190912,100.95158792200617,164.91700000000003,0.02090909090909091,3.6669005931022296,28.359236376861627,-0.024631578947368424,0.060938328852003565,72.3,0.6097742080529969,0.7994466192594842,148.51250172845016,76.9,0.28047578623943464,27.68229879664609,101.326606232386,88.3,3.818399999999997,-0.40000000000000036,76.8,0.0006014050121470049,0.2065522081844975,0,0,1,0,0,0,0.24,0.12,1.54,0.24
2021-06-01,155.2178,101.383034438431,85.5,539.8810828664427,1838.100606850911,38.89999999999998,0.0,1049.0,0.0,0.0659090909090909,0.03590909090909091,0.05,270.654,99.7987,1.52,5.9,472.2,64539.0,77.99933469180503,101.05536336413957,201.546,0.018,2.184091432258722,37.397642123047866,0.004604743083003959,-0.004510122807005246,72.5,0.29403176020500155,0.5115033185670512,150.68796313893526,80.7,0.3060501048302893,34.43792967064274,101.387544561238,88.3,1.4131,-0.1999999999999993,76.8,-4.448399284673332e-05,0.10209102551579519,0,0,1,0,0,0,0.12,0.14,1.62,0.98
2021-07-01,154.7849,101.328752976313,81.2,-73.72805580760905,1020.0958511096096,43.80400000000003,451.0,451.0,0.006988022745936462,0.07285714285714286,0.05238095238095238,0.05333333333333334,271.903,100.2519,1.32,5.4,516.004,64990.0,76.86800051544563,101.11837631413246,244.101,0.018,1.6165741589890827,49.080887936201734,0.03147186147186147,-0.05428146211799856,72.5,0.0021467439269997612,0.2498241536600716,152.43895274368987,79.0,0.21369760566424864,43.2107239775824,101.387544561238,88.3,1.6932000000000045,-0.6999999999999993,76.8,-0.0005354097203607022,-0.07668017253952142,0,0,0,0,0,0,0.14,1.54,0.08,1.18
2021-08-01,156.6078,101.259091720864,70.3,-186.39012456736236,1071.4018853802945,7.2579999999999245,0.0,451.0,0.0,0.07181818181818182,0.05454545454545454,0.05545454545454545,272.676,100.0437,1.28,5.1,523.262,64990.0,75.5302628537078,101.1416080703502,250.58599999999996,0.018,1.5980264825750432,63.229037643580114,0.03654545454545455,-0.06966125544899171,74.1,-0.1284528403739955,0.11160865158925048,153.7472327904545,76.8,0.2926886855801476,54.822830669957476,101.387544561238,88.3,0.6103999999999985,-0.7000000000000002,76.8,-0.0006874776744294486,-0.07774106371476419,0,0,0,0,0,0,1.54,1.62,0.24,0.4
2021-09-01,155.121,101.206675764522,72.8,-260.94538118192577,1055.410605144249,27.25400000000002,0.0,451.0,0.0,0.07380952380952381,0.0419047619047619,0.05238095238095238,273.91,98.8579,1.37,4.7,550.516,64990.0,73.96193787805862,101.12604093085372,276.60599999999994,0.018,1.5768764668604711,71.86128453401547,0.005995670995670992,-0.0524159563420028,70.3,-0.17635867390899307,0.0532676678972166,154.57673480047825,84.9,0.4033195589934074,56.561291240566426,101.387544561238,88.3,-0.9407999999999959,-1.2000000000000002,70.3,-0.0005176419761545592,-0.1362743672599922,0,0,0,0,0,0,1.62,0.08,0.98,0.5
2021-10-01,156.8541,101.176716165662,71.7,318.0655923899103,968.7952218165314,16.958000000000084,1021.0,1021.0,0.015710109247576654,0.1035,0.052000000000000005,0.0615,276.55,100.1861,1.58,4.5,567.474,66011.0,72.12680861593952,101.07235902550796,290.92400000000004,0.018,1.406306193515526,79.46230824946682,-0.00038095238095237766,-0.02995959886000321,70.3,-0.15203681065099772,0.03473020268084781,154.88189162969658,88.3,0.5329165037789433,55.79809924241916,101.387544561238,88.3,-0.06580000000001007,-0.9000000000000004,70.3,-0.000296023939465373,-0.19408227580153325,0,0,0,0,0,0,0.08,0.24,1.18,0.78
2021-11-01,159.9428,101.153008231889,67.4,291.3173402899556,1048.6308678300516,37.73199999999997,0.0,1021.0,0.0,0.16699999999999998,0.051500000000000004,0.073,278.919,100.8654,1.56,4.1,605.206,66011.0,70.05520270028919,100.98288165860538,326.28700000000003,0.018,1.3652055838064947,84.60896177048116,-0.0030454545454545387,-0.023707933772996626,70.3,-0.10608348897500264,0.04400269312870364,154.6584364165776,82.9,0.5715476066493868,49.9343562476465,101.387544561238,85.5,0.8216999999999928,-1.0,70.3,-0.00023432203249384997,-0.2994624677487736,0,0,0,0,0,0,0.24,0.98,0.4,0.92
2021-12-01,157.3382,101.106127606166,70.6,285.1603424734931,1041.5944362818132,14.044999999999959,0.0,1021.0,0.0,0.28454545454545455,0.060000000000000005,0.1459090909090909,280.845,100.5726,1.47,3.9,619.251,66011.0,67.90089885511375,100.86341157246565,338.40599999999995,0.018,1.3721693087275828,90.6093696277228,0.0180952380952381,-0.046880625723005664,67.4,-0.1005481583560055,0.05613594192487881,153.98720169687172,85.5,0.6503845016603477,45.968008413100584,101.387544561238,85.5,1.7146999999999935,-0.8000000000000003,67.4,-0.0004634624964937606,-0.38212922842041075,0,0,0,0,0,0,0.98,1.18,0.5,0.66
2022-01-01,158.1003,101.011268243438,67.2,-43.86369329949957,945.7489095929238,7.86099999999999,-238.0,-238.0,-0.0036054596961112573,0.528,0.14950000000000002,0.3275,282.543,100.1856,1.76,4.0,627.112,65773.0,65.86473834758148,100.72233374079234,344.56899999999996,0.018,1.4114663309229298,92.64889524840524,0.09750000000000002,-0.09485936272800188,67.4,-0.16544792222400417,0.058595744771878344,152.9575175265375,81.2,0.5741660619251617,42.206215894899806,101.387544561238,81.2,-0.0005000000000023874,-0.5,67.4,-0.0009382157637122246,-0.26249915314143624,0,0,0,0,0,0,1.18,0.4,0.78,0.34
2022-02-01,155.2735,100.861781141307,62.8,-28.407811255718116,895.9096063350595,13.879999999999995,0.0,-238.0,0.0,0.9678947368421053,0.3257894736842106,0.6378947368421052,284.5,100.8064,1.93,3.9,640.992,65773.0,64.08091841137069,100.56666347654232,356.49199999999996,0.018,1.4274941986811733,91.4686814778448,0.2742894736842106,-0.14948710213099048,67.2,-0.291227090581998,0.04535280307831613,151.65094683179893,70.3,0.46654760385908184,41.505506181311624,101.387544561238,72.8,-0.0589999999999975,-0.19999999999999973,67.2,-0.0014799052098892762,-0.25798161871922076,0,0,0,0,0,0,0.4,0.5,0.92,0.54
2022-03-01,152.9557,100.648612038117,59.4,-5.277177769152331,794.9188637817902,-22.798000000000002,0.0,-238.0,0.0,1.2765217391304347,0.44347826086956527,0.8317391304347825,287.674,101.3907,2.13,3.7,618.194,65773.0,62.5912003181005,100.3989405914949,330.52,0.018,0.8452863002047061,88.18575508356815,0.38347826086956527,-0.2131691031900118,62.8,-0.4575155680490042,0.14317650761834955,150.17653100752068,72.8,0.33714487489305356,35.49974941742876,101.387544561238,72.8,0.8181000000000012,-0.19999999999999973,62.8,-0.0021134774815384505,-0.1721904425894385,0,0,0,0,0,0,0.5,0.78,0.66,0.56
2022-04-01,153.5939,100.375069331183,65.2,170.7617188310105,618.1965155306827,0.98700000000008,4.0,4.0,6.081522813317086e-05,1.8074999999999999,0.763,1.2345000000000002,288.561,101.44,2.75,3.7,619.181,65777.0,61.391685084073615,100.22089561628188,330.62000000000006,0.018,0.8237166972134572,79.1270609073842,0.6134999999999999,-0.27354270693399485,59.4,-0.6361989122549971,0.5643987651549622,148.64603256374545,71.7,0.2714160398109407,25.227396285921003,101.387544561238,71.7,1.254400000000004,-0.2999999999999998,59.4,-0.0027177990972234722,0.22572253486832583,0,1,1,0,0,0,0.78,0.92,0.34,0.82
2022-05-01,144.4183,100.050725907762,58.4,211.9440420519677,576.3976623370288,18.735000000000014,0.0,4.0,0.0,1.9704761904761903,0.9833333333333333,1.450952380952381,291.298,101.3335,2.9,3.6,637.916,65777.0,60.459521128412064,100.03516097466294,346.61800000000005,0.018,0.7574685885546564,67.59467577786829,0.6575438596491228,-0.32434342342099853,59.4,-0.8110552335450052,0.31824731399066764,147.15905494642388,67.4,0.16020819787593665,11.81648362247569,101.387544561238,70.6,0.5271000000000043,-0.2999999999999998,59.4,-0.0032313145642852703,0.16755658929801598,0,1,0,0,0,0,0.92,0.66,0.54,1.38
2022-06-01,139.7295,99.724577503427,50.0,256.11356477877416,508.99874232951345,0.1999999999999318,0.0,4.0,0.0,2.548095238095238,1.4947619047619047,2.105714285714286,294.957,101.018,3.14,3.6,638.116,65777.0,59.775048289934,99.84475972666345,343.159,0.03590909090909091,0.7540094386385645,55.84840562386055,1.0512836438923394,-0.3261484043350009,58.4,-0.9240345346899943,0.04168310918346663,145.78762336040214,70.6,0.15491933384826226,10.13516165963347,101.383034438431,70.6,-0.3726999999999947,-0.10000000000000009,58.4,-0.003259830464755309,0.27335902022853675,1,0,0,0,0,0,0.66,0.34,0.56,1.26
2022-07-01,137.4874,99.4462253083237,51.5,-199.18610514799366,403.3649655716038,-1.9139999999999873,343.0,343.0,0.005214588686014876,2.913,2.2325,2.7645,294.913,101.223,2.9,3.5,636.202,66120.0,59.332096457613964,99.65398125451303,341.289,0.0419047619047619,0.7361326644650309,45.46771318465899,1.4695,-0.27835219510329523,50.0,-0.9288440228592947,-0.15670716966276643,144.58166330508865,67.2,0.16431676725151867,10.136557569851066,101.328752976313,67.2,-0.21699999999999875,-0.20000000000000018,50.0,-0.0027912095701155826,-0.06098577015689832,1,0,1,0,0,0,0.34,0.54,0.82,0.18
2022-08-01,144.2186,99.2303039170116,58.2,-207.36075139445893,368.820345108174,-6.572000000000003,0.0,343.0,0.0,3.1556521739130434,2.6308695652173912,3.0456521739130435,295.097,101.0963,2.9,3.6,629.63,66120.0,59.127397585591396,99.46926835031066,334.533,0.0419047619047619,0.7501117849491782,38.76323175107915,1.6475362318840578,-0.21592139131210786,50.0,-0.820421990750404,-0.22359119672593408,143.59459154310514,62.8,0.13662601021275972,10.2520590793706,101.259091720864,65.2,-0.2372000000000014,0.0,50.0,-0.0021712376778773024,-0.09163782554392741,0,0,0,0,0,0,0.54,0.56,1.38,0.28
2022-09-01,135.1335,99.0611541390451,58.6,-184.47279395288206,300.01104776970396,-23.744000000000028,0.0,343.0,0.0,3.7295238095238092,3.1266666666666665,3.6261904761904766,296.349,101.2918,3.52,3.5,605.886,66120.0,59.14577685256418,99.29689784275335,309.537,0.0419047619047619,0.7328051501602878,28.75592362953888,1.6319047619047617,-0.16914977796649566,50.0,-0.6634233643818988,-0.24008309214552526,142.84637025602834,59.4,0.07527726527084747,9.202935323412026,101.206675764522,65.2,0.27379999999999427,-0.10000000000000009,50.0,-0.001704618158863691,0.3374774788344932,0,0,1,0,0,0,0.56,0.82,1.26,0.34
2022-10-01,131.9779,98.9257088376414,59.9,-234.04190571284562,156.96445745794747,-13.877999999999929,313.0,313.0,0.004733817301875387,4.2325,3.717,4.1755,298.007,101.2529,3.98,3.6,592.008,66433.0,59.376149935341196,99.141955726674,294.00100000000003,0.051500000000000004,0.44074572721235367,20.615487404111636,1.4845000000000002,-0.13544530140370625,50.0,-0.5205164706823098,-0.2594335075430081,142.35008852423476,65.2,0.07527726527084924,12.939888043059113,101.176716165662,65.2,0.029899999999997817,0.10000000000000009,50.0,-0.001367289757331025,0.49662866276819395,0,0,1,0,0,0,0.82,1.38,0.18,0.26
2022-11-01,142.0909,98.8165965210356,56.7,-231.4263764861098,215.5021443939547,-5.783999999999992,0.0,313.0,0.0,4.512,4.1515,4.4825,298.786,100.9552,3.89,3.6,586.224,66433.0,59.82241741266333,99.00869393076492,287.43800000000005,0.051500000000000004,0.3751993550846396,15.457548656062537,1.5206304347826092,-0.10911231660578835,50.0,-0.41370739597599027,-0.2899934768885686,142.1514033962736,58.4,0.051639777949347626,19.606673261933956,101.153008231889,59.9,-0.14109999999999445,0.0,50.0,-0.0011029723000000047,0.3448625376156631,0,0,0,0,0,0,1.38,1.26,0.28,0.32
2022-12-01,143.193,98.7375300845459,59.8,-235.1399767325929,256.020048331134,-18.105000000000018,0.0,313.0,0.0,4.47047619047619,4.252380952380952,4.550476190476191,298.832,99.7664,3.62,3.5,568.119,66433.0,60.4802268149357,98.90100203499104,269.28700000000003,0.060000000000000005,0.3722915361301002,18.126237168226137,1.125714285714286,-0.07906643648971112,50.0,-0.3236240544992057,-0.321297906208045,142.2866830059549,50.0,0.051639777949347626,22.96537830445862,101.106127606166,59.9,-1.5253999999999905,0.0,50.0,-0.0008001331686512403,0.13556336578523043,0,0,0,0,0,0,1.26,0.18,0.34,0.3
2023-01-01,147.018,98.6801008380348,64.9,15.837659001044813,286.2745424104577,-5.774999999999977,356.0,356.0,0.00535878253277744,4.486,4.5375,4.6655,300.42,100.505,3.53,3.5,562.344,66789.0,61.31291036938581,98.82175295745337,261.92400000000004,0.14950000000000002,0.5121787149579132,23.70012770327429,0.8204999999999996,-0.05742924651109149,50.0,-0.24560799960659097,-0.3431210281270438,142.73988953473543,51.5,0.054772255750438065,26.22517991359119,101.011268243438,59.9,-0.7479000000000013,-0.10000000000000009,51.5,-0.0005816354375273169,-0.08106999614696742,0,0,0,0,0,0,0.18,0.28,0.26,0.14
2023-02-01,148.2392,98.6237170844327,66.9,-4.071291807544185,348.25942741555923,-25.767000000000053,0.0,356.0,0.0,4.696315789473684,4.654736842105263,4.81,301.45,100.6416,3.75,3.6,536.577,66789.0,62.22791395324368,98.7706562220507,235.127,0.3257894736842106,0.47402151082266347,28.06873942932794,0.5032368421052622,-0.05638375360210546,50.0,-0.19287943660290807,-0.36521373072577035,143.39991108884234,58.2,0.054772255750438065,24.826877422803065,100.861781141307,64.9,-0.3136000000000081,0.0,56.7,-0.0005713791648292998,0.06019277815820878,0,0,0,0,0,0,0.28,0.34,0.32,0.24
2023-03-01,141.1346,98.5796946037833,62.0,-31.69973244695575,380.7570111121602,-0.5159999999999627,0.0,356.0,0.0,4.469130434782608,4.691739130434782,4.769130434782609,301.821,101.0205,3.66,3.5,536.061,66789.0,63.08550066497335,98.74312776493963,234.24,0.44347826086956527,0.4826576074775332,33.637172539423744,0.4393581780538298,-0.04402248064940295,50.0,-0.1578354807625999,-0.2680852891422205,144.1354137245156,58.6,0.054772255750438065,24.709598005637705,100.648612038117,66.9,1.254099999999994,0.0,56.7,-0.0004463680943166404,-0.06199212323037395,0,0,0,0,0,0,0.34,0.26,0.3,0.34
2023-04-01,145.1761,98.5718993963872,63.7,225.16362017540087,391.18656906146,-2.1840000000000828,288.0,288.0,0.004312087319768176,4.476,4.9245,4.792,302.845,101.253,3.46,3.4,533.877,67077.0,63.82442073569128,98.73429642543671,231.03199999999993,0.763,0.46647747647227616,38.206584652228095,0.38700000000000045,-0.007795207396100068,50.0,-0.10820144164760848,0.12970529830406008,144.89879077311718,59.9,0.054772255750438065,23.788593508238545,100.375069331183,66.9,0.7480000000000047,-0.10000000000000009,56.7,-7.90751830529457e-05,-0.3966026356765351,0,1,0,0,0,0,0.26,0.32,0.14,0.32
2023-05-01,142.4708,98.6061824116717,59.0,194.3615676874324,418.3640125125085,4.1450000000000955,0.0,288.0,0.0,4.690909090909091,5.135454545454546,5.0249999999999995,303.334,100.9286,3.57,3.6,538.022,67077.0,64.52085898488058,98.74096832461389,234.68800000000005,0.9833333333333333,0.4519556239897301,41.25262407962115,0.4807177033492831,0.03428301528450106,50.0,-0.017534672761001957,0.09200905746928356,145.69965748169446,56.7,0.07527726527085278,21.62199027842268,100.050725907762,66.9,0.28700000000000614,0.0,56.7,0.0003477970445373568,-0.39021802791378324,0,0,0,0,0,0,0.32,0.3,0.24,0.26
2023-06-01,145.8344,98.6797473377559,64.2,167.5271871863224,414.03369610575777,-26.46700000000004,0.0,288.0,0.0,4.983809523809524,5.158095238095238,5.191904761904762,304.014,100.1196,3.75,3.6,511.555,67077.0,65.27062437531472,98.7609474471933,207.541,1.4947619047619047,0.4352364215536903,40.46330750085915,0.4663561076604559,0.0735649260842024,50.0,0.10005273397260339,0.05215908979175765,146.57335351111902,59.8,0.07527726527085278,15.194749707279422,99.724577503427,66.9,-0.9008999999999929,0.10000000000000009,59.0,0.0007460478063847642,-0.2316349650181202,0,0,0,0,0,0,0.3,0.14,0.34,0.96
2023-07-01,150.752,98.7594604999374,71.5,38.57663935374876,377.11178110788916,-14.668999999999983,612.0,612.0,0.009123842747886801,5.096500000000001,5.254,5.268,304.609,100.9067,3.9,3.5,496.886,67689.0,66.1278969607987,98.79264689067067,192.27700000000004,2.2325,0.4893764587763209,40.50497815224238,0.32949999999999946,0.07971316218150548,51.5,0.18756110355020894,0.029934261075439395,147.58326891938069,64.9,0.08164965809272078,16.121461521840992,99.4462253083237,66.9,-0.3462999999999994,0.10000000000000009,59.0,0.0008077965776367435,-0.065060988371616,0,0,0,0,0,0,0.14,0.24,0.32,2.6
2023-08-01,149.6734,98.8196030683195,69.4,-47.176098654046655,457.2462038168069,-6.65500000000003,0.0,612.0,0.0,5.0947826086956525,5.2965217391304344,5.2843478260869565,306.082,100.8393,4.17,3.7,490.231,67689.0,67.09481552771807,98.83480782209054,184.149,2.6308695652173912,0.4750530445612173,39.67088938081865,0.16106719367588873,0.060142568382090644,56.7,0.21342065664779852,0.02520493767501364,148.81318523921945,66.9,0.08164965809272078,17.17226370246114,99.2303039170116,71.5,-0.0893000000000086,0.10000000000000009,59.0,0.0006089803253039872,0.2872594033851916,0,0,0,0,0,0,0.24,0.34,0.26,0.2
2023-09-01,147.9842,98.8563129961962,67.8,-50.600685633253306,488.50330323191025,-8.776999999999987,0.0,612.0,0.0,5.151,5.3195,5.3055,307.276,101.0211,4.38,3.7,481.454,67689.0,68.10105786107727,98.88495023857539,174.178,3.1266666666666665,0.46676545891029136,37.15035629708011,0.1614047619047616,0.03670992787670002,56.7,0.17656565844029615,-0.005507758538556118,150.31035582651958,62.0,0.10488088481697422,21.153268362127793,99.0611541390451,71.5,0.9014999999999986,0.10000000000000009,59.0,0.0003714842676640906,0.39003906820336187,0,0,0,0,0,0,0.34,0.32,0.96,0.18
2023-10-01,141.8852,98.8833651939071,63.8,-4.563983182728407,480.51790241487026,-0.7789999999999964,400.0,400.0,0.0059093796628699735,5.145238095238095,5.335238095238095,5.330952380952381,307.696,100.4689,4.8,3.9,480.675,68089.0,69.03797152263904,98.93942567199002,172.97899999999998,3.717,0.4464093544470152,36.4208878850219,0.08123809523809555,0.027052197710901282,56.7,0.12390469396969195,-0.06737445146681864,152.0338089058676,63.7,0.1169045194449634,23.34448974312484,98.9257088376414,71.5,-0.43779999999999575,0.3999999999999999,59.0,0.0002736516959918056,0.5425289565087077,0,0,1,0,0,0,0.32,0.26,2.6,0.22
2023-11-01,146.6592,98.9320769777816,61.3,-7.5974875975516625,538.154421903122,0.8299999999999841,0.0,400.0,0.0,5.0095238095238095,5.2700000000000005,5.2352380952380955,308.148,100.8639,4.5,3.7,481.505,68089.0,69.80663896970094,98.99495699331987,173.35699999999997,4.1515,0.42580499475228684,35.04222129597471,-0.026521739130433986,0.04871178387450925,56.7,0.11247390946211056,-0.12609825207044878,153.9172875799245,59.0,0.13662601021275975,21.915746479799836,98.8833651939071,71.5,0.024600000000006617,0.0,59.0,0.0004926185893754376,0.22446281229442278,0,0,1,0,0,0,0.26,0.96,0.2,0.16
2023-12-01,154.8774,99.018664777056,69.7,-8.371956303453771,553.8703491179454,-3.923999999999978,0.0,400.0,0.0,4.718500000000001,5.2415,5.119,308.741,100.6031,4.02,3.8,477.581,68089.0,70.35608705907067,99.05032552167528,168.84000000000003,4.252380952380952,0.4216681665986453,31.796989239501507,-0.0779999999999994,0.08658779927439753,59.0,0.16235178085980806,-0.15338852491326804,155.91432487252382,64.2,0.1329160135824762,12.19308718359938,98.9320769777816,71.5,-0.41800000000000637,0.09999999999999964,61.3,0.0008752247190144669,-0.1477352196672168,0,0,0,0,0,0,0.96,2.6,0.18,0.36
2024-01-01,157.3779,99.1301817146539,79.0,-105.80273535431479,531.3981558075265,10.96999999999997,-7.0,-7.0,-0.00010280662074635405,4.567619047619048,5.2247619047619045,5.021428571428571,309.698,99.2223,4.06,3.7,488.551,68082.0,70.70035837682596,99.10680968831436,178.853,4.5375,0.30813312389425734,29.511058260190705,-0.11047619047619062,0.11151693759789794,59.0,0.2468165207468047,-0.14138189813648694,158.0400433987152,71.5,0.13291601358247512,7.303601577316948,99.018664777056,71.5,-1.2466000000000008,-0.19999999999999973,61.3,0.0011262213830995904,-0.20230371556038929,0,0,0,0,0,0,2.6,0.2,0.22,0.64
2024-02-01,162.4479,99.242264927569,76.9,-104.04875141374941,524.8601761813046,6.274000000000001,0.0,-7.0,0.0,4.6850000000000005,5.2385,5.0885,310.967,100.285,4.21,3.9,494.825,68082.0,70.921904490073,99.16641575655909,183.858,4.654736842105263,0.5408545155262124,25.098982270052947,-0.031500000000000306,0.11208321291509549,59.0,0.31018794978739095,-0.10268109063274267,160.348788263465,69.4,0.08366600265334632,4.936245958909737,99.1301817146539,79.0,-0.5789000000000044,0.19999999999999973,61.3,0.0011306668763881866,-0.050186441022322725,0,0,0,0,0,0,0.2,0.18,0.16,0.24
2024-03-01,168.4436,99.3303548668359,79.4,-101.25136729760561,493.1950563742057,-13.214999999999975,0.0,-7.0,0.0,4.7555,5.239,5.112,312.345,100.4575,4.21,3.9,481.61,68082.0,71.12089301339299,99.22955610162704,169.265,4.691739130434782,0.5514924335272672,23.045050658241525,-0.002500000000000391,0.08808993926690789,59.0,0.3116900897799013,0.00013220497460508795,162.8628572470222,67.8,0.09831920802496398,6.36867866202922,99.242264927569,79.0,-0.14560000000000173,0.10000000000000009,61.3,0.0008876252404275142,-0.005542881203211003,0,0,1,0,0,0,0.18,0.22,0.36,0.34
2024-04-01,166.7338,99.3726906100479,77.2,185.92435537664278,430.89845354595576,-8.944999999999993,442.0,442.0,0.0064921712053112035,4.891363636363637,5.241363636363636,5.1486363636363635,313.023,100.2434,4.54,3.9,472.665,68524.0,71.35991836273077,99.29586412759159,159.642,4.9245,0.5388377669450437,20.746059828898908,0.01660173160173173,0.04233574321199285,59.0,0.24250889539399623,0.22997984792112902,165.54732575727076,63.8,0.09831920802496258,6.356029192836224,99.3303548668359,79.4,1.02109999999999,0.19999999999999973,61.3,0.00042621153693400693,0.2600358704174628,0,0,0,0,0,0,0.22,0.16,0.64,0.28
2024-05-01,169.2566,99.3770230068773,69.1,194.77766725794936,432.71360112850795,-0.23500000000001364,0.0,442.0,0.0,4.912727272727273,5.252727272727273,5.165909090909091,313.175,100.863,4.48,3.9,472.43,68524.0,71.59185896553998,99.36403342241879,159.255,5.135454545454546,0.5018829523646073,18.04208617918068,0.014227272727272755,0.004332396829397567,59.0,0.1347580793082983,0.14989170249600647,168.28370601128717,61.3,0.09831920802496258,7.8831881304574845,99.3726906100479,79.4,0.578000000000003,0.0,61.3,4.359745924964464e-05,0.15564961314538994,0,0,0,0,0,0,0.16,0.36,0.24,0.18
2024-06-01,168.4892,99.3732187401246,68.2,208.9287779412116,396.3385738822647,-8.675000000000011,0.0,442.0,0.0,4.869473684210526,5.24421052631579,5.145789473684211,313.044,100.894,4.31,4.1,463.755,68524.0,71.65522403046846,99.43111800150007,150.711,5.158095238095238,0.4970842264418028,11.260768884885357,0.005210526315789998,-0.0038042667526951846,61.3,0.04286387328869523,0.040958752737495274,170.90903047293958,69.7,0.08366600265334151,8.974036304817652,99.3770230068773,79.4,0.43650000000000944,0.19999999999999973,69.1,-3.8281150285923715e-05,0.00989110795841519,0,0,0,0,0,0,0.36,0.64,0.34,0.1
2024-07-01,172.0642,99.3952625996657,66.4,74.31915734591894,308.54998120981037,-0.6829999999999927,427.0,427.0,0.006231393380421446,4.679090909090909,5.199545454545454,5.012727272727273,313.569,99.9757,4.25,4.2,463.072,68951.0,71.3695212976874,99.49312420974172,149.503,5.2247619047619045,0.4947252788271174,9.676797341470705,-0.041818181818181976,0.022043859541099664,61.3,0.022571989617802046,-0.022355049147051886,173.2686682488781,79.0,0.12649110640668987,11.525337247423666,99.3770230068773,79.4,-0.2676999999999907,0.30000000000000027,68.2,0.00022182897787326183,0.003311131597295791,0,0,0,0,0,0,0.64,0.24,0.28,0.38
2024-08-01,174.2961,99.4591957079447,67.9,-5.450386119890027,366.7907090397468,-6.101999999999975,0.0,427.0,0.0,4.249545454545455,5.047272727272728,4.742272727272727,314.062,100.4309,3.87,4.2,456.97,68951.0,70.6399192611996,99.5465002301816,142.90800000000002,5.199545454545454,0.5075092475601456,9.8216546698895,-0.2054545454545451,0.06393310827900223,61.3,0.0821727010674067,-0.01887724801962065,175.25070085025956,76.9,0.13291601358246738,11.97545114669381,99.3952625996657,79.4,-0.4321000000000055,0.30000000000000027,66.4,0.0006432208800182249,-0.2356325679103639,0,0,0,0,0,0,0.24,0.34,0.18,0.1
2024-09-01,179.6647,99.5650655492442,70.1,30.69995854992885,386.9583800284148,-6.074000000000012,0.0,427.0,0.0,3.8745,4.7219999999999995,4.417,314.732,99.8084,3.72,4.1,450.896,68951.0,69.53729264766325,99.58933945989862,136.164,5.047272727272728,0.4946151108429886,10.99615910732717,-0.5222105263157903,0.10586984129949428,61.3,0.19184680911959617,0.02957073954958389,176.88092164929392,79.4,0.15055453054177512,8.826573514120959,99.4591957079447,79.4,-1.0855999999999995,0.0,66.4,0.0010644550314922174,-0.43014519471476254,0,0,0,0,0,0,0.34,0.28,0.1,0.12
2024-10-01,183.3279,99.6885312661833,70.5,-39.436624478621525,375.24283046259416,1.3389999999999986,217.0,217.0,0.003147162477701526,4.025454545454545,4.510454545454546,4.301818181818182,315.631,99.4695,4.1,4.1,452.235,69168.0,68.25451212232184,99.62201109081204,136.60400000000004,4.7219999999999995,0.4898642102308995,13.033077039350886,-0.6890909090909085,0.12346571693910846,61.3,0.29326866651760497,0.09097952797496589,178.2773193271956,77.2,0.13662601021274834,8.546896816984548,99.5650655492442,77.2,-0.5062000000000069,-0.10000000000000053,66.4,0.001240050576555296,-0.27830200407777683,0,0,1,0,0,0,0.28,0.18,0.38,0.32
2024-11-01,186.0236,99.803617961947,71.8,-8.338253361696843,417.8021407116655,0.060000000000002274,0.0,217.0,0.0,4.144210526315789,4.4184210526315795,4.306842105263158,316.528,99.2925,4.36,4.2,452.295,69168.0,66.98139958919187,99.64699439380378,135.767,4.510454545454546,0.5480188386319003,14.186436442314818,-0.6288516746411483,0.11508669576369357,61.3,0.3444222540022963,0.13270480157038378,179.5765991310794,69.1,0.10954451150097422,8.128128394666271,99.6885312661833,70.5,-1.13839999999999,0.0,66.4,0.0011544627481410163,0.026220906652086207,0,0,1,0,0,0,0.18,0.1,0.1,0.54
2024-12-01,183.487,99.8761306079338,74.0,19.141697361614206,436.657830115763,-3.6090000000000373,0.0,217.0,0.0,4.05,4.270476190476191,4.186190476190476,317.604,100.3273,4.39,4.1,448.686,69168.0,65.81763299136011,99.66794882530692,131.082,4.4184210526315795,0.5774783004542013,14.77762616229159,-0.4515238095238088,0.07251264598680507,66.4,0.3110650586896071,0.12787540747433468,180.89972887581544,68.2,0.054772255750394856,5.715170808195186,99.803617961947,71.8,0.5188999999999879,0.0,66.4,0.0007265532800069252,0.21861825026166848,0,0,0,0,0,0,0.1,0.38,0.12,0.16
2025-01-01,183.0461,99.8827296078538,71.7,-238.09183579972887,434.90398626369193,-5.925999999999988,-189.0,-189.0,-0.0027324774462178514,4.003333333333333,4.21,4.150952380952381,318.961,100.0647,4.63,4.0,442.76,68979.0,64.76650837445564,99.68840859366618,123.79899999999998,4.270476190476191,0.562169679101903,15.568730939309976,-0.30045454545454575,0.006598999920001347,66.4,0.19419834167049999,0.07203430281796841,182.33024667826464,66.4,0.054772255750394856,5.196417868767497,99.8761306079338,74.0,0.5952000000000055,-0.09999999999999964,66.4,6.607184198892391e-05,0.3663615761075478,0,0,0,0,0,0,0.38,0.1,0.32,0.2
2025-02-01,187.7849,99.8290643493041,64.7,-222.90804676970583,398.0703455361923,-3.290999999999997,0.0,-189.0,0.0,4.013684210526316,4.21578947368421,4.187368421052632,319.679,101.0993,4.45,4.2,439.469,68979.0,63.74626397918834,99.71040980761371,119.79000000000002,4.21,0.4897473141711869,15.281507702419749,-0.20263157894736938,-0.0536652585496995,66.4,0.025446387357106914,-0.0139381954046911,183.86671403932098,67.9,0.07527726527082165,4.718686286123036,99.8827296078538,74.0,1.8067999999999955,0.0,67.9,-0.0005372826589781221,0.19209710145607506,0,0,0,0,0,0,0.1,0.12,0.54,0.82
2025-03-01,182.063,99.7394278474064,57.0,-212.88541686428653,339.9815837189009,17.033999999999992,0.0,-189.0,0.0,3.8976190476190475,4.199523809523809,4.097142857142858,319.785,101.0404,4.28,4.2,456.503,68979.0,62.65219605144598,99.73406489742123,136.71799999999996,4.21,0.5578966318357181,12.86016165687407,-0.07095238095238177,-0.08963650189770078,64.7,-0.13670276052739894,-0.08942918324879656,185.46179065751653,70.1,0.07527726527082165,5.385471372143618,99.8827296078538,74.0,0.7131000000000114,0.10000000000000053,64.7,-0.0008978998499280522,0.033092279492050736,0,0,0,0,0,0,0.12,0.32,0.16,0.92
2025-04-01,173.0038,99.6571610022642,52.2,26.928759469563374,246.01607485319929,20.78000000000003,570.0,570.0,0.008263384508328642,3.7985714285714285,4.209047619047619,4.048095238095239,320.302,101.1279,4.28,4.2,477.283,69549.0,61.41846398509483,99.75961140687328,156.981,4.199523809523809,0.6018355545896059,10.509855366188793,-0.0009523809523805937,-0.0822668451422004,57.0,-0.22556860558960068,-0.10306998746628437,187.0875481679561,70.5,0.08164965809269198,6.431043958812479,99.8827296078538,74.0,1.0631999999999948,0.20000000000000018,57.0,-0.000824817696649105,-0.07217659601823101,0,0,1,0,0,0,0.32,0.54,0.2,1.16
2025-05-01,183.3964,99.6310939608453,52.2,28.342789502683445,277.44957225910497,6.065999999999974,0.0,570.0,0.0,3.920952380952381,4.247142857142857,4.126666666666667,320.62,100.9655,4.42,4.3,483.349,69549.0,60.06784551264701,99.78862861930962,162.72899999999998,4.199523809523809,0.6477012770080548,11.235890358647175,0.031353383458647244,-0.02606704141889793,52.2,-0.1979703884587991,-0.12047720036758847,188.78036149184737,71.8,0.0836660026533279,13.481990041045336,99.8827296078538,74.0,-0.1337999999999937,0.09999999999999964,52.2,-0.0002615671684477183,-0.003174334418383218,0,0,0,0,0,0,0.54,0.16,0.82,0.48
2025-06-01,187.7724,99.6551231641363,60.7,23.752643063577125,278.4134705815914,2.1680000000000064,0.0,570.0,0.0,3.899,4.2335,4.136,321.435,101.4785,4.38,4.1,485.517,69549.0,58.717545421257576,99.82376384440681,164.082,4.199523809523809,0.6554786441601177,12.9645023052469,0.03397619047619127,0.02402920329099345,52.2,-0.08430468327010487,-0.10853993509518034,190.61811749497764,74.0,0.10327955589879907,18.325133774869045,99.8827296078538,74.0,0.4380999999999915,-0.10000000000000053,52.2,0.00024118176701382055,-0.017585917550237085,0,0,0,0,0,0,0.16,0.2,0.92,0.12
2025-07-01,193.2824,99.6995377403926,61.7,255.0561543172662,249.26150013540808,-3.627999999999986,669.0,669.0,0.009619117456757031,3.9145454545454546,4.247727272727273,4.129545454545454,322.169,101.894,4.39,4.3,481.889,70218.0,57.50048085965813,99.86753993085676,159.72000000000003,4.199523809523809,0.7164582038571566,15.270632023147822,0.03867965367965365,0.044414576256301075,52.2,0.042376738128396596,-0.0798412944894693,192.6648862864378,71.7,0.10327955589879907,20.604787738941813,99.8827296078538,71.7,0.7661000000000087,0.09999999999999964,52.2,0.00044568281936840926,0.0634064786486137,0,0,0,0,0,0,0.2,0.82,1.16,0.18
2025-08-01,194.6145,99.7533318470094,58.2,105.22393706119328,383.8700853406391,-4.960000000000036,0.0,669.0,0.0,3.74,4.123809523809523,3.9428571428571426,323.291,101.6247,4.26,4.3,476.929,70218.0,56.49778562763944,99.92119668007597,153.63799999999998,4.199523809523809,0.8147544364640464,16.623331923608088,-0.12333333333333396,0.05379410661680595,52.2,0.12223788616410047,-0.06895279981699787,194.95149105016515,64.7,0.07527726527081531,18.574145758738076,99.8827296078538,64.7,0.6591999999999985,0.0,52.2,0.0005395622470876216,0.1271392278717336,0,0,0,0,0,0,0.82,0.92,0.48,0.16
2025-09-01,199.9697,99.8251484304636,55.1,105.68519707361702,456.353622515527,1.9040000000000532,0.0,669.0,0.0,3.5185714285714287,3.9176190476190476,3.7461904761904763,324.245,101.668,4.12,4.4,478.833,70218.0,55.717185162337145,99.98489227433353,154.58800000000002,4.123809523809523,0.8657491229328798,17.209353859607116,-0.3158809523809527,0.0718165834541935,52.2,0.17002526632730053,-0.0728374059333845,197.44420703916856,57.0,0.08164965809268615,10.553830900049899,99.8827296078538,61.7,0.18950000000000955,0.3000000000000007,52.2,0.0007199417014394083,-0.008749798168424583,0,0,0,0,0,0,0.92,1.16,0.12,0.32
2025-10-01,201.9479,99.9246397878938,53.6,-133.1628773400007,494.8115343649535,-1.5840000000000032,31.0,31.0,0.00044148224102080746,3.4786363636363635,3.8177272727272724,3.6845454545454546,,101.2195,4.06,,477.249,70249.0,55.090968336746464,100.06893944547433,,3.9176190476190476,0.8614408431710701,17.412240262807053,-0.4300000000000006,0.0994913574301961,52.2,0.22510204750119556,-0.08156268674481737,200.0632485015423,52.2,0.10327955589879464,3.4925567521299152,99.8827296078538,61.7,-0.674500000000009,,52.2,0.0009966562433862958,-0.30210559331581255,0,0,0,0,0,0,1.16,0.48,0.18,0.26
2025-11-01,200.6944,100.060302648121,51.0,-112.87919886312739,530.2746215288381,0.8019999999999641,0.0,31.0,0.0,3.5166666666666666,3.7788888888888885,3.6855555555555557,325.063,101.0344,4.09,4.5,478.051,70249.0,54.451974945468585,100.15448262287289,152.988,3.8177272727272724,0.7496365435965568,17.28826428447108,-0.34492063492063485,0.13566286022719964,52.2,0.30697080111158925,-0.07608755401442124,202.6670829006629,52.2,,3.4991012941680157,99.9246397878938,61.7,-0.5902999999999992,0.20000000000000018,52.2,0.0013576517314966008,-0.21811780308603357,0,0,0,0,0,0,0.48,0.12,0.16,0.54
2025-12-01,205.5674,100.22365935999,52.9,-89.88783779760706,547.575039823344,10.336000000000013,0.0,31.0,0.0,3.4054545454545457,3.5904545454545453,3.527272727272727,326.031,101.4941,4.14,4.4,488.387,70249.0,53.79253057664693,100.24055085629963,162.356,3.7788888888888885,0.5284347243266359,16.928274279764302,-0.3271645021645022,0.16335671186899958,51.0,0.39851092952639533,-0.05275492427647066,205.2592172360645,60.7,,3.339879379086673,100.060302648121,61.7,-0.17390000000000327,0.0,51.0,0.001632582628132484,0.009242074313093873,0,0,0,0,0,0,0.12,0.18,0.32,
2026-01-01,212.011,100.395377820569,56.4,179.03216922511638,548.434321081889,-1.9379999999999882,334.0,334.0,0.004754516078520732,3.3745,3.5655,3.5100000000000002,326.588,101.0388,4.21,4.3,486.449,70583.0,53.11854803378635,100.32735610419851,159.861,3.5904545454545453,0.47189541181530636,16.49762253096674,-0.2522272727272723,0.17171846057900098,51.0,0.4707380326752002,-0.008550137230997734,207.84130207741634,61.7,,4.376556820170595,100.22365935999,61.7,-0.18070000000000164,,51.0,0.0017133525324815047,-0.021252108864721286,0,0,0,0,0,0,0.18,0.16,0.26,
2026-02-01,217.9211,100.538535273365,56.6,202.52763895753014,539.1608729913303,7.377999999999986,0.0,334.0,0.0,3.3457894736842104,3.6015789473684214,3.5163157894736843,327.46,101.9263,4.13,4.4,493.827,70583.0,52.43724418281099,100.4150314905823,166.36700000000002,3.5655,0.3099932563952171,14.053355039947055,-0.17730994152046708,0.14315745279600378,51.0,0.47823262524400434,0.040464027724397056,210.41489637243413,58.2,,5.065435183691691,100.395377820569,58.2,0.8918999999999926,-0.09999999999999964,51.0,0.0014259366905502446,-0.07417606671503663,0,0,0,0,0,0,0.16,0.32,0.54,
2026-03-01,208.5646,100.639621464448,53.3,224.66145401488757,491.55531609670516,3.487000000000023,0.0,334.0,0.0,3.5177272727272726,3.612727272727273,3.575909090909091,330.293,101.6172,4.25,4.3,497.314,70583.0,51.75518606796287,100.50359703349625,167.02100000000002,3.5655,0.3490638791650855,9.187307336261519,0.022272727272727444,0.10108619108299877,51.0,0.4159621044580035,0.048313298723044795,212.98047756959218,55.1,,6.771058814310201,100.538535273365,56.6,0.12309999999999377,-0.10000000000000053,51.0,0.0010054472228797628,0.05007377526767964,0,0,0,0,0,0,0.32,0.26,,
2026-04-01,213.351,100.711273811123,49.8,-48.19362414024363,391.8886959265733,12.814999999999998,229.0,229.0,0.0032444072935409185,3.544090909090909,3.6095454545454544,3.5945454545454543,332.407,102.4196,4.32,4.3,510.129,70812.0,51.076503221785295,100.59299956028742,177.72200000000004,3.5655,0.3381926726867176,6.7979069834821155,0.04404545454545428,0.07165234667499476,51.0,0.3158959905539973,-0.04485920322653669,215.53815935839256,53.6,,8.127648805169978,100.639621464448,56.6,1.3808000000000078,0.0,51.0,0.0007119695566453199,-0.0034209197763583887,0,0,0,0,0,0,0.26,0.54,,
2026-05-01,216.0802,100.758798652186,44.8,-28.770294163099607,385.42632829176006,6.63900000000001,0.0,229.0,0.0,3.6335,3.5995,3.6165,333.979,102.5606,4.48,4.3,516.768,70812.0,50.40312176995087,100.68315547942268,182.78900000000004,3.5655,0.42878547047714705,9.87204494297276,-0.002078947368421513,0.047524841063008694,49.8,0.22026337882100222,0.006882500714681328,218.0896022864262,51.0,0.0816496580926773,10.93529785146158,100.711273811123,56.6,0.6342999999999961,-0.10000000000000053,49.8,0.00047189196665442523,0.05678168891109703,0,0,0,0,0,0,0.54,,,
2026-06-01,220.0752,100.802396471123,49.5,-9.772921709343791,345.4865146618292,12.919999999999959,0.0,229.0,0.0,3.7404761904761905,3.662380952380952,3.7342857142857144,332.568,102.6395,4.47,4.2,529.688,70812.0,49.73600428978356,100.77400653308094,197.12,3.5655,0.4813237154041724,13.092720930488397,0.049653679653679283,0.043597818937001875,44.8,0.16277500667500533,0.04698068243305897,220.63567970018292,52.9,0.051639777949285426,12.158215718881026,100.758798652186,56.6,1.0223000000000013,-0.09999999999999964,44.8,0.00043269490625319484,0.04480899543285499,0,0,0,0,0,0,,,,
2026-07-01,,,,-252.54245630992227,256.90305917439423,,0.0,0.0,0.0,3.871904761904762,3.732857142857143,3.839523809523809,,,,,,70812.0,49.07510627371972,100.86549552942772,,3.5655,0.5520022240662648,17.429864112850552,0.1233116883116887,,44.8,,0.037733509537630994,223.17652951910472,56.4,0.06324555320325051,16.121010085191433,100.802396471123,56.6,,,44.8,,0.07564599321107757,0,0,0,0,0,0,,,,
