t,alpha_t,q_t,Q_C,demand,supply,marginA,driftB_max,driftB_p90,miss,horizon,strategy
0,0.1,0.9,5.308607949301923,26,134,5.153846153846154,,,0,region-month,ridge/pooled_trailing
1,0.1005,0.8995,5.30393635794878,26,134,5.153846153846154,,,0,region-month,ridge/pooled_trailing
2,0.101,0.899,5.2992647665956385,26,134,5.153846153846154,,,0,region-month,ridge/pooled_trailing
3,0.1015,0.8985,5.294593175242495,26,134,5.153846153846154,,,0,region-month,ridge/pooled_trailing
4,0.10200000000000001,0.898,5.289921583889354,26,134,5.153846153846154,,,0,region-month,ridge/pooled_trailing
5,0.10250000000000001,0.8975,5.285249992536212,27,134,4.962962962962963,,,0,region-month,ridge/pooled_trailing
6,0.10300000000000001,0.897,5.2786779592635735,27,134,4.962962962962963,0.46037642509610993,0.4578030562102596,0,region-month,ridge/pooled_trailing
7,0.10350000000000001,0.8965,5.26993169159151,27,134,4.962962962962963,0.45598521148119514,0.45242026988951334,0,region-month,ridge/pooled_trailing
8,0.10400000000000001,0.896,5.26118542391945,27,134,4.962962962962963,0.45674324762567003,0.45317237962560614,0,region-month,ridge/pooled_trailing
9,0.10450000000000001,0.8955,5.2524391562473856,27,134,4.962962962962963,0.4575038083065854,0.45449138967686953,0,region-month,ridge/pooled_trailing
10,0.10500000000000001,0.895,5.243692888575324,27,134,4.962962962962963,0.4582669061564147,0.4552494629342531,0,region-month,ridge/pooled_trailing
11,0.10550000000000001,0.8945,5.23494662090326,27,134,4.962962962962963,0.45298758468356337,0.45242130324430085,0,region-month,ridge/pooled_trailing
12,0.10600000000000001,0.894,5.2262003532312,27,134,4.962962962962963,0.6994414798082363,0.5765935792016209,0,region-month,ridge/pooled_trailing
13,0.10650000000000001,0.8935,5.217454085559137,28,134,4.785714285714286,0.7006139869933554,0.5775601505789616,0,region-month,ridge/pooled_trailing
14,0.10700000000000001,0.893,5.207648372652466,28,134,4.785714285714286,0.7019332042529024,0.5786476642929542,0,region-month,ridge/pooled_trailing
15,0.10750000000000001,0.8925,5.197014501851134,28,134,4.785714285714286,0.703369464821837,0.49416649536896534,0,region-month,ridge/pooled_trailing
16,0.10800000000000001,0.892,5.186380631049807,28,134,4.785714285714286,0.7048116150507916,0.6759485243390684,0,region-month,ridge/pooled_trailing
17,0.10850000000000001,0.8915,5.175746760248476,28,134,4.785714285714286,0.7062596912417078,0.6773372996422532,0,region-month,ridge/pooled_trailing
18,0.10900000000000001,0.891,5.165112889447146,28,134,4.785714285714286,0.6497498566693564,0.5398834728541521,0,region-month,ridge/pooled_trailing
19,0.10950000000000001,0.8905,5.154479018645815,28,134,4.785714285714286,0.6510903133874866,0.5409972713733306,0,region-month,ridge/pooled_trailing
20,0.11000000000000001,0.89,5.1438451478444875,28,134,4.785714285714286,0.652436312357821,0.5421156750037481,0,region-month,ridge/pooled_trailing
21,0.11050000000000001,0.8895,5.133211277043156,29,134,4.620689655172414,0.6537878880240591,0.5432387123650093,0,region-month,ridge/pooled_trailing
22,0.11100000000000002,0.889,5.12221201926972,29,134,4.620689655172414,0.4336186789851532,0.3712598437705008,0,region-month,ridge/pooled_trailing
23,0.11150000000000002,0.8885,5.111021263504876,29,134,4.620689655172414,0.43456810190503947,0.40848936501482025,0,region-month,ridge/pooled_trailing
24,0.11200000000000002,0.888,5.099830507740037,29,134,4.620689655172414,0.38324976658905113,0.350851194113764,1,region-month,ridge/pooled_trailing
25,0.10750000000000001,0.8925,5.197014501851134,28,134,4.785714285714286,1.0681937243903463,0.7221383667011652,0,region-month,ridge/pooled_trailing
26,0.10800000000000001,0.892,5.186380631049807,28,134,4.785714285714286,1.0703838903006444,0.7236189996586092,0,region-month,ridge/pooled_trailing
27,0.10850000000000001,0.8915,5.175746760248476,28,134,4.785714285714286,1.0725830558557878,0.7251057167079937,0,region-month,ridge/pooled_trailing
28,0.10900000000000001,0.891,5.165112889447146,28,134,4.785714285714286,1.0747912766408492,0.7851518463584907,0,region-month,ridge/pooled_trailing
29,0.10950000000000001,0.8905,5.154479018645815,28,134,4.785714285714286,1.077008608699599,0.8565408808319251,0,region-month,ridge/pooled_trailing
30,0.11000000000000001,0.89,5.1438451478444875,28,134,4.785714285714286,1.0792351085392429,0.9479074404819594,0,region-month,ridge/pooled_trailing
31,0.11050000000000001,0.8895,5.133211277043156,29,134,4.620689655172414,0.8182713848151066,0.728489946920791,0,region-month,ridge/pooled_trailing
32,0.11100000000000002,0.889,5.12221201926972,29,134,4.620689655172414,0.8200285119813286,0.8078229268526412,0,region-month,ridge/pooled_trailing
33,0.11150000000000002,0.8885,5.111021263504876,29,134,4.620689655172414,0.8218239924390833,0.8095916827645372,0,region-month,ridge/pooled_trailing
34,0.11200000000000002,0.888,5.099830507740037,29,134,4.620689655172414,0.8236273526815683,0.8113682011757495,0,region-month,ridge/pooled_trailing
35,0.11250000000000002,0.8875,5.088639751975193,29,134,4.620689655172414,0.9622260033901638,0.8938323240428886,0,region-month,ridge/pooled_trailing
36,0.11300000000000002,0.887,5.077448996210352,29,134,4.620689655172414,0.9643467605267801,0.8834891505999855,0,region-month,ridge/pooled_trailing
37,0.11350000000000002,0.8865,5.066258240445508,29,134,4.620689655172414,0.9664768866588275,0.8854406719863853,0,region-month,ridge/pooled_trailing
38,0.11400000000000002,0.886,5.055067484680669,29,134,4.620689655172414,0.9686164440087022,0.8575674494440948,0,region-month,ridge/pooled_trailing
39,0.11450000000000002,0.8855,5.0438767289158255,30,134,4.466666666666667,0.9707654953510102,0.8594701184414538,0,region-month,ridge/pooled_trailing
40,0.11500000000000002,0.885,5.033085064159686,30,134,4.466666666666667,0.9728469574461486,0.8613129470978155,0,region-month,ridge/pooled_trailing
41,0.11550000000000002,0.8845,5.022425729580116,30,134,4.466666666666667,0.7513702284833664,0.6095510948110865,0,region-month,ridge/pooled_trailing
42,0.11600000000000002,0.884,5.011766395000549,30,134,4.466666666666667,0.7529682891325058,0.5719680391142711,0,region-month,ridge/pooled_trailing
43,0.11650000000000002,0.8835,5.001107060420978,30,134,4.466666666666667,0.39180109588660494,0.29121156530434394,1,region-month,ridge/pooled_trailing
44,0.11200000000000002,0.888,5.099830507740037,29,134,4.620689655172414,0.9914348836266889,0.6878257112887051,1,region-month,ridge/pooled_trailing
45,0.10750000000000001,0.8925,5.197014501851134,28,134,4.785714285714286,1.2754172693296213,1.1241561772064104,0,region-month,ridge/pooled_trailing
46,0.10800000000000001,0.892,5.186380631049807,28,134,4.785714285714286,1.2780323150473683,1.1264610854650445,0,region-month,ridge/pooled_trailing
47,0.10850000000000001,0.8915,5.175746760248476,28,134,4.785714285714286,1.2806581062901932,1.128775464858094,0,region-month,ridge/pooled_trailing
48,0.10900000000000001,0.891,5.165112889447146,28,134,4.785714285714286,1.2832947094263587,1.1310993738827229,1,region-month,ridge/pooled_trailing
49,0.10450000000000001,0.8955,5.2524391562473856,27,134,4.962962962962963,1.2619588437751768,1.1668180466355529,0,region-month,ridge/pooled_trailing
50,0.10500000000000001,0.895,5.243692888575324,27,134,4.962962962962963,1.2640637400902968,1.16876425194874,0,region-month,ridge/pooled_trailing
51,0.10550000000000001,0.8945,5.23494662090326,27,134,4.962962962962963,1.0752582510842639,0.8531969592458757,1,region-month,ridge/pooled_trailing
52,0.101,0.899,5.2992647665956385,26,134,5.153846153846154,1.1540354184754584,1.1081215317523434,0,region-month,ridge/pooled_trailing
53,0.1015,0.8985,5.294593175242495,26,134,5.153846153846154,1.1550536613703763,1.1090992633352292,0,region-month,ridge/pooled_trailing
54,0.10200000000000001,0.898,5.289921583889354,26,134,5.153846153846154,1.15607370270961,1.110078721810408,0,region-month,ridge/pooled_trailing
55,0.10250000000000001,0.8975,5.285249992536212,27,134,4.962962962962963,1.1570955472620532,0.9227998558435909,0,region-month,ridge/pooled_trailing
56,0.10300000000000001,0.897,5.2786779592635735,27,134,4.962962962962963,1.158536148582102,0.9239487555119154,0,region-month,ridge/pooled_trailing
57,0.10350000000000001,0.8965,5.26993169159151,27,134,4.962962962962963,1.1604589187158074,0.9254821915418114,0,region-month,ridge/pooled_trailing
58,0.10400000000000001,0.896,5.26118542391945,27,134,4.962962962962963,0.6916533702357446,0.6817746671681977,0,region-month,ridge/pooled_trailing
59,0.10450000000000001,0.8955,5.2524391562473856,27,134,4.962962962962963,0.6730147932341236,0.6442130434906842,0,region-month,ridge/pooled_trailing
60,0.10500000000000001,0.895,5.243692888575324,27,134,4.962962962962963,0.6741373546910899,0.6452875647938825,0,region-month,ridge/pooled_trailing
61,0.10550000000000001,0.8945,5.23494662090326,27,134,4.962962962962963,0.675263667178847,0.6311270159943517,1,region-month,ridge/pooled_trailing
62,0.101,0.899,5.2992647665956385,26,134,5.153846153846154,1.0153857260251948,0.7976258407092567,0,region-month,ridge/pooled_trailing
63,0.1015,0.8985,5.294593175242495,26,134,5.153846153846154,1.0162816337976721,0.798329611869225,0,region-month,ridge/pooled_trailing
64,0.10200000000000001,0.898,5.289921583889354,26,134,5.153846153846154,1.0171791239433228,0.8392613510687031,0,region-month,ridge/pooled_trailing
65,0.10250000000000001,0.8975,5.285249992536212,27,134,4.962962962962963,1.0180782006580895,0.8400031676480922,0,region-month,ridge/pooled_trailing
66,0.10300000000000001,0.897,5.2786779592635735,27,134,4.962962962962963,1.0193457232954823,0.8410489841971425,0,region-month,ridge/pooled_trailing
67,0.10350000000000001,0.8965,5.26993169159151,27,134,4.962962962962963,1.0210374853652906,0.9559401860890386,0,region-month,ridge/pooled_trailing
68,0.10400000000000001,0.896,5.26118542391945,27,134,4.962962962962963,0.8923238363923988,0.7786398092766128,0,region-month,ridge/pooled_trailing
69,0.10450000000000001,0.8955,5.2524391562473856,27,134,4.962962962962963,0.893809718073478,0.7799363863505153,0,region-month,ridge/pooled_trailing
70,0.10500000000000001,0.895,5.243692888575324,27,134,4.962962962962963,0.8953005565356604,0.8246726789639264,1,region-month,ridge/pooled_trailing
71,0.1005,0.8995,5.30393635794878,26,134,5.153846153846154,1.1270441870229966,1.0060878451167052,0,region-month,ridge/pooled_trailing
72,0.101,0.899,5.2992647665956385,26,134,5.153846153846154,1.1280377380363171,1.0069747665076452,0,region-month,ridge/pooled_trailing
73,0.1015,0.8985,5.294593175242495,26,134,5.153846153846154,1.129033042334232,0.9379143660871214,0,region-month,ridge/pooled_trailing
74,0.10200000000000001,0.898,5.289921583889354,26,134,5.153846153846154,1.1300301045617787,0.9387426491860511,0,region-month,ridge/pooled_trailing
75,0.10250000000000001,0.8975,5.285249992536212,27,134,4.962962962962963,1.1310289293804185,0.9395723965109566,0,region-month,ridge/pooled_trailing
76,0.10300000000000001,0.897,5.2786779592635735,27,134,4.962962962962963,1.1324370773700416,0.9216018537318884,0,region-month,ridge/pooled_trailing
77,0.10350000000000001,0.8965,5.26993169159151,27,134,4.962962962962963,0.7119462573760184,0.5417904248766405,0,region-month,ridge/pooled_trailing
78,0.10400000000000001,0.896,5.26118542391945,27,134,4.962962962962963,0.5242060209431857,0.44822921191248444,0,region-month,ridge/pooled_trailing
79,0.10450000000000001,0.8955,5.2524391562473856,27,134,4.962962962962963,0.5250789194267451,0.44897559517351887,0,region-month,ridge/pooled_trailing
80,0.10500000000000001,0.895,5.243692888575324,27,134,4.962962962962963,0.7029896963471105,0.6144722130880762,0,region-month,ridge/pooled_trailing
81,0.10550000000000001,0.8945,5.23494662090326,27,134,4.962962962962963,0.7041642137777951,0.6154988402615518,0,region-month,ridge/pooled_trailing
82,0.10600000000000001,0.894,5.2262003532312,27,134,4.962962962962963,0.7053426624178245,0.616528903643152,0,region-month,ridge/pooled_trailing
83,0.10650000000000001,0.8935,5.217454085559137,28,134,4.785714285714286,0.7065250620374219,0.6175624205137177,0,region-month,ridge/pooled_trailing
84,0.10700000000000001,0.893,5.207648372652466,28,134,4.785714285714286,0.7078554095232639,0.6487031720826182,0,region-month,ridge/pooled_trailing
85,0.10750000000000001,0.8925,5.197014501851134,28,134,4.785714285714286,0.709303787812032,0.6702702435517357,0,region-month,ridge/pooled_trailing
86,0.10800000000000001,0.892,5.186380631049807,28,134,4.785714285714286,0.6325309524484746,0.6122497264934426,0,region-month,ridge/pooled_trailing
87,0.10850000000000001,0.8915,5.175746760248476,28,134,4.785714285714286,0.6338305238413101,0.6135076289355955,0,region-month,ridge/pooled_trailing
88,0.10900000000000001,0.891,5.165112889447146,28,134,4.785714285714286,0.6351354463173006,0.6147707108858584,0,region-month,ridge/pooled_trailing
89,0.10950000000000001,0.8905,5.154479018645815,28,134,4.785714285714286,0.6364457529948624,0.6160390044007519,0,region-month,ridge/pooled_trailing
90,0.11000000000000001,0.89,5.1438451478444875,28,134,4.785714285714286,0.6802163007103716,0.6589888889883228,0,region-month,ridge/pooled_trailing
91,0.11050000000000001,0.8895,5.133211277043156,29,134,4.620689655172414,0.6816254249151483,0.504355913263127,0,region-month,ridge/pooled_trailing
92,0.11100000000000002,0.889,5.12221201926972,29,134,4.620689655172414,0.6830891233574159,0.5434638888899415,0,region-month,ridge/pooled_trailing
93,0.11150000000000002,0.8885,5.111021263504876,29,134,4.620689655172414,0.6845847703428234,0.5446538216517177,0,region-month,ridge/pooled_trailing
94,0.11200000000000002,0.888,5.099830507740037,29,134,4.620689655172414,0.6860869812405399,0.545848976644661,0,region-month,ridge/pooled_trailing
95,0.11250000000000002,0.8875,5.088639751975193,29,134,4.620689655172414,0.6875957993559355,0.5470493883224085,0,region-month,ridge/pooled_trailing
96,0.11300000000000002,0.887,5.077448996210352,29,134,4.620689655172414,0.4073989145085198,0.3203720205760186,0,region-month,ridge/pooled_trailing
97,0.11350000000000002,0.8865,5.066258240445508,29,134,4.620689655172414,0.685629552959083,0.546964181361296,1,region-month,ridge/pooled_trailing
98,0.10900000000000001,0.891,5.165112889447146,28,134,4.785714285714286,0.9823501714170259,0.8274287598216961,0,region-month,ridge/pooled_trailing
99,0.10950000000000001,0.8905,5.154479018645815,28,134,4.785714285714286,0.9843767942370483,0.8291357743419648,0,region-month,ridge/pooled_trailing
100,0.11000000000000001,0.89,5.1438451478444875,28,134,4.785714285714286,0.9864117963315666,0.8308498466842875,0,region-month,ridge/pooled_trailing
101,0.11050000000000001,0.8895,5.133211277043156,29,134,4.620689655172414,0.9884552297756585,0.832571020711248,0,region-month,ridge/pooled_trailing
102,0.11100000000000002,0.889,5.12221201926972,29,134,4.620689655172414,0.9905778037395829,0.8343588544122046,0,region-month,ridge/pooled_trailing
103,0.11150000000000002,0.8885,5.111021263504876,29,134,4.620689655172414,0.9927467077014741,0.7910637870683579,0,region-month,ridge/pooled_trailing
104,0.11200000000000002,0.888,5.099830507740037,29,134,4.620689655172414,0.5906741677162813,0.5412380866551899,1,region-month,ridge/pooled_trailing
105,0.10750000000000001,0.8925,5.197014501851134,28,134,4.785714285714286,1.01344421890002,0.7480247718731332,0,region-month,ridge/pooled_trailing
106,0.10800000000000001,0.892,5.186380631049807,28,134,4.785714285714286,1.0155221294227488,0.9516117360016814,0,region-month,ridge/pooled_trailing
107,0.10850000000000001,0.8915,5.175746760248476,28,134,4.785714285714286,1.0176085783199615,0.9535668773025255,0,region-month,ridge/pooled_trailing
108,0.10900000000000001,0.891,5.165112889447146,28,134,4.785714285714286,1.0197036183277586,0.9555300690450294,0,region-month,ridge/pooled_trailing
109,0.10950000000000001,0.8905,5.154479018645815,28,134,4.785714285714286,1.0218073026174264,0.9575013610542228,0,region-month,ridge/pooled_trailing
110,0.11000000000000001,0.89,5.1438451478444875,28,134,4.785714285714286,1.0239196847999343,0.9594808035671477,0,region-month,ridge/pooled_trailing
111,0.11050000000000001,0.8895,5.133211277043156,29,134,4.620689655172414,0.896896075543765,0.8676721229176731,0,region-month,ridge/pooled_trailing
112,0.11100000000000002,0.889,5.12221201926972,29,134,4.620689655172414,0.8402486243766539,0.7630854513864804,0,region-month,ridge/pooled_trailing
113,0.11150000000000002,0.8885,5.111021263504876,29,134,4.620689655172414,0.8420883774616759,0.7629009179258576,1,region-month,ridge/pooled_trailing
114,0.10700000000000001,0.893,5.207648372652466,28,134,4.785714285714286,1.0441856831633667,0.9353246205895255,0,region-month,ridge/pooled_trailing
115,0.10750000000000001,0.8925,5.197014501851134,28,134,4.785714285714286,1.0463222436142572,0.9372384349860623,0,region-month,ridge/pooled_trailing
116,0.10800000000000001,0.892,5.186380631049807,28,134,4.785714285714286,1.048467565438216,0.9096793833763724,1,region-month,ridge/pooled_trailing
117,0.10350000000000001,0.8965,5.26993169159151,27,134,4.962962962962963,1.133374431331289,1.0826096404618677,0,region-month,ridge/pooled_trailing
118,0.10400000000000001,0.896,5.26118542391945,27,134,4.962962962962963,1.1352585687167582,1.0844093857543988,1,region-month,ridge/pooled_trailing
119,0.0995,0.9005,5.3132795406550635,26,134,5.153846153846154,1.1241279116618605,1.073777280159646,0,region-month,ridge/pooled_trailing
120,0.1,0.9,5.308607949301923,26,134,5.153846153846154,1.1251171476879704,1.0630405517486667,0,region-month,ridge/pooled_trailing
121,0.1005,0.8995,5.30393635794878,26,134,5.153846153846154,1.1261081263090722,1.0639768546592676,1,region-month,ridge/pooled_trailing
122,0.096,0.904,5.320697354480755,25,134,5.36,1.2212420162061635,1.1719013663142426,0,region-month,ridge/pooled_trailing
123,0.0965,0.9035,5.320517814664492,25,134,5.36,1.2212832267752924,1.1100032730863048,0,region-month,ridge/pooled_trailing
124,0.097,0.903,5.320338274848228,25,134,5.36,1.2213244401258,1.110040731190171,0,region-month,ridge/pooled_trailing
125,0.0975,0.9025,5.320158735031964,25,134,5.36,1.2213656562579682,0.983802757220068,0,region-month,ridge/pooled_trailing
126,0.098,0.902,5.3199791952157005,25,134,5.36,1.2214068751720786,0.9838359588097341,0,region-month,ridge/pooled_trailing
127,0.0985,0.9015,5.319799655399437,26,134,5.153846153846154,1.2214480968684123,0.9887427211871735,0,region-month,ridge/pooled_trailing
128,0.099,0.901,5.317951132008207,26,134,5.153846153846154,0.7563001445958696,0.7514248919969312,0,region-month,ridge/pooled_trailing
129,0.0995,0.9005,5.3132795406550635,26,134,5.153846153846154,0.7569651058855666,0.7520855668214214,0,region-month,ridge/pooled_trailing
130,0.1,0.9,5.308607949301923,26,134,5.153846153846154,0.7576312375112313,0.6924264738917033,0,region-month,ridge/pooled_trailing
131,0.1005,0.8995,5.30393635794878,26,134,5.153846153846154,0.7582985425652831,0.5825644679574858,0,region-month,ridge/pooled_trailing
132,0.101,0.899,5.2992647665956385,26,134,5.153846153846154,0.7589670241510453,0.5830780303573707,0,region-month,ridge/pooled_trailing
133,0.1015,0.8985,5.294593175242495,26,134,5.153846153846154,0.40754831266279296,0.4068495901086563,0,region-month,ridge/pooled_trailing
134,0.10200000000000001,0.898,5.289921583889354,26,134,5.153846153846154,0.40790822332370347,0.4072088837195425,0,region-month,ridge/pooled_trailing
135,0.10250000000000001,0.8975,5.285249992536212,27,134,4.962962962962963,0.6802872568018755,0.5442780135154782,0,region-month,ridge/pooled_trailing
136,0.10300000000000001,0.897,5.2786779592635735,27,134,4.962962962962963,0.6811342246451795,0.5449556478098969,0,region-month,ridge/pooled_trailing
137,0.10350000000000001,0.8965,5.26993169159151,27,134,4.962962962962963,0.68226467236215,0.5394853725241603,0,region-month,ridge/pooled_trailing
138,0.10400000000000001,0.896,5.26118542391945,27,134,4.962962962962963,0.6833988786230699,0.5526660119701386,0,region-month,ridge/pooled_trailing
139,0.10450000000000001,0.8955,5.2524391562473856,27,134,4.962962962962963,0.6845368622039204,0.6387430737780211,1,region-month,ridge/pooled_trailing
140,0.1,0.9,5.308607949301923,26,134,5.153846153846154,1.315259274911032,0.9962766286509569,0,region-month,ridge/pooled_trailing
141,0.1005,0.8995,5.30393635794878,26,134,5.153846153846154,1.3164177265667738,0.951804961904077,0,region-month,ridge/pooled_trailing
142,0.101,0.899,5.2992647665956385,26,134,5.153846153846154,1.3175782206993405,0.9526440299683747,0,region-month,ridge/pooled_trailing
143,0.1015,0.8985,5.294593175242495,26,134,5.153846153846154,1.3187407627151635,0.9534845787066298,0,region-month,ridge/pooled_trailing
144,0.10200000000000001,0.898,5.289921583889354,26,134,5.153846153846154,1.3199053580397702,0.9543266120416427,0,region-month,ridge/pooled_trailing
145,0.10250000000000001,0.8975,5.285249992536212,27,134,4.962962962962963,1.321072012117873,1.0565383119283978,0,region-month,ridge/pooled_trailing
146,0.10300000000000001,0.897,5.2786779592635735,27,134,4.962962962962963,0.7929906693655857,0.6045304417805254,0,region-month,ridge/pooled_trailing
147,0.10350000000000001,0.8965,5.26993169159151,27,134,4.962962962962963,0.9641869352351502,0.879246847704143,0,region-month,ridge/pooled_trailing
148,0.10400000000000001,0.896,5.26118542391945,27,134,4.962962962962963,0.9657898129788484,0.8807085198673922,0,region-month,ridge/pooled_trailing
149,0.10450000000000001,0.8955,5.2524391562473856,27,134,4.962962962962963,0.9673980288892067,0.882175059931291,0,region-month,ridge/pooled_trailing
150,0.10500000000000001,0.895,5.243692888575324,27,134,4.962962962962963,0.9690116096777621,0.8836464922542226,0,region-month,ridge/pooled_trailing
151,0.10550000000000001,0.8945,5.23494662090326,27,134,4.962962962962963,0.9706305822345667,0.7450542948584349,0,region-month,ridge/pooled_trailing
152,0.10600000000000001,0.894,5.2262003532312,27,134,4.962962962962963,0.9722549736296768,0.8979270528599624,0,region-month,ridge/pooled_trailing
153,0.10650000000000001,0.8935,5.217454085559137,28,134,4.785714285714286,0.8249797706824836,0.6730997148968006,0,region-month,ridge/pooled_trailing
154,0.10700000000000001,0.893,5.207648372652466,28,134,4.785714285714286,0.8265331618115017,0.6743671243087918,0,region-month,ridge/pooled_trailing
155,0.10750000000000001,0.8925,5.197014501851134,28,134,4.785714285714286,0.8282243725734861,0.7940984653032589,0,region-month,ridge/pooled_trailing
156,0.10800000000000001,0.892,5.186380631049807,28,134,4.785714285714286,0.8299225184673161,0.7957266413058093,0,region-month,ridge/pooled_trailing
157,0.10850000000000001,0.8915,5.175746760248476,28,134,4.785714285714286,0.8316276422388804,0.7973615076717241,0,region-month,ridge/pooled_trailing
158,0.10900000000000001,0.891,5.165112889447146,28,134,4.785714285714286,0.7646664244601472,0.6835988008657983,0,region-month,ridge/pooled_trailing
159,0.10950000000000001,0.8905,5.154479018645815,28,134,4.785714285714286,0.7662439580837026,0.685009089141695,0,region-month,ridge/pooled_trailing
160,0.11000000000000001,0.89,5.1438451478444875,28,134,4.785714285714286,0.7678280141776102,0.7607795860281503,0,region-month,ridge/pooled_trailing
161,0.11050000000000001,0.8895,5.133211277043156,29,134,4.620689655172414,0.7552925741772295,0.6807841653147365,0,region-month,ridge/pooled_trailing
162,0.11100000000000002,0.889,5.12221201926972,29,134,4.620689655172414,0.7569144628625248,0.6822460572657529,0,region-month,ridge/pooled_trailing
163,0.11150000000000002,0.8885,5.111021263504876,29,134,4.620689655172414,0.7585717529523266,0.746270993170845,0,region-month,ridge/pooled_trailing
164,0.11200000000000002,0.888,5.099830507740037,29,134,4.620689655172414,0.8803821078069775,0.8203092120804372,0,region-month,ridge/pooled_trailing
165,0.11250000000000002,0.8875,5.088639751975193,29,134,4.620689655172414,0.8823182128622395,0.8221132069575516,0,region-month,ridge/pooled_trailing
166,0.11300000000000002,0.887,5.077448996210352,29,134,4.620689655172414,0.8842628523129522,0.8838784672844099,1,region-month,ridge/pooled_trailing
167,0.10850000000000001,0.8915,5.175746760248476,28,134,4.785714285714286,1.9361528652385693,1.4018109003047705,0,region-month,ridge/pooled_trailing
168,0.10900000000000001,0.891,5.165112889447146,28,134,4.785714285714286,1.940138992911139,1.4046969313210902,0,region-month,ridge/pooled_trailing
169,0.10950000000000001,0.8905,5.154479018645815,28,134,4.785714285714286,1.944141567625792,1.4371800951470082,1,region-month,ridge/pooled_trailing
170,0.10500000000000001,0.895,5.243692888575324,27,134,4.962962962962963,1.911064803478027,1.6719440645295698,0,region-month,ridge/pooled_trailing
171,0.10550000000000001,0.8945,5.23494662090326,27,134,4.962962962962963,1.9142577079181862,1.6747374588810429,1,region-month,ridge/pooled_trailing
172,0.101,0.899,5.2992647665956385,26,134,5.153846153846154,1.8910240120049822,1.6544108640379636,0,region-month,ridge/pooled_trailing
173,0.1015,0.8985,5.294593175242495,26,134,5.153846153846154,1.4190486849993742,1.3959823043732356,0,region-month,ridge/pooled_trailing
174,0.10200000000000001,0.898,5.289921583889354,26,134,5.153846153846154,1.4203018634182603,1.397215112602777,0,region-month,ridge/pooled_trailing
175,0.10250000000000001,0.8975,5.285249992536212,27,134,4.962962962962963,1.4215572571864579,1.3984501001715264,0,region-month,ridge/pooled_trailing
176,0.10300000000000001,0.897,5.2786779592635735,27,134,4.962962962962963,1.3770552657596156,0.9579307306420258,0,region-month,ridge/pooled_trailing
177,0.10350000000000001,0.8965,5.26993169159151,27,134,4.962962962962963,1.3793407022051725,0.9595205650216363,0,region-month,ridge/pooled_trailing
178,0.10400000000000001,0.896,5.26118542391945,27,134,4.962962962962963,0.7179313793622895,0.6292645063412364,0,region-month,ridge/pooled_trailing
179,0.10450000000000001,0.8955,5.2524391562473856,27,134,4.962962962962963,0.7191268658452902,0.5795844992715165,0,region-month,ridge/pooled_trailing
180,0.10500000000000001,0.895,5.243692888575324,27,134,4.962962962962963,0.7203263403745016,0.5805512227766727,0,region-month,ridge/pooled_trailing
181,0.10550000000000001,0.8945,5.23494662090326,27,134,4.962962962962963,0.721529822938965,0.5906681791839274,0,region-month,ridge/pooled_trailing
182,0.10600000000000001,0.894,5.2262003532312,27,134,4.962962962962963,0.7227373336615297,0.5916566874023919,0,region-month,ridge/pooled_trailing
183,0.10650000000000001,0.8935,5.217454085559137,28,134,4.785714285714286,0.7239488927999788,0.5926485097880091,0,region-month,ridge/pooled_trailing
184,0.10700000000000001,0.893,5.207648372652466,28,134,4.785714285714286,0.46221681969796424,0.4530218689371383,0,region-month,ridge/pooled_trailing
185,0.10750000000000001,0.8925,5.197014501851134,28,134,4.785714285714286,0.7044928495904312,0.5838277170982606,0,region-month,ridge/pooled_trailing
186,0.10800000000000001,0.892,5.186380631049807,28,134,4.785714285714286,0.7059373031459906,0.5850247654746734,0,region-month,ridge/pooled_trailing
187,0.10850000000000001,0.8915,5.175746760248476,28,134,4.785714285714286,0.7073876921281467,0.5620862206145381,0,region-month,ridge/pooled_trailing
188,0.10900000000000001,0.891,5.165112889447146,28,134,4.785714285714286,0.7088440531962484,0.563243436802675,0,region-month,ridge/pooled_trailing
189,0.10950000000000001,0.8905,5.154479018645815,28,134,4.785714285714286,0.7103064233121639,0.5644054277458898,0,region-month,ridge/pooled_trailing
190,0.11000000000000001,0.89,5.1438451478444875,28,134,4.785714285714286,0.7117748397434049,0.6707916228052021,0,region-month,ridge/pooled_trailing
191,0.11050000000000001,0.8895,5.133211277043156,29,134,4.620689655172414,0.6311131059574738,0.40387385399621756,0,region-month,ridge/pooled_trailing
192,0.11100000000000002,0.889,5.12221201926972,29,134,4.620689655172414,0.6324683360241921,0.4081037199218772,0,region-month,ridge/pooled_trailing
193,0.11150000000000002,0.8885,5.111021263504876,29,134,4.620689655172414,0.6338531470653793,0.5441133603868932,0,region-month,ridge/pooled_trailing
194,0.11200000000000002,0.888,5.099830507740037,29,134,4.620689655172414,0.6352440355956583,0.5453073294247335,0,region-month,ridge/pooled_trailing
195,0.11250000000000002,0.8875,5.088639751975193,29,134,4.620689655172414,0.636641041711225,0.6039780826396423,0,region-month,ridge/pooled_trailing
196,0.11300000000000002,0.887,5.077448996210352,29,134,4.620689655172414,0.5725743086465076,0.5149761080214268,1,region-month,ridge/pooled_trailing
197,0.10850000000000001,0.8915,5.175746760248476,28,134,4.785714285714286,1.2343880890358094,0.8980440342258128,0,region-month,ridge/pooled_trailing
198,0.10900000000000001,0.891,5.165112889447146,28,134,4.785714285714286,1.2369294320303306,0.8998929162228305,0,region-month,ridge/pooled_trailing
199,0.10950000000000001,0.8905,5.154479018645815,28,134,4.785714285714286,1.2394812607841181,0.9017494268365182,0,region-month,ridge/pooled_trailing
200,0.11000000000000001,0.89,5.1438451478444875,28,134,4.785714285714286,1.2420436403287993,0.9554644148080013,0,region-month,ridge/pooled_trailing
201,0.11050000000000001,0.8895,5.133211277043156,29,134,4.620689655172414,1.2446166362348787,1.0030914014907053,0,region-month,ridge/pooled_trailing
202,0.11100000000000002,0.889,5.12221201926972,29,134,4.620689655172414,1.2472892821854078,1.005245404654535,0,region-month,ridge/pooled_trailing
203,0.11150000000000002,0.8885,5.111021263504876,29,134,4.620689655172414,0.764872582955572,0.7190267357347726,0,region-month,ridge/pooled_trailing
204,0.11200000000000002,0.888,5.099830507740037,29,134,4.620689655172414,0.7665509725126536,0.7206045239722021,0,region-month,ridge/pooled_trailing
205,0.11250000000000002,0.8875,5.088639751975193,29,134,4.620689655172414,0.8126717941199401,0.790454269149526,0,region-month,ridge/pooled_trailing
206,0.11300000000000002,0.887,5.077448996210352,29,134,4.620689655172414,0.814462932065739,0.7921964394157227,0,region-month,ridge/pooled_trailing
207,0.11350000000000002,0.8865,5.066258240445508,29,134,4.620689655172414,0.8162619828285885,0.6553856293774595,0,region-month,ridge/pooled_trailing
208,0.11400000000000002,0.886,5.055067484680669,29,134,4.620689655172414,0.8180689989599538,0.6568365022950565,0,region-month,ridge/pooled_trailing
209,0.11450000000000002,0.8855,5.0438767289158255,30,134,4.466666666666667,0.8198840334776826,0.6582938132623287,0,region-month,ridge/pooled_trailing
210,0.11500000000000002,0.885,5.033085064159686,30,134,4.466666666666667,0.9357419285701175,0.8786919561967227,0,region-month,ridge/pooled_trailing
211,0.11550000000000002,0.8845,5.022425729580116,30,134,4.466666666666667,0.9377278984647078,0.7182764671102401,0,region-month,ridge/pooled_trailing
212,0.11600000000000002,0.884,5.011766395000549,30,134,4.466666666666667,0.9397223161263729,0.7198041419019451,0,region-month,ridge/pooled_trailing
213,0.11650000000000002,0.8835,5.001107060420978,30,134,4.466666666666667,0.9417252355717003,0.645365849903887,0,region-month,ridge/pooled_trailing
214,0.11700000000000002,0.883,4.990447725841409,30,134,4.466666666666667,0.9437367112787801,0.7412816801406245,0,region-month,ridge/pooled_trailing
215,0.11750000000000002,0.8825,4.979788391261838,30,134,4.466666666666667,0.945756798192151,0.7428684080948063,0,region-month,ridge/pooled_trailing
216,0.11800000000000002,0.882,4.969129056682271,30,134,4.466666666666667,0.5411383352020378,0.45107229075285876,0,region-month,ridge/pooled_trailing
217,0.11850000000000002,0.8815,4.9584697221027,31,134,4.32258064516129,0.5423016325280331,0.5374499743530033,0,region-month,ridge/pooled_trailing
218,0.11900000000000002,0.881,4.9456109709786995,31,134,4.32258064516129,0.5437116346021423,0.538847361956347,0,region-month,ridge/pooled_trailing
219,0.11950000000000002,0.8805,4.932351391605945,31,134,4.32258064516129,0.5451732878791506,0.5402959386692346,0,region-month,ridge/pooled_trailing
220,0.12000000000000002,0.88,4.919091812233195,31,134,4.32258064516129,0.6119133323833417,0.5743875804352133,0,region-month,ridge/pooled_trailing
221,0.12050000000000002,0.8795,4.9058322328604405,31,134,4.32258064516129,0.6135672237140798,0.5937346770736448,0,region-month,ridge/pooled_trailing
222,0.12100000000000002,0.879,4.892572653487688,31,134,4.32258064516129,0.6872000547895313,0.6512150672018387,0,region-month,ridge/pooled_trailing
223,0.12150000000000002,0.8785,4.8793130741149335,31,134,4.32258064516129,0.9024200435183337,0.7957437854742951,0,region-month,ridge/pooled_trailing
224,0.12200000000000003,0.878,4.866053494742184,31,134,4.32258064516129,0.9048790609145708,0.867147195150273,0,region-month,ridge/pooled_trailing
225,0.12250000000000003,0.8775,4.852793915369429,32,134,4.1875,0.9073515161517364,0.891731066423044,0,region-month,ridge/pooled_trailing
226,0.12300000000000003,0.877,4.83884422165356,32,134,4.1875,0.9099672804051723,0.8943017991608042,1,region-month,ridge/pooled_trailing
227,0.11850000000000002,0.8815,4.9584697221027,31,134,4.32258064516129,1.407968894336151,1.14799138514078,0,region-month,ridge/pooled_trailing
228,0.11900000000000002,0.881,4.9456109709786995,31,134,4.32258064516129,1.4116296597519598,1.1509762004852633,1,region-month,ridge/pooled_trailing
229,0.11450000000000002,0.8855,5.0438767289158255,30,134,4.466666666666667,1.3841280244231617,1.3233875542680704,0,region-month,ridge/pooled_trailing
230,0.11500000000000002,0.885,5.033085064159686,30,134,4.466666666666667,1.3870957957659347,1.3262250892284482,0,region-month,ridge/pooled_trailing
231,0.11550000000000002,0.8845,5.022425729580116,30,134,4.466666666666667,1.390039695581895,1.3290398002296777,1,region-month,ridge/pooled_trailing
232,0.11100000000000002,0.889,5.12221201926972,29,134,4.620689655172414,1.3629602027335765,1.303148652027335,0,region-month,ridge/pooled_trailing
233,0.11150000000000002,0.8885,5.111021263504876,29,134,4.620689655172414,1.2460594304050292,1.151541265421668,0,region-month,ridge/pooled_trailing
234,0.11200000000000002,0.888,5.099830507740037,29,134,4.620689655172414,1.2487937069134294,1.1540681370568935,0,region-month,ridge/pooled_trailing
235,0.11250000000000002,0.8875,5.088639751975193,29,134,4.620689655172414,1.0616722357402144,1.0184568348848047,0,region-month,ridge/pooled_trailing
236,0.11300000000000002,0.887,5.077448996210352,29,134,4.620689655172414,1.0640121735123809,1.0207015254183256,0,region-month,ridge/pooled_trailing
237,0.11350000000000002,0.8865,5.066258240445508,29,134,4.620689655172414,1.0663624485673593,1.0229561324552452,0,region-month,ridge/pooled_trailing
238,0.11400000000000002,0.886,5.055067484680669,29,134,4.620689655172414,0.981718314150017,0.8347664324614069,0,region-month,ridge/pooled_trailing
239,0.11450000000000002,0.8855,5.0438767289158255,30,134,4.466666666666667,0.9838964343686465,0.8266815064587464,1,region-month,ridge/pooled_trailing
240,0.11000000000000001,0.89,5.1438451478444875,28,134,4.785714285714286,1.10900176199114,0.8827287727065426,0,region-month,ridge/pooled_trailing
241,0.11050000000000001,0.8895,5.133211277043156,29,134,4.620689655172414,1.1112991506663743,0.8845574182102957,0,region-month,ridge/pooled_trailing
242,0.11100000000000002,0.889,5.12221201926972,29,134,4.620689655172414,1.1136855153415566,0.8864568856711694,0,region-month,ridge/pooled_trailing
0,0.1,0.9,10.06946238714365,26,127,4.884615384615385,,,0,region-month,ridge/diversity_optimal
1,0.1005,0.8995,10.067917102925053,26,127,4.884615384615385,,,0,region-month,ridge/diversity_optimal
2,0.101,0.899,10.066371818706457,26,127,4.884615384615385,,,0,region-month,ridge/diversity_optimal
3,0.1015,0.8985,10.064826534487862,26,127,4.884615384615385,,,0,region-month,ridge/diversity_optimal
4,0.10200000000000001,0.898,10.063281250269267,26,127,4.884615384615385,,,0,region-month,ridge/diversity_optimal
5,0.10250000000000001,0.8975,10.061735966050671,27,127,4.703703703703703,,,0,region-month,ridge/diversity_optimal
6,0.10300000000000001,0.897,10.056287649687967,27,127,4.703703703703703,0.24165765467088623,0.24030685941800636,0,region-month,ridge/diversity_optimal
7,0.10350000000000001,0.8965,10.046373999940053,27,127,4.703703703703703,0.23919186334254983,0.23732183554219236,0,region-month,ridge/diversity_optimal
8,0.10400000000000001,0.896,10.036460350192142,27,127,4.703703703703703,0.2394281283476403,0.23755625340197611,0,region-month,ridge/diversity_optimal
9,0.10450000000000001,0.8955,10.026546700444229,27,127,4.703703703703703,0.2396648605621456,0.23808679524828957,0,region-month,ridge/diversity_optimal
10,0.10500000000000001,0.895,10.016633050696315,27,127,4.703703703703703,0.23990206137328346,0.23832243421856517,0,region-month,ridge/diversity_optimal
11,0.10550000000000001,0.8945,10.0067194009484,27,127,4.703703703703703,0.23697734799334935,0.23668110174238857,0,region-month,ridge/diversity_optimal
12,0.10600000000000001,0.894,9.99680575120049,27,127,4.703703703703703,0.3656589314441153,0.3014356427734412,0,region-month,ridge/diversity_optimal
13,0.10650000000000001,0.8935,9.986892101452575,28,127,4.535714285714286,0.366021908688358,0.30173486773288166,0,region-month,ridge/diversity_optimal
14,0.10700000000000001,0.893,9.981986804563244,28,127,4.535714285714286,0.36620177730221903,0.3018831447379581,0,region-month,ridge/diversity_optimal
15,0.10750000000000001,0.8925,9.980996487725335,28,127,4.535714285714286,0.3662381119293858,0.2573080198875768,0,region-month,ridge/diversity_optimal
16,0.10800000000000001,0.892,9.980006170887428,28,127,4.535714285714286,0.36627445376752865,0.35127496658723123,0,region-month,ridge/diversity_optimal
17,0.10850000000000001,0.8915,9.97901585404952,28,127,4.535714285714286,0.3663108028187945,0.3513098270904347,0,region-month,ridge/diversity_optimal
18,0.10900000000000001,0.891,9.978025537211613,28,127,4.535714285714286,0.3363422299415341,0.2794700288187215,0,region-month,ridge/diversity_optimal
19,0.10950000000000001,0.8905,9.977035220373704,28,127,4.535714285714286,0.3363756151472845,0.27949776891075456,0,region-month,ridge/diversity_optimal
20,0.11000000000000001,0.89,9.976044903535797,28,127,4.535714285714286,0.33640900698129916,0.27952551451027685,0,region-month,ridge/diversity_optimal
21,0.11050000000000001,0.8895,9.975054586697889,29,127,4.379310344827586,0.3364424054455524,0.2795532656189288,0,region-month,ridge/diversity_optimal
22,0.11100000000000002,0.889,9.963713885084664,29,127,4.379310344827586,0.22291756215546302,0.19085971917361003,0,region-month,ridge/diversity_optimal
23,0.11150000000000002,0.8885,9.94694858422172,29,127,4.379310344827586,0.22329328340962717,0.20989329670589693,0,region-month,ridge/diversity_optimal
24,0.11200000000000002,0.888,9.930183283358785,29,127,4.379310344827586,0.1968250530693124,0.18018616297011475,0,region-month,ridge/diversity_optimal
25,0.11250000000000002,0.8875,9.91341798249584,29,127,4.379310344827586,0.5599903369599833,0.3785741275830062,0,region-month,ridge/diversity_optimal
26,0.11300000000000002,0.887,9.8966526816329,29,127,4.379310344827586,0.5609389815958506,0.37921544635532534,0,region-month,ridge/diversity_optimal
27,0.11350000000000002,0.8865,9.879887380769958,29,127,4.379310344827586,0.5618908457649212,0.37985894165086853,0,region-month,ridge/diversity_optimal
28,0.11400000000000002,0.886,9.863122079907022,29,127,4.379310344827586,0.5628459458848486,0.41116777111185215,0,region-month,ridge/diversity_optimal
29,0.11450000000000002,0.8855,9.846356779044077,30,127,4.233333333333333,0.5638042984851049,0.44839143024524764,0,region-month,ridge/diversity_optimal
30,0.11500000000000002,0.885,9.832062056454676,30,127,4.233333333333333,0.5646240071072922,0.4959172409950189,0,region-month,ridge/diversity_optimal
31,0.11550000000000002,0.8845,9.818586525608604,30,127,4.233333333333333,0.42779680041107204,0.3808585686944978,0,region-month,ridge/diversity_optimal
32,0.11600000000000002,0.884,9.805110994762536,30,127,4.233333333333333,0.4283847375576141,0.42200851245605453,0,region-month,ridge/diversity_optimal
33,0.11650000000000002,0.8835,9.791635463916464,30,127,4.233333333333333,0.4289742929762382,0.4225892927299795,0,region-month,ridge/diversity_optimal
34,0.11700000000000002,0.883,9.778159933070393,30,127,4.233333333333333,0.4295654733574899,0.4231716737800319,0,region-month,ridge/diversity_optimal
35,0.11750000000000002,0.8825,9.76468440222432,30,127,4.233333333333333,0.5014418581843809,0.46580007180661426,0,region-month,ridge/diversity_optimal
36,0.11800000000000002,0.882,9.751208871378253,30,127,4.233333333333333,0.5021348179308701,0.46003230574247683,0,region-month,ridge/diversity_optimal
37,0.11850000000000002,0.8815,9.737733340532179,31,127,4.096774193548387,0.5028296955775756,0.46066891996361387,0,region-month,ridge/diversity_optimal
38,0.11900000000000002,0.881,9.734384555394374,31,127,4.096774193548387,0.5030026770949808,0.44533491613530657,0,region-month,ridge/diversity_optimal
39,0.11950000000000002,0.8805,9.732881298680038,31,127,4.096774193548387,0.5030803665405281,0.4454036987169764,0,region-month,ridge/diversity_optimal
40,0.12000000000000002,0.88,9.731378041965701,31,127,4.096774193548387,0.503158079988263,0.44547250254905435,0,region-month,ridge/diversity_optimal
41,0.12050000000000002,0.8795,9.729874785251363,31,127,4.096774193548387,0.3878468378334695,0.3146417779921964,0,region-month,ridge/diversity_optimal
42,0.12100000000000002,0.879,9.728371528537027,31,127,4.096774193548387,0.3879067690728755,0.29466084729993286,0,region-month,ridge/diversity_optimal
43,0.12150000000000002,0.8785,9.72686827182269,31,127,4.096774193548387,0.20144605356642736,0.14972755614864436,0,region-month,ridge/diversity_optimal
44,0.12200000000000003,0.878,9.725365015108354,31,127,4.096774193548387,0.5198930691138434,0.3606851301713376,0,region-month,ridge/diversity_optimal
45,0.12250000000000003,0.8775,9.723861758394017,32,127,3.96875,0.6816594280451956,0.6008164349152727,0,region-month,ridge/diversity_optimal
46,0.12300000000000003,0.877,9.722424723906533,32,127,3.96875,0.6817601815233285,0.6009052392991727,0,region-month,ridge/diversity_optimal
47,0.12350000000000003,0.8765,9.720991863088809,32,127,3.96875,0.6818606720355055,0.6009938119041788,0,region-month,ridge/diversity_optimal
48,0.12400000000000003,0.876,9.719559002271085,32,127,3.96875,0.6819611921763759,0.6010824106239943,0,region-month,ridge/diversity_optimal
49,0.12450000000000003,0.8755,9.718126141453359,32,127,3.96875,0.6820617419590456,0.630640177659612,0,region-month,ridge/diversity_optimal
50,0.12500000000000003,0.875,9.716693280635635,32,127,3.96875,0.6821623213966274,0.6307331742763161,0,region-month,ridge/diversity_optimal
51,0.12550000000000003,0.8744999999999999,9.71526041981791,32,127,3.96875,0.5793894661464378,0.4597345151611331,0,region-month,ridge/diversity_optimal
52,0.12600000000000003,0.874,9.713827559000187,33,127,3.8484848484848486,0.6295704958097798,0.604522713076203,0,region-month,ridge/diversity_optimal
53,0.12650000000000003,0.8734999999999999,9.710685907257487,33,127,3.8484848484848486,0.629774177739584,0.6047182914167215,0,region-month,ridge/diversity_optimal
54,0.12700000000000003,0.873,9.661217034882194,33,127,3.8484848484848486,0.6329988458441687,0.6078146644588642,0,region-month,ridge/diversity_optimal
55,0.12750000000000003,0.8724999999999999,9.611748162506888,33,127,3.8484848484848486,0.6362567068065406,0.5074236079379031,0,region-month,ridge/diversity_optimal
56,0.12800000000000003,0.872,9.562279290131595,33,127,3.8484848484848486,0.6395482757799985,0.5100486801554858,0,region-month,ridge/diversity_optimal
57,0.12850000000000003,0.8714999999999999,9.512810417756302,33,127,3.8484848484848486,0.6428740786335218,0.5127010543704393,0,region-month,ridge/diversity_optimal
58,0.12900000000000003,0.871,9.46334154538101,33,127,3.8484848484848486,0.3845276652479263,0.37903555779973064,0,region-month,ridge/diversity_optimal
59,0.12950000000000003,0.8704999999999999,9.413872673005704,33,127,3.8484848484848486,0.37550638037129813,0.3594365392574839,0,region-month,ridge/diversity_optimal
60,0.13000000000000003,0.87,9.364403800630411,34,127,3.735294117647059,0.377490049337543,0.36133531686961,0,region-month,ridge/diversity_optimal
61,0.13050000000000003,0.8694999999999999,9.31957640696656,34,127,3.735294117647059,0.3793057858374542,0.35451356322060407,0,region-month,ridge/diversity_optimal
62,0.13100000000000003,0.869,9.30569220471229,34,127,3.735294117647059,0.5782264966495105,0.45421989268636814,0,region-month,ridge/diversity_optimal
63,0.13150000000000003,0.8684999999999999,9.291808002458021,34,127,3.735294117647059,0.5790905064984156,0.45489860675970045,0,region-month,ridge/diversity_optimal
64,0.13200000000000003,0.868,9.277923800203753,34,127,3.735294117647059,0.5799571022895531,0.47851511083169,0,region-month,ridge/diversity_optimal
65,0.13250000000000003,0.8674999999999999,9.264039597949484,34,127,3.735294117647059,0.5808262956497338,0.4792322710413659,0,region-month,ridge/diversity_optimal
66,0.13300000000000003,0.867,9.250155395695216,34,127,3.735294117647059,0.5816980982755741,0.4799515841224204,0,region-month,ridge/diversity_optimal
67,0.13350000000000004,0.8664999999999999,9.236271193440947,34,127,3.735294117647059,0.5825725219340215,0.5454300091918062,0,region-month,ridge/diversity_optimal
68,0.13400000000000004,0.866,9.22238699118668,35,127,3.6285714285714286,0.509052717689034,0.44419827740523116,0,region-month,ridge/diversity_optimal
69,0.13450000000000004,0.8654999999999999,9.210446489804124,35,127,3.6285714285714286,0.5097126579738062,0.444774139840495,0,region-month,ridge/diversity_optimal
70,0.13500000000000004,0.865,9.205189591419037,35,127,3.6285714285714286,0.5100037446072697,0.46977090684982614,0,region-month,ridge/diversity_optimal
71,0.13550000000000004,0.8644999999999999,9.199932693033949,35,127,3.6285714285714286,0.6497624319678311,0.5800287979329831,0,region-month,ridge/diversity_optimal
72,0.13600000000000004,0.864,9.194675794648862,35,127,3.6285714285714286,0.6501339225081816,0.5803604194625788,0,region-month,ridge/diversity_optimal
73,0.13650000000000004,0.8634999999999999,9.189418896263776,35,127,3.6285714285714286,0.6505058380782415,0.5403905358657427,0,region-month,ridge/diversity_optimal
74,0.13700000000000004,0.863,9.18416199787869,35,127,3.6285714285714286,0.6508781794078558,0.5406998485864858,0,region-month,ridge/diversity_optimal
75,0.13750000000000004,0.8624999999999999,9.178905099493601,35,127,3.6285714285714286,0.6512509472285414,0.5410095156034167,0,region-month,ridge/diversity_optimal
76,0.13800000000000004,0.862,9.173648201108515,36,127,3.5277777777777777,0.6516241422734917,0.5303058593333805,0,region-month,ridge/diversity_optimal
77,0.13850000000000004,0.8614999999999999,9.169266793768507,36,127,3.5277777777777777,0.40918300545095554,0.3113878780578888,0,region-month,ridge/diversity_optimal
78,0.13900000000000004,0.861,9.16674445383286,36,127,3.5277777777777777,0.30086418252490194,0.25725785290140074,0,region-month,ridge/diversity_optimal
79,0.13950000000000004,0.8604999999999999,9.164222113897216,36,127,3.5277777777777777,0.3009469917075424,0.257328659975702,0,region-month,ridge/diversity_optimal
80,0.14000000000000004,0.86,9.16169977396157,36,127,3.5277777777777777,0.40235569407696375,0.351692770282062,0,region-month,ridge/diversity_optimal
81,0.14050000000000004,0.8594999999999999,9.159177434025924,36,127,3.5277777777777777,0.40246649855070776,0.35178962272606695,0,region-month,ridge/diversity_optimal
82,0.14100000000000004,0.859,9.15665509409028,36,127,3.5277777777777777,0.4025773640700073,0.3518865285290299,0,region-month,ridge/diversity_optimal
83,0.14150000000000004,0.8584999999999999,9.154132754154634,36,127,3.5277777777777777,0.4026882906853243,0.3519834877350586,0,region-month,ridge/diversity_optimal
84,0.14200000000000004,0.858,9.151610414218988,37,127,3.4324324324324325,0.402799278447176,0.36913918594936623,0,region-month,ridge/diversity_optimal
85,0.14250000000000004,0.8574999999999999,9.14166954652384,37,127,3.4324324324324325,0.40323729191007424,0.3810468271872989,0,region-month,ridge/diversity_optimal
86,0.14300000000000004,0.857,9.12127208732006,37,127,3.4324324324324325,0.3596588555754967,0.3481268941933396,0,region-month,ridge/diversity_optimal
87,0.14350000000000004,0.8564999999999999,9.100874628116275,37,127,3.4324324324324325,0.3604649458836982,0.3489071383360412,0,region-month,ridge/diversity_optimal
88,0.14400000000000004,0.856,9.080477168912495,37,127,3.4324324324324325,0.3612746576302601,0.3496908878007149,0,region-month,ridge/diversity_optimal
89,0.14450000000000005,0.8554999999999999,9.060079709708717,37,127,3.4324324324324325,0.36208801527461676,0.3504781662625373,0,region-month,ridge/diversity_optimal
90,0.14500000000000005,0.855,9.039682250504937,37,127,3.4324324324324325,0.3870630870568852,0.3749840652769261,0,region-month,ridge/diversity_optimal
91,0.14550000000000005,0.8544999999999999,9.019284791301152,37,127,3.4324324324324325,0.3879384451046928,0.2870477561704968,0,region-month,ridge/diversity_optimal
92,0.14600000000000005,0.854,8.998887332097372,38,127,3.3421052631578947,0.3888177714386693,0.30934238433923317,0,region-month,ridge/diversity_optimal
93,0.14650000000000005,0.8534999999999999,8.98815230280312,38,127,3.3421052631578947,0.389282157224079,0.30971184843440647,0,region-month,ridge/diversity_optimal
94,0.14700000000000005,0.853,8.986705190631204,38,127,3.3421052631578947,0.38934484259497737,0.30976172074869174,0,region-month,ridge/diversity_optimal
95,0.14750000000000005,0.8524999999999999,8.985258078459287,38,127,3.3421052631578947,0.389407548157341,0.3098116091272531,0,region-month,ridge/diversity_optimal
96,0.14800000000000005,0.852,8.98381096628737,38,127,3.3421052631578947,0.23025275323477937,0.18106709951843777,0,region-month,ridge/diversity_optimal
97,0.14850000000000005,0.8514999999999999,8.982363854115453,38,127,3.3421052631578947,0.38671071768935683,0.308500283005189,0,region-month,ridge/diversity_optimal
98,0.14900000000000005,0.851,8.980916741943537,38,127,3.3421052631578947,0.5649701114185648,0.47587157027016763,0,region-month,ridge/diversity_optimal
99,0.14950000000000005,0.8504999999999999,8.97946962977162,38,127,3.3421052631578947,0.5650611607966141,0.47594826071737667,0,region-month,ridge/diversity_optimal
100,0.15000000000000005,0.85,8.978022517599703,39,127,3.2564102564102564,0.5651522395260407,0.47602497588710774,0,region-month,ridge/diversity_optimal
101,0.15050000000000005,0.8494999999999999,8.970672105283139,39,127,3.2564102564102564,0.5656153154175002,0.4764150224527036,0,region-month,ridge/diversity_optimal
102,0.15100000000000005,0.849,8.959463326858968,39,127,3.2564102564102564,0.5663229310985451,0.47701104369078495,0,region-month,ridge/diversity_optimal
103,0.15150000000000005,0.8484999999999999,8.948254548434793,39,127,3.2564102564102564,0.5670323195291999,0.4518360328945143,0,region-month,ridge/diversity_optimal
104,0.15200000000000005,0.848,8.937045770010622,39,127,3.2564102564102564,0.3370619574045067,0.3088517813724594,0,region-month,ridge/diversity_optimal
105,0.15250000000000005,0.8474999999999999,8.92583699158645,39,127,3.2564102564102564,0.5900717554449175,0.43553289073427365,0,region-month,ridge/diversity_optimal
106,0.15300000000000005,0.847,8.914628213162278,39,127,3.2564102564102564,0.5908136802232701,0.553631689159145,0,region-month,ridge/diversity_optimal
107,0.15350000000000005,0.8464999999999999,8.903419434738103,39,127,3.2564102564102564,0.5915574730637776,0.5543286724898612,0,region-month,ridge/diversity_optimal
108,0.15400000000000005,0.846,8.892210656313932,40,127,3.175,0.5923031410306094,0.5550274129385809,0,region-month,ridge/diversity_optimal
109,0.15450000000000005,0.8454999999999999,8.887563691300908,40,127,3.175,0.59261283354805,0.5553176154123723,0,region-month,ridge/diversity_optimal
110,0.15500000000000005,0.845,8.88573422809154,40,127,3.175,0.5927348452297576,0.5554319484681259,0,region-month,ridge/diversity_optimal
111,0.15550000000000005,0.8444999999999999,8.883904764882171,40,127,3.175,0.5182357500630037,0.50134985054582,0,region-month,ridge/diversity_optimal
112,0.15600000000000006,0.844,8.882075301672803,40,127,3.175,0.4845637372772966,0.4400644374277652,0,region-month,ridge/diversity_optimal
113,0.15650000000000006,0.8434999999999999,8.880245838463434,40,127,3.175,0.4846635646408706,0.43908726001454174,0,region-month,ridge/diversity_optimal
114,0.15700000000000006,0.843,8.878416375254066,40,127,3.175,0.6124686705197584,0.5486160518322665,0,region-month,ridge/diversity_optimal
115,0.15750000000000006,0.8424999999999999,8.876586912044695,41,127,3.097560975609756,0.612594900219384,0.5487291215169146,0,region-month,ridge/diversity_optimal
116,0.15800000000000006,0.842,8.874757448835327,41,127,3.097560975609756,0.6127211819615791,0.5316138003329551,0,region-month,ridge/diversity_optimal
117,0.15850000000000006,0.8414999999999999,8.873723682166423,41,127,3.097560975609756,0.6730890038998905,0.6429407831752099,0,region-month,ridge/diversity_optimal
118,0.15900000000000006,0.841,8.872895767338834,41,127,3.097560975609756,0.6731518086911591,0.6430007748872293,0,region-month,ridge/diversity_optimal
119,0.15950000000000006,0.8404999999999999,8.872067852511243,41,127,3.097560975609756,0.6732146252039383,0.643060777795743,0,region-month,ridge/diversity_optimal
120,0.16000000000000006,0.84,8.871239937683654,41,127,3.097560975609756,0.6732774534415095,0.636130412781595,0,region-month,ridge/diversity_optimal
121,0.16050000000000006,0.8394999999999999,8.870412022856064,41,127,3.097560975609756,0.673340293407156,0.6361897856494693,0,region-month,ridge/diversity_optimal
122,0.16100000000000006,0.839,8.869584108028475,41,127,3.097560975609756,0.7326002082698799,0.7030016766870208,0,region-month,ridge/diversity_optimal
123,0.16150000000000006,0.8384999999999999,8.868756193200884,42,127,3.0238095238095237,0.7326685978570903,0.6659098593012601,0,region-month,ridge/diversity_optimal
124,0.16200000000000006,0.838,8.867928278373293,42,127,3.0238095238095237,0.7327370002140823,0.6659720290244522,0,region-month,ridge/diversity_optimal
125,0.16250000000000006,0.8374999999999999,8.86353273620221,42,127,3.0238095238095237,0.7331003741058036,0.5905079823302488,0,region-month,ridge/diversity_optimal
126,0.16300000000000006,0.837,8.858693222628379,42,127,3.0238095238095237,0.7335008676235613,0.5908305774720066,0,region-month,ridge/diversity_optimal
127,0.16350000000000006,0.8364999999999999,8.853853709054546,42,127,3.0238095238095237,0.7339017989605735,0.5940817818201679,0,region-month,ridge/diversity_optimal
128,0.16400000000000006,0.836,8.849014195480716,42,127,3.0238095238095237,0.45451019980797813,0.4515803418029371,0,region-month,ridge/diversity_optimal
129,0.16450000000000006,0.8354999999999999,8.844174681906885,42,127,3.0238095238095237,0.45475890682254166,0.45182744560543225,0,region-month,ridge/diversity_optimal
130,0.16500000000000006,0.835,8.839335168333054,42,127,3.0238095238095237,0.4550078861700239,0.4158480941844173,0,region-month,ridge/diversity_optimal
131,0.16550000000000006,0.8344999999999999,8.834495654759223,43,127,2.953488372093023,0.4552571382979746,0.3497522646676777,0,region-month,ridge/diversity_optimal
132,0.16600000000000006,0.834,8.829656141185392,43,127,2.953488372093023,0.45550666365492476,0.3499439630538065,0,region-month,ridge/diversity_optimal
133,0.16650000000000006,0.8334999999999999,8.80542424973686,43,127,2.953488372093023,0.24505378203333034,0.24463364876529042,0,region-month,ridge/diversity_optimal
134,0.16700000000000007,0.833,8.780880834145767,43,127,2.953488372093023,0.2457387311777516,0.245317423596383,0,region-month,ridge/diversity_optimal
135,0.16750000000000007,0.8324999999999999,8.756337418554669,43,127,2.953488372093023,0.4106155401590347,0.3285215301062631,0,region-month,ridge/diversity_optimal
136,0.16800000000000007,0.832,8.731794002963575,43,127,2.953488372093023,0.41176970250492423,0.3294449417718708,0,region-month,ridge/diversity_optimal
137,0.16850000000000007,0.8314999999999999,8.707250587372483,43,127,2.953488372093023,0.41293037140206784,0.32651536019167776,0,region-month,ridge/diversity_optimal
138,0.16900000000000007,0.831,8.68270717178139,43,127,2.953488372093023,0.4140976020266872,0.33488154200603215,0,region-month,ridge/diversity_optimal
139,0.16950000000000007,0.8304999999999999,8.65816375619029,44,127,2.8863636363636362,0.41527145018063927,0.3874908382386288,0,region-month,ridge/diversity_optimal
140,0.17000000000000007,0.83,8.634391287427295,44,127,2.8863636363636362,0.8086494588625718,0.612532123516498,0,region-month,ridge/diversity_optimal
141,0.17050000000000007,0.8294999999999999,8.61960034921163,44,127,2.8863636363636362,0.8100370735662235,0.5856783074148929,0,region-month,ridge/diversity_optimal
142,0.17100000000000007,0.829,8.604809410995966,44,127,2.8863636363636362,0.8114294586540565,0.5866850387956204,0,region-month,ridge/diversity_optimal
143,0.17150000000000007,0.8284999999999999,8.590018472780297,44,127,2.8863636363636362,0.8128266387680873,0.5876952371075775,0,region-month,ridge/diversity_optimal
144,0.17200000000000007,0.828,8.575227534564632,44,127,2.8863636363636362,0.8142286387203457,0.5887089202905206,0,region-month,ridge/diversity_optimal
145,0.17250000000000007,0.8274999999999999,8.560436596348968,44,127,2.8863636363636362,0.8156354834943463,0.6523112509957022,0,region-month,ridge/diversity_optimal
146,0.17300000000000007,0.827,8.545645658133303,44,127,2.8863636363636362,0.489833364936893,0.373420762618865,0,region-month,ridge/diversity_optimal
147,0.17350000000000007,0.8264999999999999,8.530854719917635,45,127,2.8222222222222224,0.5956260484369458,0.5431543473164122,0,region-month,ridge/diversity_optimal
148,0.17400000000000007,0.826,8.517618098583954,45,127,2.8222222222222224,0.5965516682955008,0.5439984246556351,0,region-month,ridge/diversity_optimal
149,0.17450000000000007,0.8254999999999999,8.511764482439686,45,127,2.8222222222222224,0.5969619221839428,0.5443725372109801,0,region-month,ridge/diversity_optimal
150,0.17500000000000007,0.825,8.505910866295416,45,127,2.8222222222222224,0.5973727407312024,0.5447471646815009,0,region-month,ridge/diversity_optimal
151,0.17550000000000007,0.8244999999999999,8.500057250151148,45,127,2.8222222222222224,0.5977841251038462,0.45885802277264304,0,region-month,ridge/diversity_optimal
152,0.17600000000000007,0.824,8.49420363400688,45,127,2.8222222222222224,0.5981960764716573,0.552464584442618,0,region-month,ridge/diversity_optimal
153,0.17650000000000007,0.8234999999999999,8.48835001786261,45,127,2.8222222222222224,0.5070825385373067,0.4137278564251879,0,region-month,ridge/diversity_optimal
154,0.17700000000000007,0.823,8.482496401718342,45,127,2.8222222222222224,0.5074324669538347,0.4140133624772993,0,region-month,ridge/diversity_optimal
155,0.17750000000000007,0.8224999999999999,8.476642785574073,46,127,2.760869565217391,0.507782878662317,0.48686034606792417,0,region-month,ridge/diversity_optimal
156,0.17800000000000007,0.822,8.471861702289818,46,127,2.760869565217391,0.5080694452185849,0.4871351050222309,0,region-month,ridge/diversity_optimal
157,0.17850000000000008,0.8214999999999999,8.46999853928648,46,127,2.760869565217391,0.5081812062996602,0.4872422611334267,0,region-month,ridge/diversity_optimal
158,0.17900000000000008,0.821,8.468135376283144,46,127,2.760869565217391,0.46640591223520717,0.41695896684074085,0,region-month,ridge/diversity_optimal
159,0.17950000000000008,0.8204999999999999,8.466272213279806,46,127,2.760869565217391,0.4665085536597117,0.41705072653158903,0,region-month,ridge/diversity_optimal
160,0.18000000000000008,0.82,8.46440905027647,46,127,2.760869565217391,0.4666112402705259,0.4623278906921705,0,region-month,ridge/diversity_optimal
161,0.18050000000000008,0.8194999999999999,8.462545887273134,46,127,2.760869565217391,0.4581453868467956,0.41295007450199805,0,region-month,ridge/diversity_optimal
162,0.18100000000000008,0.819,8.460682724269796,46,127,2.760869565217391,0.45824627699511356,0.41304101199795573,0,region-month,ridge/diversity_optimal
163,0.18150000000000008,0.8184999999999999,8.45881956126646,47,127,2.702127659574468,0.458347211588118,0.45091479807639084,0,region-month,ridge/diversity_optimal
164,0.18200000000000008,0.818,8.449920803293463,47,127,2.702127659574468,0.5313422026526623,0.4950860538145468,0,region-month,ridge/diversity_optimal
165,0.18250000000000008,0.8174999999999999,8.42870975412357,47,127,2.702127659574468,0.5326793379812327,0.49633194967964656,0,region-month,ridge/diversity_optimal
166,0.18300000000000008,0.817,8.407498704953678,47,127,2.702127659574468,0.5340232201543038,0.5337910826963247,1,region-month,ridge/diversity_optimal
167,0.17850000000000008,0.8214999999999999,8.46999853928648,46,127,2.760869565217391,1.1831214460219386,0.8566020633983035,0,region-month,ridge/diversity_optimal
168,0.17900000000000008,0.821,8.468135376283144,46,127,2.760869565217391,1.1833817569414897,0.8567905333745365,0,region-month,ridge/diversity_optimal
169,0.17950000000000008,0.8204999999999999,8.466272213279806,46,127,2.760869565217391,1.1836421824337033,0.8749913137485626,0,region-month,ridge/diversity_optimal
170,0.18000000000000008,0.82,8.46440905027647,46,127,2.760869565217391,1.1839027225742373,1.0357676654323633,0,region-month,ridge/diversity_optimal
171,0.18050000000000008,0.8194999999999999,8.462545887273134,46,127,2.760869565217391,1.1841633774388176,1.035995706026765,0,region-month,ridge/diversity_optimal
172,0.18100000000000008,0.819,8.460682724269796,46,127,2.760869565217391,1.184424147103235,1.0362238470567495,0,region-month,ridge/diversity_optimal
173,0.18150000000000008,0.8184999999999999,8.45881956126646,47,127,2.702127659574468,0.8882191455340172,0.8737813034029558,0,region-month,ridge/diversity_optimal
174,0.18200000000000008,0.818,8.449920803293463,47,127,2.702127659574468,0.8891545445024913,0.87470149762978,0,region-month,ridge/diversity_optimal
175,0.18250000000000008,0.8174999999999999,8.42870975412357,47,127,2.702127659574468,0.8913921231252275,0.876902704815272,0,region-month,ridge/diversity_optimal
176,0.18300000000000008,0.817,8.407498704953678,47,127,2.702127659574468,0.8645890454636919,0.6014402156686592,0,region-month,ridge/diversity_optimal
177,0.18350000000000008,0.8164999999999999,8.38628765578378,47,127,2.702127659574468,0.8667758105149046,0.6029614105657247,0,region-month,ridge/diversity_optimal
178,0.18400000000000008,0.816,8.365076606613888,47,127,2.702127659574468,0.451540408546746,0.3957736915325771,0,region-month,ridge/diversity_optimal
179,0.18450000000000008,0.8154999999999999,8.343865557443996,47,127,2.702127659574468,0.452688275292913,0.36484676045766695,0,region-month,ridge/diversity_optimal
180,0.18500000000000008,0.815,8.322654508274104,47,127,2.702127659574468,0.45384199292667105,0.36577660592558225,0,region-month,ridge/diversity_optimal
181,0.18550000000000008,0.8144999999999999,8.301443459104208,48,127,2.6458333333333335,0.45500160629689446,0.37247936505582685,0,region-month,ridge/diversity_optimal
182,0.18600000000000008,0.814,8.289420969462737,48,127,2.6458333333333335,0.45566151392116744,0.37301958726489814,0,region-month,ridge/diversity_optimal
183,0.18650000000000008,0.8134999999999999,8.288250485471204,48,127,2.6458333333333335,0.45572586338895166,0.3730722658677212,0,region-month,ridge/diversity_optimal
184,0.18700000000000008,0.813,8.287080001479673,48,127,2.6458333333333335,0.2904596876683846,0.28468152812875364,0,region-month,ridge/diversity_optimal
185,0.18750000000000008,0.8124999999999999,8.28590951748814,48,127,2.6458333333333335,0.44186574184095195,0.366183230210086,0,region-month,ridge/diversity_optimal
186,0.18800000000000008,0.8119999999999999,8.284739033496608,48,127,2.6458333333333335,0.44192816948956465,0.36623496528673655,0,region-month,ridge/diversity_optimal
187,0.18850000000000008,0.8114999999999999,8.283568549505077,48,127,2.6458333333333335,0.4419906147804683,0.35120321850898717,0,region-month,ridge/diversity_optimal
188,0.18900000000000008,0.8109999999999999,8.282398065513544,49,127,2.5918367346938775,0.4420530777211428,0.3512528512049513,0,region-month,ridge/diversity_optimal
189,0.18950000000000009,0.8104999999999999,8.281227581522012,49,127,2.5918367346938775,0.4421155583190718,0.3513024979312691,0,region-month,ridge/diversity_optimal
190,0.19000000000000009,0.8099999999999999,8.274696028181333,49,127,2.5918367346938775,0.4424645380691521,0.41698791380734634,0,region-month,ridge/diversity_optimal
191,0.19050000000000009,0.8094999999999999,8.263837326008849,49,127,2.5918367346938775,0.39202573632403176,0.250872535366997,0,region-month,ridge/diversity_optimal
192,0.1910000000000001,0.8089999999999999,8.252978623836364,49,127,2.5918367346938775,0.3925415368499651,0.25328961512816955,0,region-month,ridge/diversity_optimal
193,0.1915000000000001,0.8084999999999999,8.242119921663877,49,127,2.5918367346938775,0.3930586964738843,0.3374101543202363,0,region-month,ridge/diversity_optimal
194,0.1920000000000001,0.8079999999999999,8.231261219491392,49,127,2.5918367346938775,0.39357722057456623,0.3378552667128621,0,region-month,ridge/diversity_optimal
195,0.1925000000000001,0.8074999999999999,8.220402517318906,49,127,2.5918367346938775,0.39409711455920876,0.3738779061203737,0,region-month,ridge/diversity_optimal
196,0.1930000000000001,0.8069999999999999,8.209543815146423,50,127,2.54,0.35412647939454284,0.3185030717445621,0,region-month,ridge/diversity_optimal
197,0.1935000000000001,0.8064999999999999,8.198685112973935,50,127,2.54,0.7792566813678906,0.5669260907885656,0,region-month,ridge/diversity_optimal
198,0.1940000000000001,0.8059999999999999,8.19350665443182,50,127,2.54,0.7797491870297915,0.5672843993103515,0,region-month,ridge/diversity_optimal
199,0.1945000000000001,0.8054999999999999,8.191410767128131,50,127,2.54,0.7799486967928368,0.5674295469783046,0,region-month,ridge/diversity_optimal
200,0.1950000000000001,0.8049999999999999,8.189314879824444,50,127,2.54,0.780148308676752,0.6001431213930278,0,region-month,ridge/diversity_optimal
201,0.1955000000000001,0.8044999999999999,8.187218992520757,50,127,2.54,0.7803480227599642,0.6289168640463794,0,region-month,ridge/diversity_optimal
202,0.1960000000000001,0.8039999999999999,8.18512310521707,50,127,2.54,0.780547839120981,0.6290779048582872,0,region-month,ridge/diversity_optimal
203,0.1965000000000001,0.8034999999999999,8.18302721791338,50,127,2.54,0.4777302984890556,0.44909552877009923,0,region-month,ridge/diversity_optimal
204,0.1970000000000001,0.8029999999999999,8.180931330609695,51,127,2.4901960784313726,0.47785268906131756,0.44921058334993286,0,region-month,ridge/diversity_optimal
205,0.1975000000000001,0.8024999999999999,8.178835443306006,51,127,2.4901960784313726,0.5056213718362988,0.4917982570984321,0,region-month,ridge/diversity_optimal
206,0.1980000000000001,0.8019999999999999,8.174266076941558,51,127,2.4901960784313726,0.5059040111910579,0.49207316941385315,0,region-month,ridge/diversity_optimal
207,0.1985000000000001,0.8014999999999999,8.168841518348653,51,127,2.4901960784313726,0.5062399591886935,0.40646557263291544,0,region-month,ridge/diversity_optimal
208,0.1990000000000001,0.8009999999999999,8.163416959755754,51,127,2.4901960784313726,0.5065763536585857,0.4067356674137668,0,region-month,ridge/diversity_optimal
209,0.1995000000000001,0.8004999999999999,8.157992401162849,51,127,2.4901960784313726,0.5069131954913642,0.40700612138714826,0,region-month,ridge/diversity_optimal
210,0.2000000000000001,0.7999999999999999,8.152567842569947,51,127,2.4901960784313726,0.5776914483314011,0.5424709669557144,0,region-month,ridge/diversity_optimal
211,0.2005000000000001,0.7994999999999999,8.147143283977043,51,127,2.4901960784313726,0.5780760888122254,0.442792041777541,0,region-month,ridge/diversity_optimal
212,0.2010000000000001,0.7989999999999999,8.141718725384141,52,127,2.4423076923076925,0.5784612418395758,0.44308705950734834,0,region-month,ridge/diversity_optimal
213,0.2015000000000001,0.7984999999999999,8.136294166791238,52,127,2.4423076923076925,0.5788469084386142,0.3966847366067863,0,region-month,ridge/diversity_optimal
214,0.2020000000000001,0.7979999999999999,8.121163218220287,52,127,2.4423076923076925,0.579925387292775,0.45551694695238093,0,region-month,ridge/diversity_optimal
215,0.2025000000000001,0.7974999999999999,8.10415509045547,52,127,2.4423076923076925,0.5811424722289644,0.45647293685463863,0,region-month,ridge/diversity_optimal
216,0.2030000000000001,0.7969999999999999,8.087146962690657,52,127,2.4423076923076925,0.33250121922385223,0.2771603430709167,0,region-month,ridge/diversity_optimal
217,0.2035000000000001,0.7964999999999999,8.070138834925839,52,127,2.4423076923076925,0.3332019783228212,0.3302210134776113,0,region-month,ridge/diversity_optimal
218,0.2040000000000001,0.7959999999999999,8.053130707161023,52,127,2.4423076923076925,0.333905697413555,0.33091843680179256,0,region-month,ridge/diversity_optimal
219,0.2045000000000001,0.7954999999999999,8.036122579396205,52,127,2.4423076923076925,0.33461239529016173,0.3316188122623771,0,region-month,ridge/diversity_optimal
220,0.2050000000000001,0.7949999999999999,8.019114451631392,53,127,2.3962264150943398,0.37536038190736454,0.3523413041439366,0,region-month,ridge/diversity_optimal
221,0.2055000000000001,0.7944999999999999,8.002106323866574,53,127,2.3962264150943398,0.37615819401769485,0.36399950196455777,0,region-month,ridge/diversity_optimal
222,0.2060000000000001,0.7939999999999999,7.994037799907991,53,127,2.3962264150943398,0.4205854762879904,0.3985616667171044,0,region-month,ridge/diversity_optimal
223,0.2065000000000001,0.7934999999999999,7.986613230460871,53,127,2.3962264150943398,0.5513212909683226,0.4861488773867149,0,region-month,ridge/diversity_optimal
224,0.2070000000000001,0.7929999999999999,7.979188661013755,53,127,2.3962264150943398,0.5518342908968076,0.5288237712731023,0,region-month,ridge/diversity_optimal
225,0.2075000000000001,0.7924999999999999,7.971764091566634,53,127,2.3962264150943398,0.5523482463988778,0.5428393318690405,0,region-month,ridge/diversity_optimal
226,0.2080000000000001,0.7919999999999999,7.9643395221195155,53,127,2.3962264150943398,0.5528631601469661,0.543345381153717,0,region-month,ridge/diversity_optimal
227,0.2085000000000001,0.7914999999999999,7.9569149526723955,53,127,2.3962264150943398,0.8773967264641266,0.7153878806438038,0,region-month,ridge/diversity_optimal
228,0.2090000000000001,0.7909999999999999,7.949490383225279,54,127,2.3518518518518516,0.8782161869092957,0.7160560300150733,0,region-month,ridge/diversity_optimal
229,0.2095000000000001,0.7904999999999999,7.941736615209967,54,127,2.3518518518518516,0.8790736170798639,0.8404967341180294,0,region-month,ridge/diversity_optimal
230,0.2100000000000001,0.7899999999999999,7.922413868941179,54,127,2.3518518518518516,0.881217675284272,0.8425467034079168,0,region-month,ridge/diversity_optimal
231,0.2105000000000001,0.7894999999999999,7.903091122672387,54,127,2.3518518518518516,0.88337221776427,0.8446066968860197,0,region-month,ridge/diversity_optimal
232,0.2110000000000001,0.7889999999999999,7.883768376403603,54,127,2.3518518518518516,0.8855373216092587,0.8466767882587813,0,region-month,ridge/diversity_optimal
233,0.2115000000000001,0.7884999999999999,7.864445630134812,54,127,2.3518518518518516,0.8098010392477858,0.7483746687524072,0,region-month,ridge/diversity_optimal
234,0.2120000000000001,0.7879999999999999,7.845122883866024,54,127,2.3518518518518516,0.8117956007404765,0.7502179354612093,0,region-month,ridge/diversity_optimal
235,0.2125000000000001,0.7874999999999999,7.8258001375972315,54,127,2.3518518518518516,0.6903405974299214,0.6622402622790291,0,region-month,ridge/diversity_optimal
236,0.2130000000000001,0.7869999999999999,7.806477391328448,55,127,2.309090909090909,0.6920493420447454,0.6638794523919993,0,region-month,ridge/diversity_optimal
237,0.2135000000000001,0.7864999999999999,7.788831252520175,55,127,2.309090909090909,0.6936172279516258,0.6653835174550444,0,region-month,ridge/diversity_optimal
238,0.2140000000000001,0.7859999999999999,7.783191786493661,55,127,2.309090909090909,0.637611466492072,0.5421684015754629,0,region-month,ridge/diversity_optimal
239,0.2145000000000001,0.7854999999999999,7.777552320467145,55,127,2.309090909090909,0.6380737955199252,0.5361172051108625,0,region-month,ridge/diversity_optimal
240,0.2150000000000001,0.7849999999999999,7.7719128544406315,55,127,2.309090909090909,0.733993476150433,0.5842345635353976,0,region-month,ridge/diversity_optimal
241,0.2155000000000001,0.7844999999999999,7.766273388414116,55,127,2.309090909090909,0.734526464247222,0.5846588044560802,0,region-month,ridge/diversity_optimal
242,0.2160000000000001,0.7839999999999999,7.760633922387602,55,127,2.309090909090909,0.7350602269632739,0.5850836619481107,0,region-month,ridge/diversity_optimal
0,0.1,0.9,5.980513197260564,26,128,4.923076923076923,,,0,region-month,gradboost/pooled_trailing
1,0.1005,0.8995,5.974744151479578,26,128,4.923076923076923,,,0,region-month,gradboost/pooled_trailing
2,0.101,0.899,5.9689751056985925,26,128,4.923076923076923,,,0,region-month,gradboost/pooled_trailing
3,0.1015,0.8985,5.963206059917606,26,128,4.923076923076923,,,0,region-month,gradboost/pooled_trailing
4,0.10200000000000001,0.898,5.957437014136623,26,128,4.923076923076923,,,0,region-month,gradboost/pooled_trailing
5,0.10250000000000001,0.8975,5.951667968355637,27,128,4.7407407407407405,,,0,region-month,gradboost/pooled_trailing
6,0.10300000000000001,0.897,5.931572651903248,27,128,4.7407407407407405,0.453886431287746,0.3875562045158039,0,region-month,gradboost/pooled_trailing
7,0.10350000000000001,0.8965,5.8950871105301745,27,128,4.7407407407407405,0.4566955996438581,0.3905998427011118,0,region-month,gradboost/pooled_trailing
8,0.10400000000000001,0.896,5.858601569157118,27,128,4.7407407407407405,0.45953975724682955,0.39303237656656653,0,region-month,gradboost/pooled_trailing
9,0.10450000000000001,0.8955,5.822116027784045,27,128,4.7407407407407405,0.462419561899569,0.4038614198614552,0,region-month,gradboost/pooled_trailing
10,0.10500000000000001,0.895,5.78563048641098,27,128,4.7407407407407405,0.4653356879980173,0.40640826459651885,0,region-month,gradboost/pooled_trailing
11,0.10550000000000001,0.8945,5.749144945037908,27,128,4.7407407407407405,0.5255629314386987,0.43762448737571036,0,region-month,gradboost/pooled_trailing
12,0.10600000000000001,0.894,5.712659403664851,27,128,4.7407407407407405,0.5289195901722562,0.49209188680530375,0,region-month,gradboost/pooled_trailing
13,0.10650000000000001,0.8935,5.676173862291778,28,128,4.571428571428571,0.5323194010410635,0.4952549750635164,0,region-month,gradboost/pooled_trailing
14,0.10700000000000001,0.893,5.646594697864712,28,128,4.571428571428571,0.5351079070227421,0.49784932247546465,1,region-month,gradboost/pooled_trailing
15,0.10250000000000001,0.8975,5.951667968355637,27,128,4.7407407407407405,1.1226857748362014,0.815182440182576,0,region-month,gradboost/pooled_trailing
16,0.10300000000000001,0.897,5.931572651903248,27,128,4.7407407407407405,1.1264892730391087,0.817944161240927,0,region-month,gradboost/pooled_trailing
17,0.10350000000000001,0.8965,5.8950871105301745,27,128,4.7407407407407405,1.1334612770497663,0.8197745939838676,0,region-month,gradboost/pooled_trailing
18,0.10400000000000001,0.896,5.858601569157118,27,128,4.7407407407407405,1.1405201199887147,0.8248798942013873,0,region-month,gradboost/pooled_trailing
19,0.10450000000000001,0.8955,5.822116027784045,27,128,4.7407407407407405,1.147667434440383,0.8300491813409904,0,region-month,gradboost/pooled_trailing
20,0.10500000000000001,0.895,5.78563048641098,27,128,4.7407407407407405,1.1549048941710283,0.83528366595224,0,region-month,gradboost/pooled_trailing
21,0.10550000000000001,0.8945,5.749144945037908,27,128,4.7407407407407405,0.5189349631935554,0.46842012630901364,0,region-month,gradboost/pooled_trailing
22,0.10600000000000001,0.894,5.712659403664851,27,128,4.7407407407407405,0.42057436168135,0.3765294987302342,0,region-month,gradboost/pooled_trailing
23,0.10650000000000001,0.8935,5.676173862291778,28,128,4.571428571428571,0.42327774668079804,0.3789497703669733,0,region-month,gradboost/pooled_trailing
24,0.10700000000000001,0.893,5.646594697864712,28,128,4.571428571428571,0.42549504803450133,0.34466876589709905,0,region-month,gradboost/pooled_trailing
25,0.10750000000000001,0.8925,5.622414180205288,28,128,4.571428571428571,0.8192280790609511,0.623276534429738,0,region-month,gradboost/pooled_trailing
26,0.10800000000000001,0.892,5.598233662545874,28,128,4.571428571428571,0.8227665807075245,0.6259686602243986,0,region-month,gradboost/pooled_trailing
27,0.10850000000000001,0.8915,5.57405314488645,28,128,4.571428571428571,0.8263357827436826,0.546805975827108,0,region-month,gradboost/pooled_trailing
28,0.10900000000000001,0.891,5.549872627227031,28,128,4.571428571428571,0.8299360864496123,0.5491883821349388,0,region-month,gradboost/pooled_trailing
29,0.10950000000000001,0.8905,5.525692109567606,28,128,4.571428571428571,0.8335679001295386,0.7563521741285195,0,region-month,gradboost/pooled_trailing
30,0.11000000000000001,0.89,5.5015115919081925,28,128,4.571428571428571,0.8372316392660787,0.7596765308617036,0,region-month,gradboost/pooled_trailing
31,0.11050000000000001,0.8895,5.477331074248768,29,128,4.413793103448276,0.6851327520406629,0.5308822369943034,0,region-month,gradboost/pooled_trailing
32,0.11100000000000002,0.889,5.46426942482043,29,128,4.413793103448276,0.6867704757916878,0.6429344582417855,0,region-month,gradboost/pooled_trailing
33,0.11150000000000002,0.8885,5.45703513404332,29,128,4.413793103448276,0.6876809147382904,0.6437867845888396,0,region-month,gradboost/pooled_trailing
34,0.11200000000000002,0.888,5.449800843266212,29,128,4.413793103448276,0.6885937707934306,0.6446413737623008,0,region-month,gradboost/pooled_trailing
35,0.11250000000000002,0.8875,5.442566552489102,29,128,4.413793103448276,0.7385525694837646,0.670019992729531,0,region-month,gradboost/pooled_trailing
36,0.11300000000000002,0.887,5.435332261711993,29,128,4.413793103448276,0.7395355644111333,0.6709117725178664,0,region-month,gradboost/pooled_trailing
37,0.11350000000000002,0.8865,5.428097970934882,29,128,4.413793103448276,0.7405211795090206,0.6718059293429957,0,region-month,gradboost/pooled_trailing
38,0.11400000000000002,0.886,5.420863680157775,29,128,4.413793103448276,0.7415094252674933,0.5999163309161339,0,region-month,gradboost/pooled_trailing
39,0.11450000000000002,0.8855,5.413629389380665,30,128,4.266666666666667,0.7425003122326919,0.600718005516966,0,region-month,gradboost/pooled_trailing
40,0.11500000000000002,0.885,5.4077737685027,30,128,4.266666666666667,0.7433043030274858,0.6013684722423609,0,region-month,gradboost/pooled_trailing
41,0.11550000000000002,0.8845,5.402375285538662,30,128,4.266666666666667,0.4598917430851197,0.37565884537388333,0,region-month,gradboost/pooled_trailing
42,0.11600000000000002,0.884,5.396976802574626,30,128,4.266666666666667,0.4603517631725067,0.3173777617319582,0,region-month,gradboost/pooled_trailing
43,0.11650000000000002,0.8835,5.391578319610587,30,128,4.266666666666667,0.5578370189576987,0.36620770317848816,0,region-month,gradboost/pooled_trailing
44,0.11700000000000002,0.883,5.38617983664655,30,128,4.266666666666667,0.5767878099665293,0.5675919700780501,0,region-month,gradboost/pooled_trailing
45,0.11750000000000002,0.8825,5.3807813536825115,30,128,4.266666666666667,0.9487810540464756,0.7630737746652446,0,region-month,gradboost/pooled_trailing
46,0.11800000000000002,0.882,5.375382870718475,30,128,4.266666666666667,0.9497339123786275,0.7638401276622141,0,region-month,gradboost/pooled_trailing
47,0.11850000000000002,0.8815,5.369984387754437,31,128,4.129032258064516,0.9506886865411067,0.7646080214992681,0,region-month,gradboost/pooled_trailing
48,0.11900000000000002,0.881,5.364298129240349,31,128,4.129032258064516,0.9516964347139059,0.7654185206116294,0,region-month,gradboost/pooled_trailing
49,0.11950000000000002,0.8805,5.358559425649381,31,128,4.129032258064516,0.9527156459073587,0.8370325487704524,0,region-month,gradboost/pooled_trailing
50,0.12000000000000002,0.88,5.352820722058415,31,128,4.129032258064516,0.953737042472315,0.8379299226865243,0,region-month,gradboost/pooled_trailing
51,0.12050000000000002,0.8795,5.3470820184674475,31,128,4.129032258064516,0.722897814151321,0.6513501875170385,1,region-month,gradboost/pooled_trailing
52,0.11600000000000002,0.884,5.396976802574626,30,128,4.266666666666667,1.1587379808760208,0.9374763202114094,0,region-month,gradboost/pooled_trailing
53,0.11650000000000002,0.8835,5.391578319610587,30,128,4.266666666666667,1.159898202777424,0.9899991094806148,0,region-month,gradboost/pooled_trailing
54,0.11700000000000002,0.883,5.38617983664655,30,128,4.266666666666667,1.1610607504229944,0.9909913699488933,1,region-month,gradboost/pooled_trailing
55,0.11250000000000002,0.8875,5.442566552489102,29,128,4.413793103448276,1.8090145082164333,1.479023150490778,0,region-month,gradboost/pooled_trailing
56,0.11300000000000002,0.887,5.435332261711993,29,128,4.413793103448276,1.8114222611084936,1.480991693170698,0,region-month,gradboost/pooled_trailing
57,0.11350000000000002,0.8865,5.428097970934882,29,128,4.413793103448276,1.8138364318598617,1.4829654829962042,0,region-month,gradboost/pooled_trailing
58,0.11400000000000002,0.886,5.420863680157775,29,128,4.413793103448276,1.8162570461649612,1.315963300717048,1,region-month,gradboost/pooled_trailing
59,0.10950000000000001,0.8905,5.525692109567606,28,128,4.571428571428571,1.7818006613757424,1.3962454929759707,0,region-month,gradboost/pooled_trailing
60,0.11000000000000001,0.89,5.5015115919081925,28,128,4.571428571428571,1.7896321203553656,1.4023823406833245,0,region-month,gradboost/pooled_trailing
61,0.11050000000000001,0.8895,5.477331074248768,29,128,4.413793103448276,1.0196140193137753,0.855593751217131,0,region-month,gradboost/pooled_trailing
62,0.11100000000000002,0.889,5.46426942482043,29,128,4.413793103448276,1.0220512785038147,0.8182180034254509,0,region-month,gradboost/pooled_trailing
63,0.11150000000000002,0.8885,5.45703513404332,29,128,4.413793103448276,1.0234061930235487,0.8193026999338021,0,region-month,gradboost/pooled_trailing
64,0.11200000000000002,0.888,5.449800843266212,29,128,4.413793103448276,1.0247647046822954,0.8203902761840635,0,region-month,gradboost/pooled_trailing
65,0.11250000000000002,0.8875,5.442566552489102,29,128,4.413793103448276,0.6495496844133353,0.6331921719541771,0,region-month,gradboost/pooled_trailing
66,0.11300000000000002,0.887,5.435332261711993,29,128,4.413793103448276,0.6504142187352435,0.6340349348376854,0,region-month,gradboost/pooled_trailing
67,0.11350000000000002,0.8865,5.428097970934882,29,128,4.413793103448276,0.9148192207469986,0.7830501391091108,0,region-month,gradboost/pooled_trailing
68,0.11400000000000002,0.886,5.420863680157775,29,128,4.413793103448276,0.9160400720064749,0.7840951409268294,0,region-month,gradboost/pooled_trailing
69,0.11450000000000002,0.8855,5.413629389380665,30,128,4.266666666666667,0.9172641861391082,0.7851429356387302,0,region-month,gradboost/pooled_trailing
70,0.11500000000000002,0.885,5.4077737685027,30,128,4.266666666666667,0.918257413953158,0.7859931005241199,0,region-month,gradboost/pooled_trailing
71,0.11550000000000002,0.8845,5.402375285538662,30,128,4.266666666666667,0.9191750097779237,0.915974920626068,0,region-month,gradboost/pooled_trailing
72,0.11600000000000002,0.884,5.396976802574626,30,128,4.266666666666667,0.9200944413064948,0.9168911511724223,0,region-month,gradboost/pooled_trailing
73,0.11650000000000002,0.8835,5.391578319610587,30,128,4.266666666666667,0.9146027190001315,0.7804738306721922,0,region-month,gradboost/pooled_trailing
74,0.11700000000000002,0.883,5.38617983664655,30,128,4.266666666666667,0.9155194108572786,0.7812560872634211,0,region-month,gradboost/pooled_trailing
75,0.11750000000000002,0.8825,5.3807813536825115,30,128,4.266666666666667,0.9846296753158326,0.9505338087227049,0,region-month,gradboost/pooled_trailing
76,0.11800000000000002,0.882,5.375382870718475,30,128,4.266666666666667,0.985618536324605,0.9514884273417957,0,region-month,gradboost/pooled_trailing
77,0.11850000000000002,0.8815,5.369984387754437,31,128,4.129032258064516,0.9866093855511916,0.8177767141542719,0,region-month,gradboost/pooled_trailing
78,0.11900000000000002,0.881,5.364298129240349,31,128,4.129032258064516,0.9876552103512879,0.7929137695153887,0,region-month,gradboost/pooled_trailing
79,0.11950000000000002,0.8805,5.358559425649381,31,128,4.129032258064516,0.9887129312893354,0.803543245407216,0,region-month,gradboost/pooled_trailing
80,0.12000000000000002,0.88,5.352820722058415,31,128,4.129032258064516,0.9897729201706822,0.8044047157884137,0,region-month,gradboost/pooled_trailing
81,0.12050000000000002,0.8795,5.3470820184674475,31,128,4.129032258064516,0.6197008863004665,0.6098995814107318,0,region-month,gradboost/pooled_trailing
82,0.12100000000000002,0.879,5.3413433148764815,31,128,4.129032258064516,0.6203666887946878,0.573913698233574,0,region-month,gradboost/pooled_trailing
83,0.12150000000000002,0.8785,5.335604611285513,31,128,4.129032258064516,0.6210339234951702,0.5745309704718491,0,region-month,gradboost/pooled_trailing
84,0.12200000000000003,0.878,5.329865907694548,31,128,4.129032258064516,0.6217025950281121,0.5751495719527245,0,region-month,gradboost/pooled_trailing
85,0.12250000000000003,0.8775,5.32412720410358,32,128,4.0,0.5291663059092271,0.4776302500246917,0,region-month,gradboost/pooled_trailing
86,0.12300000000000003,0.877,5.310920810736637,32,128,4.0,0.5304821565199613,0.4583945596632395,0,region-month,gradboost/pooled_trailing
87,0.12350000000000003,0.8765,5.297243764652718,32,128,4.0,0.7226735059594874,0.6272626618066915,0,region-month,gradboost/pooled_trailing
88,0.12400000000000003,0.876,5.283566718568806,32,128,4.0,0.7245442193186835,0.5564255856522919,0,region-month,gradboost/pooled_trailing
89,0.12450000000000003,0.8755,5.2698896724848865,32,128,4.0,0.726424642874645,0.5578696876829232,0,region-month,gradboost/pooled_trailing
90,0.12500000000000003,0.875,5.256212626400971,32,128,4.0,0.7283148524272771,0.506883093684049,0,region-month,gradboost/pooled_trailing
91,0.12550000000000003,0.8744999999999999,5.2425355803170515,32,128,4.0,0.7302149245674929,0.5082054811672174,0,region-month,gradboost/pooled_trailing
92,0.12600000000000003,0.874,5.228858534233136,33,128,3.878787878787879,0.7321249366875545,0.5095347865482134,0,region-month,gradboost/pooled_trailing
93,0.12650000000000003,0.8734999999999999,5.215592114793604,33,128,3.878787878787879,0.39195990566736877,0.3398172083087831,0,region-month,gradboost/pooled_trailing
94,0.12700000000000003,0.873,5.213458239935133,33,128,3.878787878787879,0.39212033533799034,0.33995629590935716,0,region-month,gradboost/pooled_trailing
95,0.12750000000000003,0.8724999999999999,5.211324365076662,33,128,3.878787878787879,0.39228089639050906,0.3121055800009424,0,region-month,gradboost/pooled_trailing
96,0.12800000000000003,0.872,5.20919049021819,33,128,3.878787878787879,0.3924415889863814,0.3122334298562324,0,region-month,gradboost/pooled_trailing
97,0.12850000000000003,0.8714999999999999,5.207056615359719,33,128,3.878787878787879,0.3926024132873283,0.3123613844983961,0,region-month,gradboost/pooled_trailing
98,0.12900000000000003,0.871,5.204922740501249,33,128,3.878787878787879,0.8442029318229706,0.6184831506391535,0,region-month,gradboost/pooled_trailing
99,0.12950000000000003,0.8704999999999999,5.202788865642777,33,128,3.878787878787879,0.8445491737055811,0.6539267046072812,0,region-month,gradboost/pooled_trailing
100,0.13000000000000003,0.87,5.200654990784305,34,128,3.764705882352941,0.8448956997204209,0.6541950165327439,0,region-month,gradboost/pooled_trailing
101,0.13050000000000003,0.8694999999999999,5.195113035812253,34,128,3.764705882352941,0.8457970032900745,0.6548928876473035,0,region-month,gradboost/pooled_trailing
102,0.13100000000000003,0.869,5.1668505467496715,34,128,3.764705882352941,0.8504234828714681,0.65847512849341,0,region-month,gradboost/pooled_trailing
103,0.13150000000000003,0.8684999999999999,5.138588057687084,34,128,3.764705882352941,0.8551008541869731,0.6620967743440034,0,region-month,gradboost/pooled_trailing
104,0.13200000000000003,0.868,5.110325568624503,34,128,3.764705882352941,0.4716869963649049,0.4067258633496982,1,region-month,gradboost/pooled_trailing
105,0.12750000000000003,0.8724999999999999,5.211324365076662,33,128,3.878787878787879,1.1420989042238059,0.7386200078411391,0,region-month,gradboost/pooled_trailing
106,0.12800000000000003,0.872,5.20919049021819,33,128,3.878787878787879,1.142566749686971,0.738922573598267,0,region-month,gradboost/pooled_trailing
107,0.12850000000000003,0.8714999999999999,5.207056615359719,33,128,3.878787878787879,1.1430349786004208,0.8284140589161281,0,region-month,gradboost/pooled_trailing
108,0.12900000000000003,0.871,5.204922740501249,33,128,3.878787878787879,1.1435035914357676,0.8287536858464126,0,region-month,gradboost/pooled_trailing
109,0.12950000000000003,0.8704999999999999,5.202788865642777,33,128,3.878787878787879,1.1439725886653977,0.8290935913662717,0,region-month,gradboost/pooled_trailing
110,0.13000000000000003,0.87,5.200654990784305,34,128,3.764705882352941,1.144441970762472,1.0222313547890374,0,region-month,gradboost/pooled_trailing
111,0.13050000000000003,0.8694999999999999,5.195113035812253,34,128,3.764705882352941,0.9009808477437523,0.7079775994271695,0,region-month,gradboost/pooled_trailing
112,0.13100000000000003,0.869,5.1668505467496715,34,128,3.764705882352941,0.9059091809952282,0.7118502117621538,0,region-month,gradboost/pooled_trailing
113,0.13150000000000003,0.8684999999999999,5.138588057687084,34,128,3.764705882352941,0.9108917264011154,0.8163637148960093,1,region-month,gradboost/pooled_trailing
114,0.12700000000000003,0.873,5.213458239935133,33,128,3.878787878787879,0.9914952989984448,0.9446528801268087,0,region-month,gradboost/pooled_trailing
115,0.12750000000000003,0.8724999999999999,5.211324365076662,33,128,3.878787878787879,0.991901285412379,0.9450396860305812,0,region-month,gradboost/pooled_trailing
116,0.12800000000000003,0.872,5.20919049021819,33,128,3.878787878787879,0.992307604440067,0.867175695472217,1,region-month,gradboost/pooled_trailing
117,0.12350000000000003,0.8765,5.297243764652718,32,128,4.0,1.3913363748414305,1.1835746880534337,0,region-month,gradboost/pooled_trailing
118,0.12400000000000003,0.876,5.283566718568806,32,128,4.0,1.394937989570748,1.1866384906728589,1,region-month,gradboost/pooled_trailing
119,0.11950000000000002,0.8805,5.358559425649381,31,128,4.129032258064516,1.375415918853996,1.3496285186482708,0,region-month,gradboost/pooled_trailing
120,0.12000000000000002,0.88,5.352820722058415,31,128,4.129032258064516,1.376890487998461,1.351075441388373,0,region-month,gradboost/pooled_trailing
121,0.12050000000000002,0.8795,5.3470820184674475,31,128,4.129032258064516,1.3783682222768123,1.3525254699198945,1,region-month,gradboost/pooled_trailing
122,0.11600000000000002,0.884,5.396976802574626,30,128,4.266666666666667,1.3656252761077852,1.3459337374640943,0,region-month,gradboost/pooled_trailing
123,0.11650000000000002,0.8835,5.391578319610587,30,128,4.266666666666667,1.3275701394515318,1.3216519208378246,0,region-month,gradboost/pooled_trailing
124,0.11700000000000002,0.883,5.38617983664655,30,128,4.266666666666667,1.3289007420304937,1.3229765916797607,0,region-month,gradboost/pooled_trailing
125,0.11750000000000002,0.8825,5.3807813536825115,30,128,4.266666666666667,1.3302340145694047,1.1316244820642192,0,region-month,gradboost/pooled_trailing
126,0.11800000000000002,0.882,5.375382870718475,30,128,4.266666666666667,1.3315699651125656,1.132760969573116,0,region-month,gradboost/pooled_trailing
127,0.11850000000000002,0.8815,5.369984387754437,31,128,4.129032258064516,1.3329086017366267,1.1338997421197388,0,region-month,gradboost/pooled_trailing
128,0.11900000000000002,0.881,5.364298129240349,31,128,4.129032258064516,0.9358818847015166,0.9084436799916392,0,region-month,gradboost/pooled_trailing
129,0.11950000000000002,0.8805,5.358559425649381,31,128,4.129032258064516,0.936884159437288,0.9094165700157016,0,region-month,gradboost/pooled_trailing
130,0.12000000000000002,0.88,5.352820722058415,31,128,4.129032258064516,0.9378885832297618,0.735820744948633,0,region-month,gradboost/pooled_trailing
131,0.12050000000000002,0.8795,5.3470820184674475,31,128,4.129032258064516,0.5441623013902949,0.539244026577834,0,region-month,gradboost/pooled_trailing
132,0.12100000000000002,0.879,5.3413433148764815,31,128,4.129032258064516,0.5447469457332936,0.5398233867592158,0,region-month,gradboost/pooled_trailing
133,0.12150000000000002,0.8785,5.335604611285513,31,128,4.129032258064516,0.5453328477034353,0.534470757171562,0,region-month,gradboost/pooled_trailing
134,0.12200000000000003,0.878,5.329865907694548,31,128,4.129032258064516,0.5459200113630067,0.5350462255429179,0,region-month,gradboost/pooled_trailing
135,0.12250000000000003,0.8775,5.32412720410358,32,128,4.0,0.584198579082666,0.5653535099372383,0,region-month,gradboost/pooled_trailing
136,0.12300000000000003,0.877,5.310920810736637,32,128,4.0,0.5856512756139676,0.5667593454052647,0,region-month,gradboost/pooled_trailing
137,0.12350000000000003,0.8765,5.297243764652718,32,128,4.0,0.5871633788588904,0.4982943987417251,0,region-month,gradboost/pooled_trailing
138,0.12400000000000003,0.876,5.283566718568806,32,128,4.0,0.588683310567752,0.4995842841199099,0,region-month,gradboost/pooled_trailing
139,0.12450000000000003,0.8755,5.2698896724848865,32,128,4.0,0.5902111316926434,0.5008808648267861,1,region-month,gradboost/pooled_trailing
140,0.12000000000000002,0.88,5.352820722058415,31,128,4.129032258064516,1.5931217926335883,1.087094402760907,0,region-month,gradboost/pooled_trailing
141,0.12050000000000002,0.8795,5.3470820184674475,31,128,4.129032258064516,1.5948315950493095,1.032457964660364,0,region-month,gradboost/pooled_trailing
142,0.12100000000000002,0.879,5.3413433148764815,31,128,4.129032258064516,1.5965450714656269,1.0335672306034118,0,region-month,gradboost/pooled_trailing
143,0.12150000000000002,0.8785,5.335604611285513,31,128,4.129032258064516,1.5982622337372436,1.0984658567935637,0,region-month,gradboost/pooled_trailing
144,0.12200000000000003,0.878,5.329865907694548,31,128,4.129032258064516,1.5999830937699153,1.0996485826005737,1,region-month,gradboost/pooled_trailing
145,0.11750000000000002,0.8825,5.3807813536825115,30,128,4.266666666666667,1.5848433124932158,1.2940438782282042,0,region-month,gradboost/pooled_trailing
146,0.11800000000000002,0.882,5.375382870718475,30,128,4.266666666666667,1.0042519997354529,0.7992456389843344,1,region-month,gradboost/pooled_trailing
147,0.11350000000000002,0.8865,5.428097970934882,29,128,4.413793103448276,0.9944991829860043,0.9932848866684597,0,region-month,gradboost/pooled_trailing
148,0.11400000000000002,0.886,5.420863680157775,29,128,4.413793103448276,0.9958263693333846,0.9946104525042079,0,region-month,gradboost/pooled_trailing
149,0.11450000000000002,0.8855,5.413629389380665,30,128,4.266666666666667,0.9971571027473497,0.9959395610755266,0,region-month,gradboost/pooled_trailing
150,0.11500000000000002,0.885,5.4077737685027,30,128,4.266666666666667,0.9982368398442428,0.9970179797995109,0,region-month,gradboost/pooled_trailing
151,0.11550000000000002,0.8845,5.402375285538662,30,128,4.266666666666667,0.9967942014178378,0.6894738820560496,0,region-month,gradboost/pooled_trailing
152,0.11600000000000002,0.884,5.396976802574626,30,128,4.266666666666667,0.997791273799627,0.6901635483530498,0,region-month,gradboost/pooled_trailing
153,0.11650000000000002,0.8835,5.391578319610587,30,128,4.266666666666667,0.38291884861818026,0.37911913159170285,0,region-month,gradboost/pooled_trailing
154,0.11700000000000002,0.883,5.38617983664655,30,128,4.266666666666667,0.3833026421311278,0.3794991167082995,0,region-month,gradboost/pooled_trailing
155,0.11750000000000002,0.8825,5.3807813536825115,30,128,4.266666666666667,0.9397886717795567,0.6579305973068973,0,region-month,gradboost/pooled_trailing
156,0.11800000000000002,0.882,5.375382870718475,30,128,4.266666666666667,0.9407324990857069,0.6585913552857248,0,region-month,gradboost/pooled_trailing
157,0.11850000000000002,0.8815,5.369984387754437,31,128,4.129032258064516,0.941678224064277,0.6592534417938123,0,region-month,gradboost/pooled_trailing
158,0.11900000000000002,0.881,5.364298129240349,31,128,4.129032258064516,0.9426764209746854,0.6599522630386473,0,region-month,gradboost/pooled_trailing
159,0.11950000000000002,0.8805,5.358559425649381,31,128,4.129032258064516,0.9436859722612259,0.6108834352684519,0,region-month,gradboost/pooled_trailing
160,0.12000000000000002,0.88,5.352820722058415,31,128,4.129032258064516,0.944697688206698,0.9356969744752734,0,region-month,gradboost/pooled_trailing
161,0.12050000000000002,0.8795,5.3470820184674475,31,128,4.129032258064516,0.9276908284615126,0.6031843109787128,0,region-month,gradboost/pooled_trailing
162,0.12100000000000002,0.879,5.3413433148764815,31,128,4.129032258064516,0.9286875332930052,0.603832368174697,0,region-month,gradboost/pooled_trailing
163,0.12150000000000002,0.8785,5.335604611285513,31,128,4.129032258064516,0.9296863821340389,0.6600854672985647,0,region-month,gradboost/pooled_trailing
164,0.12200000000000003,0.878,5.329865907694548,31,128,4.129032258064516,0.9306873819100223,0.6607961858995827,0,region-month,gradboost/pooled_trailing
165,0.12250000000000003,0.8775,5.32412720410358,32,128,4.0,0.9609471381447802,0.9463188388605026,0,region-month,gradboost/pooled_trailing
166,0.12300000000000003,0.877,5.310920810736637,32,128,4.0,0.9633366759223954,0.6778180503185961,1,region-month,gradboost/pooled_trailing
167,0.11850000000000002,0.8815,5.369984387754437,31,128,4.129032258064516,1.9877283775497505,1.4702347357329777,0,region-month,gradboost/pooled_trailing
168,0.11900000000000002,0.881,5.364298129240349,31,128,4.129032258064516,1.9898354076100162,1.471793212645027,0,region-month,gradboost/pooled_trailing
169,0.11950000000000002,0.8805,5.358559425649381,31,128,4.129032258064516,1.9919664048971655,1.4733694170543947,1,region-month,gradboost/pooled_trailing
170,0.11500000000000002,0.885,5.4077737685027,30,128,4.266666666666667,1.9738381839693795,1.864780447496404,0,region-month,gradboost/pooled_trailing
171,0.11550000000000002,0.8845,5.402375285538662,30,128,4.266666666666667,1.975810600035781,1.8666438844006168,0,region-month,gradboost/pooled_trailing
172,0.11600000000000002,0.884,5.396976802574626,30,128,4.266666666666667,1.9777869620352186,1.8685110492187151,0,region-month,gradboost/pooled_trailing
173,0.11650000000000002,0.8835,5.391578319610587,30,128,4.266666666666667,1.7609966244768747,1.2927204879817429,0,region-month,gradboost/pooled_trailing
174,0.11700000000000002,0.883,5.38617983664655,30,128,4.266666666666667,1.7627616435748785,1.2940161613055612,0,region-month,gradboost/pooled_trailing
175,0.11750000000000002,0.8825,5.3807813536825115,30,128,4.266666666666667,1.7645302043241433,1.2953144345009993,0,region-month,gradboost/pooled_trailing
176,0.11800000000000002,0.882,5.375382870718475,30,128,4.266666666666667,0.8269283134070962,0.739974474064911,0,region-month,gradboost/pooled_trailing
177,0.11850000000000002,0.8815,5.369984387754437,31,128,4.129032258064516,0.8277596302397091,0.7407183755930369,0,region-month,gradboost/pooled_trailing
178,0.11900000000000002,0.881,5.364298129240349,31,128,4.129032258064516,0.6543700311845532,0.6319066770772331,0,region-month,gradboost/pooled_trailing
179,0.11950000000000002,0.8805,5.358559425649381,31,128,4.129032258064516,0.6100960011074884,0.5512585749863878,0,region-month,gradboost/pooled_trailing
180,0.12000000000000002,0.88,5.352820722058415,31,128,4.129032258064516,0.6107500787039903,0.5518495735884498,0,region-month,gradboost/pooled_trailing
181,0.12050000000000002,0.8795,5.3470820184674475,31,128,4.129032258064516,0.6114055602652863,0.5524418407574755,0,region-month,gradboost/pooled_trailing
182,0.12100000000000002,0.879,5.3413433148764815,31,128,4.129032258064516,0.612062450316607,0.5530353805822842,0,region-month,gradboost/pooled_trailing
183,0.12150000000000002,0.8785,5.335604611285513,31,128,4.129032258064516,0.4945396409359209,0.4745569631617127,0,region-month,gradboost/pooled_trailing
184,0.12200000000000003,0.878,5.329865907694548,31,128,4.129032258064516,0.5673796505841092,0.5112216896288174,0,region-month,gradboost/pooled_trailing
185,0.12250000000000003,0.8775,5.32412720410358,32,128,4.0,0.7730524428194299,0.6705218267398328,0,region-month,gradboost/pooled_trailing
186,0.12300000000000003,0.877,5.310920810736637,32,128,4.0,0.774974752531243,0.6721891788470504,0,region-month,gradboost/pooled_trailing
187,0.12350000000000003,0.8765,5.297243764652718,32,128,4.0,0.7769756733638788,0.6739247158139443,0,region-month,gradboost/pooled_trailing
188,0.12400000000000003,0.876,5.283566718568806,32,128,4.0,0.7789869533678446,0.6756692380062886,0,region-month,gradboost/pooled_trailing
189,0.12450000000000003,0.8755,5.2698896724848865,32,128,4.0,0.7810086731992125,0.6774228153826706,0,region-month,gradboost/pooled_trailing
190,0.12500000000000003,0.875,5.256212626400971,32,128,4.0,0.7830409143535431,0.622390956461346,0,region-month,gradboost/pooled_trailing
191,0.12550000000000003,0.8744999999999999,5.2425355803170515,32,128,4.0,0.4629456166055007,0.432726929836916,0,region-month,gradboost/pooled_trailing
192,0.12600000000000003,0.874,5.228858534233136,33,128,3.878787878787879,0.4641565364441627,0.43385880711421915,0,region-month,gradboost/pooled_trailing
193,0.12650000000000003,0.8734999999999999,5.215592114793604,33,128,3.878787878787879,0.675732637417263,0.5705349029641122,0,region-month,gradboost/pooled_trailing
194,0.12700000000000003,0.873,5.213458239935133,33,128,3.878787878787879,0.6760092156153941,0.5403811962967693,0,region-month,gradboost/pooled_trailing
195,0.12750000000000003,0.8724999999999999,5.211324365076662,33,128,3.878787878787879,0.6786224537976473,0.6774542370557357,0,region-month,gradboost/pooled_trailing
196,0.12800000000000003,0.872,5.20919049021819,33,128,3.878787878787879,0.6789004423632934,0.6777317470770975,1,region-month,gradboost/pooled_trailing
197,0.12350000000000003,0.8765,5.297243764652718,32,128,4.0,1.1099449577712117,0.8887801990213283,0,region-month,gradboost/pooled_trailing
198,0.12400000000000003,0.876,5.283566718568806,32,128,4.0,1.112818162397301,0.8910808963320601,0,region-month,gradboost/pooled_trailing
199,0.12450000000000003,0.8755,5.2698896724848865,32,128,4.0,1.1157062807899112,0.8933935357308062,1,region-month,gradboost/pooled_trailing
200,0.12000000000000002,0.88,5.352820722058415,31,128,4.129032258064516,2.2872857550633148,1.692853220261039,0,region-month,gradboost/pooled_trailing
201,0.12050000000000002,0.8795,5.3470820184674475,31,128,4.129032258064516,2.289740562176955,1.694670058458123,0,region-month,gradboost/pooled_trailing
202,0.12100000000000002,0.879,5.3413433148764815,31,128,4.129032258064516,2.292200644147336,1.6964908006528607,0,region-month,gradboost/pooled_trailing
203,0.12150000000000002,0.8785,5.335604611285513,31,128,4.129032258064516,2.29466601799456,1.4684712814635124,0,region-month,gradboost/pooled_trailing
204,0.12200000000000003,0.878,5.329865907694548,31,128,4.129032258064516,2.2971367008120245,1.470052394677636,0,region-month,gradboost/pooled_trailing
205,0.12250000000000003,0.8775,5.32412720410358,32,128,4.0,2.2996127097668317,1.5094092504493017,0,region-month,gradboost/pooled_trailing
206,0.12300000000000003,0.877,5.310920810736637,32,128,4.0,0.7209942031469285,0.683127942531801,0,region-month,gradboost/pooled_trailing
207,0.12350000000000003,0.8765,5.297243764652718,32,128,4.0,0.7228557506574433,0.5650093624179107,0,region-month,gradboost/pooled_trailing
208,0.12400000000000003,0.876,5.283566718568806,32,128,4.0,0.7247269357754464,0.5664719462176899,0,region-month,gradboost/pooled_trailing
209,0.12450000000000003,0.8755,5.2698896724848865,32,128,4.0,0.7266078335389445,0.5679421217612348,1,region-month,gradboost/pooled_trailing
210,0.12000000000000002,0.88,5.352820722058415,31,128,4.129032258064516,1.0205179791438879,0.8679342524603498,0,region-month,gradboost/pooled_trailing
211,0.12050000000000002,0.8795,5.3470820184674475,31,128,4.129032258064516,1.0216132401051623,0.7124905963516815,0,region-month,gradboost/pooled_trailing
212,0.12100000000000002,0.879,5.3413433148764815,31,128,4.129032258064516,1.022710854548563,0.6862762244794838,0,region-month,gradboost/pooled_trailing
213,0.12150000000000002,0.8785,5.335604611285513,31,128,4.129032258064516,1.0238108300679458,0.7077966669276997,0,region-month,gradboost/pooled_trailing
214,0.12200000000000003,0.878,5.329865907694548,31,128,4.129032258064516,1.0249131742898705,0.708558756508285,0,region-month,gradboost/pooled_trailing
215,0.12250000000000003,0.8775,5.32412720410358,32,128,4.0,1.0260178948737801,0.7093224889520275,0,region-month,gradboost/pooled_trailing
216,0.12300000000000003,0.877,5.310920810736637,32,128,4.0,0.39360340858469295,0.3885902634571637,0,region-month,gradboost/pooled_trailing
217,0.12350000000000003,0.8765,5.297243764652718,32,128,4.0,0.45679685878690407,0.4257082594392254,0,region-month,gradboost/pooled_trailing
218,0.12400000000000003,0.876,5.283566718568806,32,128,4.0,0.45797932359172194,0.4268102482647265,0,region-month,gradboost/pooled_trailing
219,0.12450000000000003,0.8755,5.2698896724848865,32,128,4.0,0.4591679261438685,0.42286577985223495,0,region-month,gradboost/pooled_trailing
220,0.12500000000000003,0.875,5.256212626400971,32,128,4.0,0.46036271435593246,0.37692462948995087,0,region-month,gradboost/pooled_trailing
221,0.12550000000000003,0.8744999999999999,5.2425355803170515,32,128,4.0,0.5165811569233633,0.48907244678192835,0,region-month,gradboost/pooled_trailing
222,0.12600000000000003,0.874,5.228858534233136,33,128,3.878787878787879,0.544884022989645,0.5314081967111206,0,region-month,gradboost/pooled_trailing
223,0.12650000000000003,0.8734999999999999,5.215592114793604,33,128,3.878787878787879,0.546269994100073,0.532759890608191,0,region-month,gradboost/pooled_trailing
224,0.12700000000000003,0.873,5.213458239935133,33,128,3.878787878787879,0.6409565986347266,0.5937250908570362,1,region-month,gradboost/pooled_trailing
225,0.12250000000000003,0.8775,5.32412720410358,32,128,4.0,1.2668210785278846,0.9472272769648624,0,region-month,gradboost/pooled_trailing
226,0.12300000000000003,0.877,5.310920810736637,32,128,4.0,1.269971217286262,0.9495826982699979,1,region-month,gradboost/pooled_trailing
227,0.11850000000000002,0.8815,5.369984387754437,31,128,4.129032258064516,1.2851187868276353,1.2705608995543767,0,region-month,gradboost/pooled_trailing
228,0.11900000000000002,0.881,5.364298129240349,31,128,4.129032258064516,1.2864810372967845,1.2719077183848546,0,region-month,gradboost/pooled_trailing
229,0.11950000000000002,0.8805,5.358559425649381,31,128,4.129032258064516,1.28785878320982,1.2732698571260874,0,region-month,gradboost/pooled_trailing
230,0.12000000000000002,0.88,5.352820722058415,31,128,4.129032258064516,1.2892394832570695,1.2746349165369597,1,region-month,gradboost/pooled_trailing
231,0.11550000000000002,0.8845,5.402375285538662,30,128,4.266666666666667,1.2774136295468836,1.1461456439492157,1,region-month,gradboost/pooled_trailing
232,0.11100000000000002,0.889,5.46426942482043,29,128,4.413793103448276,1.4446026002044638,1.3537734407627477,0,region-month,gradboost/pooled_trailing
233,0.11150000000000002,0.8885,5.45703513404332,29,128,4.413793103448276,1.4465176832139268,1.225614960327916,0,region-month,gradboost/pooled_trailing
234,0.11200000000000002,0.888,5.449800843266212,29,128,4.413793103448276,1.4484378505439914,1.2272418922578674,0,region-month,gradboost/pooled_trailing
235,0.11250000000000002,0.8875,5.442566552489102,29,128,4.413793103448276,1.4503631224689835,1.228873149242384,0,region-month,gradboost/pooled_trailing
236,0.11300000000000002,0.887,5.435332261711993,29,128,4.413793103448276,1.4522935193711648,1.2305087485510822,0,region-month,gradboost/pooled_trailing
237,0.11350000000000002,0.8865,5.428097970934882,29,128,4.413793103448276,1.4542290617414577,1.1279210422221573,0,region-month,gradboost/pooled_trailing
238,0.11400000000000002,0.886,5.420863680157775,29,128,4.413793103448276,0.8026827971962046,0.7519800728944755,0,region-month,gradboost/pooled_trailing
239,0.11450000000000002,0.8855,5.413629389380665,30,128,4.266666666666667,0.8037554307917167,0.7529849518979372,1,region-month,gradboost/pooled_trailing
240,0.11000000000000001,0.89,5.5015115919081925,28,128,4.571428571428571,1.3507415617380443,1.0208693629582775,0,region-month,gradboost/pooled_trailing
241,0.11050000000000001,0.8895,5.477331074248768,29,128,4.413793103448276,1.356704617420488,1.0253761472523715,0,region-month,gradboost/pooled_trailing
242,0.11100000000000002,0.889,5.46426942482043,29,128,4.413793103448276,1.3599476493270153,1.027827180085188,0,region-month,gradboost/pooled_trailing
0,0.1,0.9,10.753491645627308,26,127,4.884615384615385,,,0,region-month,gradboost/diversity_optimal
1,0.1005,0.8995,10.750985220810808,26,127,4.884615384615385,,,0,region-month,gradboost/diversity_optimal
2,0.101,0.899,10.748478795994309,26,127,4.884615384615385,,,0,region-month,gradboost/diversity_optimal
3,0.1015,0.8985,10.745972371177809,26,127,4.884615384615385,,,0,region-month,gradboost/diversity_optimal
4,0.10200000000000001,0.898,10.74346594636131,26,127,4.884615384615385,,,0,region-month,gradboost/diversity_optimal
5,0.10250000000000001,0.8975,10.74095952154481,27,127,4.703703703703703,,,0,region-month,gradboost/diversity_optimal
6,0.10300000000000001,0.897,10.733480364898249,27,127,4.703703703703703,0.25082827297107363,0.2141726360537444,0,region-month,gradboost/diversity_optimal
7,0.10350000000000001,0.8965,10.720312065903736,27,127,4.703703703703703,0.251136377966008,0.2147903982577138,0,region-month,gradboost/diversity_optimal
8,0.10400000000000001,0.896,10.707143766909228,27,127,4.703703703703703,0.25144524081360276,0.21505456060081674,0,region-month,gradboost/diversity_optimal
9,0.10450000000000001,0.8955,10.693975467914713,27,127,4.703703703703703,0.2517548643134617,0.21987408262097877,0,region-month,gradboost/diversity_optimal
10,0.10500000000000001,0.895,10.680807168920202,27,127,4.703703703703703,0.25206525127899454,0.2201451639742235,0,region-month,gradboost/diversity_optimal
11,0.10550000000000001,0.8945,10.667638869925689,27,127,4.703703703703703,0.28324332192182156,0.2358503732736874,0,region-month,gradboost/diversity_optimal
12,0.10600000000000001,0.894,10.654470570931181,27,127,4.703703703703703,0.2835933940090673,0.2638473048388934,0,region-month,gradboost/diversity_optimal
13,0.10650000000000001,0.8935,10.641302271936668,28,127,4.535714285714286,0.2839443325041638,0.2641738081286437,0,region-month,gradboost/diversity_optimal
14,0.10700000000000001,0.893,10.633644693967499,28,127,4.535714285714286,0.2841488085730593,0.2643640469029659,0,region-month,gradboost/diversity_optimal
15,0.10750000000000001,0.8925,10.630294792292787,28,127,4.535714285714286,0.6285670430763264,0.45640269742267314,0,region-month,gradboost/diversity_optimal
16,0.10800000000000001,0.892,10.626944890618077,28,127,4.535714285714286,0.628765184481212,0.4565465679495438,0,region-month,gradboost/diversity_optimal
17,0.10850000000000001,0.8915,10.623594988943363,28,127,4.535714285714286,0.6289634508445935,0.4548971085177887,0,region-month,gradboost/diversity_optimal
18,0.10900000000000001,0.891,10.620245087268653,28,127,4.535714285714286,0.6291618422847158,0.4550405949037546,0,region-month,gradboost/diversity_optimal
19,0.10950000000000001,0.8905,10.616895185593942,28,127,4.535714285714286,0.6293603589199741,0.4551841718369618,0,region-month,gradboost/diversity_optimal
20,0.11000000000000001,0.89,10.61354528391923,28,127,4.535714285714286,0.6295590008689125,0.4553278394031472,0,region-month,gradboost/diversity_optimal
21,0.11050000000000001,0.8895,10.610195382244518,29,127,4.379310344827586,0.28118542712608713,0.25381391240260026,0,region-month,gradboost/diversity_optimal
22,0.11100000000000002,0.889,10.60162434239978,29,127,4.379310344827586,0.22662546838133438,0.20289200147150177,0,region-month,gradboost/diversity_optimal
23,0.11150000000000002,0.8885,10.590316922911715,29,127,4.379310344827586,0.22686743934937245,0.20310863190740952,0,region-month,gradboost/diversity_optimal
24,0.11200000000000002,0.888,10.579009503423652,29,127,4.379310344827586,0.22710992758081566,0.18396852988971124,0,region-month,gradboost/diversity_optimal
25,0.11250000000000002,0.8875,10.567702083935586,29,127,4.379310344827586,0.43586008878282695,0.3316065117594517,0,region-month,gradboost/diversity_optimal
26,0.11300000000000002,0.887,10.556394664447522,29,127,4.379310344827586,0.4363269577299089,0.33196171010629505,0,region-month,gradboost/diversity_optimal
27,0.11350000000000002,0.8865,10.545087244959456,29,127,4.379310344827586,0.43679482791726676,0.28903749190493433,0,region-month,gradboost/diversity_optimal
28,0.11400000000000002,0.886,10.533779825471393,29,127,4.379310344827586,0.43726370256922537,0.2893477573768634,0,region-month,gradboost/diversity_optimal
29,0.11450000000000002,0.8855,10.522472405983327,30,127,4.233333333333333,0.43773358492396963,0.3971850986522688,0,region-month,gradboost/diversity_optimal
30,0.11500000000000002,0.885,10.51655155139989,30,127,4.233333333333333,0.437980030433218,0.3974087152247103,0,region-month,gradboost/diversity_optimal
31,0.11550000000000002,0.8845,10.512416768337463,30,127,4.233333333333333,0.3569777526363605,0.27660792351894814,0,region-month,gradboost/diversity_optimal
32,0.11600000000000002,0.884,10.508281985275037,30,127,4.233333333333333,0.357118215707996,0.334323641795774,0,region-month,gradboost/diversity_optimal
33,0.11650000000000002,0.8835,10.504147202212607,30,127,4.233333333333333,0.3572587893615415,0.3344552427439382,0,region-month,gradboost/diversity_optimal
34,0.11700000000000002,0.883,10.50001241915018,30,127,4.233333333333333,0.35739947372763436,0.3345869473379552,0,region-month,gradboost/diversity_optimal
35,0.11750000000000002,0.8825,10.495877636087751,30,127,4.233333333333333,0.3829714532976873,0.3474343478806015,0,region-month,gradboost/diversity_optimal
36,0.11800000000000002,0.882,10.491742853025325,30,127,4.233333333333333,0.3831223818803518,0.34757127133336296,0,region-month,gradboost/diversity_optimal
37,0.11850000000000002,0.8815,10.487608069962896,31,127,4.096774193548387,0.38327342947145826,0.347708302751405,0,region-month,gradboost/diversity_optimal
38,0.11900000000000002,0.881,10.485281063457803,31,127,4.096774193548387,0.38335848963896463,0.3101552194657458,0,region-month,gradboost/diversity_optimal
39,0.11950000000000002,0.8805,10.483283511558952,31,127,4.096774193548387,0.3834315372178148,0.3102143184252368,0,region-month,gradboost/diversity_optimal
40,0.12000000000000002,0.88,10.4812859596601,31,127,4.096774193548387,0.38350461263987623,0.3102734399112077,0,region-month,gradboost/diversity_optimal
41,0.12050000000000002,0.8795,10.47928840776125,31,127,4.096774193548387,0.23708745195200961,0.19366296480005174,0,region-month,gradboost/diversity_optimal
42,0.12100000000000002,0.879,10.4772908558624,31,127,4.096774193548387,0.237132653950919,0.1634850498363344,0,region-month,gradboost/diversity_optimal
43,0.12150000000000002,0.8785,10.475293303963547,31,127,4.096774193548387,0.2871157770971941,0.1884851770388573,0,region-month,gradboost/diversity_optimal
44,0.12200000000000003,0.878,10.473295752064697,31,127,4.096774193548387,0.2966289643308118,0.2918997512386873,0,region-month,gradboost/diversity_optimal
45,0.12250000000000003,0.8775,10.471298200165846,32,127,3.96875,0.48754063791819613,0.39211309426159296,0,region-month,gradboost/diversity_optimal
46,0.12300000000000003,0.877,10.46055475239037,32,127,3.96875,0.48804136350167426,0.39251581157917276,0,region-month,gradboost/diversity_optimal
47,0.12350000000000003,0.8765,10.449260092689897,32,127,3.96875,0.48856888995537623,0.3929400839658792,0,region-month,gradboost/diversity_optimal
48,0.12400000000000003,0.876,10.43796543298943,32,127,3.96875,0.4890975580552763,0.3933652745415292,0,region-month,gradboost/diversity_optimal
49,0.12450000000000003,0.8755,10.426670773288954,32,127,3.96875,0.48962737151142954,0.4301745735829356,0,region-month,gradboost/diversity_optimal
50,0.12500000000000003,0.875,10.415376113588483,32,127,3.96875,0.49015833404998277,0.4306410642182642,0,region-month,gradboost/diversity_optimal
51,0.12550000000000003,0.8744999999999999,10.40408145388801,32,127,3.96875,0.37152668598086114,0.33475544100976107,0,region-month,gradboost/diversity_optimal
52,0.12600000000000003,0.874,10.392786794187538,33,127,3.8484848484848486,0.6017329256237215,0.4868316894534668,0,region-month,gradboost/diversity_optimal
53,0.12650000000000003,0.8734999999999999,10.381391766813817,33,127,3.8484848484848486,0.6023934115501914,0.5141562764418885,0,region-month,gradboost/diversity_optimal
54,0.12700000000000003,0.873,10.367275660298626,33,127,3.8484848484848486,0.6032136318124977,0.5148563528169676,0,region-month,gradboost/diversity_optimal
55,0.12750000000000003,0.8724999999999999,10.353159553783433,33,127,3.8484848484848486,0.9509833016905742,0.7775096952192249,0,region-month,gradboost/diversity_optimal
56,0.12800000000000003,0.872,10.339043447268244,33,127,3.8484848484848486,0.9522816985538138,0.778571245035732,0,region-month,gradboost/diversity_optimal
57,0.12850000000000003,0.8714999999999999,10.324927340753053,33,127,3.8484848484848486,0.9535836457196979,0.7796356975264734,0,region-month,gradboost/diversity_optimal
58,0.12900000000000003,0.871,10.310811234237864,33,127,3.8484848484848486,0.9548891577699451,0.6918619203879628,0,region-month,gradboost/diversity_optimal
59,0.12950000000000003,0.8704999999999999,10.296695127722671,33,127,3.8484848484848486,0.9561982493662371,0.7492911665204403,0,region-month,gradboost/diversity_optimal
60,0.13000000000000003,0.87,10.28257902120748,34,127,3.735294117647059,0.9575109352507661,0.7503198066987145,0,region-month,gradboost/diversity_optimal
61,0.13050000000000003,0.8694999999999999,10.269095693515679,34,127,3.735294117647059,0.5438418063679619,0.4563566627813026,0,region-month,gradboost/diversity_optimal
62,0.13100000000000003,0.869,10.259830891313127,34,127,3.735294117647059,0.5443329047904264,0.43577361715979346,0,region-month,gradboost/diversity_optimal
63,0.13150000000000003,0.8684999999999999,10.250566089110572,34,127,3.735294117647059,0.5448248909550328,0.43616748383339765,0,region-month,gradboost/diversity_optimal
64,0.13200000000000003,0.868,10.24130128690802,34,127,3.735294117647059,0.5453177672710706,0.4365620631306659,0,region-month,gradboost/diversity_optimal
65,0.13250000000000003,0.8674999999999999,10.23203648470547,34,127,3.735294117647059,0.3455047674871179,0.33680397265265727,0,region-month,gradboost/diversity_optimal
66,0.13300000000000003,0.867,10.222771682502916,34,127,3.735294117647059,0.3458178952209874,0.33710921493768276,0,region-month,gradboost/diversity_optimal
67,0.13350000000000004,0.8664999999999999,10.213506880300363,34,127,3.735294117647059,0.48619229556567145,0.4161619433024205,0,region-month,gradboost/diversity_optimal
68,0.13400000000000004,0.866,10.204242078097812,35,127,3.6285714285714286,0.48663372721893344,0.4165397918539756,0,region-month,gradboost/diversity_optimal
69,0.13450000000000004,0.8654999999999999,10.196899659722032,35,127,3.6285714285714286,0.48698413455255857,0.4168397270817422,0,region-month,gradboost/diversity_optimal
70,0.13500000000000004,0.865,10.196167543627782,35,127,3.6285714285714286,0.4870191015066641,0.41686965745230675,0,region-month,gradboost/diversity_optimal
71,0.13550000000000004,0.8644999999999999,10.195435427533534,35,127,3.6285714285714286,0.4870540734825992,0.4853584046052487,0,region-month,gradboost/diversity_optimal
72,0.13600000000000004,0.864,10.194703311439284,35,127,3.6285714285714286,0.4870890504814459,0.4853932598323834,0,region-month,gradboost/diversity_optimal
73,0.13650000000000004,0.8634999999999999,10.193971195345036,35,127,3.6285714285714286,0.4837322076277554,0.41279161024087907,0,region-month,gradboost/diversity_optimal
74,0.13700000000000004,0.863,10.193239079250787,35,127,3.6285714285714286,0.48376695106227674,0.4128212584595737,0,region-month,gradboost/diversity_optimal
75,0.13750000000000004,0.8624999999999999,10.192506963156537,35,127,3.6285714285714286,0.5198011653436364,0.5018014324157983,0,region-month,gradboost/diversity_optimal
76,0.13800000000000004,0.862,10.19177484706229,36,127,3.5277777777777777,0.5198385047476821,0.5018374788267819,0,region-month,gradboost/diversity_optimal
77,0.13850000000000004,0.8614999999999999,10.18953417574038,36,127,3.5277777777777777,0.5199528168653436,0.4309763441525016,0,region-month,gradboost/diversity_optimal
78,0.13900000000000004,0.861,10.184090152577024,36,127,3.5277777777777777,0.5202307636565108,0.41765398643726737,0,region-month,gradboost/diversity_optimal
79,0.13950000000000004,0.8604999999999999,10.178646129413666,36,127,3.5277777777777777,0.5205090077659561,0.4230262234140333,0,region-month,gradboost/diversity_optimal
80,0.14000000000000004,0.86,10.173202106250312,36,127,3.5277777777777777,0.5207875496709942,0.42325259899715056,0,region-month,gradboost/diversity_optimal
81,0.14050000000000004,0.8594999999999999,10.167758083086955,36,127,3.5277777777777777,0.32589204413482176,0.3207376747344921,0,region-month,gradboost/diversity_optimal
82,0.14100000000000004,0.859,10.162314059923599,36,127,3.5277777777777777,0.32606662679646375,0.301650793047719,0,region-month,gradboost/diversity_optimal
83,0.14150000000000004,0.8584999999999999,10.15687003676024,36,127,3.5277777777777777,0.3262413966086848,0.30181247611530315,0,region-month,gradboost/diversity_optimal
84,0.14200000000000004,0.858,10.151426013596884,37,127,3.4324324324324325,0.32641635387258094,0.30197433259820133,0,region-month,gradboost/diversity_optimal
85,0.14250000000000004,0.8574999999999999,10.142952303939582,37,127,3.4324324324324325,0.2777641696778992,0.2507124288331272,0,region-month,gradboost/diversity_optimal
86,0.14300000000000004,0.857,10.130208179033673,37,127,3.4324324324324325,0.2781136058602758,0.24032055051766804,0,region-month,gradboost/diversity_optimal
87,0.14350000000000004,0.8564999999999999,10.11746405412776,37,127,3.4324324324324325,0.3783732467783545,0.3284185845660929,0,region-month,gradboost/diversity_optimal
88,0.14400000000000004,0.856,10.10471992922185,37,127,3.4324324324324325,0.3788504530692535,0.2909444028439296,0,region-month,gradboost/diversity_optimal
89,0.14450000000000005,0.8554999999999999,10.091975804315942,37,127,3.4324324324324325,0.3793288645902671,0.29131180679756696,0,region-month,gradboost/diversity_optimal
90,0.14500000000000005,0.855,10.07923167941003,37,127,3.4324324324324325,0.37980848591305416,0.2643341677098183,0,region-month,gradboost/diversity_optimal
91,0.14550000000000005,0.8544999999999999,10.06648755450412,37,127,3.4324324324324325,0.3802893216324243,0.2646688134968373,0,region-month,gradboost/diversity_optimal
92,0.14600000000000005,0.854,10.053743429598208,38,127,3.3421052631578947,0.38077137636648484,0.2650043076778379,0,region-month,gradboost/diversity_optimal
93,0.14650000000000005,0.8534999999999999,10.034118289555751,38,127,3.3421052631578947,0.2037351897118688,0.17663215650659161,0,region-month,gradboost/diversity_optimal
94,0.14700000000000005,0.853,10.007878840389793,38,127,3.3421052631578947,0.20426935876397467,0.1770952646802261,0,region-month,gradboost/diversity_optimal
95,0.14750000000000005,0.8524999999999999,9.981639391223828,38,127,3.3421052631578947,0.20480633623284258,0.16294752292547754,0,region-month,gradboost/diversity_optimal
96,0.14800000000000005,0.852,9.95539994205787,38,127,3.3421052631578947,0.20534614432490572,0.1633770037368369,0,region-month,gradboost/diversity_optimal
97,0.14850000000000005,0.8514999999999999,9.92916049289191,38,127,3.3421052631578947,0.20588880548133445,0.1638087544963808,0,region-month,gradboost/diversity_optimal
98,0.14900000000000005,0.851,9.902921043725952,38,127,3.3421052631578947,0.44370858033115934,0.3250714613561524,0,region-month,gradboost/diversity_optimal
99,0.14950000000000005,0.8504999999999999,9.876681594559987,38,127,3.3421052631578947,0.44488738402414413,0.344472234434607,0,region-month,gradboost/diversity_optimal
100,0.15000000000000005,0.85,9.850442145394029,39,127,3.2564102564102564,0.44607246787371896,0.3453898340256829,0,region-month,gradboost/diversity_optimal
101,0.15050000000000005,0.8494999999999999,9.827423426215908,39,127,3.2564102564102564,0.4471173009317599,0.34619883871100116,0,region-month,gradboost/diversity_optimal
102,0.15100000000000005,0.849,9.80650975931742,39,127,3.2564102564102564,0.448070837156751,0.34693715309309475,0,region-month,gradboost/diversity_optimal
103,0.15150000000000005,0.8484999999999999,9.785596092418928,39,127,3.2564102564102564,0.44902844915572615,0.3476786233097248,0,region-month,gradboost/diversity_optimal
104,0.15200000000000005,0.848,9.764682425520439,39,127,3.2564102564102564,0.24685637615939082,0.21285910676056197,0,region-month,gradboost/diversity_optimal
105,0.15250000000000005,0.8474999999999999,9.74376875862195,39,127,3.2564102564102564,0.6108363195341922,0.39504102968264915,0,region-month,gradboost/diversity_optimal
106,0.15300000000000005,0.847,9.722855091723462,39,127,3.2564102564102564,0.6121502162441319,0.39589075503884125,0,region-month,gradboost/diversity_optimal
107,0.15350000000000005,0.8464999999999999,9.70194142482497,39,127,3.2564102564102564,0.613469777469436,0.44461193042237335,0,region-month,gradboost/diversity_optimal
108,0.15400000000000005,0.846,9.681027757926481,40,127,3.175,0.6147950399208095,0.44557241375580187,0,region-month,gradboost/diversity_optimal
109,0.15450000000000005,0.8454999999999999,9.661554855470726,40,127,3.175,0.6160341617828441,0.44647046673793955,0,region-month,gradboost/diversity_optimal
110,0.15500000000000005,0.845,9.642700586335012,40,127,3.175,0.6172386867786225,0.5513261092596481,0,region-month,gradboost/diversity_optimal
111,0.15550000000000005,0.8444999999999999,9.623846317199295,40,127,3.175,0.48636451506562567,0.3821781369548638,0,region-month,gradboost/diversity_optimal
112,0.15600000000000006,0.844,9.604992048063583,40,127,3.175,0.48731923188571463,0.3829283394970288,0,region-month,gradboost/diversity_optimal
113,0.15650000000000006,0.8434999999999999,9.586137778927869,40,127,3.175,0.48827770423035166,0.43760656615169874,0,region-month,gradboost/diversity_optimal
114,0.15700000000000006,0.843,9.567283509792157,40,127,3.175,0.5402912259399206,0.5147655901212608,0,region-month,gradboost/diversity_optimal
115,0.15750000000000006,0.8424999999999999,9.54842924065644,41,127,3.097560975609756,0.5413580816424443,0.5157820430616697,0,region-month,gradboost/diversity_optimal
116,0.15800000000000006,0.842,9.529574971520725,41,127,3.097560975609756,0.5424291588941144,0.474027792393909,0,region-month,gradboost/diversity_optimal
117,0.15850000000000006,0.8414999999999999,9.5245098008617,41,127,3.097560975609756,0.7738191350799476,0.6582683799353755,0,region-month,gradboost/diversity_optimal
118,0.15900000000000006,0.841,9.523011959161817,41,127,3.097560975609756,0.7739408464222898,0.6583719166980521,0,region-month,gradboost/diversity_optimal
119,0.15950000000000006,0.8404999999999999,9.521514117461932,41,127,3.097560975609756,0.7740625960577695,0.759549850003866,0,region-month,gradboost/diversity_optimal
120,0.16000000000000006,0.84,9.520016275762046,41,127,3.097560975609756,0.7741843840044612,0.7596693545725057,0,region-month,gradboost/diversity_optimal
121,0.16050000000000006,0.8394999999999999,9.51851843406216,41,127,3.097560975609756,0.774306210280451,0.759788896751815,0,region-month,gradboost/diversity_optimal
122,0.16100000000000006,0.839,9.517020592362277,41,127,3.097560975609756,0.7744280749038361,0.7632612631652664,0,region-month,gradboost/diversity_optimal
123,0.16150000000000006,0.8384999999999999,9.515522750662392,42,127,3.0238095238095237,0.7522128388722547,0.7488595245032507,0,region-month,gradboost/diversity_optimal
124,0.16200000000000006,0.838,9.514024908962506,42,127,3.0238095238095237,0.7523312635944971,0.7489774212960266,0,region-month,gradboost/diversity_optimal
125,0.16250000000000006,0.8374999999999999,9.508519901429763,42,127,3.0238095238095237,0.7527668297305666,0.6403755763866251,0,region-month,gradboost/diversity_optimal
126,0.16300000000000006,0.837,9.502516224371151,42,127,3.0238095238095237,0.7532424268081646,0.6407801648204746,0,region-month,gradboost/diversity_optimal
127,0.16350000000000006,0.8364999999999999,9.49651254731254,42,127,3.0238095238095237,0.753718625228887,0.6411852648143913,0,region-month,gradboost/diversity_optimal
128,0.16400000000000006,0.836,9.490508870253928,42,127,3.0238095238095237,0.5289863285444623,0.5134774962777082,0,region-month,gradboost/diversity_optimal
129,0.16450000000000006,0.8354999999999999,9.484505193195316,42,127,3.0238095238095237,0.5293211760689572,0.5138025267354625,0,region-month,gradboost/diversity_optimal
130,0.16500000000000006,0.835,9.478501516136706,42,127,3.0238095238095237,0.5296564477778862,0.41554211122676105,0,region-month,gradboost/diversity_optimal
131,0.16550000000000006,0.8344999999999999,9.472497839078093,43,127,2.953488372093023,0.3071714036067907,0.3043951117291511,0,region-month,gradboost/diversity_optimal
132,0.16600000000000006,0.834,9.466494162019483,43,127,2.953488372093023,0.30736621256957375,0.304588159959865,0,region-month,gradboost/diversity_optimal
133,0.16650000000000006,0.8334999999999999,9.464015431283883,43,127,2.953488372093023,0.3074467151938259,0.3013229064626517,0,region-month,gradboost/diversity_optimal
134,0.16700000000000007,0.833,9.461593326192027,43,127,2.953488372093023,0.30752541951229245,0.30140004312672874,0,region-month,gradboost/diversity_optimal
135,0.16750000000000007,0.8324999999999999,9.459171221100169,43,127,2.953488372093023,0.3288181886965487,0.3182111764165961,0,region-month,gradboost/diversity_optimal
136,0.16800000000000007,0.832,9.456749116008313,43,127,2.953488372093023,0.32890240708908164,0.31829267809346506,0,region-month,gradboost/diversity_optimal
137,0.16850000000000007,0.8314999999999999,9.454327010916456,43,127,2.953488372093023,0.32898666863345327,0.2791935262708995,0,region-month,gradboost/diversity_optimal
138,0.16900000000000007,0.831,9.4519049058246,43,127,2.953488372093023,0.32907097336283736,0.27926507122065636,0,region-month,gradboost/diversity_optimal
139,0.16950000000000007,0.8304999999999999,9.449482800732742,44,127,2.8863636363636362,0.32915532131044173,0.2793366528474232,0,region-month,gradboost/diversity_optimal
140,0.17000000000000007,0.83,9.446944473303043,44,127,2.8863636363636362,0.902693497190662,0.6159686301085804,0,region-month,gradboost/diversity_optimal
141,0.17050000000000007,0.8294999999999999,9.443052155637478,44,127,2.8863636363636362,0.9030655770847256,0.5846242641329822,0,region-month,gradboost/diversity_optimal
142,0.17100000000000007,0.829,9.439159837971912,44,127,2.8863636363636362,0.9034379638393931,0.58486533890977,0,region-month,gradboost/diversity_optimal
143,0.17150000000000007,0.8284999999999999,9.435267520306347,44,127,2.8863636363636362,0.903810657834431,0.6211778816269465,0,region-month,gradboost/diversity_optimal
144,0.17200000000000007,0.828,9.431375202640782,44,127,2.8863636363636362,0.9041836594502326,0.6214342410220683,0,region-month,gradboost/diversity_optimal
145,0.17250000000000007,0.8274999999999999,9.427482884975216,44,127,2.8863636363636362,0.9045569690678191,0.7385817885614362,0,region-month,gradboost/diversity_optimal
146,0.17300000000000007,0.827,9.42359056730965,44,127,2.8863636363636362,0.5728431173558377,0.455903860275561,0,region-month,gradboost/diversity_optimal
147,0.17350000000000007,0.8264999999999999,9.419698249644085,45,127,2.8222222222222224,0.5730798221128469,0.5723800842653393,0,region-month,gradboost/diversity_optimal
148,0.17400000000000007,0.826,9.41502308092239,45,127,2.8222222222222224,0.5733643933599217,0.5726643080472544,0,region-month,gradboost/diversity_optimal
149,0.17450000000000007,0.8254999999999999,9.406629369684083,45,127,2.8222222222222224,0.5738760171268473,0.5731753071149678,0,region-month,gradboost/diversity_optimal
150,0.17500000000000007,0.825,9.398235658445778,45,127,2.8222222222222224,0.574388554772147,0.573687218945198,0,region-month,gradboost/diversity_optimal
151,0.17550000000000007,0.8244999999999999,9.389841947207469,45,127,2.8222222222222224,0.5734980832248711,0.3966836376358553,0,region-month,gradboost/diversity_optimal
152,0.17600000000000007,0.824,9.381448235969163,45,127,2.8222222222222224,0.5740111998765043,0.39703855596227206,0,region-month,gradboost/diversity_optimal
153,0.17650000000000007,0.8234999999999999,9.373054524730856,45,127,2.8222222222222224,0.22026298438067726,0.2180773071410371,0,region-month,gradboost/diversity_optimal
154,0.17700000000000007,0.823,9.36466081349255,45,127,2.8222222222222224,0.2204604099921543,0.21827277369131853,0,region-month,gradboost/diversity_optimal
155,0.17750000000000007,0.8224999999999999,9.356267102254241,46,127,2.760869565217391,0.5404716759630707,0.37837533402110773,0,region-month,gradboost/diversity_optimal
156,0.17800000000000007,0.822,9.335957705348845,46,127,2.760869565217391,0.541647415413665,0.3791984498792102,0,region-month,gradboost/diversity_optimal
157,0.17850000000000008,0.8214999999999999,9.283230634202127,46,127,2.760869565217391,0.5447238747772545,0.38135222849716705,0,region-month,gradboost/diversity_optimal
158,0.17900000000000008,0.821,9.230503563055409,46,127,2.760869565217391,0.5478354812356121,0.3835306130182899,0,region-month,gradboost/diversity_optimal
159,0.17950000000000008,0.8204999999999999,9.17777649190868,46,127,2.760869565217391,0.5509828405574783,0.35667192297794387,0,region-month,gradboost/diversity_optimal
160,0.18000000000000008,0.82,9.125049420761963,46,127,2.760869565217391,0.5541665725127918,0.5488866880153704,0,region-month,gradboost/diversity_optimal
161,0.18050000000000008,0.8194999999999999,9.072322349615247,46,127,2.760869565217391,0.5467661703812909,0.3555072073902593,0,region-month,gradboost/diversity_optimal
162,0.18100000000000008,0.819,9.019595278468529,46,127,2.760869565217391,0.5499624755231783,0.35758544407810544,0,region-month,gradboost/diversity_optimal
163,0.18150000000000008,0.8184999999999999,8.966868207321799,47,127,2.702127659574468,0.5531963705581544,0.3927742642949698,0,region-month,gradboost/diversity_optimal
164,0.18200000000000008,0.818,8.932502537370636,47,127,2.702127659574468,0.5553246614608714,0.3942853694612544,0,region-month,gradboost/diversity_optimal
165,0.18250000000000008,0.8174999999999999,8.930269319511666,47,127,2.702127659574468,0.572905991617045,0.564184762348066,0,region-month,gradboost/diversity_optimal
166,0.18300000000000008,0.817,8.928036101652697,47,127,2.702127659574468,0.5730492956849746,0.40320602967360175,1,region-month,gradboost/diversity_optimal
167,0.17850000000000008,0.8214999999999999,9.283230634202127,46,127,2.760869565217391,1.1498228122451501,0.8504730614073482,0,region-month,gradboost/diversity_optimal
168,0.17900000000000008,0.821,9.230503563055409,46,127,2.760869565217391,1.156390903445507,0.8553311878693404,0,region-month,gradboost/diversity_optimal
169,0.17950000000000008,0.8204999999999999,9.17777649190868,46,127,2.760869565217391,1.163034463080366,0.8602451349933047,1,region-month,gradboost/diversity_optimal
170,0.17500000000000007,0.825,9.398235658445778,45,127,2.8222222222222224,1.1357525755322282,1.0730004177885726,0,region-month,gradboost/diversity_optimal
171,0.17550000000000007,0.8244999999999999,9.389841947207469,45,127,2.8222222222222224,1.136767840667763,1.0739595878913433,0,region-month,gradboost/diversity_optimal
172,0.17600000000000007,0.824,9.381448235969163,45,127,2.8222222222222224,1.1377849225467604,1.074920474359576,0,region-month,gradboost/diversity_optimal
173,0.17650000000000007,0.8234999999999999,9.373054524730856,45,127,2.8222222222222224,1.0129623375587453,0.743600043926867,0,region-month,gradboost/diversity_optimal
174,0.17700000000000007,0.823,9.36466081349255,45,127,2.8222222222222224,1.013870273630973,0.7442665458076954,0,region-month,gradboost/diversity_optimal
175,0.17750000000000007,0.8224999999999999,9.356267102254241,46,127,2.760869565217391,1.0147798387616984,0.7449342435552659,0,region-month,gradboost/diversity_optimal
176,0.17800000000000007,0.822,9.335957705348845,46,127,2.760869565217391,0.47612215387971607,0.42605656946994575,0,region-month,gradboost/diversity_optimal
177,0.17850000000000008,0.8214999999999999,9.283230634202127,46,127,2.760869565217391,0.4788264416079184,0.42847649373297136,0,region-month,gradboost/diversity_optimal
178,0.17900000000000008,0.821,9.230503563055409,46,127,2.760869565217391,0.38028650442905154,0.3672319481319655,0,region-month,gradboost/diversity_optimal
179,0.17950000000000008,0.8204999999999999,9.17777649190868,46,127,2.760869565217391,0.35621216970883457,0.321859203649993,0,region-month,gradboost/diversity_optimal
180,0.18000000000000008,0.82,9.125049420761963,46,127,2.760869565217391,0.35827046260671525,0.3237189955642665,0,region-month,gradboost/diversity_optimal
181,0.18050000000000008,0.8194999999999999,9.072322349615247,46,127,2.760869565217391,0.3603526805266321,0.3256004051805578,0,region-month,gradboost/diversity_optimal
182,0.18100000000000008,0.819,9.019595278468529,46,127,2.760869565217391,0.3624592430538217,0.3275038116194629,0,region-month,gradboost/diversity_optimal
183,0.18150000000000008,0.8184999999999999,8.966868207321799,47,127,2.702127659574468,0.2942686261951085,0.2823782241937901,0,region-month,gradboost/diversity_optimal
184,0.18200000000000008,0.818,8.932502537370636,47,127,2.702127659574468,0.3385453789367798,0.30503691920905857,0,region-month,gradboost/diversity_optimal
185,0.18250000000000008,0.8174999999999999,8.930269319511666,47,127,2.702127659574468,0.4608852649069625,0.399757652424976,0,region-month,gradboost/diversity_optimal
186,0.18300000000000008,0.817,8.928036101652697,47,127,2.702127659574468,0.4610005486258909,0.3998576459642595,0,region-month,gradboost/diversity_optimal
187,0.18350000000000008,0.8164999999999999,8.925802883793729,47,127,2.702127659574468,0.4611158900323267,0.3999576895399062,0,region-month,gradboost/diversity_optimal
188,0.18400000000000008,0.816,8.923569665934759,47,127,2.702127659574468,0.4612312891695808,0.40005778318948265,0,region-month,gradboost/diversity_optimal
189,0.18450000000000008,0.8154999999999999,8.92133644807579,47,127,2.702127659574468,0.46134674608100695,0.40015792695059266,0,region-month,gradboost/diversity_optimal
190,0.18500000000000008,0.815,8.919103230216821,47,127,2.702127659574468,0.4614622608100029,0.3667879067512908,0,region-month,gradboost/diversity_optimal
191,0.18550000000000008,0.8144999999999999,8.916870012357851,48,127,2.6458333333333335,0.2721817031584595,0.25441509443194404,0,region-month,gradboost/diversity_optimal
192,0.18600000000000008,0.814,8.915570077518757,48,127,2.6458333333333335,0.2722213886160829,0.2544521894288952,0,region-month,gradboost/diversity_optimal
193,0.18650000000000008,0.8134999999999999,8.915372382108307,48,127,2.6458333333333335,0.3953111170650535,0.33376927104983917,0,region-month,gradboost/diversity_optimal
194,0.18700000000000008,0.813,8.915174686697856,48,127,2.6458333333333335,0.39531988315167443,0.3160066851794798,0,region-month,gradboost/diversity_optimal
195,0.18750000000000008,0.8124999999999999,8.914976991287407,48,127,2.6458333333333335,0.3966944313619684,0.3960115404945255,0,region-month,gradboost/diversity_optimal
196,0.18800000000000008,0.8119999999999999,8.914779295876958,48,127,2.6458333333333335,0.39670322851395934,0.39602032250263164,0,region-month,gradboost/diversity_optimal
197,0.18850000000000008,0.8114999999999999,8.914581600466509,48,127,2.6458333333333335,0.6595541182048956,0.5281330721305142,0,region-month,gradboost/diversity_optimal
198,0.18900000000000008,0.8109999999999999,8.914383905056058,49,127,2.5918367346938775,0.6595687452193368,0.5281447846039257,0,region-month,gradboost/diversity_optimal
199,0.18950000000000009,0.8104999999999999,8.914186209645608,49,127,2.5918367346938775,0.6595833728825625,0.5281564975968465,1,region-month,gradboost/diversity_optimal
200,0.18500000000000008,0.815,8.919103230216821,47,127,2.702127659574468,1.3727199103933125,1.0159698304777132,0,region-month,gradboost/diversity_optimal
201,0.18550000000000008,0.8144999999999999,8.916870012357851,48,127,2.6458333333333335,1.3730637062112403,1.0162242787276543,0,region-month,gradboost/diversity_optimal
202,0.18600000000000008,0.814,8.915570077518757,48,127,2.6458333333333335,1.3732639057870926,1.0163724493250212,0,region-month,gradboost/diversity_optimal
203,0.18650000000000008,0.8134999999999999,8.915372382108307,48,127,2.6458333333333335,1.3732943574563974,0.8788395823646122,0,region-month,gradboost/diversity_optimal
204,0.18700000000000008,0.813,8.915174686697856,48,127,2.6458333333333335,1.3733248104762439,0.8788590707715208,0,region-month,gradboost/diversity_optimal
205,0.18750000000000008,0.8124999999999999,8.914976991287407,48,127,2.6458333333333335,1.3733552648467209,0.9014366341378751,0,region-month,gradboost/diversity_optimal
206,0.18800000000000008,0.8119999999999999,8.914779295876958,48,127,2.6458333333333335,0.4295275284812111,0.4069689541350501,0,region-month,gradboost/diversity_optimal
207,0.18850000000000008,0.8114999999999999,8.914581600466509,48,127,2.6458333333333335,0.4295370539558602,0.3357411997756641,0,region-month,gradboost/diversity_optimal
208,0.18900000000000008,0.8109999999999999,8.914383905056058,49,127,2.5918367346938775,0.42954657985300465,0.33574864555038075,0,region-month,gradboost/diversity_optimal
209,0.18950000000000009,0.8104999999999999,8.914186209645608,49,127,2.5918367346938775,0.4295561061726724,0.3357560916553564,0,region-month,gradboost/diversity_optimal
210,0.19000000000000009,0.8099999999999999,8.911279240587945,49,127,2.5918367346938775,0.6130039962291842,0.5213501144474871,0,region-month,gradboost/diversity_optimal
211,0.19050000000000009,0.8094999999999999,8.90618550065789,49,127,2.5918367346938775,0.613354593343139,0.42776401365071537,0,region-month,gradboost/diversity_optimal
212,0.1910000000000001,0.8089999999999999,8.901091760727832,49,127,2.5918367346938775,0.613705591722594,0.4118187995718884,0,region-month,gradboost/diversity_optimal
213,0.1915000000000001,0.8084999999999999,8.895998020797775,49,127,2.5918367346938775,0.6140569920568284,0.42451933454603896,0,region-month,gradboost/diversity_optimal
214,0.1920000000000001,0.8079999999999999,8.89090428086772,49,127,2.5918367346938775,0.6144087950367009,0.42476254839888755,0,region-month,gradboost/diversity_optimal
215,0.1925000000000001,0.8074999999999999,8.885810540937662,49,127,2.5918367346938775,0.6147610013546544,0.42500604109362866,0,region-month,gradboost/diversity_optimal
216,0.1930000000000001,0.8069999999999999,8.880716801007607,50,127,2.54,0.23538601451542118,0.2323880113832847,0,region-month,gradboost/diversity_optimal
217,0.1935000000000001,0.8064999999999999,8.875623061077551,50,127,2.54,0.2726303601753117,0.254075731625518,0,region-month,gradboost/diversity_optimal
218,0.1940000000000001,0.8059999999999999,8.871125960253126,50,127,2.54,0.27276856655666637,0.25420453198155835,0,region-month,gradboost/diversity_optimal
219,0.1945000000000001,0.8054999999999999,8.866952645284806,50,127,2.54,0.2728969476575064,0.25132151881690606,0,region-month,gradboost/diversity_optimal
220,0.1950000000000001,0.8049999999999999,8.862779330316489,50,127,2.54,0.2730254496628053,0.22354116275349475,0,region-month,gradboost/diversity_optimal
221,0.1955000000000001,0.8044999999999999,8.858606015348167,50,127,2.54,0.3057134599506894,0.28943376634706397,0,region-month,gradboost/diversity_optimal
222,0.1960000000000001,0.8039999999999999,8.85443270037985,50,127,2.54,0.32177346309882326,0.31381550671396274,0,region-month,gradboost/diversity_optimal
223,0.1965000000000001,0.8034999999999999,8.850259385411528,50,127,2.54,0.3219251944720497,0.3139634855351959,0,region-month,gradboost/diversity_optimal
224,0.1970000000000001,0.8029999999999999,8.84608607044321,51,127,2.4901960784313726,0.3777490331863332,0.34991305109806214,0,region-month,gradboost/diversity_optimal
225,0.1975000000000001,0.8024999999999999,8.84191275547489,51,127,2.4901960784313726,0.7628119337352471,0.5703696307832113,0,region-month,gradboost/diversity_optimal
226,0.1980000000000001,0.8019999999999999,8.835846239258064,51,127,2.4901960784313726,0.7633356652309168,0.5707612352227904,0,region-month,gradboost/diversity_optimal
227,0.1985000000000001,0.8014999999999999,8.829125158779787,51,127,2.4901960784313726,0.78162532499744,0.7727710358158726,0,region-month,gradboost/diversity_optimal
228,0.1990000000000001,0.8009999999999999,8.822404078301512,51,127,2.4901960784313726,0.782220782501601,0.7733597479488583,0,region-month,gradboost/diversity_optimal
229,0.1995000000000001,0.8004999999999999,8.815682997823233,51,127,2.4901960784313726,0.7828171479598728,0.773949357750607,0,region-month,gradboost/diversity_optimal
230,0.2000000000000001,0.7999999999999999,8.808961917344957,51,127,2.4901960784313726,0.7834144234505129,0.7745398672758337,0,region-month,gradboost/diversity_optimal
231,0.2005000000000001,0.7994999999999999,8.802240836866678,51,127,2.4901960784313726,0.7840126110581278,0.7034468853164398,0,region-month,gradboost/diversity_optimal
232,0.2010000000000001,0.7989999999999999,8.795519756388403,52,127,2.4423076923076925,0.8974680334928423,0.8410398731832683,0,region-month,gradboost/diversity_optimal
233,0.2015000000000001,0.7984999999999999,8.788798675910126,52,127,2.4423076923076925,0.8981543565162972,0.7609940955469602,0,region-month,gradboost/diversity_optimal
234,0.2020000000000001,0.7979999999999999,8.787591839773333,52,127,2.4423076923076925,0.898277703748807,0.7610986059965962,0,region-month,gradboost/diversity_optimal
235,0.2025000000000001,0.7974999999999999,8.787451437683712,52,127,2.4423076923076925,0.8982920560405449,0.7611107665001787,0,region-month,gradboost/diversity_optimal
236,0.2030000000000001,0.7969999999999999,8.78731103559409,52,127,2.4423076923076925,0.8983064087909196,0.7611229273923581,0,region-month,gradboost/diversity_optimal
237,0.2035000000000001,0.7964999999999999,8.78717063350447,52,127,2.4423076923076925,0.8983207619999528,0.6967505441759139,0,region-month,gradboost/diversity_optimal
238,0.2040000000000001,0.7959999999999999,8.787030231414848,52,127,2.4423076923076925,0.49518823850771465,0.4639088927658894,0,region-month,gradboost/diversity_optimal
239,0.2045000000000001,0.7954999999999999,8.786889829325228,52,127,2.4423076923076925,0.49519615091640445,0.46391630537481054,0,region-month,gradboost/diversity_optimal
240,0.2050000000000001,0.7949999999999999,8.786749427235605,53,127,2.3962264150943398,0.8457189340736585,0.6391811534684726,0,region-month,gradboost/diversity_optimal
241,0.2055000000000001,0.7944999999999999,8.786609025145985,53,127,2.3962264150943398,0.8457324478996675,0.639191367006976,0,region-month,gradboost/diversity_optimal
242,0.2060000000000001,0.7939999999999999,8.770666438572022,53,127,2.3962264150943398,0.8472697498667967,0.6403532358087609,0,region-month,gradboost/diversity_optimal
