disag_std_Current,disag_range_Current,disag_maxpair_Current,disag_std_1M,disag_range_1M,disag_maxpair_1M,disag_std_3M,disag_range_3M,disag_maxpair_3M,disag_std_6M,disag_range_6M,disag_maxpair_6M
0.5210716179752205,1.2074536631794155,1.2074536631794155,1.269855982864258,2.742582119593944,2.742582119593944,1.214379117421303,2.5776443219058267,2.5776443219058267,0.0001525995786051588,0.00036302027965012763,0.00036302027965012763
0.2631648003277162,0.6434556918700985,0.6434556918700985,0.39075276169008333,0.8540103310310894,0.8540103310310894,0.24440147089319897,0.5239965846804715,0.5239965846804715,0.01262186567956419,0.026794419430411904,0.026794419430411904
0.25797417649124976,0.6271454162279038,0.6271454162279038,0.26038357742830764,0.564042377584696,0.564042377584696,0.06290020977413553,0.13867098001181377,0.13867098001181377,0.004839744330858459,0.010385049478292805,0.010385049478292805
0.36041108780503545,0.8402265718487558,0.8402265718487558,0.4032303347763571,0.8688726218860687,0.8688726218860687,0.006393009918750628,0.013942381640543074,0.013942381640543074,8.257233644624728e-05,0.00019559923496293964,0.00019559923496293964
0.17348561415002586,0.37973215121430165,0.37973215121430165,0.019504359344699167,0.047775090324135405,0.047775090324135405,0.01098987035852548,0.026904781346711423,0.026904781346711423,8.173218781891145e-05,0.00018766394854422268,0.00018766394854422268
0.08999528485159268,0.19777102198388335,0.19777102198388335,0.005706224171696996,0.012179155222563371,0.012179155222563371,0.011359857393458142,0.02766828183772191,0.02766828183772191,0.0908880204775415,0.19538085552367188,0.19538085552367188
0.0012247523742055743,0.0027197639533279613,0.0027197639533279613,0.03219169797109517,0.07173511239326437,0.07173511239326437,0.008150727869111725,0.017440336480020243,0.017440336480020243,0.008515662261750512,0.01896865706104819,0.01896865706104819
0.028188226820887004,0.06533492751712733,0.06533492751712733,0.010850733316262975,0.025892500649502374,0.025892500649502374,0.00815005621017192,0.017429224470251584,0.017429224470251584,0.007640304578539586,0.017302565317386977,0.017302565317386977
0.007511526963403895,0.01722425188624339,0.01722425188624339,0.004071081532800707,0.008872570127270423,0.008872570127270423,0.11445115462239352,0.2501227911211965,0.2501227911211965,0.004695244399561049,0.011066732618532419,0.011066732618532419
0.0005497076555666954,0.0011831578452857774,0.0011831578452857774,0.0020752684648712725,0.004447408115937866,0.004447408115937866,0.010346686628639256,0.024052440929633778,0.024052440929633778,2.6286439320142048e-05,6.131382805737481e-05,6.131382805737481e-05
0.000551892289566041,0.001182041082294514,0.001182041082294514,0.1821849818881986,0.38900495566526844,0.38900495566526844,0.008082361314428585,0.01979707443533199,0.01979707443533199,1.5166252994309759e-05,3.623696716525357e-05,3.623696716525357e-05
0.09853867081698288,0.21017793165528845,0.21017793165528845,0.0021942347116592656,0.005339728536218902,0.005339728536218902,0.007720732903904442,0.018635838469296864,0.018635838469296864,1.5952562704521568e-05,3.455507717619166e-05,3.455507717619166e-05
0.009247032528660248,0.022390759749000372,0.022390759749000372,0.01333098008043997,0.03162671277099241,0.03162671277099241,0.0082116230415517,0.017442466447586614,0.017442466447586614,0.0028775480519267595,0.006230033159742662,0.006230033159742662
0.011897486323396813,0.029128308037888927,0.029128308037888927,0.0030425402464680563,0.007322381798888394,0.007322381798888394,0.009563060220433862,0.02030822371580728,0.02030822371580728,2.669853417762753e-05,6.231834125647063e-05,6.231834125647063e-05
0.006424753823981135,0.015650312581056598,0.015650312581056598,0.0032354780935092337,0.006958708725417603,0.006958708725417603,0.01213228209169857,0.025815372519825505,0.025815372519825505,5.0673715584556346e-05,0.000122568861435229,0.000122568861435229
0.0020454422123122756,0.004383640892382203,0.004383640892382203,0.0047170588715840225,0.010035098736456685,0.010035098736456685,0.010121382535859326,0.024763308685849694,0.024763308685849694,9.921380180833663e-05,0.00022330447779654895,0.00022330447779654895
0.0020517463314743316,0.004383166395578823,0.004383166395578823,0.004368027823491546,0.009329885181927192,0.009329885181927192,0.0059958622943894445,0.012750229741289759,0.012750229741289759,0.0024587104142339868,0.005222746203353559,0.005222746203353559
0.007203016893250462,0.015469781124121335,0.015469781124121335,0.007579914085170356,0.01837956243052401,0.01837956243052401,0.006002246276785293,0.012751156716282993,0.012751156716282993,0.005403784156910935,0.011641861758582166,0.011641861758582166
0.0046167810342658145,0.011263212063837347,0.011263212063837347,0.002983432956415252,0.006495198566577727,0.006495198566577727,0.0051180074849564074,0.010886390391483255,0.010886390391483255,6.77875625420818e-05,0.00015899808667571455,0.00015899808667571455
0.00521944192511336,0.011228131279118474,0.011228131279118474,0.0034038667656882686,0.0072443953850421594,0.0072443953850421594,0.009344850930977248,0.02279750522120831,0.02279750522120831,0.0033452123051369515,0.00758954365651255,0.00758954365651255
0.004897368912191189,0.010493885829455062,0.010493885829455062,0.005934254324940454,0.012616445125728019,0.012616445125728019,0.007992064300574966,0.019280622767231005,0.019280622767231005,0.032506530828872886,0.07143740488217414,0.07143740488217414
0.0008892627968049122,0.0019070341944136344,0.0019070341944136344,0.010965074711963289,0.02679752651274097,0.02679752651274097,0.006502599011750493,0.013841111728580654,0.013841111728580654,0.039532693450268885,0.09430261963063015,0.09430261963063015
0.00230524032279622,0.005646571803907794,0.005646571803907794,0.00423012131242858,0.010295957033542517,0.010295957033542517,0.00637932315375746,0.015621446934027793,0.015621446934027793,0.020409263091529004,0.04948228630958418,0.04948228630958418
0.011936003241071517,0.02688205333148454,0.02688205333148454,0.005435912908998589,0.01166760004248715,0.01166760004248715,0.02752118127312932,0.06243119427840527,0.06243119427840527,0.05267926010240467,0.12388475403528026,0.12388475403528026
0.0036255252645425767,0.007871568103250145,0.007871568103250145,0.010454529060552529,0.02424720546179066,0.02424720546179066,0.037807703481991764,0.08510349094107003,0.08510349094107003,0.11958795766225244,0.27784916216137034,0.27784916216137034
0.003365024294999354,0.008238954430645682,0.008238954430645682,0.02784747362896516,0.06745885191011967,0.06745885191011967,0.007551705319758354,0.01810878222011103,0.01810878222011103,1.2659695369557264,3.0989041829828508,3.0989041829828508
0.043905298093217186,0.09338027878628719,0.09338027878628719,0.028758749172775017,0.06696743786832257,0.06696743786832257,0.10241721095865998,0.23547069854790573,0.23547069854790573,2.441844486658194,5.976272896623788,5.976272896623788
0.04888565874220407,0.11853841023773334,0.11853841023773334,0.008041485632864828,0.019441140124747874,0.019441140124747874,0.1116744270501668,0.2728111072581917,0.2728111072581917,4.871663892454212,11.26969416314828,11.26969416314828
0.02409206077908374,0.05319024011551379,0.05319024011551379,0.039450154001295284,0.08990106658970744,0.08990106658970744,0.7680540987890649,1.7595973735691999,1.7595973735691999,10.077855507471465,21.921499971640717,21.921499971640717
0.023156329469859096,0.0520347657475613,0.0520347657475613,0.1188811853762857,0.26548858449864865,0.26548858449864865,3.150694202438227,6.814213331152141,6.814213331152141,15.954210072494016,34.41062603295409,34.41062603295409
0.11216682707545844,0.24611787445411829,0.24611787445411829,1.0916103414915412,2.318079903443641,2.318079903443641,13.263230720767847,28.25810997774827,28.25810997774827,14.23047654035573,30.727698193538895,30.727698193538895
1.1065779569220733,2.4964140867785884,2.4964140867785884,6.080150173498864,14.889788933609719,14.889788933609719,21.434229762506973,52.23274378534669,52.23274378534669,21.34249518624953,49.673532332225214,49.673532332225214
2.882659787993237,6.949214293318281,6.949214293318281,9.890207453359672,24.136495786009615,24.136495786009615,20.818964561361046,50.0870295157163,50.0870295157163,22.11654350382588,49.168309843310254,49.168309843310254
8.857056944802519,21.269067412486606,21.269067412486606,9.382259234546488,20.402939199872954,20.402939199872954,17.651576255183965,37.90625748383582,37.90625748383582,19.870934664376986,42.91427543662592,42.91427543662592
15.838102020184202,38.67766703837696,38.67766703837696,18.415159386774388,45.09460008063671,45.09460008063671,16.89723544019061,39.464000455645895,39.464000455645895,17.830366542428767,37.917395809105145,37.917395809105145
18.89195732558215,46.268070932778976,46.268070932778976,17.970975796137193,43.729478692614336,43.729478692614336,22.57495399565256,52.010207622554326,52.010207622554326,16.036038465107847,37.83695981267231,37.83695981267231
17.804733480806473,41.2899531166856,41.2899531166856,19.657809133525156,47.75081002064552,47.75081002064552,19.683732188390547,45.0729191715899,45.0729191715899,24.357001995620205,54.3477188898288,54.3477188898288
19.438986913530083,44.036553386771665,44.036553386771665,21.39887080773424,48.86601083139898,48.86601083139898,18.374728073571326,40.76097243131631,40.76097243131631,26.71555210839546,60.962854341558646,60.962854341558646
19.1466740735344,44.36067665886965,44.36067665886965,20.72722845721555,48.09265241439636,48.09265241439636,18.347977363149006,43.020906306157634,43.020906306157634,31.46626289875003,76.29495351208949,76.29495351208949
18.395346246873697,44.764004072511085,44.764004072511085,16.404134149920377,39.444817718869366,39.444817718869366,30.838985402870584,74.41851773981438,74.41851773981438,8.267777176820575,20.075835407717825,20.075835407717825
20.53634091704084,49.81109913102718,49.81109913102718,19.124925659439114,44.497329607439674,44.497329607439674,33.41784980922465,77.38414588867866,77.38414588867866,0.024525194513814415,0.05219710174901686,0.05219710174901686
13.95631896134048,32.08403524341983,32.08403524341983,10.759745314325285,24.15135618612647,24.15135618612647,28.285865934834668,61.05653254095026,61.05653254095026,0.008988177291740132,0.019152449243153097,0.019152449243153097
23.58194691017052,56.60256165204335,56.60256165204335,25.498544708042417,58.08395142212738,58.08395142212738,5.323570219078353,11.79767985503885,11.79767985503885,0.19542090274965765,0.41987339225961345,0.41987339225961345
31.277092066736717,70.76902889469984,70.76902889469984,32.05317822503223,72.78094801934333,72.78094801934333,0.04669334252234073,0.11435717380820377,0.11435717380820377,0.03949909357554964,0.08438160249022054,0.08438160249022054
33.982338808484755,77.30572144114247,77.30572144114247,18.376253069556316,44.32923669793826,44.32923669793826,0.029577369937038578,0.07049834087765666,0.07049834087765666,0.0003644353524035867,0.0008372710655587492,0.0008372710655587492
10.195812437446088,24.607169296861255,24.607169296861255,0.14423792480059014,0.3429622268689682,0.3429622268689682,0.4914882418410905,1.050402736741881,1.050402736741881,0.016084013152418836,0.03877067253869206,0.03877067253869206
0.012449953379852823,0.0304121435270071,0.0304121435270071,0.029501306814349225,0.07045559415176154,0.07045559415176154,0.05365647084603501,0.12555487301743323,0.12555487301743323,0.0502044778055707,0.10713630434647538,0.10713630434647538
0.022007969912052568,0.05091077358393249,0.05091077358393249,0.30232610967247675,0.6457353453899253,0.6457353453899253,0.015398102779693092,0.033600261305264036,0.033600261305264036,0.08714397196489924,0.19075745605071068,0.19075745605071068
0.38285854871994673,0.8133420810671835,0.8133420810671835,0.03771033138023772,0.08587268923543458,0.08587268923543458,0.010834740319019993,0.026206058782589116,0.026206058782589116,0.013223093669725964,0.029624631753235094,0.029624631753235094
0.031588929386695004,0.07646706639088119,0.07646706639088119,0.009458826838058636,0.020468845730442234,0.020468845730442234,0.03374107888467246,0.07988233450053311,0.07988233450053311,0.00014953117629788376,0.0003196629330646962,0.0003196629330646962
0.004729202949873194,0.010972527761238754,0.010972527761238754,0.006860623953475302,0.016258651748287573,0.016258651748287573,0.06797885925618317,0.15287748038356375,0.15287748038356375,4.8110308989278755e-05,0.00011738376090700925,0.00011738376090700925
0.0035966602687356065,0.008315303168543398,0.008315303168543398,0.03863123008216903,0.08436190615276792,0.08436190615276792,0.013470321441733296,0.029996991256644255,0.029996991256644255,2.387888129998621e-05,5.646050493233797e-05,5.646050493233797e-05
0.029679018811413844,0.06356587574493935,0.06356587574493935,0.01975062373428136,0.04764161455752588,0.04764161455752588,0.01577925364861397,0.03359003591763786,0.03359003591763786,9.461657011337958e-06,2.2353092361862988e-05,2.2353092361862988e-05
0.08329760895106933,0.1908085506265105,0.1908085506265105,0.017528124040261404,0.0417722735360041,0.0417722735360041,0.007459113896956684,0.015914766295506824,0.015914766295506824,6.74870795415373e-06,1.4939109874634919e-05,1.4939109874634919e-05
0.01912562895421735,0.042073273917806575,0.042073273917806575,0.01034951967514874,0.022465700929706737,0.022465700929706737,0.007490876249071091,0.01591596448343055,0.01591596448343055,5.418694135164406e-06,1.2829928731288454e-05,1.2829928731288454e-05
0.004643090957681217,0.010968943419034647,0.010968943419034647,0.003556586191427389,0.007689058809759244,0.007689058809759244,0.004406678651429704,0.009353546817147501,0.009353546817147501,4.278244122834928e-06,1.040198712892921e-05,1.040198712892921e-05
0.0019267196015219042,0.004252872913339849,0.004252872913339849,0.00339619936099589,0.007244439978883713,0.007244439978883713,0.004407323023230415,0.009353635725352655,0.009353635725352655,9.350158926814939e-06,2.2781445519775674e-05,2.2781445519775674e-05
0.0004732805803480438,0.0010069174522349753,0.0010069174522349753,0.0027261854175389577,0.005786293126029846,0.005786293126029846,0.004408630999471977,0.009354013953947703,0.009354013953947703,0.0037220534526629843,0.00806074827964945,0.00806074827964945
0.0002714135012369857,0.0005772817766739943,0.0005772817766739943,0.002198231478444805,0.004665821942406187,0.004665821942406187,0.004408443930958735,0.009354526403714,0.009354526403714,0.013021113234824327,0.02780792731080251,0.02780792731080251
0.0002094362711656879,0.00044538785683531147,0.00044538785683531147,0.0018053350264919147,0.003833003636300941,0.003833003636300941,0.0044052417158015195,0.00935335178351494,0.00935335178351494,0.016307718233276605,0.03496206052800932,0.03496206052800932
0.0001828884676743138,0.0003883922975944361,0.0003883922975944361,0.0018050828275134234,0.00383256177012765,0.00383256177012765,0.004799975325672028,0.010949052223477973,0.010949052223477973,1.7474032062055656e-05,3.795600227493605e-05,3.795600227493605e-05
0.00018313658041705066,0.0003890488721746521,0.0003890488721746521,0.0018041081018274473,0.003830561165192013,0.003830561165192013,0.013267312595314664,0.032170395062655274,0.032170395062655274,6.396148196615448e-06,1.5522070327592943e-05,1.5522070327592943e-05
0.0001830883215896197,0.000388652959295471,0.000388652959295471,0.0013370999221611801,0.0031984676705644316,0.0031984676705644316,0.014117172296953551,0.03422587689174969,0.03422587689174969,5.050517066064414e-06,1.20017777443953e-05,1.20017777443953e-05
0.001753907407757962,0.003946653886476159,0.003946653886476159,0.0061234327382402014,0.013119300163687944,0.013119300163687944,0.004405507409287392,0.009350283584734661,0.009350283584734661,3.005026604145324e-06,6.505955435472548e-06,6.505955435472548e-06
0.0012157262170263178,0.002919769277041507,0.002919769277041507,0.012233836659483941,0.029965702675002114,0.029965702675002114,0.004408319766252993,0.009352819111066633,0.009352819111066633,2.0892133998868967e-06,4.803773363872065e-06,4.803773363872065e-06
0.007207127972730561,0.015428178321788014,0.015428178321788014,0.004653621093524982,0.009909303137130504,0.009909303137130504,0.004407948935081606,0.00935310581406058,0.00935310581406058,3.4474224056906106e-06,7.98692212886785e-06,7.98692212886785e-06
0.0005557248355010208,0.0011901522475667589,0.0011901522475667589,0.002272314250245875,0.004825452983710639,0.004825452983710639,0.00440906735342577,0.00935456285351624,0.00935456285351624,3.574470853454716e-05,8.026154699207404e-05,8.026154699207404e-05
0.0001823756589959723,0.00038801754555943,0.00038801754555943,0.0022731192620531367,0.004825553656761373,0.004825553656761373,0.005010603462252109,0.01063176929909668,0.01063176929909668,0.050419834106566364,0.11322196555677257,0.11322196555677257
0.0001830622292626828,0.00038939260136210195,0.00038939260136210195,0.002272730418669374,0.0048249695774942635,0.0048249695774942635,0.0050092375171473975,0.010630890513023019,0.010630890513023019,0.030664275265994533,0.06533893643035525,0.06533893643035525
0.00018311245926735757,0.00038916682831968095,0.00038916682831968095,0.001528942648955043,0.0032459002776841555,0.0032459002776841555,0.005588022241184576,0.011891229058442391,0.011891229058442391,0.031533381166705364,0.07414705927577564,0.07414705927577564
0.000282217526237399,0.000599202589976553,0.000599202589976553,0.001617945222244448,0.0034364227777441453,0.0034364227777441453,0.03187420912878878,0.07297516149620573,0.07297516149620573,0.02341735086029713,0.05409562710890356,0.05409562710890356
0.0003256817105773655,0.0006936789819848646,0.0006936789819848646,0.0016151549110813583,0.0034368544893730625,0.0034368544893730625,0.11937031053932966,0.2565488772430867,0.2565488772430867,0.03236614559388071,0.07646984158359535,0.07646984158359535
0.0017230748980584906,0.003689417216810761,0.003689417216810761,0.03434143629936156,0.07934449770802818,0.07934449770802818,0.016307918069319506,0.03609905092227544,0.03609905092227544,0.061022441892184455,0.13297235400756535,0.13297235400756535
0.015426474051864968,0.03592010917876732,0.03592010917876732,0.020601567800032295,0.049573116849336345,0.049573116849336345,0.009674231876965513,0.022263876798533103,0.022263876798533103,0.09262836742376396,0.21619716225828992,0.21619716225828992
0.050470652833395475,0.10981457611890355,0.10981457611890355,0.029064278635450625,0.06724544663580308,0.06724544663580308,0.02743382910725706,0.06261571773876884,0.06261571773876884,0.5389286428342299,1.1543738859036297,1.1543738859036297
0.010107524948985059,0.022166841423548855,0.022166841423548855,0.019145347780065776,0.04679653440794263,0.04679653440794263,0.03304416243564658,0.08038732462292905,0.08038732462292905,0.21253818019160203,0.4861414720735388,0.4861414720735388
0.01710293241460737,0.041336162459886056,0.041336162459886056,0.02534727463164724,0.054578639930432646,0.054578639930432646,0.026539568239429157,0.06092762474094434,0.06092762474094434,5.183458948248321,12.310326927305239,12.310326927305239
0.13288510315793,0.3180106454936917,0.3180106454936917,0.05856603470950453,0.1433874526020445,0.1433874526020445,0.0941418092170699,0.22307550655482505,0.22307550655482505,8.038850113861756,18.386169895497574,18.386169895497574
0.06220141586149602,0.1497148644508137,0.1497148644508137,0.030068082054562795,0.07358058900588074,0.07358058900588074,0.3459818868404994,0.8307670298818153,0.8307670298818153,5.632464437987374,12.736423154395686,12.736423154395686
0.0319036861183916,0.07664175801373559,0.07664175801373559,0.013738181966465169,0.03325975567770985,0.03325975567770985,4.236976404137621,9.229133763942816,9.229133763942816,12.116949954882452,26.177948730766914,26.177948730766914
0.04848214835416944,0.10549712685346657,0.10549712685346657,0.3737694488911819,0.8060901953432856,0.8060901953432856,5.928243333267135,12.64480545001732,12.64480545001732,7.66592002072023,16.283213543278773,16.283213543278773
0.3642082237089633,0.7875107404474263,0.7875107404474263,4.358996967074769,9.265289041912332,9.265289041912332,7.022807457096736,14.975401723641275,14.975401723641275,6.628763906789635,14.090833135788015,14.090833135788015
6.69734934467048,16.154346235302427,16.154346235302427,12.11771102306635,29.661648229021868,29.661648229021868,13.693344632296743,31.489483168823558,31.489483168823558,20.863734310960172,48.778122220104216,48.778122220104216
12.95299084579881,28.237413124764362,28.237413124764362,11.06283623040376,26.704197554906056,26.704197554906056,13.009155761295817,28.087746954405123,28.087746954405123,22.858405431223456,52.525158652972806,52.525158652972806
14.967043374504325,34.310343491278985,34.310343491278985,18.640574903124268,45.62254313910361,45.62254313910361,12.923171888555292,28.39992700152062,28.39992700152062,33.83442869857955,72.2252805347604,72.2252805347604
11.979533501901937,27.42629536660934,27.42629536660934,10.10907849983166,22.70823528907683,22.70823528907683,19.459234731540032,41.64602181008568,41.64602181008568,38.6984297122883,85.55898747119605,85.55898747119605
7.177331684649337,17.00448087039252,17.00448087039252,6.235856650070627,14.46202121322491,14.46202121322491,20.944142405159567,47.30958624785121,47.30958624785121,42.323680412498355,90.5009247589573,90.5009247589573
7.540390945564618,16.59775215245142,16.59775215245142,12.866167269016016,29.00406198981418,29.00406198981418,34.76440928608261,74.34079794157402,74.34079794157402,36.4387566495181,77.36121543488677,77.36121543488677
16.163361609573446,38.69172576995541,38.69172576995541,32.16502942451751,78.78447400050027,78.78447400050027,41.534204777525815,88.60183261692752,88.60183261692752,33.91610447061429,72.00449202959788,72.00449202959788
19.365418741257848,44.90967496714012,44.90967496714012,38.18640878914926,87.25290204301903,87.25290204301903,45.573500619740244,97.29865112224978,97.29865112224978,45.38380213982549,96.29526493577933,96.29526493577933
34.67036533599551,73.87918236575923,73.87918236575923,43.7817704417511,95.17676007437129,95.17676007437129,47.040733883742035,99.79442688298185,99.79442688298185,41.906197553659915,89.33758047532528,89.33758047532528
35.53566729690044,78.00397092467294,78.00397092467294,45.58382466716518,98.17746241655281,98.17746241655281,47.046464864576805,99.80770071954656,99.80770071954656,40.98555617289225,87.68030462536134,87.68030462536134
39.976722554515,85.21764458054606,85.21764458054606,46.58185546305252,98.82011234508293,98.82011234508293,47.027882227646145,99.77425988074964,99.77425988074964,16.777177581817433,40.57871101953893,40.57871101953893
36.942341601486916,78.46102398835956,78.46102398835956,46.548552266702394,98.75601326140992,98.75601326140992,46.787255198427665,99.3467882393167,99.3467882393167,1.871557924468431,4.24809971706207,4.24809971706207
36.991897724726,78.47848613979909,78.47848613979909,46.54212374890588,98.75735217001002,98.75735217001002,43.24317023874978,92.96247938595369,92.96247938595369,1.0377470872824859,2.403563082883663,2.403563082883663
36.96561802788484,78.4347421195273,78.4347421195273,46.383417462926346,98.472649006936,98.472649006936,21.05361675101588,51.020581150960375,51.020581150960375,0.22114886899377909,0.49139363971333555,0.49139363971333555
39.912397121028974,84.84887782281461,84.84887782281461,43.46017474228828,95.2432741608428,95.2432741608428,1.4512027234703202,3.540864662423596,3.540864662423596,0.005868624554914845,0.012956940523527466,0.012956940523527466
40.21884282738289,85.79337292589105,85.79337292589105,24.12704195742486,58.931243420883845,58.931243420883845,0.26782979118200967,0.5886603156403819,0.5886603156403819,0.003910215245445288,0.008398491926850035,0.008398491926850035
10.948427945730968,25.15012441481626,25.15012441481626,2.2942126718278324,5.605674563415227,5.605674563415227,0.04340786191474415,0.09369151142780918,0.09369151142780918,0.005123531353322691,0.011657824090849242,0.011657824090849242
1.9980160432922562,4.894111669580199,4.894111669580199,0.12197172698828795,0.296654852848092,0.296654852848092,0.013240801704857454,0.02901747815615789,0.02901747815615789,0.014584588933083188,0.034033795025319696,0.034033795025319696
0.1911512329332791,0.4458226106675319,0.4458226106675319,0.017275969774560203,0.03747063602267007,0.03747063602267007,0.014086691151377652,0.032557178487962274,0.032557178487962274,0.00010496220650219791,0.00023526761521190794,0.00023526761521190794
0.05071631474589009,0.12416466965095593,0.12416466965095593,0.004808366167558368,0.01059213676145937,0.01059213676145937,0.013429348312603227,0.032702429209568125,0.032702429209568125,2.4360784056331217e-05,5.592809672700716e-05,5.592809672700716e-05
0.019386519035135896,0.042534035859985206,0.042534035859985206,0.010145448196006652,0.024313837753902452,0.024313837753902452,0.013509560414463445,0.03291121779943946,0.03291121779943946,4.159724447576145e-05,9.384414710571233e-05,9.384414710571233e-05
0.015564250979869835,0.03786690005386091,0.03786690005386091,0.008614396486859193,0.019965300178238395,0.019965300178238395,0.015780679280160716,0.033601224664514054,0.033601224664514054,0.01870651061769867,0.04026300994086647,0.04026300994086647
0.005677032596119175,0.013824193554741009,0.013824193554741009,0.014623487277069691,0.03580401053340596,0.03580401053340596,0.01578489531482849,0.03360080646015524,0.03360080646015524,0.023510765303351226,0.04989761366372359,0.04989761366372359
0.004006590193824064,0.009378762031240757,0.009378762031240757,0.002464641270122076,0.005254603810478593,0.005254603810478593,0.015714105483962546,0.03359247295230114,0.03359247295230114,0.030586136787358567,0.07456825277155024,0.07456825277155024
0.0034921088181223366,0.007484662252239365,0.007484662252239365,0.0024687165694266527,0.005255209845263606,0.005255209845263606,0.026432460404890147,0.0643179139986754,0.0643179139986754,0.03094499941197279,0.0714509708373827,0.0714509708373827
0.0014906448345854589,0.003176344528592138,0.003176344528592138,0.0026012033977856294,0.005528106543652934,0.005528106543652934,0.011048568860929465,0.024484835203111774,0.024484835203111774,0.0040751742860027276,0.009545272502915033,0.009545272502915033
0.00173742952955778,0.003782975495362414,0.003782975495362414,0.01756887867748987,0.04297661748475072,0.04297661748475072,0.02343327490272359,0.05702823192320243,0.05702823192320243,0.00959808576310012,0.022663036267892407,0.022663036267892407
0.006818488834273435,0.016680180525189277,0.016680180525189277,0.013506398923652163,0.03155192290230112,0.03155192290230112,0.017472332812725807,0.04255460174242708,0.04255460174242708,0.028105833935541287,0.06557182530256259,0.06557182530256259
0.010326577037379731,0.02200273057633121,0.02200273057633121,0.01790761573200848,0.04316385118797488,0.04316385118797488,0.012929016802345964,0.031531839826436106,0.031531839826436106,0.01693631809987851,0.03904376110424327,0.03904376110424327
0.010443447388033027,0.02476471520985931,0.02476471520985931,0.010029419058167847,0.0230639076586956,0.0230639076586956,0.011712091296602245,0.028648214763244598,0.028648214763244598,8.538995212442268e-05,0.00020848352279821154,0.00020848352279821154
0.02348428722034068,0.05270893747691117,0.05270893747691117,0.009041905997958554,0.021132489246982397,0.021132489246982397,0.011529696277837856,0.027047338354478024,0.027047338354478024,3.2812396737691856e-05,7.389984671545374e-05,7.389984671545374e-05
0.00993342806836743,0.024218954888103522,0.024218954888103522,0.006491100706003917,0.014676724614113845,0.014676724614113845,0.007589200651931384,0.016259605742238368,0.016259605742238368,0.0011436267298377543,0.0027559706524130645,0.0027559706524130645
0.005558661563734829,0.011931492100387669,0.011931492100387669,0.008736457942869048,0.021312663396083613,0.021312663396083613,0.00629420391121217,0.013567191806186247,0.013567191806186247,0.00010323407978241255,0.00023448031876128057,0.00023448031876128057
0.002250093832490505,0.004802580368447841,0.004802580368447841,0.0075018166532436065,0.01764116954576709,0.01764116954576709,0.012414485075922794,0.026589642462179888,0.026589642462179888,5.850247531254758e-05,0.00012680045648151867,0.00012680045648151867
0.018325936226333443,0.043012060737363966,0.043012060737363966,0.011385213281546682,0.025387848575204243,0.025387848575204243,0.003423266956447322,0.008311543345114619,0.008311543345114619,1.9891917243696968e-05,4.519623757305308e-05,4.519623757305308e-05
0.0011545515242339529,0.0024873768815975917,0.0024873768815975917,0.008403565954568757,0.017891086892923402,0.017891086892923402,0.004406798549699779,0.009353101481328641,0.009353101481328641,1.9767700977942042e-05,4.495059090023042e-05,4.495059090023042e-05
0.0007177663357364465,0.001552807180628517,0.001552807180628517,0.0671489358268491,0.15233686571033955,0.15233686571033955,0.005160819197699536,0.010952097373103507,0.010952097373103507,2.3038616728189783e-05,5.1034621495623865e-05,5.1034621495623865e-05
0.002789030772281139,0.006325874122886382,0.006325874122886382,0.00852661341876388,0.01812615300551067,0.01812615300551067,0.0044080608574043716,0.009352472674508656,0.009352472674508656,0.0021861561532949252,0.004797774102464923,0.004797774102464923
0.00022950157040952748,0.0004876157269871767,0.0004876157269871767,0.001806784238209658,0.003833660880928554,0.003833660880928554,0.00515996817203331,0.010950523172590126,0.010950523172590126,0.012494365566384667,0.02707244937100627,0.02707244937100627
0.00020049966165516282,0.00042559595559155144,0.00042559595559155144,0.001529510247902949,0.003245487749980638,0.003245487749980638,0.005153973261846889,0.010942508549224279,0.010942508549224279,0.003099305817786802,0.0074867962402630685,0.0074867962402630685
0.0002301405716034071,0.0004887103161539849,0.0004887103161539849,0.0016186324406325641,0.0034362647957637193,0.0034362647957637193,0.006497245479227695,0.015909946422565123,0.015909946422565123,0.03417855077829557,0.08366625077101605,0.08366625077101605
0.0002324690951864434,0.0004939923851095871,0.0004939923851095871,0.0016121514162109945,0.0034334869270889424,0.0034334869270889424,0.008602352597339004,0.018279127430013285,0.018279127430013285,0.011613874944456712,0.028031766273855147,0.028031766273855147
0.00044332363099820445,0.0009423941569117795,0.0009423941569117795,0.007488887900354292,0.01790520886880566,0.01790520886880566,0.007278442687853014,0.016380952648647105,0.016380952648647105,0.183557380631584,0.42764827850774,0.42764827850774
0.0027558708488775166,0.006419613131060958,0.006419613131060958,0.005700238153574741,0.013943506228482314,0.013943506228482314,0.052927190316880014,0.11534935853150416,0.11534935853150416,0.49839419685413,1.0845277668514623,1.0845277668514623
0.007298776844107212,0.01742241328675976,0.01742241328675976,0.01688672881698881,0.04013166652671268,0.04013166652671268,0.007401953767314996,0.01624348532968544,0.01624348532968544,0.002083949727000831,0.00472915315061459,0.00472915315061459
0.013025290393176861,0.03025883015311144,0.03025883015311144,0.020496410425876417,0.05013506842396712,0.05013506842396712,0.2566667297019098,0.5659834116734503,0.5659834116734503,0.0021359150395041126,0.00457840495828211,0.00457840495828211
0.028144739716048046,0.06025538214185486,0.06025538214185486,0.03138296521014847,0.07661574495196727,0.07661574495196727,0.09273205279136379,0.21900288626327882,0.21900288626327882,0.005041868720883927,0.010872870579187233,0.010872870579187233
0.005736522073355545,0.012666268061610565,0.012666268061610565,0.17755484969720808,0.39657638110869775,0.39657638110869775,0.010404513837895094,0.02489195616152517,0.02489195616152517,0.007044908359400587,0.01582216001132913,0.01582216001132913
0.13896295012063747,0.32827058999881503,0.32827058999881503,0.34801568012751094,0.7447886267453996,0.7447886267453996,0.017718178762710996,0.03976422237495629,0.03976422237495629,0.011162562658231342,0.026551475826315576,0.026551475826315576
1.2657195165568722,2.8955283771556757,2.8955283771556757,0.11335440628223944,0.2754259860328783,0.2754259860328783,0.009221649688821618,0.02030913831880944,0.02030913831880944,0.044932545614154926,0.09682794567146416,0.09682794567146416
0.028900100305319112,0.06306322596935442,0.06306322596935442,0.00473484207668135,0.01007832348102529,0.01007832348102529,0.0426286323966309,0.09738889693161457,0.09738889693161457,0.004576904869480025,0.010397526197158478,0.010397526197158478
0.004441957899948053,0.009571759046307346,0.009571759046307346,0.0015972480216354791,0.003435795595868637,0.003435795595868637,0.016744686223029947,0.03974539754647213,0.03974539754647213,0.008839265181099527,0.018838513570026076,0.018838513570026076
0.0009678496807919736,0.002063133427242304,0.002063133427242304,0.028833644254350404,0.06270430625963372,0.06270430625963372,0.10425626187457278,0.2252093755118467,0.2252093755118467,0.00015351147776333473,0.0003731356698857758,0.0003731356698857758
0.03312821164223618,0.07401237591529443,0.07401237591529443,0.03730798646532145,0.0849777754006214,0.0849777754006214,0.007120002139173198,0.015726259042963583,0.015726259042963583,0.0002096595175517962,0.0004787101587069996,0.0004787101587069996
0.015274463817895803,0.03583737957793332,0.03583737957793332,0.03303483100170376,0.07510834394150195,0.07510834394150195,0.007873524656667897,0.019232153527712688,0.019232153527712688,0.007927432874097456,0.019067847153561843,0.019067847153561843
0.048294157046218096,0.1085766870559563,0.1085766870559563,0.012334410836898601,0.029766944620666154,0.029766944620666154,0.01100268958206799,0.02350175037797852,0.02350175037797852,0.16584504076080403,0.35581710751222506,0.35581710751222506
0.009243176151884205,0.021779234340373994,0.021779234340373994,0.011149725572703792,0.02635853303011987,0.02635853303011987,0.006349965429172526,0.01384006879443421,0.01384006879443421,0.33328426090982044,0.8161454688786128,0.8161454688786128
0.007662158446072033,0.017891266408025477,0.017891266408025477,0.006556189544158545,0.014145590517302737,0.014145590517302737,0.002363591238133677,0.005742305957380699,0.005742305957380699,0.3907921286794674,0.956029209812925,0.956029209812925
0.0017140431789334722,0.0038215298608077573,0.0038215298608077573,0.006484547917666505,0.01400521118699783,0.01400521118699783,0.3752557904466515,0.8461266303045456,0.8461266303045456,4.793391362103544,10.242838518859491,10.242838518859491
0.006935759358054676,0.015252008268749942,0.015252008268749942,0.019275321220668957,0.046775094863187476,0.046775094863187476,0.3271567187320152,0.7523324258426821,0.7523324258426821,0.4260229248157723,0.9212373774248386,0.9212373774248386
0.01618530168405524,0.03866260134874043,0.03866260134874043,0.13204579488884582,0.2934489671221795,0.2934489671221795,0.3037995067322694,0.6799265292484123,0.6799265292484123,0.11118563060395577,0.27012257211264323,0.27012257211264323
0.24472693601691523,0.5943901213782616,0.5943901213782616,0.369674377344623,0.8998708154588021,0.8998708154588021,1.907918066636312,4.498895905778802,4.498895905778802,13.005493634510495,28.52145939542654,28.52145939542654
0.21317873069032992,0.5148877264506875,0.5148877264506875,0.571609248131576,1.3621464932879417,1.3621464932879417,1.0223730562726328,2.494403671264829,2.494403671264829,3.583004538666129,7.87876793874387,7.87876793874387
0.41836726267817825,0.8931668519229479,0.8931668519229479,2.017367907696759,4.50747980512273,4.50747980512273,3.173856562523988,7.295124130260132,7.295124130260132,6.662575249644204,15.35376464156658,15.35376464156658
2.131057675924692,4.726966707145286,4.726966707145286,1.9842953085507882,4.835312175628201,4.835312175628201,7.655125728981096,16.60010767786124,16.60010767786124,8.934421751562352,19.53958610396519,19.53958610396519
0.6789682666610399,1.641184125454112,1.641184125454112,1.7721931770428863,4.2443110494576555,4.2443110494576555,2.8780230999406924,7.03517701747644,7.03517701747644,6.465967603845434,15.397415970205634,15.397415970205634
1.1813592311877505,2.7311303422376922,2.7311303422376922,1.7545862480235188,3.85166589278931,3.85166589278931,3.575574787937229,8.757338358671047,8.757338358671047,9.237150621544481,22.556265573955326,22.556265573955326
0.45824197595760796,1.0517758752786222,1.0517758752786222,1.4781650288252277,3.291622036755247,3.291622036755247,2.54661943597747,6.188656493353782,6.188656493353782,32.75795611958771,72.51526531319476,72.51526531319476
1.957745779819881,4.458975138656107,4.458975138656107,2.3614416677883354,5.249314785636382,5.249314785636382,7.388260140558593,16.808684711415246,16.808684711415246,26.837469901482017,64.53764476698981,64.53764476698981
2.260363427783969,5.431020476357002,5.431020476357002,2.9767390322910674,7.218762016247947,7.218762016247947,9.550722226796841,22.19957896934,22.19957896934,39.76002225601296,85.20513442241725,85.20513442241725
2.0858745787888195,4.947712204377125,4.947712204377125,4.478998016675376,10.968599848131365,10.968599848131365,16.493597363370615,38.54797477325772,38.54797477325772,44.18693066823088,95.74030170765666,95.74030170765666
1.7874551441841107,4.123307522886807,4.123307522886807,5.28557333027851,11.355883899448955,11.355883899448955,27.60118925443692,60.19930735036697,60.19930735036697,42.59034985394369,92.83356771317747,92.83356771317747
1.8437182154215024,4.1624689002676005,4.1624689002676005,5.263640427726476,12.15954972594058,12.15954972594058,37.89016077447528,82.33440000081345,82.33440000081345,42.24811477238749,89.85427068931078,89.85427068931078
4.913173838788939,10.90294373582878,10.90294373582878,13.523612569300932,30.475080687565708,30.475080687565708,45.62024759731379,99.62308222110869,99.62308222110869,37.88679302213608,92.22263721312518,92.22263721312518
27.421166198230154,59.63071628932905,59.63071628932905,44.109217543162686,96.45586449021754,96.45586449021754,46.375601295471576,99.64346551651039,99.64346551651039,6.205874871633182,13.717234060279926,13.717234060279926
39.83564576851647,86.80325149282046,86.80325149282046,46.55431487067837,99.1273662366055,99.1273662366055,42.986525499847836,93.4218234460842,93.4218234460842,1.746978097548285,3.7313595911311923,3.7313595911311923
40.96395391112099,87.04785776065464,87.04785776065464,46.49637744830095,98.6471127170664,98.6471127170664,29.292126432475904,70.96355641842398,70.96355641842398,1.0052843291715916,2.145424136413392,2.145424136413392
36.91892441643396,78.3206283109628,78.3206283109628,45.054257750990466,98.51205324937445,98.51205324937445,1.4283211662388937,3.2471317218002,3.2471317218002,0.03908758612230648,0.08710759026665087,0.08710759026665087
34.617056124703964,76.24003185108546,76.24003185108546,35.29990405052501,84.11165589136715,84.11165589136715,0.16680282373115993,0.36041182108956665,0.36041182108956665,0.1355311338887599,0.2920351486978518,0.2920351486978518
17.29977349058002,37.57006334550381,37.57006334550381,11.630360127847702,25.804382957090436,25.804382957090436,0.08412567675779663,0.18064052843593165,0.18064052843593165,0.5048884025132769,1.2327361314062473,1.2327361314062473
0.31193520019379245,0.7505267587511929,0.7505267587511929,0.08832325614371384,0.18930083990718297,0.18930083990718297,0.010082534728060729,0.02368845644796026,0.02368845644796026,0.5756047783903113,1.3490121102065031,1.3490121102065031
0.014271509450299707,0.03265670720005934,0.03265670720005934,0.007473520822965848,0.017520547159107145,0.017520547159107145,0.09577124728979199,0.20877693373859607,0.20877693373859607,0.2706464165599142,0.643196408437805,0.643196408437805
0.020301439282963973,0.04495880508119064,0.04495880508119064,0.017854823697852424,0.03926927555795465,0.03926927555795465,0.4325539637563342,0.92025090369157,0.92025090369157,0.10410253442020585,0.23608613663493977,0.23608613663493977
0.01049445989425262,0.023507887804484623,0.023507887804484623,0.1478288570713734,0.3149605235726869,0.3149605235726869,0.5757698102202007,1.223015402919382,1.223015402919382,0.24481169826863572,0.5556378385442522,0.5556378385442522
0.2680333144885868,0.5734627410808751,0.5734627410808751,0.9401593692211448,1.9960887862340309,1.9960887862340309,0.7085942273995463,1.5069495209516086,1.5069495209516086,0.3593254252843929,0.7720619085348703,0.7720619085348703
0.4492640165623872,0.9629557771667934,0.9629557771667934,0.46607022093945155,0.9890434834166547,0.9890434834166547,0.6999453795602135,1.4930249066311574,1.4930249066311574,2.4486451171087533,5.321757380805106,5.321757380805106
0.6621762958286499,1.5234639333324203,1.5234639333324203,0.8502936048067553,2.022469876212728,2.022469876212728,1.9163645050792943,4.683272418771909,4.683272418771909,33.102692713008786,78.03989553024257,78.03989553024257
1.1716401439592798,2.8371966591534488,2.8371966591534488,1.012758663896315,2.338468361207606,2.338468361207606,2.8406333196186475,6.882226221684654,6.882226221684654,42.68345783568726,91.96143293237415,91.96143293237415
0.9942440314441793,2.232759973314579,2.232759973314579,2.0174420996726266,4.5152850818470425,4.5152850818470425,14.003764292121566,32.520810929927414,32.520810929927414,43.40183203168569,92.08105169515518,92.08105169515518
0.557359094133953,1.2821855633872123,1.2821855633872123,1.2780021871354197,3.1292139246870145,3.1292139246870145,24.679265656316577,55.48232886209055,55.48232886209055,42.0351187401985,93.99188272208258,93.99188272208258
0.20866020901397958,0.4552390129656453,0.4552390129656453,0.6012109113047593,1.3556017888915957,1.3556017888915957,17.53308985989269,39.31523021535567,39.31523021535567,39.90904551727874,90.14664675734626,90.14664675734626
0.9545030117901081,2.0287078389982627,2.0287078389982627,13.02850771857449,27.649000413739593,27.649000413739593,38.5156481062478,81.70436102263156,81.70436102263156,42.50369503457839,90.22608539899362,90.22608539899362
12.05646002372706,27.732262134470925,27.732262134470925,31.46752106912197,72.72920423335437,72.72920423335437,42.71724133981903,96.89058104510802,96.89058104510802,21.38072210499681,52.20785248925748,52.20785248925748
31.593610949351707,77.25603212755986,77.25603212755986,41.39564119798213,92.38322222559819,92.38322222559819,45.377839912699294,98.29630169274826,98.29630169274826,24.99101912844801,58.43484787015071,58.43484787015071
39.64781884509143,85.99758487819848,85.99758487819848,43.4241432822949,93.30197905592587,93.30197905592587,43.8677132704357,94.79309154767667,94.79309154767667,40.225319250043064,95.3232998238683,95.3232998238683
39.84808942857226,87.07576689336383,87.07576689336383,43.7073991461671,93.05592982264214,93.05592982264214,30.21231468084658,72.50950012882682,72.50950012882682,33.6633873133308,76.75258078667319,76.75258078667319
37.07462739888233,80.85730853566167,80.85730853566167,43.42664449527891,92.15300185761733,92.15300185761733,33.13320453022858,76.79559323267732,76.79559323267732,34.793124335119565,76.5273852809231,76.5273852809231
39.87350110537893,84.60898563227451,84.60898563227451,30.78560154826947,75.3480435978225,75.3480435978225,37.88059195655856,82.11908582315485,82.11908582315485,32.64925931667971,71.21463276512644,71.21463276512644
19.17789007723306,46.362009360703325,46.362009360703325,27.53910724811424,63.92415814182555,63.92415814182555,35.93186876085534,77.76472362353441,77.76472362353441,33.69958989259581,73.54894782904677,73.54894782904677
27.587705792486492,59.637174631069634,59.637174631069634,32.533321941964964,69.86372817563742,69.86372817563742,36.63535443331039,80.59005431573287,80.59005431573287,33.10710262672972,70.31643314999717,70.31643314999717
17.15113584499191,41.98817490789249,41.98817490789249,28.526143597172467,66.65988332007367,66.65988332007367,37.21609373502944,91.13781602021886,91.13781602021886,26.092459395315643,63.104733980451236,63.104733980451236
35.023754783989794,81.57406333309713,81.57406333309713,36.8143294121943,86.54518323515927,86.54518323515927,36.877340689014545,82.85167150956156,82.85167150956156,12.282547860375947,27.748102058315553,27.748102058315553
35.72270736442706,78.90768222530087,78.90768222530087,37.870314051164904,84.8877561723862,84.8877561723862,27.741570052187708,67.32918262222307,67.32918262222307,2.9149815089334683,6.59551904681519,6.59551904681519
35.24793744594213,78.07368172256942,78.07368172256942,37.65548148918707,83.76276952376556,83.76276952376556,15.95113097387608,36.53811826614671,36.53811826614671,0.537718397593699,1.276067239861971,1.276067239861971
35.64161279972878,80.51215042197873,80.51215042197873,31.66929002147871,67.75497630636463,67.75497630636463,15.698102708063455,34.59802998079818,34.59802998079818,0.4229580613588023,0.9848575513093715,0.9848575513093715
32.46127757244821,70.56032899245378,70.56032899245378,27.89260699787718,61.639222759712084,61.639222759712084,3.921417561834162,9.013897961383396,9.013897961383396,0.056397860402623456,0.12138923438440294,0.12138923438440294
30.455232036036595,66.26325596248037,66.26325596248037,14.962223620389281,32.620157222148244,32.620157222148244,0.34453756397204754,0.8138078802601352,0.8138078802601352,7.378903323768343e-05,0.0001804945500082363,0.0001804945500082363
11.964875048892301,26.637391022630116,26.637391022630116,2.345968003518446,5.576938492754902,5.576938492754902,0.18361185486407372,0.40043742087782924,0.40043742087782924,5.2955278039961704e-05,0.0001274766497112552,0.0001274766497112552
6.6423619776470115,16.26075317002722,16.26075317002722,0.4970978585261633,1.210078201786997,1.210078201786997,0.03159237421621639,0.07241671319166729,0.07241671319166729,3.173570800845824e-05,7.587418592083885e-05,7.587418592083885e-05
0.2161710990009025,0.4919578453068395,0.4919578453068395,0.30991621405876785,0.6654212303844608,0.6654212303844608,0.010565067640687403,0.022494792844013397,0.022494792844013397,2.7843758992030752e-05,6.340094138320238e-05,6.340094138320238e-05
0.43698090696881897,0.9361745301257739,0.9361745301257739,0.02291534005427022,0.05296812805411337,0.05296812805411337,0.010580933784748864,0.022496736934531074,0.022496736934531074,0.02387935531222696,0.05068930800171538,0.05068930800171538
0.030705005699078792,0.06924808490322369,0.06924808490322369,0.0021970708551035294,0.004681298608030702,0.004681298608030702,0.01059138605233088,0.022495633419949253,0.022495633419949253,3.473652692227576e-05,8.139472241120761e-05,8.139472241120761e-05
0.0017624928107590199,0.0037684701890647143,0.0037684701890647143,0.0022039395434055526,0.004681308123686841,0.004681308123686841,0.010585356673368853,0.02249529346594045,0.02249529346594045,0.002584559968616056,0.005507294167233127,0.005507294167233127
0.0009761036686542593,0.002077237268747851,0.002077237268747851,0.002203643339965585,0.004681721181422729,0.004681721181422729,0.012123535653808094,0.028174310457434102,0.028174310457434102,1.5207620934930479e-05,3.715564495144065e-05,3.715564495144065e-05
0.0006358670184999532,0.0013527464876806664,0.0013527464876806664,0.001525962550686438,0.0032441635889552266,0.0032441635889552266,0.010594208064706666,0.022494280539658643,0.022494280539658643,1.3845119918965366e-05,3.321829174344532e-05,3.321829174344532e-05
0.0005184865838992424,0.0011046441832588277,0.0011046441832588277,0.011294022993060126,0.02533351683722471,0.02533351683722471,0.009479104592532749,0.022347705591612824,0.022347705591612824,2.5328248384446324e-05,5.998246499212216e-05,5.998246499212216e-05
0.009606039336006346,0.02100739401463361,0.02100739401463361,0.001508368950557764,0.0032439973413665524,0.0032439973413665524,0.010596719392716773,0.02249419875215393,0.02249419875215393,2.162399356236295e-05,5.0968128786142805e-05,5.0968128786142805e-05
0.0006769914155555298,0.0014442179210363143,0.0014442179210363143,0.0029771251191490866,0.007270371499278724,0.007270371499278724,0.005131460145334055,0.010891522152238922,0.010891522152238922,0.0011329009367700806,0.002415212577406604,0.002415212577406604
0.002210642315702744,0.0052194804241146526,0.0052194804241146526,0.001803303024014501,0.003832480593701798,0.003832480593701798,0.006008703383681949,0.012751955741413716,0.012751955741413716,3.787040445947989e-05,9.259316226281318e-05,9.259316226281318e-05
0.0006774416415871605,0.0014436837411339722,0.0014436837411339722,0.0016175111435707003,0.003437278785025277,0.003437278785025277,0.006823646868654485,0.014490882751002665,0.014490882751002665,0.0024936438032274097,0.005476685840809662,0.005476685840809662
0.000785190029161531,0.00167051909613394,0.00167051909613394,0.0016169743097885453,0.003436783625445472,0.003436783625445472,0.006618016252138697,0.015319860833161355,0.015319860833161355,0.0001371773390828448,0.0003228711837475742,0.0003228711837475742
0.0010267736792420558,0.0021854164511896194,0.0021854164511896194,0.0016116213249213326,0.003436152401157724,0.003436152401157724,0.006486837120503416,0.013844908347074943,0.013844908347074943,0.02511225795732112,0.0538931995834021,0.0538931995834021
0.0010251465644926237,0.0021847382666309785,0.0021847382666309785,0.002589834627046229,0.006302723629944418,0.006302723629944418,0.024585592316015984,0.05602868986241988,0.05602868986241988,0.019107358561359224,0.0442493170542312,0.0442493170542312
0.001585158324608621,0.003879136293137504,0.003879136293137504,0.0018614674084129605,0.004041269475909979,0.004041269475909979,0.020868708428142244,0.04521054777790426,0.04521054777790426,0.024914517785037896,0.05811556811437552,0.05811556811437552
0.0011637383522120246,0.0025042622037529092,0.0025042622037529092,0.0032445024098736383,0.007016021850046586,0.007016021850046586,0.022237474654662415,0.054376357841205425,0.054376357841205425,0.053641037081864074,0.12772680587253532,0.12772680587253532
0.004062701643584095,0.009764150939798944,0.009764150939798944,0.010991724883917356,0.023528254998750008,0.023528254998750008,0.021145750782370475,0.047424880369236595,0.047424880369236595,0.004991657420080238,0.011014239814888561,0.011014239814888561
0.0021588603730435365,0.004717400172427501,0.004717400172427501,0.014634918753984526,0.03551104826722528,0.03551104826722528,0.02348257638208822,0.055813908311927826,0.055813908311927826,0.032065951119662345,0.07029148813879682,0.07029148813879682
0.01897339826357331,0.04234621217414528,0.04234621217414528,0.021931787879321603,0.05278977860699929,0.05278977860699929,0.029345775517618983,0.06928952298914139,0.06928952298914139,0.020896358325157835,0.047062894747226476,0.047062894747226476
0.032639704693059005,0.07721303252189295,0.07721303252189295,0.017549981472846067,0.042718517085695434,0.042718517085695434,0.00886530090631875,0.019486318452998343,0.019486318452998343,0.007178104889251687,0.016691060253553748,0.016691060253553748
0.010963171502887902,0.026825665171875984,0.026825665171875984,0.03401720470459995,0.0764002500685117,0.0764002500685117,0.04236856503880674,0.09107628296901715,0.09107628296901715,0.008819813255910877,0.021418698277724857,0.021418698277724857
0.02990153207135593,0.07056697215497316,0.07056697215497316,0.004766903467205811,0.01143900165155444,0.01143900165155444,0.05353202899173197,0.12565222162853018,0.12565222162853018,0.015137607622000403,0.034086961255501896,0.034086961255501896
0.012217667691164977,0.02974578020490895,0.02974578020490895,0.02788459783340207,0.06118095127788751,0.06118095127788751,0.016273070448337486,0.038989545859089515,0.038989545859089515,0.009740956190967284,0.023750847556300893,0.023750847556300893
0.013333804699222492,0.03192418835539519,0.03192418835539519,0.02457068100507151,0.06018352131986514,0.06018352131986514,0.007926397877380822,0.01774414334629626,0.01774414334629626,0.04541295934433375,0.11096553887785081,0.11096553887785081
0.02566663659135835,0.06085305207432169,0.06085305207432169,0.011585453561963915,0.028378184003909145,0.028378184003909145,0.017164604724209425,0.041811772768686535,0.041811772768686535,0.028614192997729795,0.06726405257361595,0.06726405257361595
0.01181890881801683,0.027603805867472214,0.027603805867472214,0.010021676258440804,0.021278430744363856,0.021278430744363856,0.011975312170109236,0.028311495336162194,0.028311495336162194,0.004209318807477186,0.009927777873156069,0.009927777873156069
0.01105756397696196,0.025635231925317803,0.025635231925317803,0.045299976691179286,0.09722627336998849,0.09722627336998849,0.06766302987960726,0.147168312340321,0.147168312340321,0.00193120205067178,0.004345555941554138,0.004345555941554138
0.025534392655561063,0.05752621772707556,0.05752621772707556,0.006949801849797563,0.015125376997350386,0.015125376997350386,0.0246016177591072,0.05277855103888777,0.05277855103888777,0.01573877959015231,0.03854350728299065,0.03854350728299065
0.02207641440038815,0.04789945191121099,0.04789945191121099,0.02753845063780568,0.06490255378202536,0.06490255378202536,0.014518653592795963,0.031342442009493474,0.031342442009493474,0.03568113204649333,0.07614516881608618,0.07614516881608618
0.05701347018145189,0.12614104394099185,0.12614104394099185,0.044987268148710124,0.10598327218162719,0.10598327218162719,0.023336097205034566,0.05152235987295186,0.05152235987295186,0.010060668598173254,0.023394569530885763,0.023394569530885763
0.03439551792389173,0.0811779519598623,0.0811779519598623,0.013589746585885116,0.03216262395319854,0.03216262395319854,0.02500268246592336,0.06038260767084265,0.06038260767084265,0.04344063444634536,0.0959759913415453,0.0959759913415453
0.00787731155523306,0.017232821107335667,0.017232821107335667,0.019550291408270266,0.04515807374210924,0.04515807374210924,0.008870944356150845,0.021699351076887093,0.021699351076887093,0.09863307923881917,0.23346908472053665,0.23346908472053665
0.013360264923426662,0.031190208442696443,0.031190208442696443,0.015363509618097956,0.03757029856394452,0.03757029856394452,0.005669234706899147,0.012639514607266027,0.012639514607266027,0.022404957347316685,0.05473058228205449,0.05473058228205449
0.034081325799252916,0.07676774041904559,0.07676774041904559,0.017795364807891012,0.04353455805126551,0.04353455805126551,0.027305147620631513,0.06008273537924196,0.06008273537924196,0.01507041450449658,0.03663257129932159,0.03663257129932159
0.014721088028082977,0.032741279747084025,0.032741279747084025,0.006360030874985792,0.015237291362624285,0.015237291362624285,0.0501344146068975,0.11852761857733964,0.11852761857733964,0.011660869575271682,0.02850692480699011,0.02850692480699011
0.004422785502458323,0.01082764672985376,0.01082764672985376,0.014538294246733635,0.0321074649329333,0.0321074649329333,0.03957197736884516,0.08727951318529426,0.08727951318529426,0.009586632149892915,0.023360160911216763,0.023360160911216763
0.004780028342093028,0.01140628625742588,0.01140628625742588,0.04345811897566634,0.0962093083875386,0.0962093083875386,0.02370468323547837,0.05290997168723832,0.05290997168723832,0.0010683113086731731,0.0024226614630404823,0.0024226614630404823
0.04730276109715607,0.11572539198416329,0.11572539198416329,0.03321031644659814,0.07989141702959338,0.07989141702959338,0.004215389468986998,0.009203200494937579,0.009203200494937579,0.008649521013367889,0.01854013135586026,0.01854013135586026
0.009120485740448207,0.02230909788182689,0.02230909788182689,0.03327082415637118,0.07365438414742262,0.07365438414742262,0.006365558398786292,0.01555107015848396,0.01555107015848396,0.012114885123993982,0.027297736817421037,0.027297736817421037
0.04318565265803299,0.10106859265267454,0.10106859265267454,0.011777229244646909,0.02852042960747333,0.02852042960747333,0.008900198219210459,0.019491798929684008,0.019491798929684008,0.01856549533756226,0.04054407017211118,0.04054407017211118
0.03192420233823678,0.0781890371757839,0.0781890371757839,0.015879807657236233,0.03398141236767833,0.03398141236767833,0.004388217920649359,0.009950009924207852,0.009950009924207852,0.02838479195056967,0.06351040986784628,0.06351040986784628
0.019179311187949553,0.043858961870761604,0.043858961870761604,0.013252511460360064,0.030276437408367968,0.030276437408367968,0.009786587699623034,0.023940679310732845,0.023940679310732845,0.021817489000294732,0.05303870150733623,0.05303870150733623
0.011203109801507202,0.02585245577196656,0.02585245577196656,0.020032367724923294,0.04760526341915533,0.04760526341915533,0.01382527559543468,0.03351576448796599,0.03351576448796599,0.07727675541367203,0.18920812190790942,0.18920812190790942
0.0070427317027789765,0.01505464895992148,0.01505464895992148,0.007396895269721223,0.01759336633346859,0.01759336633346859,0.011989993894351887,0.028635865766716548,0.028635865766716548,0.0024251520026133894,0.005868393142304503,0.005868393142304503
0.01015130870314812,0.02394879322353179,0.02394879322353179,0.015294181393987355,0.03694272937602813,0.03694272937602813,0.017500905822880254,0.039508570818267155,0.039508570818267155,0.00069748536809987,0.001686917688366557,0.001686917688366557
0.019463386893920298,0.044771105989365324,0.044771105989365324,0.005387308148319566,0.012291143210951788,0.012291143210951788,0.007623335081453829,0.01852138924149061,0.01852138924149061,0.00038843280988134105,0.000854109494086642,0.000854109494086642
0.00758006370465749,0.018322461987271423,0.018322461987271423,0.012955391994357838,0.0316766756633203,0.0316766756633203,0.016138195004967156,0.03693111873054874,0.03693111873054874,0.0013936156740850091,0.0031612307565372505,0.0031612307565372505
0.004691676575429341,0.010553454543338267,0.010553454543338267,0.07061268801082841,0.1508625497954496,0.1508625497954496,0.008935450701527134,0.02088511659085759,0.02088511659085759,5.3604197378572596e-05,0.00011823930376390006,0.00011823930376390006
0.09411469209617222,0.20953068351977405,0.20953068351977405,0.004258750186664694,0.01035252801518902,0.01035252801518902,0.00791024653721598,0.01682808472745092,0.01682808472745092,4.2441224729723114e-05,9.792672292142903e-05,9.792672292142903e-05
0.002017782595864332,0.004873943300654362,0.004873943300654362,0.004579946945193508,0.010603516740511493,0.010603516740511493,0.008862352134791095,0.019500077948911006,0.019500077948911006,0.001786848942352966,0.003976263074244062,0.003976263074244062
0.002136844698686777,0.005230562816778713,0.005230562816778713,0.003862887504649789,0.008246389363233745,0.008246389363233745,0.00793098938148612,0.016842929360080947,0.016842929360080947,0.004073758192647296,0.009527275126492828,0.009527275126492828
0.0012178940164111317,0.0025950662683922624,0.0025950662683922624,0.0024445011755057544,0.005624776221493682,0.005624776221493682,0.009887771306648222,0.021018672726793766,0.021018672726793766,0.00010752192861241457,0.0002581178115198391,0.0002581178115198391
0.0010204749752992998,0.002333259919873299,0.002333259919873299,0.0032318970326875793,0.006877830029273734,0.006877830029273734,0.010273011545454847,0.023220168199705984,0.023220168199705984,0.007816969948132153,0.018962412837608494,0.018962412837608494
0.0008037166419507662,0.0017296133625267617,0.0017296133625267617,0.0040441541219419725,0.008619056425295028,0.008619056425295028,0.010560523455685394,0.0238193342204782,0.0238193342204782,0.0032566298094920333,0.007955886126943534,0.007955886126943534
0.0009321974234078191,0.0020005976058905268,0.0020005976058905268,0.006251991761105278,0.014554167860046003,0.014554167860046003,0.009890430963375734,0.02102125087864619,0.02102125087864619,0.020246569521720832,0.04940647786486145,0.04940647786486145
0.0013896035892115354,0.0032350116888759236,0.0032350116888759236,0.0033918969536867356,0.00830154312967988,0.00830154312967988,0.00950219503152652,0.02069109983598122,0.02069109983598122,0.002842524936901864,0.006865406384218002,0.006865406384218002
0.0025405160532067468,0.005559390648582659,0.005559390648582659,0.004222390541128288,0.009023964649510935,0.009023964649510935,0.017523214832154257,0.04223058030587444,0.04223058030587444,0.005147196413342191,0.01251205208825018,0.01251205208825018
0.0023843936250607625,0.005099330030924895,0.005099330030924895,0.0039802058307237004,0.008969672467932713,0.008969672467932713,0.06469389678182547,0.14506051992724905,0.14506051992724905,0.009626164592797045,0.022907388093115315,0.022907388093115315
0.001686541299269171,0.003988804280583707,0.003988804280583707,0.007452390014055784,0.018146168907377386,0.018146168907377386,0.005816775267685078,0.014111574698968649,0.014111574698968649,0.025091574536152947,0.053428478129186274,0.053428478129186274
0.0053910904062072955,0.011511785342733508,0.011511785342733508,0.029023767795320485,0.0681219580422372,0.0681219580422372,0.005165535590771533,0.012647717252518571,0.012647717252518571,0.0063141401604198105,0.01544708545565315,0.01544708545565315
0.019784988333836368,0.04842149043781499,0.04842149043781499,0.013636341044454702,0.032954692138712695,0.032954692138712695,0.0063067529853134295,0.015432163659211663,0.015432163659211663,0.007102885445849947,0.01639150170672141,0.01639150170672141
0.004639516666940962,0.01106066721287828,0.01106066721287828,0.006467713826005204,0.015332367883406566,0.015332367883406566,0.01655547254777764,0.036142505010555825,0.036142505010555825,0.005641812104814193,0.013569210259262336,0.013569210259262336
0.014623585305749958,0.0314801086826325,0.0314801086826325,0.014281598440994176,0.0347424245023292,0.0347424245023292,0.015606649852878117,0.03773855440011913,0.03773855440011913,0.0038583028429679243,0.009450305018085749,0.009450305018085749
0.008214607687317936,0.018744147280134876,0.018744147280134876,0.006337908919484664,0.015355079895617824,0.015355079895617824,0.010663058176583973,0.024294005911887826,0.024294005911887826,0.00041405738285663865,0.0009274498870267112,0.0009274498870267112
0.013188157877007129,0.02855101522531666,0.02855101522531666,0.013888018061523082,0.03361426045500821,0.03361426045500821,0.009854444207396215,0.02297196144263811,0.02297196144263811,0.0010647689960455455,0.002592872688286612,0.002592872688286612
0.007400559113681661,0.016104303664238623,0.016104303664238623,0.01180460200437724,0.028682170327895266,0.028682170327895266,0.013532863687795556,0.03222251582000458,0.03222251582000458,0.0053422008654496304,0.013064464066729939,0.013064464066729939
0.014710392670599445,0.033679234282385145,0.033679234282385145,0.003208200861211377,0.0074177233472745435,0.0074177233472745435,0.012044961966499585,0.02581867228411528,0.02581867228411528,0.03357337127981556,0.07534312831320236,0.07534312831320236
0.011302024679486123,0.027609928481024785,0.027609928481024785,0.01305455531502827,0.030188203706119403,0.030188203706119403,0.011237232879842112,0.024603271625334,0.024603271625334,0.058722895339265405,0.1395604150412101,0.1395604150412101
0.0023384038273929647,0.00561127480246364,0.00561127480246364,0.006017409952210504,0.01318013889372386,0.01318013889372386,0.008636880527701566,0.02082869378746949,0.02082869378746949,0.121553988422066,0.29703590698597115,0.29703590698597115
0.007823910814028204,0.017706524668385945,0.017706524668385945,0.004829985887419785,0.01164353843079671,0.01164353843079671,0.03186856314007025,0.06769294307199826,0.06769294307199826,0.26907491402064426,0.6590959758493229,0.6590959758493229
0.00604593093849717,0.014711445200702312,0.014711445200702312,0.011182587614717576,0.026834500128280918,0.026834500128280918,0.16275604937908103,0.36275867220703406,0.36275867220703406,0.2974685821820865,0.7108364201658502,0.7108364201658502
0.002424707807382003,0.005855433157428166,0.005855433157428166,0.028170719489376973,0.06043547419091067,0.06043547419091067,0.033838548008700654,0.08062371772305119,0.08062371772305119,0.13130127267249195,0.32124335051452646,0.32124335051452646
0.03337971625660346,0.07354903842602988,0.07354903842602988,0.05267570889956316,0.11562593179972529,0.11562593179972529,0.09171966810521733,0.20659945052916562,0.20659945052916562,0.1532449972118032,0.34117512043580567,0.34117512043580567
0.09110252167614824,0.22169270328247417,0.22169270328247417,0.07156466710766496,0.1745103151567713,0.1745103151567713,0.09627416688939848,0.2356653019494341,0.2356653019494341,0.05092625789018671,0.11979245528075896,0.11979245528075896
0.1278423752753334,0.2935321929414344,0.2935321929414344,0.14031409805180417,0.3403110626241919,0.3403110626241919,0.134671198401913,0.32855854256768074,0.32855854256768074,0.07934553954125394,0.1745624139119687,0.1745624139119687
0.2026776321297995,0.4946411520222509,0.4946411520222509,0.3255629286279013,0.75845935520134,0.75845935520134,0.21586882180446135,0.5254709844808562,0.5254709844808562,0.0805900985945086,0.17395647700013112,0.17395647700013112
0.27190807513557197,0.6311162634739325,0.6311162634739325,0.35004585906820795,0.7769216935895874,0.7769216935895874,0.18614746047234043,0.45596625897436577,0.45596625897436577,0.048706268598056594,0.11487452045297503,0.11487452045297503
0.2346543931211198,0.5745374282009202,0.5745374282009202,0.2850345273241914,0.6822399797811007,0.6822399797811007,0.15153311990070847,0.3631811182060121,0.3631811182060121,0.08328791402652934,0.19356421259689918,0.19356421259689918
0.23874189286705372,0.5674561880585814,0.5674561880585814,0.17078421129029528,0.38098323835806575,0.38098323835806575,0.07132623710371998,0.15296875938408797,0.15296875938408797,0.019873242139157754,0.043279329672316236,0.043279329672316236
0.09542208151523134,0.23247553069967422,0.23247553069967422,0.06092553142610478,0.14647392070528933,0.14647392070528933,0.0914340032699139,0.21369414340885584,0.21369414340885584,0.018449774924727935,0.04054197731363385,0.04054197731363385
0.07377680348543941,0.15819450786453532,0.15819450786453532,0.039411443226633154,0.08484629098559808,0.08484629098559808,0.023091415371878914,0.04909285843685402,0.04909285843685402,0.023521646339759117,0.0574503519953844,0.0574503519953844
0.06251916513555633,0.14756888599783757,0.14756888599783757,0.0679095004921987,0.16430796430915506,0.16430796430915506,0.07278045363384704,0.17407875843603599,0.17407875843603599,0.08023055782200926,0.1960559853749392,0.1960559853749392
0.07339902343233574,0.17915170264445612,0.17915170264445612,0.05257016132095789,0.12584698198049954,0.12584698198049954,0.03396770425377999,0.07593918604058861,0.07593918604058861,0.247120560565244,0.5674470900688726,0.5674470900688726
0.00452505837933157,0.010033906967664846,0.010033906967664846,0.024029885530509065,0.058247081539856235,0.058247081539856235,0.021237070424084403,0.05038729910568203,0.05038729910568203,0.8363790146454041,2.042559658620957,2.042559658620957
0.027136614583727906,0.06446323723525495,0.06446323723525495,0.014783577426506388,0.03204954655675068,0.03204954655675068,0.17058208809947084,0.3810960229836582,0.3810960229836582,1.5620816708908982,3.82408341070633,3.82408341070633
0.028604367347515244,0.06798265041913436,0.06798265041913436,0.06122336967475294,0.1459439755724869,0.1459439755724869,0.4933044162230547,1.1250628240085512,1.1250628240085512,4.304187384231318,9.923660714922875,9.923660714922875
0.07061695235947946,0.1513327305487637,0.1513327305487637,0.27157860729747124,0.6157183414082519,0.6157183414082519,0.7739315683777119,1.7621275336471138,1.7621275336471138,5.968092496172669,13.673782159336998,13.673782159336998
0.1793050457388673,0.4199948842336785,0.4199948842336785,0.4248992469168172,0.9665753415160069,0.9665753415160069,3.3250519829191707,7.187199449131982,7.187199449131982,19.7237595101817,42.11044526997416,42.11044526997416
0.3353823211179639,0.7739996484933332,0.7739996484933332,0.9918581166874857,2.2785632575704486,2.2785632575704486,13.541819212559577,31.591086145536575,31.591086145536575,28.41204229400076,67.71750280397447,67.71750280397447
1.4625795420739471,3.565153143008658,3.565153143008658,5.462329419934053,13.240711767783178,13.240711767783178,20.53100003828273,50.21418847985077,50.21418847985077,31.213083537470006,74.10213210950478,74.10213210950478
4.4420860975836876,10.878352773692084,10.878352773692084,8.846759962775439,20.156219664185794,20.156219664185794,29.363663788367102,66.75194160851325,66.75194160851325,27.732072702329656,64.3379789182543,64.3379789182543
8.828234056745314,20.140586971005533,20.140586971005533,14.874329729584957,34.58175036913362,34.58175036913362,30.607341533383895,69.87199471265116,69.87199471265116,24.182810946214577,53.827812876008764,53.827812876008764
16.2792758128099,38.237515410227836,38.237515410227836,24.426008949162426,58.88610258090248,58.88610258090248,33.41466712976026,73.68526048443667,73.68526048443667,17.58535255639634,40.70727241413356,40.70727241413356
27.985855981664262,60.14388887667387,60.14388887667387,33.877531515719106,73.31484581593816,73.31484581593816,31.553969731006188,69.69559430389651,69.69559430389651,2.5139022969328897,6.146918755519587,6.146918755519587
30.84960156505211,67.00112425962818,67.00112425962818,31.338407912364122,69.94526810223346,69.94526810223346,26.06172138028867,56.33172766136529,56.33172766136529,0.9507077745506161,2.3138267582217873,2.3138267582217873
32.26156272428833,70.09669773002656,70.09669773002656,29.59908198206035,64.17866532153371,64.17866532153371,19.037210195270386,44.87224343834854,44.87224343834854,0.5606617896016358,1.2770069890256799,1.2770069890256799
27.69421358401579,59.72376632292543,59.72376632292543,24.65571827467771,52.90717421361367,52.90717421361367,4.290791967790187,10.482110823462142,10.482110823462142,0.1312206438967082,0.32110378543386336,0.32110378543386336
22.285559708198665,48.12136221129207,48.12136221129207,16.984903850937467,41.36483454023697,41.36483454023697,0.43132531124405726,0.9670865941219283,0.9670865941219283,0.09100815100207299,0.20249940617031062,0.20249940617031062
11.93053973702145,27.651200828764413,27.651200828764413,1.5130446675834817,3.211653249931789,3.211653249931789,0.18239656014301592,0.4458650913312904,0.4458650913312904,0.04935124002239116,0.11038782938657214,0.11038782938657214
1.9932586968414931,4.618786231779233,4.618786231779233,0.4442793086204056,1.0831085950356636,1.0831085950356636,0.08079647134972753,0.197839761954958,0.197839761954958,0.0685764713863062,0.15796784806500969,0.15796784806500969
0.4764065717077479,1.1630296463229275,1.1630296463229275,0.6331702713785528,1.5123097935737804,1.5123097935737804,0.19981127343761057,0.4599193714753989,0.4599193714753989,0.10881273996659045,0.2551679194454918,0.2551679194454918
0.09719441834317859,0.21417614577044092,0.21417614577044092,0.17894423754396768,0.3808684367323223,0.3808684367323223,0.09713281425972328,0.2148627223322358,0.2148627223322358,0.14892785753493146,0.3409283791973615,0.3409283791973615
0.08633928717582952,0.18937464504634738,0.18937464504634738,0.184528809789993,0.391730952379241,0.391730952379241,0.1496213960103785,0.3294302526406329,0.3294302526406329,0.09785663221661128,0.23334089010783796,0.23334089010783796
0.0786876299716729,0.1923771773585367,0.1923771773585367,0.03283848756701817,0.07524677917640565,0.07524677917640565,0.027087415283528708,0.06550239094828259,0.06550239094828259,0.016993183141671947,0.04040332595467931,0.04040332595467931
0.038670761772887315,0.09361485942808744,0.09361485942808744,0.08390152428296054,0.19124059434171464,0.19124059434171464,0.030007313995287582,0.066168275459915,0.066168275459915,0.006678365574621534,0.015170519920606624,0.015170519920606624
0.21092692765335,0.5161182178303281,0.5161182178303281,0.14270655688732864,0.3471890815008656,0.3471890815008656,0.06396562341764285,0.1547979376607458,0.1547979376607458,0.003122872613718806,0.007533088016684155,0.007533088016684155
0.06296828131432951,0.15087427077168775,0.15087427077168775,0.06620465669494627,0.16050169071974452,0.16050169071974452,0.011458933855380148,0.02675094927673865,0.02675094927673865,0.006839512180826621,0.016091554982294046,0.016091554982294046
0.1415601723685762,0.34637303228661664,0.34637303228661664,0.12805225027260023,0.3036475986940033,0.3036475986940033,0.005597492396116789,0.013699546115270207,0.013699546115270207,0.019360642747841942,0.04601389616040317,0.04601389616040317
0.061446002744563674,0.1491804593836508,0.1491804593836508,0.015800554208712212,0.03704352392550378,0.03704352392550378,0.011922918599096147,0.028725493709289958,0.028725493709289958,0.05955064775596049,0.14428969134315273,0.14428969134315273
0.011088318622099124,0.025749828383775097,0.025749828383775097,0.013432875705060224,0.02894278090430326,0.02894278090430326,0.005873383907781012,0.01429380915591462,0.01429380915591462,0.07595962525871473,0.17035680872866765,0.17035680872866765
0.0034675635486701353,0.007769638127855203,0.007769638127855203,0.00932954543478445,0.02115628655233522,0.02115628655233522,0.010029870242533708,0.023093085872603347,0.023093085872603347,0.01551897310565521,0.037819313527226346,0.037819313527226346
0.004170598248808456,0.010108589104252157,0.010108589104252157,0.008701942249961014,0.020198370129816484,0.020198370129816484,0.009910849531466938,0.024255476469351084,0.024255476469351084,0.02813081827156426,0.06414577720043073,0.06414577720043073
0.003391460897001978,0.008304467312535842,0.008304467312535842,0.007076037790794769,0.016796947282675362,0.016796947282675362,0.035033548900828465,0.07666268967944487,0.07666268967944487,0.004886695054012175,0.011948305016129587,0.011948305016129587
0.012704946775309693,0.029331624846423522,0.029331624846423522,0.015514143058259032,0.03760104845250567,0.03760104845250567,0.011000027680981404,0.026944453843265236,0.026944453843265236,0.00020414962684460561,0.00046246254118243916,0.00046246254118243916
0.007845058836041575,0.019080680245362115,0.019080680245362115,0.0524631457752262,0.11500445396723778,0.11500445396723778,0.013393403476855421,0.03257289283145845,0.03257289283145845,0.005331529632156946,0.012161677078580199,0.012161677078580199
0.047462304731108546,0.11119829521951761,0.11119829521951761,0.018950689616171957,0.0447789782640259,0.0447789782640259,0.008863785051508607,0.021266830188055162,0.021266830188055162,0.01682563831744075,0.04011751972231431,0.04011751972231431
0.011004240019157226,0.02558862842609297,0.02558862842609297,0.0052067651607603654,0.011306972312250467,0.011306972312250467,0.013556772668396852,0.029189713889170354,0.029189713889170354,0.026806097408472507,0.06554911472195865,0.06554911472195865
0.03197037084979294,0.0767162084349475,0.0767162084349475,0.0040618865442948885,0.009874835220548075,0.009874835220548075,0.009593818740023664,0.023018292693417104,0.023018292693417104,0.002933659298612277,0.0066016631756995675,0.0066016631756995675
0.002976507499999144,0.006530033972330233,0.006530033972330233,0.010294504690454984,0.022084865122239113,0.022084865122239113,0.006989895459082477,0.015351830790897945,0.015351830790897945,0.014711798361861126,0.035857660219193926,0.035857660219193926
0.0038382817346277586,0.008433320975518327,0.008433320975518327,0.011300608268867597,0.027103708392084532,0.027103708392084532,0.05456009726599477,0.12475322953217058,0.12475322953217058,0.01243138930426471,0.0292316222456481,0.0292316222456481
0.0012287365938369614,0.0030046989512190724,0.0030046989512190724,0.011192305615935944,0.024926114446693414,0.024926114446693414,0.02046326292660041,0.050113377831487144,0.050113377831487144,0.005780411335426537,0.01414656648078912,0.01414656648078912
0.0009804532589170812,0.0023890463636374037,0.0023890463636374037,0.02968472687508418,0.06827379266482002,0.06827379266482002,0.02268419022777543,0.05555223000946033,0.05555223000946033,0.0024739298665695567,0.005940699692071028,0.005940699692071028
0.08321824602920411,0.19612985608329514,0.19612985608329514,0.015641791140382846,0.03386273459824254,0.03386273459824254,0.022881580592877527,0.05588299205055748,0.05588299205055748,0.0026601976667168814,0.005903581733660821,0.005903581733660821
0.018532426215798734,0.04437542482324858,0.04437542482324858,0.029556888111864164,0.06461129486728048,0.06461129486728048,0.019596304973451745,0.04646798642600332,0.04646798642600332,0.0002653687441870323,0.0005882453986331326,0.0005882453986331326
0.013521139478603379,0.03254179829974145,0.03254179829974145,0.012251781203545593,0.029587546213834547,0.029587546213834547,0.02044413464693822,0.04604089206328758,0.04604089206328758,0.0005894348539802935,0.001309343899690226,0.001309343899690226
0.016913938674121973,0.03783912317861407,0.03783912317861407,0.010112430785884667,0.022123774844804295,0.022123774844804295,0.014502209121754374,0.032459428479407144,0.032459428479407144,0.0001242792171175181,0.00027630028418031903,0.00027630028418031903
0.011606367463973057,0.0272074562202948,0.0272074562202948,0.014136733210569354,0.034227132006833264,0.034227132006833264,0.01607893825969614,0.034657602752425506,0.034657602752425506,4.3482586507021845e-05,9.688035091614165e-05,9.688035091614165e-05
0.014564676059245284,0.035564212074529596,0.035564212074529596,0.01614749767372664,0.0358465748436279,0.0358465748436279,0.015712039500261857,0.03363061536054803,0.03363061536054803,0.000699683285948641,0.001606219358178224,0.001606219358178224
0.005793564472843213,0.01318830086429539,0.01318830086429539,0.0031530209872748165,0.0070534291179165775,0.0070534291179165775,0.006712220035613865,0.014258988826808162,0.014258988826808162,3.831250653598781e-05,8.13208812899342e-05,8.13208812899342e-05
0.0008876170015728648,0.0019214668939274116,0.0019214668939274116,0.006192215891068635,0.014866361162378048,0.014866361162378048,0.005435603432366831,0.011545485692184727,0.011545485692184727,2.496888729746499e-05,5.816783123915637e-05,5.816783123915637e-05
0.001227838476250147,0.0028932843759992832,0.0028932843759992832,0.002879537543459265,0.006145584888758991,0.006145584888758991,0.0063267716251043755,0.014343132275484468,0.014343132275484468,0.0006128085804914863,0.0014143021520803291,0.0014143021520803291
0.0010103400857208247,0.002161612018471796,0.002161612018471796,0.002884824190635611,0.006149045062395225,0.006149045062395225,0.00542554362920176,0.011542159128720895,0.011542159128720895,7.77266377873453e-06,1.8405953499225652e-05,1.8405953499225652e-05
0.0008855104614732166,0.0019042856753112814,0.0019042856753112814,0.003305387134697774,0.007142946030184635,0.007142946030184635,0.005433662507090805,0.011543702494238637,0.011543702494238637,7.615625006167074e-06,1.7568475666669093e-05,1.7568475666669093e-05
0.0012201361980300157,0.0027727693926035604,0.0027727693926035604,0.0027689910406946258,0.005889486982048662,0.005889486982048662,0.0053744589147839425,0.012308188953433422,0.012308188953433422,9.420609940374823e-06,2.098058468024288e-05,2.098058468024288e-05
0.00036391869617036725,0.0007758277885736493,0.0007758277885736493,0.002766575084487711,0.005890119054645824,0.005890119054645824,0.005893699073492923,0.012526862236333343,0.012526862236333343,0.002054026523943915,0.004443352906929729,0.004443352906929729
0.0003538837220093058,0.000754126725347859,0.000754126725347859,0.0025080757886306346,0.00598188880771141,0.00598188880771141,0.006702603171604393,0.014247794221474793,0.014247794221474793,2.3115409242658534e-05,5.444594637846957e-05,5.444594637846957e-05
0.002181678723807206,0.005339192857570528,0.005339192857570528,0.004362145600028239,0.009313015890533554,0.009313015890533554,0.005270113262625189,0.01120564834711906,0.01120564834711906,2.4024057559431904e-05,5.1090122982030186e-05,5.1090122982030186e-05
0.0011874949755311215,0.0025297095128625235,0.0025297095128625235,0.0051852661341197795,0.011022277003909174,0.011022277003909174,0.0058283196903773996,0.012816842448568693,0.012816842448568693,0.00014546325927693326,0.00031602748789691187,0.00031602748789691187
0.0014326723563050018,0.003065537940110898,0.003065537940110898,0.006776537715263266,0.014403773166722639,0.014403773166722639,0.0061485159413054175,0.01311490482467023,0.01311490482467023,0.0027472458964945,0.006393574757273467,0.006393574757273467
0.0008596322445659424,0.0018281862586294292,0.0018281862586294292,0.009777970668553428,0.021157508339971813,0.021157508339971813,0.013203748747009301,0.02807532671400161,0.02807532671400161,0.021510175139697957,0.048889367556771014,0.048889367556771014
0.001367755551298593,0.0033500017625144158,0.0033500017625144158,0.005963033471193595,0.012704970197974981,0.012704970197974981,0.013163111500204211,0.028072166229247117,0.028072166229247117,0.018742908975318887,0.04365976571578082,0.04365976571578082
0.0009711262040666496,0.002069352227620619,0.002069352227620619,0.005979334479342168,0.01270938261112319,0.01270938261112319,0.01634854935509536,0.037735368206070236,0.037735368206070236,0.011789590157013037,0.026032638827757068,0.026032638827757068
0.002001154718639513,0.0042869023590257046,0.0042869023590257046,0.008241667715444984,0.017590455021785564,0.017590455021785564,0.017280305646876656,0.039756679442596456,0.039756679442596456,0.01165041523410464,0.025034975827435864,0.025034975827435864
0.0023981921261725827,0.005182661499074662,0.005182661499074662,0.009364627506222953,0.02109532616268616,0.02109532616268616,0.03547729196145156,0.08352896053972034,0.08352896053972034,0.013289631469985614,0.030780813769629982,0.030780813769629982
0.002895123342510529,0.00621013007207911,0.00621013007207911,0.028991458185010643,0.06734599227433509,0.06734599227433509,0.06234351682292285,0.13621186228003415,0.13621186228003415,0.004331922126254995,0.009668606207152795,0.009668606207152795
0.020255644307578424,0.04458558757255898,0.04458558757255898,0.014605557900476695,0.03577517730038443,0.03577517730038443,0.013521593117783571,0.03280151521042974,0.03280151521042974,0.002838414300190531,0.006478849611236788,0.006478849611236788
0.04734616263599564,0.11585095422408322,0.11585095422408322,0.033702310084377345,0.08174818290239919,0.08174818290239919,0.01870146046864608,0.045340916593098746,0.045340916593098746,0.03082938223291432,0.07430564918315789,0.07430564918315789
0.04129196111918791,0.08972171274612309,0.08972171274612309,0.02049330277240088,0.04975005783945708,0.04975005783945708,0.005144897651746627,0.011349980202334457,0.011349980202334457,0.02157726210261316,0.05247470911606396,0.05247470911606396
0.026561044602482174,0.0648040273423808,0.0648040273423808,0.012484209914300451,0.029426457407817984,0.029426457407817984,0.020452040208403497,0.04518640316025516,0.04518640316025516,0.017364501922775357,0.0411806791842906,0.0411806791842906
0.030311516862305272,0.07028811771200523,0.07028811771200523,0.01359011205146974,0.03150730801738571,0.03150730801738571,0.012957580315476298,0.030821099819534972,0.030821099819534972,0.043277117110543405,0.10582175791767494,0.10582175791767494
0.023251516587069577,0.05475422225135233,0.05475422225135233,0.0092383358938659,0.022629205281659456,0.022629205281659456,0.005585552087692722,0.012590243292308685,0.012590243292308685,0.03155737014199617,0.06891601791049788,0.06891601791049788
0.004599753137859364,0.010121413486176475,0.010121413486176475,0.008251240978114145,0.01992958274271845,0.01992958274271845,0.017150598464992856,0.037206492436594935,0.037206492436594935,0.016739557310450973,0.03884863458848392,0.03884863458848392
0.006549763600415736,0.01447078284191349,0.01447078284191349,0.010993537579587875,0.02422960260005909,0.02422960260005909,0.01016227605614268,0.02469608269881313,0.02469608269881313,0.004291187114297861,0.010510807725671461,0.010510807725671461
0.008066203054384824,0.017665776827423332,0.017665776827423332,0.02187464492832343,0.04709681527523371,0.04709681527523371,0.03860978710968525,0.0867216057804787,0.0867216057804787,9.489450444345088e-05,0.00022230822332419884,0.00022230822332419884
0.02707247223449724,0.06622714727781832,0.06622714727781832,0.02355499649928868,0.05731888424166984,0.05731888424166984,0.013654301686156483,0.03131608825409401,0.03131608825409401,0.00012567362317613608,0.0002884051840321897,0.0002884051840321897
0.026567523042498344,0.05901138290735605,0.05901138290735605,0.010569599873696323,0.025886229280718112,0.025886229280718112,0.02046253820602296,0.04489321863556249,0.04489321863556249,9.926203705665344e-05,0.00021923607145962838,0.00021923607145962838
0.04387489332534649,0.10708349323814328,0.10708349323814328,0.014511527918026408,0.0344840002379183,0.0344840002379183,0.004623395377107584,0.009850572581063354,0.009850572581063354,0.001040090851605621,0.0025331164884185497,0.0025331164884185497
0.0029031736159237523,0.006339266662095223,0.006339266662095223,0.026040229134010193,0.05758311742285768,0.05758311742285768,0.004644319001774756,0.009860217638243988,0.009860217638243988,0.0035165570453008317,0.007830651463419784,0.007830651463419784
0.010199029184297733,0.024630815768692124,0.024630815768692124,0.00700274553737398,0.014878625557498098,0.014878625557498098,0.0054354058102456465,0.011542574275149379,0.011542574275149379,1.0561660378010877e-05,2.5062500875916238e-05,2.5062500875916238e-05
0.001447462773565479,0.0030866012778679834,0.0030866012778679834,0.004280313861974038,0.009092533926700008,0.009092533926700008,0.006074884918971753,0.014874241242851112,0.014874241242851112,1.872094224785387e-05,4.147583690980403e-05,4.147583690980403e-05
0.0016808629284617096,0.0035916346666131057,0.0035916346666131057,0.002264514655081063,0.0048187953597638245,0.0048187953597638245,0.006301771406541187,0.014827934536946237,0.014827934536946237,9.062972036117915e-06,2.1353781689387546e-05,2.1353781689387546e-05
0.0016775111578788257,0.0035891562072659514,0.0035891562072659514,0.010745406003003383,0.024662333208820518,0.024662333208820518,0.007801505566584032,0.016584999090353058,0.016584999090353058,0.0013128258074405284,0.002838602810647834,0.002838602810647834
0.0012799368428313706,0.002970670907106219,0.002970670907106219,0.0018089136272935926,0.004251180611413342,0.004251180611413342,0.00719081704012562,0.015273919271436242,0.015273919271436242,3.313032517440832e-06,7.3467315976257046e-06,7.3467315976257046e-06
0.0017813504785565801,0.003831549803424062,0.003831549803424062,0.0026600244440830993,0.0056699189972505845,0.0056699189972505845,0.00527564949752631,0.011203111977301028,0.011203111977301028,5.765469051703052e-06,1.3972783319058547e-05,1.3972783319058547e-05
0.0015114325286894675,0.0032183288784123653,0.0032183288784123653,0.003158289540582654,0.006714690583299959,0.006714690583299959,0.006841056474522125,0.015027427866625306,0.015027427866625306,2.901481367016651e-05,6.56367644798413e-05,6.56367644798413e-05
0.0008055883564956734,0.001722665373602922,0.001722665373602922,0.003326924506117462,0.0070662175732711776,0.0070662175732711776,0.006175372518867673,0.013118674162825732,0.013118674162825732,0.0030648851937633277,0.006609632346866781,0.006609632346866781
0.002509232690589869,0.005369609280546146,0.005369609280546146,0.003975123788180204,0.0090908659323579,0.0090908659323579,0.0046455269199332724,0.009861425536983033,0.009861425536983033,1.9656758584042244e-05,4.552568901043308e-05,4.552568901043308e-05
0.0021025571698763943,0.005061004105066964,0.005061004105066964,0.0028114955716476106,0.006041816082289137,0.006041816082289137,0.004643852295774124,0.009857927367680862,0.009857927367680862,3.425265783056507e-05,8.222896062076586e-05,8.222896062076586e-05
0.0018936619529930968,0.004040681850433949,0.004040681850433949,0.0031302790749618598,0.0066593987224268965,0.0066593987224268965,0.0051776777718569676,0.012680025914176905,0.012680025914176905,0.0006667835542298807,0.0014855799668350147,0.0014855799668350147
0.0008654454978592317,0.0018428596891170964,0.0018428596891170964,0.0038133603544902813,0.008117305184675183,0.008117305184675183,0.004644864833724765,0.009860345197661307,0.009860345197661307,0.0016791404710483175,0.003647289584511048,0.003647289584511048
0.0011827853983047646,0.0025214666844433522,0.0025214666844433522,0.0034776790717361452,0.0075662034392321165,0.0075662034392321165,0.007890591627654328,0.01675588979411288,0.01675588979411288,1.0669032558015361e-05,2.6020392502504102e-05,2.6020392502504102e-05
0.004562406082913996,0.010689241442608223,0.010689241442608223,0.00287007620092504,0.006156097851974854,0.006156097851974854,0.007041662338163113,0.016164174682519922,0.016164174682519922,8.397693913659476e-06,2.0526468749343922e-05,2.0526468749343922e-05
0.0008929960295809638,0.0019073004207607366,0.0019073004207607366,0.002510223154159112,0.005353049516154708,0.005353049516154708,0.006387930106813379,0.015486767870174186,0.015486767870174186,1.5470335107097957e-05,3.717279986971133e-05,3.717279986971133e-05
0.0005577635433862876,0.0011970961349705772,0.0011970961349705772,0.0026115673554537905,0.005752651155897622,0.005752651155897622,0.006708121123257725,0.014248606323361956,0.014248606323361956,0.002489105021930505,0.005458326471138977,0.005458326471138977
0.001537327892498992,0.003505260794569394,0.003505260794569394,0.002657233503001333,0.006131240674630485,0.006131240674630485,0.005902038515748875,0.012536299641879693,0.012536299641879693,0.004264770322221867,0.009475910026952734,0.009475910026952734
0.002624812654959625,0.006282390279305486,0.006282390279305486,0.0023714949707719594,0.005104194395115914,0.005104194395115914,0.006703213806681089,0.014244016149824889,0.014244016149824889,0.00015754177607881002,0.00037823892985709267,0.00037823892985709267
0.0005718509683777678,0.0012255927435341788,0.0012255927435341788,0.002841347480718202,0.006044221190130691,0.006044221190130691,0.004922736674249368,0.012056278155282535,0.012056278155282535,0.005656956288140027,0.013831682332412632,0.013831682332412632
0.0005719514499016325,0.0012262359963036691,0.0012262359963036691,0.0031908965249726915,0.006819092840057459,0.006819092840057459,0.00573870628967041,0.012618326718411461,0.012618326718411461,0.010227395293894834,0.023698573440610802,0.023698573440610802
0.0011473725428371025,0.002457776560558669,0.002457776560558669,0.005704832314767054,0.01254240541273491,0.01254240541273491,0.00523070385985044,0.01120083533128245,0.01120083533128245,0.011284767182446438,0.024080132282928515,0.024080132282928515
0.0029936554216184507,0.007326959434502555,0.007326959434502555,0.003888365342668591,0.008967042573445409,0.008967042573445409,0.004070001577683402,0.009662178179028478,0.009662178179028478,0.030734780953523687,0.07526182954290649,0.07526182954290649
0.0034759844089286623,0.008260836122738322,0.008260836122738322,0.006191930171613983,0.013362409807991183,0.013362409807991183,0.013422734397722121,0.03137127118632689,0.03137127118632689,0.05493209884534919,0.11766395739789878,0.11766395739789878
0.0025776543001979108,0.0055917662240441415,0.0055917662240441415,0.0061880468033960415,0.0140822240436448,0.0140822240436448,0.01621786692918267,0.03596602408671386,0.03596602408671386,0.000915621931180815,0.002233658417491258,0.002233658417491258
0.0069794030360933335,0.015293698811585647,0.015293698811585647,0.010311233551750858,0.024855285332537037,0.024855285332537037,0.028366316138847877,0.06403016948900483,0.06403016948900483,0.005648278053221823,0.01318969347270609,0.01318969347270609
0.02590146199472406,0.06230862873877316,0.06230862873877316,0.015930896677285502,0.03432040997448531,0.03432040997448531,0.10132593952883641,0.22710025403704717,0.22710025403704717,0.015859254155547384,0.03875005012919793,0.03875005012919793
0.003137103378307995,0.007421909604628098,0.007421909604628098,0.04937409604739288,0.1084629388303493,0.1084629388303493,0.02147640285650812,0.04802359402940076,0.04802359402940076,0.035458616606505865,0.08584091333562038,0.08584091333562038
0.028575928214915707,0.06968885782132479,0.06968885782132479,0.0373800445485862,0.08942554374442183,0.08942554374442183,0.01840275195897557,0.04309011115062035,0.04309011115062035,0.014795297065383666,0.033920381225909395,0.033920381225909395
0.13521533690161242,0.2949980611746527,0.2949980611746527,0.006932595530432751,0.01692660151385943,0.01692660151385943,0.011679420743201491,0.02803938475394695,0.02803938475394695,0.007916523386172773,0.019371682754147027,0.019371682754147027
0.001669773270918731,0.003701675814195709,0.003701675814195709,0.004823587619055846,0.011774001749362228,0.011774001749362228,0.015491597289261277,0.03724077378150697,0.03724077378150697,0.0038522386810439916,0.009289812813993676,0.009289812813993676
0.004299415255484427,0.010522156723802509,0.010522156723802509,0.013957978079517992,0.03333656944339164,0.03333656944339164,0.019550600678504258,0.047863683834516176,0.047863683834516176,0.008617789118342746,0.021094086285477855,0.021094086285477855
0.012230509445506592,0.02985234324284483,0.02985234324284483,0.036162422578867134,0.08229135021659066,0.08229135021659066,0.027977937772709495,0.06850658774894272,0.06850658774894272,0.019586773172884316,0.047645750903046645,0.047645750903046645
0.010134168262942157,0.022231861945006412,0.022231861945006412,0.015999334070687904,0.039141082728047144,0.039141082728047144,0.01428850323533034,0.033227789755823856,0.033227789755823856,0.008511435697566518,0.018763670532999148,0.018763670532999148
0.007629764976783322,0.01868559415129986,0.01868559415129986,0.030254358768500585,0.06748211141559596,0.06748211141559596,0.01757891138946245,0.040414267521482514,0.040414267521482514,0.025458502011437317,0.061864002406580534,0.061864002406580534
0.013143502018870249,0.030875837971183463,0.030875837971183463,0.007127076267969221,0.017159953942421226,0.017159953942421226,0.022013219479143278,0.05154708189651508,0.05154708189651508,0.006518292566472382,0.014625541526912134,0.014625541526912134
0.007795988987990649,0.01909214374847016,0.01909214374847016,0.00999643517779807,0.023289913870099065,0.023289913870099065,0.01580081332575852,0.03560573809469374,0.03560573809469374,0.01339084944981412,0.029142661664704826,0.029142661664704826
0.01787400839626261,0.04120341729782167,0.04120341729782167,0.007917987270180107,0.019028444028308385,0.019028444028308385,0.01568944671334419,0.03815868460753673,0.03815868460753673,0.015855837498849085,0.0384637519026364,0.0384637519026364
0.015931425425207184,0.037511069470199235,0.037511069470199235,0.013939764328509366,0.034144885258920565,0.034144885258920565,0.016886248945435663,0.041300733862186356,0.041300733862186356,0.004598034982000932,0.011224018298756203,0.011224018298756203
0.010579863081057857,0.02394951187894652,0.02394951187894652,0.011525683940927968,0.026966146281096125,0.026966146281096125,0.016920562866498425,0.041444823183997136,0.041444823183997136,0.0074253061032448515,0.01798269290654777,0.01798269290654777
0.008977298924392635,0.019159095467194444,0.019159095467194444,0.0057157957355744365,0.013979342616686041,0.013979342616686041,0.0179181019995691,0.03952694967276353,0.03952694967276353,0.002031187708608056,0.0046128129233835805,0.0046128129233835805
0.002423173429886187,0.005823541432432338,0.005823541432432338,0.012111569824579504,0.028694855573490916,0.028694855573490916,0.01971662174697424,0.04282797529529547,0.04282797529529547,0.013969669441491844,0.03372497240786271,0.03372497240786271
0.015743858274640563,0.03529402959433283,0.03529402959433283,0.01433920341421793,0.03481717797527042,0.03481717797527042,0.01754649079203031,0.04056511014636471,0.04056511014636471,0.0015966273072140567,0.003660955922867417,0.003660955922867417
0.03469086442535968,0.08028632084986667,0.08028632084986667,0.006772693053950859,0.014944339997115625,0.014944339997115625,0.014691163515944376,0.03598164209143978,0.03598164209143978,0.00046034305534310086,0.001080506048016855,0.001080506048016855
0.005878440181343281,0.014273982315901396,0.014273982315901396,0.007747842499205166,0.01837092370707054,0.01837092370707054,0.03171421211974747,0.0774376312249385,0.0774376312249385,0.005715829692493843,0.013673258703885572,0.013673258703885572
0.009468854108992612,0.022549727025688086,0.022549727025688086,0.0137262961764718,0.03224592621876394,0.03224592621876394,0.02016806493050073,0.04567603017658808,0.04567603017658808,0.04778120386931775,0.1167891164043419,0.1167891164043419
0.02258975215000364,0.050144771394891166,0.050144771394891166,0.022236573053334395,0.05010361375708073,0.05010361375708073,0.024542798414188455,0.05264639779553983,0.05264639779553983,0.11908812415905684,0.29123625368586525,0.29123625368586525
0.019938882364676544,0.04558922353893759,0.04558922353893759,0.022578922960608712,0.0533309151208833,0.0533309151208833,0.02031307374892846,0.04944753782711453,0.04944753782711453,0.12620485978416696,0.3072795491432096,0.3072795491432096
0.006884456070314952,0.016455309523097636,0.016455309523097636,0.0020588683895231786,0.004473405981106373,0.004473405981106373,0.06830679465650169,0.1547083422021493,0.1547083422021493,0.22532368177739964,0.5518657324648716,0.5518657324648716
0.004627702883361231,0.010039634084486207,0.010039634084486207,0.006090008521525572,0.014085135849850543,0.014085135849850543,0.25101384542482197,0.5461672667859384,0.5461672667859384,0.22220107229715166,0.5142446822896154,0.5142446822896154
0.005267239507908702,0.012346512741979957,0.012346512741979957,0.11696948670315449,0.24847214689179312,0.24847214689179312,0.22919213771296026,0.49207646931428817,0.49207646931428817,1.1131028023626133,2.365798057322085,2.365798057322085
0.0805692580894392,0.17965799798809987,0.17965799798809987,0.2406618626219437,0.5346901951377051,0.5346901951377051,0.26151069016318507,0.5595493747366506,0.5595493747366506,1.5462257210865256,3.309957594482134,3.309957594482134
0.0801932063078616,0.175352121504214,0.175352121504214,0.1872993317496708,0.42860746647880477,0.42860746647880477,0.35732758472439297,0.7686461552196163,0.7686461552196163,1.5823953676797962,3.516003421802436,3.516003421802436
0.37788840171278887,0.9164171219848334,0.9164171219848334,0.9843212672718935,2.289805348769663,2.289805348769663,2.3032120630947945,5.597678287546381,5.597678287546381,11.167644567553412,25.768786008945032,25.768786008945032
0.42865245885369785,0.9849999119573047,0.9849999119573047,1.2404427984599173,3.0311903581224158,3.0311903581224158,2.0584071596415714,4.850572406982953,4.850572406982953,15.948418672694956,39.021280309843526,39.021280309843526
0.38290115552087967,0.9354442286853246,0.9354442286853246,1.6844384413428422,3.9819871041211994,3.9819871041211994,2.24886242352952,5.479054724271565,5.479054724271565,13.141210643073165,32.1836523143747,32.1836523143747
0.7512684079044087,1.8363564052023515,1.8363564052023515,1.389427303369856,3.1644971138163083,3.1644971138163083,4.417580453200006,10.550792384806451,10.550792384806451,12.69846388277808,27.358948467823076,27.358948467823076
1.0272352631058603,2.4739613986871425,2.4739613986871425,2.8466714793343444,6.964201779524216,6.964201779524216,11.501610332748607,27.668808500005234,27.668808500005234,15.028412978496094,36.270046220266636,36.270046220266636
3.28330501261312,7.873479820246596,7.873479820246596,5.891718815601912,13.424184979870464,13.424184979870464,10.101394297998896,24.74287970124464,24.74287970124464,14.023552064767937,32.966449860287454,32.966449860287454
7.775102980508717,19.003550723609482,19.003550723609482,10.129982045046136,24.145289348540437,24.145289348540437,16.885521106362372,40.52512784481639,40.52512784481639,11.666206752553274,26.889636072709685,26.889636072709685
8.376713814357343,20.352179935349508,20.352179935349508,16.39191145228302,39.94001606501216,39.94001606501216,12.654872429540754,29.051625642850542,29.051625642850542,13.121070779080934,29.370656453140445,29.370656453140445
7.986669354832937,19.41209025018025,19.41209025018025,10.817562582194176,26.19631656115764,26.19631656115764,9.175892823583473,20.368238788746332,20.368238788746332,16.036029922154746,38.601675957574294,38.601675957574294
10.586669905077411,25.1935448163817,25.1935448163817,10.147598046460706,23.652691678281926,23.652691678281926,12.292440989882893,30.102569142499664,30.102569142499664,7.93196410056427,19.124122086453767,19.124122086453767
9.834455835026432,24.08408829283402,24.08408829283402,11.119072977023727,26.631068056987598,26.631068056987598,10.880620115770515,26.48680970972064,26.48680970972064,6.587665177461489,14.714294529715334,14.714294529715334
12.079810266982765,29.562033878688922,29.562033878688922,10.932456267236253,25.394467504083583,25.394467504083583,8.73319466205035,19.60737050039498,19.60737050039498,3.0043057113944283,7.094021617582486,7.094021617582486
8.451910762088094,20.63778308002378,20.63778308002378,8.846568097863674,19.71756232326534,19.71756232326534,9.528241219119629,23.252258985682122,23.252258985682122,1.0879709851516886,2.639441472139539,2.639441472139539
9.585522132823217,20.93643367518711,20.93643367518711,8.693630827252555,19.408815764274575,19.408815764274575,8.389948228207972,19.62495142571141,19.62495142571141,0.7310012290788447,1.7905790840858113,1.7905790840858113
10.5957499451838,22.711680791614466,22.711680791614466,9.029075587546789,20.981469164753427,20.981469164753427,4.740161959120181,11.427627591165015,11.427627591165015,0.29475784765872587,0.717946924135336,0.717946924135336
8.019777557434724,18.31180299636628,18.31180299636628,5.379251030948984,13.134259860636204,13.134259860636204,1.5048577397521452,3.4542161867883086,3.4542161867883086,0.12678215927831452,0.2948798807847124,0.2948798807847124
4.098313121164856,9.767222931446288,9.767222931446288,2.309798563969279,5.585648098347666,5.585648098347666,0.21363491858243608,0.522792973439293,0.522792973439293,0.04076606448085013,0.09557333419218204,0.09557333419218204
2.064552950241168,5.008742174046843,5.008742174046843,0.6942596034556883,1.662215292244371,1.662215292244371,0.15886520699128803,0.38892419610602347,0.38892419610602347,0.06991175734267142,0.17096045594580345,0.17096045594580345
1.0460553610495293,2.407751862183021,2.407751862183021,0.6425995024876713,1.494745017579913,1.494745017579913,0.1330524512231385,0.3069370505719838,0.3069370505719838,0.25011758463742695,0.6054970417900819,0.6054970417900819
0.5459980599402776,1.2350823019015968,1.2350823019015968,0.44159168197106435,0.9441472091985142,0.9441472091985142,0.10721960699516017,0.24455429806520362,0.24455429806520362,0.481895242188218,1.1473712946168841,1.1473712946168841
0.1122344758542104,0.24314563784054724,0.24314563784054724,0.05220053503370897,0.11269515472230275,0.11269515472230275,0.015824366402759384,0.038726115376947375,0.038726115376947375,0.08074329353742198,0.19284991873042834,0.19284991873042834
0.12556344654166512,0.2784859106384584,0.2784859106384584,0.08736277910802628,0.18958717453727048,0.18958717453727048,0.16367752869229385,0.36379498442873853,0.36379498442873853,0.07353856862241294,0.17668903863368388,0.17668903863368388
0.03689890679268424,0.08628634064773527,0.08628634064773527,0.05077680838414567,0.12187193529661465,0.12187193529661465,0.16302564341504208,0.3594517286973725,0.3594517286973725,0.07616170176171251,0.1630648576598069,0.1630648576598069
0.036225584055689805,0.07856258345818815,0.07856258345818815,0.16098653248251676,0.38451990035330275,0.38451990035330275,0.23155525177025735,0.5352518822316414,0.5352518822316414,0.3890259302464999,0.8509521065594609,0.8509521065594609
0.030881015832994522,0.07001382898503009,0.07001382898503009,0.14372936807708897,0.35096900963801947,0.35096900963801947,0.2034097102407296,0.495117686871071,0.495117686871071,0.09912765884989852,0.23826486470277958,0.23826486470277958
0.1643589497746756,0.40108914684692243,0.40108914684692243,0.23004974063014003,0.5613088579733196,0.5613088579733196,0.2860838762495276,0.6977875581700981,0.6977875581700981,0.5045619667414412,1.1966992602330393,1.1966992602330393
0.2677690880665875,0.6098788724226251,0.6098788724226251,0.6811303704671077,1.6682661111829624,1.6682661111829624,0.9313801625343907,2.232625100885915,2.232625100885915,2.344133912972765,5.702042931549366,5.702042931549366
0.5672011055409678,1.3009227483624026,1.3009227483624026,1.79529768320757,4.094082582388467,4.094082582388467,5.624709207362246,13.05768606625626,13.05768606625626,8.568635190402393,20.195549215217746,20.195549215217746
0.37676441414318135,0.9228730701446998,0.9228730701446998,1.0979452234935076,2.649487252105927,2.649487252105927,1.8333853996350815,4.296607122600097,4.296607122600097,0.7240234035976183,1.6571615619109055,1.6571615619109055
0.7982475366947706,1.8038459889461866,1.8038459889461866,1.4140666978789187,3.4500856999784877,3.4500856999784877,1.4039501469668454,3.2883584978054152,3.2883584978054152,0.35152157854274674,0.7925571035508021,0.7925571035508021
0.08050919337937669,0.18448212939696393,0.18448212939696393,0.22495159605889417,0.5182313361571763,0.5182313361571763,0.11872494299332012,0.25191774740076495,0.25191774740076495,0.010534181182883939,0.023472820096484673,0.023472820096484673
0.17969564679687125,0.44014266302659877,0.44014266302659877,0.1912073559680571,0.427351451484339,0.427351451484339,0.015842906527148946,0.038650439813352644,0.038650439813352644,0.0006764255514897158,0.001648772742390531,0.001648772742390531
0.11902290290076857,0.287793237734127,0.287793237734127,0.06889688686170219,0.15059301772827932,0.15059301772827932,0.031673797449744134,0.0773071312006473,0.0773071312006473,0.0001377279343065312,0.000293777232534268,0.000293777232534268
0.23846762800589869,0.5729581380292741,0.5729581380292741,0.190855687948217,0.4648723237840416,0.4648723237840416,0.009162949703060384,0.02187901115198618,0.02187901115198618,0.000305385868573087,0.0006623485369585319,0.0006623485369585319
0.1331676622822377,0.31074434584139965,0.31074434584139965,0.04218093362409992,0.08968622695219668,0.08968622695219668,0.00709608564275369,0.017132050921522632,0.017132050921522632,0.0049083243321994124,0.011819016161581531,0.011819016161581531
0.07385198651943888,0.17793520290323095,0.17793520290323095,0.017257782305024724,0.04054832633615667,0.04054832633615667,0.0074041859786286,0.015792112077724123,0.015792112077724123,0.07443997527787614,0.16740803149852324,0.16740803149852324
0.01816553908343327,0.044491317393191614,0.044491317393191614,0.005994358854581614,0.01427942992446887,0.01427942992446887,0.009348464064353443,0.020074315570623787,0.020074315570623787,0.054851556938393026,0.11975515752984701,0.11975515752984701
0.008978362687595996,0.019210251227922758,0.019210251227922758,0.0062120706966608315,0.013226363418723188,0.013226363418723188,0.018521274990381496,0.042144640928488186,0.042144640928488186,0.0064570696131088555,0.015304159244120904,0.015304159244120904
0.002465791834151184,0.005292651476393529,0.005292651476393529,0.00320448235727172,0.006843114594466225,0.006843114594466225,0.07214209330827355,0.16404018218224686,0.16404018218224686,0.0002501388610094815,0.0005889569132441591,0.0005889569132441591
0.005471125330919948,0.011943615893390715,0.011943615893390715,0.004339276797170013,0.009235622657315692,0.009235622657315692,0.015854807172630533,0.037148859468885034,0.037148859468885034,0.00043559479420401427,0.0009790156413389565,0.0009790156413389565
0.011326411457768797,0.025840800890127587,0.025840800890127587,0.018731646394300198,0.04545114923964593,0.04545114923964593,0.018316570259888674,0.03983659090348743,0.03983659090348743,0.011474303374268177,0.027615657813233892,0.027615657813233892
0.02800278236052378,0.06811155588285925,0.06811155588285925,0.024758764141065467,0.059513652039994334,0.059513652039994334,0.02173785086313088,0.04771236721852742,0.04771236721852742,0.03422399395229698,0.07397981319449921,0.07397981319449921
0.03680280440421655,0.08838158953138203,0.08838158953138203,0.01188828371388522,0.029061652614297412,0.029061652614297412,0.018635226988992403,0.04153357038421226,0.04153357038421226,0.00967690928197979,0.020750807935183822,0.020750807935183822
0.006288249288730534,0.013853622213272567,0.013853622213272567,0.005191640944204613,0.011234402001636834,0.011234402001636834,0.011204833557369542,0.0266608288522513,0.0266608288522513,0.0036168168404418837,0.008797036537967307,0.008797036537967307
0.006775436616194372,0.015375865658602916,0.015375865658602916,0.008776577548527922,0.020501024270131618,0.020501024270131618,0.11150350028039721,0.23760073788900524,0.23760073788900524,0.001018748224617209,0.0022716382630687927,0.0022716382630687927
0.0008862138465797793,0.0021301101156030663,0.0021301101156030663,0.006266905893133953,0.014275619492938436,0.014275619492938436,0.006385322593698663,0.01563294425484906,0.01563294425484906,0.00047300320766864324,0.001103690064105728,0.001103690064105728
0.01053868070905617,0.02317960866628317,0.02317960866628317,0.0860175256177737,0.18621625693221774,0.18621625693221774,0.0098260410280055,0.02254027699960445,0.02254027699960445,0.013195045217504931,0.03199102896029009,0.03199102896029009
0.07103906480117195,0.17183839319092523,0.17183839319092523,0.012193902152389411,0.028964943723464406,0.028964943723464406,0.01355875662357988,0.029427425543518432,0.029427425543518432,0.0033899615811227354,0.007493083711836498,0.007493083711836498
0.003757373699554431,0.008549088075624543,0.008549088075624543,0.008087306915603497,0.01956008772652002,0.01956008772652002,0.015270763566098364,0.03337425523515288,0.03337425523515288,0.001306253237272647,0.0029393646807458497,0.0029393646807458497
0.022802100032544913,0.05544586161504111,0.05544586161504111,0.013715698470130527,0.030948795111236303,0.030948795111236303,0.009170051815121148,0.022418955621599367,0.022418955621599367,0.0044449292610695265,0.010034208346699814,0.010034208346699814
0.004572183176762571,0.009789007253680003,0.009789007253680003,0.008806989757596861,0.01930957594508857,0.01930957594508857,0.012961524204683257,0.02855441977256303,0.02855441977256303,0.014117715557385203,0.03405705451784906,0.03405705451784906
0.005063321241819838,0.010889724125722667,0.010889724125722667,0.017722821812323857,0.04322125623984076,0.04322125623984076,0.013301048912518433,0.029401063582331296,0.029401063582331296,0.014737127947783831,0.03323684972528303,0.03323684972528303
0.00710641728189782,0.017405177214811298,0.017405177214811298,0.008108797301404905,0.017504264340664884,0.017504264340664884,0.0022152273750053824,0.005341596033903162,0.005341596033903162,0.012789930027194541,0.027844478341261317,0.027844478341261317
0.005142696267216764,0.010979757030122805,0.010979757030122805,0.009074024531917057,0.01971972804212072,0.01971972804212072,0.07862114995617218,0.1722675364898156,0.1722675364898156,0.05080747950101203,0.12160823619230549,0.12160823619230549
0.006237314970591972,0.013493330599924705,0.013493330599924705,0.008599733095720099,0.020198865877388117,0.020198865877388117,0.06389135639479572,0.14405489390223652,0.14405489390223652,0.039181552739227486,0.0959662247848137,0.0959662247848137
0.0054318821327493105,0.011968482763739376,0.011968482763739376,0.03255647316814195,0.0797333614299154,0.0797333614299154,0.06354642330210414,0.13704571246018896,0.13704571246018896,0.10006527418347146,0.24371950533793263,0.24371950533793263
0.018318587618042056,0.03990830958695703,0.03990830958695703,0.012377471133139467,0.030317542167073448,0.030317542167073448,0.017634386032528444,0.04178065121778507,0.04178065121778507,0.32607803256160633,0.7121981285203567,0.7121981285203567
0.0347119191833886,0.0744415906250946,0.0744415906250946,0.058013334619440346,0.1252032255866244,0.1252032255866244,0.043673546829533894,0.10696706676511691,0.10696706676511691,0.019673708485567536,0.047921710583197025,0.047921710583197025
0.07161611259010615,0.168479377315208,0.168479377315208,0.05603071590805092,0.1279848324245584,0.1279848324245584,0.1255989001069773,0.2902864012981514,0.2902864012981514,0.004057841722891232,0.008617070705351093,0.008617070705351093
0.01280087185260309,0.03094116286496755,0.03094116286496755,0.12695116976204412,0.27124290054307953,0.27124290054307953,0.4534063905008266,0.9687924268897163,0.9687924268897163,0.005050630451451215,0.010774403540689348,0.010774403540689348
0.10781016783843947,0.2634323819193868,0.2634323819193868,0.08943759783903765,0.20433075757624433,0.20433075757624433,0.00869132934208057,0.021268946432673103,0.021268946432673103,0.010818159587873227,0.02444417506951959,0.02444417506951959
0.168023143658687,0.40363823224065654,0.40363823224065654,0.19294546687805741,0.4166822215829802,0.4166822215829802,0.012277236813184962,0.02937726028287031,0.02937726028287031,0.014054320734621312,0.030928973077172163,0.030928973077172163
0.3801999341079059,0.8069602816903332,0.8069602816903332,0.11251368294458979,0.25612316170966637,0.25612316170966637,0.012076936676909948,0.029439730627050464,0.029439730627050464,0.008657587897044168,0.019417783467649427,0.019417783467649427
0.05829093865121286,0.1410774571123099,0.1410774571123099,0.00627984530242038,0.013847234861841147,0.013847234861841147,0.009434862971654582,0.021470618203655666,0.021470618203655666,0.06309721352012027,0.14753159270157717,0.14753159270157717
0.006433891144302406,0.014132089177186493,0.014132089177186493,0.003818949268629171,0.008168936101583927,0.008168936101583927,0.0033274598157242512,0.00759906059306549,0.00759906059306549,0.009066802509744846,0.02142887101329359,0.02142887101329359
0.0034250469627368444,0.007312564341058893,0.007312564341058893,0.007790391165724879,0.018081577652816275,0.018081577652816275,0.00339311082910312,0.007688377834305059,0.007688377834305059,0.053685569542727345,0.1216734417204602,0.1216734417204602
0.0056736932751536625,0.013883339733795824,0.013883339733795824,0.021008198691283165,0.048094956104654446,0.048094956104654446,0.05400679032289788,0.12012388486339798,0.12012388486339798,0.02331909069614826,0.054386432106505414,0.054386432106505414
0.013200348438991209,0.03231813908842982,0.03231813908842982,0.05102663288336372,0.12011151264628242,0.12011151264628242,0.025346937708889312,0.06187085387191995,0.06187085387191995,0.005961581926596707,0.013839819283127552,0.013839819283127552
0.008759009918410214,0.021384326158652822,0.021384326158652822,0.008306122918206895,0.01842360944822055,0.01842360944822055,0.014299983366753729,0.03498056955457255,0.03498056955457255,0.006667950128454533,0.016279540059792284,0.016279540059792284
0.055465910173929,0.13574597422901113,0.13574597422901113,0.06110555379882028,0.14731590331465025,0.14731590331465025,0.03467877674377235,0.0784976418579674,0.0784976418579674,0.006813623009671093,0.014805751889770201,0.014805751889770201
0.05282097970385101,0.12934445435320757,0.12934445435320757,0.0851494865346089,0.19261079488554977,0.19261079488554977,0.02106180804843102,0.05088647249763349,0.05088647249763349,0.0036535386396235165,0.008855627458094453,0.008855627458094453
0.016327885176864797,0.036957018525393834,0.036957018525393834,0.02806724091550281,0.06538014056425621,0.06538014056425621,0.01252983364668869,0.029901965614410834,0.029901965614410834,0.0012814494130947754,0.0031078665567085134,0.0031078665567085134
0.06836083407095273,0.1645204519290758,0.1645204519290758,0.017613432681541964,0.04029287762573607,0.04029287762573607,0.02118652470167189,0.05173916443605834,0.05173916443605834,0.04819395664155867,0.11036202083890284,0.11036202083890284
0.006344730729964923,0.015281356481568042,0.015281356481568042,0.01930776676670397,0.042849479787453196,0.042849479787453196,0.0031138104394257534,0.007535392860806477,0.007535392860806477,0.00845939774665554,0.020705115752865724,0.020705115752865724
0.019467003599357813,0.04380879458349297,0.04380879458349297,0.006670674800295759,0.016276605901249342,0.016276605901249342,0.0047853466019468225,0.011455264074684307,0.011455264074684307,0.03646858850893525,0.08931089483562815,0.08931089483562815
0.013158798635847945,0.03208638996492662,0.03208638996492662,0.0022296916973073132,0.005427923402112624,0.005427923402112624,0.03700679826024622,0.08886904258754941,0.08886904258754941,0.030073961439775303,0.06790901624115386,0.06790901624115386
0.01815994701897914,0.03921221124473557,0.03921221124473557,0.009749558236547594,0.022364946130308486,0.022364946130308486,0.014484262844899258,0.03244537603575182,0.03244537603575182,0.02986278640643803,0.07047801700215475,0.07047801700215475
0.01030659474651718,0.022380300401113683,0.022380300401113683,0.020464038420889327,0.046570999524577765,0.046570999524577765,0.036223786366247575,0.08532685612448981,0.08532685612448981,0.13079100978015007,0.30398897341486664,0.30398897341486664
0.031280329885793705,0.07629703759295989,0.07629703759295989,0.01845956867909335,0.04151595646245695,0.04151595646245695,0.03460966683323705,0.07842774335314859,0.07842774335314859,0.07194409086872318,0.17296861368118965,0.17296861368118965
0.008787687588532916,0.01990264403470446,0.01990264403470446,0.017195021921394514,0.04044037695885711,0.04044037695885711,0.04621455051742441,0.11314182540005013,0.11314182540005013,0.007078166753086633,0.017337758415164328,0.017337758415164328
0.0025303691086429885,0.0061256939069765926,0.0061256939069765926,0.013379223538613629,0.032068550455959806,0.032068550455959806,0.03578841628095421,0.08553981429889881,0.08553981429889881,0.009491511283913803,0.022992894134775232,0.022992894134775232
0.009705115966802196,0.02288455543910284,0.02288455543910284,0.03199057028505375,0.07532693593561512,0.07532693593561512,0.0385248264732286,0.08207305705548029,0.08207305705548029,0.20138548651614108,0.4891152093012205,0.4891152093012205
0.010567979668096278,0.024257295051442307,0.024257295051442307,0.028572848838096174,0.06185907984844147,0.06185907984844147,0.029433948301660445,0.06871541624749658,0.06871541624749658,0.4320444520142584,1.0313724045512325,1.0313724045512325
0.06921784220738736,0.1650424579233455,0.1650424579233455,0.08457623818891366,0.2027790155540371,0.2027790155540371,0.19225788463706606,0.43741052670498914,0.43741052670498914,1.4716501548765193,3.6042214034185323,3.6042214034185323
0.24053725554208447,0.567496814043743,0.567496814043743,0.23914187088613006,0.5436625249968835,0.5436625249968835,0.7700766764540001,1.659661929915337,1.659661929915337,10.23756167816812,23.001110703970742,23.001110703970742
0.4734826861657233,1.089136252410845,1.089136252410845,1.5408310714656959,3.349222408223592,3.349222408223592,2.691375365429307,5.83778800355996,5.83778800355996,37.309470487057965,79.44909122357821,79.44909122357821
0.415339309481457,0.9867423558891795,0.9867423558891795,2.6189884102204566,5.685929114785296,5.685929114785296,7.555252227846987,16.30648946317495,16.30648946317495,36.260977332519225,77.42983889587522,77.42983889587522
0.93021281448021,2.1410362152764653,2.1410362152764653,2.8166547021410895,6.379252415527246,6.379252415527246,9.537010951755947,21.349899132178578,21.349899132178578,38.02414864124456,91.45931432739208,91.45931432739208
0.7645454698999478,1.8727091553178625,1.8727091553178625,5.560020019823493,12.87722182608841,12.87722182608841,12.047226537934819,29.345638749376576,29.345638749376576,36.06691592227122,87.39346370003858,87.39346370003858
1.8758910207424278,4.357163111810539,4.357163111810539,6.042831732302016,14.714803118952233,14.714803118952233,23.37654711246073,53.66532450204689,53.66532450204689,42.339651251588684,91.30787921359942,91.30787921359942
3.016960887880691,7.389970626576999,7.389970626576999,13.081902146235278,31.18337539836978,31.18337539836978,24.500879947445227,59.28257905158124,59.28257905158124,44.3169393342943,96.69944827232615,96.69944827232615
11.865852457614157,29.04722884475199,29.04722884475199,14.544659077291172,35.04767353243532,35.04767353243532,27.67177080397118,67.1496552285025,67.1496552285025,44.09526753561947,93.56044847928622,93.56044847928622
18.136049179612108,42.43707561816904,42.43707561816904,32.31526203681612,71.24624226575469,71.24624226575469,36.75065930293643,89.97155706779776,89.97155706779776,46.198623796721705,98.01572504827816,98.01572504827816
29.735213166773182,67.42096706175225,67.42096706175225,36.07347161908685,78.92105493012508,78.92105493012508,37.85419662664681,91.88840259778998,91.88840259778998,45.70541130097208,98.52845111491365,98.52845111491365
32.62400015272371,79.75344637336902,79.75344637336902,39.563491611367944,90.5176084158217,90.5176084158217,46.39320398459163,99.54576547508549,99.54576547508549,40.56800029570846,86.05953452551351,86.05953452551351
35.23250887648783,81.57857553626971,81.57857553626971,43.299897496269345,95.48380365850771,95.48380365850771,46.76875481377545,99.61176350726396,99.61176350726396,20.460098206816642,43.40988045501603,43.40988045501603
40.611315021749625,89.75384235562066,89.75384235562066,46.27881886036704,98.2063044319831,98.2063044319831,45.824011441968636,99.46549635431676,99.46549635431676,19.660520488909082,41.71075206456696,41.71075206456696
36.517080710700036,78.21196805723693,78.21196805723693,46.52630254042529,98.71770524631073,98.71770524631073,46.997484316749926,99.74788493734779,99.74788493734779,24.374514365504783,51.720208525368186,51.720208525368186
40.57238391220191,86.09245516501949,86.09245516501949,46.047458459755816,98.9196228755427,98.9196228755427,47.0235115398503,99.75516518864224,99.75516518864224,38.99386085247339,82.74867645654795,82.74867645654795
36.007743168634846,78.38149321771917,78.38149321771917,46.579612585446434,98.8402693919193,98.8402693919193,47.02365515957572,99.75516459048785,99.75516459048785,44.89440707431969,95.57327822412184,95.57327822412184
36.95253368524728,78.41135957225316,78.41135957225316,46.59769190431593,98.85243280292308,98.85243280292308,47.013429970916405,99.74894109364774,99.74894109364774,35.79716639786323,83.89547586488428,83.89547586488428
36.99270046856447,78.47849416857053,78.47849416857053,46.597536825971524,98.85243357690216,98.85243357690216,46.98465321181145,99.74751078300727,99.74751078300727,17.51761292246061,41.791838071359386,41.791838071359386
36.99308858683627,78.47849479980914,78.47849479980914,46.58514645415881,98.84206351096222,98.84206351096222,46.64475650504072,99.66196741143244,99.66196741143244,5.385922480957563,12.638550380544253,12.638550380544253
36.97998571777023,78.46276089997772,78.46276089997772,46.563056868206175,98.79254864935378,98.79254864935378,44.94429497429379,97.64846705548456,97.64846705548456,2.085009120839467,4.888635134629584,4.888635134629584
36.966462567227104,78.45582577312075,78.45582577312075,46.34333982314053,98.55948410839335,98.55948410839335,29.934754928410467,72.40418025552037,72.40418025552037,0.1431405773597161,0.3478767060570865,0.3478767060570865
37.7868767069751,80.73643357030647,80.73643357030647,42.14804743673252,94.64666075779381,94.64666075779381,1.2627337839973605,2.689685799393931,2.689685799393931,0.07819276259071306,0.19120606828592684,0.19120606828592684
41.57450105851397,92.0243557360795,92.0243557360795,34.0269565360595,83.25244977429503,83.25244977429503,0.6245597404484167,1.5271392714386818,1.5271392714386818,0.05718002213649115,0.1349946831047367,0.1349946831047367
26.897474840475248,62.66615305911924,62.66615305911924,15.095032348840165,34.37906016689828,34.37906016689828,0.28643422423778436,0.640734339375383,0.640734339375383,0.08661797484540155,0.19294956903715021,0.19294956903715021
3.3542210370956163,8.174102959027127,8.174102959027127,0.5838926322023242,1.3411406212033194,1.3411406212033194,0.0996138903178428,0.23811516723880818,0.23811516723880818,0.04780423127959263,0.11693303620924966,0.11693303620924966
0.24146125779502656,0.5181890927280692,0.5181890927280692,0.07828243819075756,0.16762727462075386,0.16762727462075386,0.03689308638671268,0.08815287766358329,0.08815287766358329,0.011679407462238816,0.025916755409429074,0.025916755409429074
0.09760287270693364,0.21035939648225882,0.21035939648225882,0.15945761204839898,0.3458975699693149,0.3458975699693149,0.02480000229536463,0.06059117295797772,0.06059117295797772,0.0004623291063554705,0.0009902499885040851,0.0009902499885040851
0.1692927429118615,0.3705124515770428,0.3705124515770428,0.049254095901271965,0.10965006885432449,0.10965006885432449,0.013388746468167201,0.02997612204750811,0.02997612204750811,0.0029053363246176194,0.007043475197653945,0.007043475197653945
0.06052515843311537,0.1312459745362498,0.1312459745362498,0.05553061333997755,0.12333959622085996,0.12333959622085996,0.032327700436872074,0.07798560053349016,0.07798560053349016,0.0006529309156555668,0.0014701992929772281,0.0014701992929772281
0.016084096983657297,0.038124463783108326,0.038124463783108326,0.020353669732651444,0.04604979381274253,0.04604979381274253,0.01370530228713139,0.02944911001819533,0.02944911001819533,0.08471141554051584,0.18033428611699762,0.18033428611699762
0.029054987114073526,0.07014288780073658,0.07014288780073658,0.008046146334797017,0.018819474774827066,0.018819474774827066,0.01274295198274246,0.027168022773125376,0.027168022773125376,0.07829077353924535,0.16714912783694197,0.16714912783694197
0.006583830809102081,0.01603569354072465,0.01603569354072465,0.010558053289894282,0.022820310772482286,0.022820310772482286,0.013501840272087718,0.02944253882679218,0.02944253882679218,0.013041052176386472,0.030035583266930455,0.030035583266930455
0.0038850494019859157,0.00845292724525356,0.00845292724525356,0.009276138725062805,0.022111502609080493,0.022111502609080493,0.07177008692194693,0.1549972032117383,0.1549972032117383,0.02565102470861993,0.06147902209472064,0.06147902209472064
0.004149920606389599,0.009178271340503943,0.009178271340503943,0.011284245103238591,0.02418034930718388,0.02418034930718388,0.02306064762835929,0.05193505260008019,0.05193505260008019,0.00396501310788424,0.00951296240206785,0.00951296240206785
0.007232445498606702,0.015622743105760433,0.015622743105760433,0.14202930986227322,0.3107541493266641,0.3107541493266641,0.007562462541363281,0.01736496428557089,0.01736496428557089,0.0023012568053993395,0.00555492822569712,0.00555492822569712
0.04525737126440252,0.10104160687145489,0.10104160687145489,0.021129158862776436,0.05164787768463151,0.05164787768463151,0.009961310822344248,0.022388723944284726,0.022388723944284726,0.0013570310154670485,0.003094223359855351,0.003094223359855351
0.0944480159025988,0.20914792782288377,0.20914792782288377,0.052369928973723154,0.12766029332620665,0.12766029332620665,0.013556934285913595,0.03219055118058489,0.03219055118058489,0.0038757294581749945,0.00942891819032762,0.00942891819032762
0.014810191488646807,0.03551230876926816,0.03551230876926816,0.03146306596536867,0.07634005161380238,0.07634005161380238,0.010765608810404106,0.025452811707252308,0.025452811707252308,0.014176610854392492,0.03418481271995046,0.03418481271995046
0.014341882091397959,0.0350239846442193,0.0350239846442193,0.015441742911485727,0.037771658608484845,0.037771658608484845,0.013525409325767221,0.029426731114566826,0.029426731114566826,0.007416632697458607,0.016519141826744334,0.016519141826744334
0.005490427478010795,0.012017624582227666,0.012017624582227666,0.010003311673966815,0.024489271215667116,0.024489271215667116,0.017057625480858214,0.038587861046315314,0.038587861046315314,0.045741506842068055,0.10842993994650585,0.10842993994650585
0.013245642259441992,0.03204620238452631,0.03204620238452631,0.009511853119585995,0.02046374216129278,0.02046374216129278,0.017918056337231675,0.04293659173187804,0.04293659173187804,0.015078408915181552,0.03687757966619164,0.03687757966619164
0.014019776407103704,0.031183911271096307,0.031183911271096307,0.005445571755513039,0.011782055608939194,0.011782055608939194,0.014136535381850751,0.03364297869139943,0.03364297869139943,0.008048066419329009,0.0176268937541984,0.0176268937541984
0.010860641863044815,0.024569806902322133,0.024569806902322133,0.008548768579841376,0.01973879413707906,0.01973879413707906,0.05883876677606579,0.1336386682725014,0.1336386682725014,0.012689696028833911,0.030893156542773345,0.030893156542773345
0.015975297346669904,0.03400542783842628,0.03400542783842628,0.015305797304842952,0.035652323077441095,0.035652323077441095,0.03761648302397791,0.08559636842225832,0.08559636842225832,0.0038712999526630955,0.008317445007155373,0.008317445007155373
0.00810262493789029,0.019292121273634,0.019292121273634,0.03897862205719361,0.08920796242166437,0.08920796242166437,0.005621993837525385,0.013253586679233629,0.013253586679233629,0.019606558340291905,0.04384900609512173,0.04384900609512173
0.07152371863816598,0.17121349550168846,0.17121349550168846,0.05177988553635069,0.11447095366829102,0.11447095366829102,0.012894674126550312,0.031519018316265704,0.031519018316265704,0.034007793996199784,0.08223721784271754,0.08223721784271754
0.01735691427704938,0.04244102042612929,0.04244102042612929,0.01987536882598539,0.047711441107013704,0.047711441107013704,0.01241369893963146,0.030258331448685078,0.030258331448685078,0.00988516668036647,0.021408799035852116,0.021408799035852116
0.0700824964019203,0.1710325340292264,0.1710325340292264,0.003780565827955215,0.008806264817608891,0.008806264817608891,0.006780562991010864,0.016497371137930227,0.016497371137930227,0.0009383120065772873,0.002085574883273006,0.002085574883273006
0.00797892543179284,0.01827111584586904,0.01827111584586904,0.03289368451321065,0.07147700636309703,0.07147700636309703,0.018054009754693044,0.03960473615714699,0.03960473615714699,0.0005247057019433689,0.0012187685168271894,0.0012187685168271894
0.016291681317180395,0.038750693808206366,0.038750693808206366,0.038662028165429914,0.09444827898976343,0.09444827898976343,0.014933007274203686,0.03284597572124218,0.03284597572124218,0.03099509308835806,0.06848567305244557,0.06848567305244557
0.03189424600210817,0.07152413018308104,0.07152413018308104,0.011807580556686945,0.028898608169769878,0.028898608169769878,0.015603241276851912,0.0333911616182537,0.0333911616182537,0.09259395420803293,0.21046087072135403,0.21046087072135403
0.007656482163072131,0.018705453137044883,0.018705453137044883,0.011054854561507985,0.02424397272806491,0.02424397272806491,0.013653662943519582,0.029452440433880865,0.029452440433880865,0.012130904537333335,0.02941636382166414,0.02941636382166414
0.007349438790454271,0.017381058396690366,0.017381058396690366,0.006564298640565553,0.014167913004822461,0.014167913004822461,0.022668732353634723,0.055188206185901714,0.055188206185901714,0.01500684678436103,0.03312632702433598,0.03312632702433598
0.006104107996658498,0.013192932951085307,0.013192932951085307,0.01122799982678953,0.024022103845743995,0.024022103845743995,0.059962756126963515,0.12989703672044073,0.12989703672044073,0.03627705722334226,0.08655832929923633,0.08655832929923633
0.003931463386639261,0.00845278053695117,0.00845278053695117,0.021563387634573113,0.05237778961942716,0.05237778961942716,0.013580753291333207,0.03164151557999772,0.03164151557999772,0.04402891092723358,0.1021578567956861,0.1021578567956861
0.014994421064276533,0.0327745361056594,0.0327745361056594,0.08680108683785667,0.1859362750058178,0.1859362750058178,0.05732040556726952,0.12213066426485701,0.12213066426485701,0.0516933865787335,0.11989425932486424,0.11989425932486424
0.02017871130304867,0.045418459838016526,0.045418459838016526,0.00549734145154194,0.01299479630789345,0.01299479630789345,0.028104750798180117,0.0606172596724624,0.0606172596724624,0.016507162836064532,0.03632312752305714,0.03632312752305714
0.005862258896902218,0.01325408533830326,0.01325408533830326,0.030334176736681283,0.06920270120898706,0.06920270120898706,0.0031601693281268313,0.007048969672370148,0.007048969672370148,0.012272983749053173,0.028797128163293773,0.028797128163293773
0.0250112625140565,0.05963670178770425,0.05963670178770425,0.029483904842270887,0.07042774665103878,0.07042774665103878,0.004759421022701883,0.01053874542943075,0.01053874542943075,0.0012229377785831004,0.002989748638393732,0.002989748638393732
0.01976572198286525,0.046046947015931414,0.046046947015931414,0.038468292503585744,0.08526189013925665,0.08526189013925665,0.013055196002254193,0.031057478192739244,0.031057478192739244,0.002739944634338097,0.006381398925502648,0.006381398925502648
0.028072756992990108,0.06567048072882606,0.06567048072882606,0.014748493097926602,0.03160871680513076,0.03160871680513076,0.015493687830093684,0.0345579786440542,0.0345579786440542,0.009413320749933902,0.02218517371352436,0.02218517371352436
0.016420395387352148,0.038204510412011616,0.038204510412011616,0.010772623272876466,0.02608284885595963,0.02608284885595963,0.0134358024350896,0.029409015792146317,0.029409015792146317,0.00039185242539186284,0.0009538673223546991,0.0009538673223546991
0.07090651222663129,0.17359749553402495,0.17359749553402495,0.013027943718876023,0.030197454890621755,0.030197454890621755,0.009986633466099584,0.023597927289041448,0.023597927289041448,0.007559241710386277,0.01813125183144922,0.01813125183144922
0.022993140820168265,0.056175859298918746,0.056175859298918746,0.008189920428089923,0.01898579283734978,0.01898579283734978,0.011965807225169092,0.02911131444836958,0.02911131444836958,0.012542911805532127,0.027814125465163445,0.027814125465163445
0.004161738220940281,0.00932255830451685,0.00932255830451685,0.009790171214495685,0.022847347716239322,0.022847347716239322,0.004911959071818661,0.011910923249143987,0.011910923249143987,0.03147642453944646,0.06999167798965708,0.06999167798965708
0.0029884887971968776,0.006471923450672474,0.006471923450672474,0.011879738089756717,0.02874580588579579,0.02874580588579579,0.007841510952155859,0.017868956899882396,0.017868956899882396,0.05398216837989667,0.1321953239594041,0.1321953239594041
0.0064466941261895555,0.014846573632738417,0.014846573632738417,0.012142561277700048,0.029086447735511466,0.029086447735511466,0.014368011177560739,0.03451494999533321,0.03451494999533321,0.06450150799844842,0.15672064538267821,0.15672064538267821
0.00022907808498941824,0.0005509427127711464,0.0005509427127711464,0.0076971079845225224,0.01805335139655262,0.01805335139655262,0.018664617720396886,0.04571183412384233,0.04571183412384233,0.002737554903125328,0.0067045664767181245,0.0067045664767181245
0.0032814709933451005,0.0072443339712407705,0.0072443339712407705,0.020388608292356027,0.049940272028935646,0.049940272028935646,0.017917497908686072,0.038888012025419125,0.038888012025419125,0.001073461809121558,0.002479613482067707,0.002479613482067707
0.01808199647914755,0.038420723533240456,0.038420723533240456,0.02549867430110835,0.061290372244653876,0.061290372244653876,0.011107954844843943,0.02675756114065811,0.02675756114065811,0.020522051825472558,0.04802408009870118,0.04802408009870118
0.008850011341230563,0.01950371996047827,0.01950371996047827,0.0015454643737807597,0.0037308599867428224,0.0037308599867428224,0.007649882384792074,0.018103713382933335,0.018103713382933335,0.0070982357510291985,0.017186996042071932,0.017186996042071932
0.010867538633530672,0.024831064639620152,0.024831064639620152,0.005247941814764783,0.012476471076681973,0.012476471076681973,0.011832904581733429,0.02854197770878238,0.02854197770878238,0.00924916602921611,0.02263180466812141,0.02263180466812141
0.013632745764773567,0.029063977436063163,0.029063977436063163,0.0041605460931027505,0.010183003387135315,0.010183003387135315,0.014045630436412942,0.034361725478990676,0.034361725478990676,0.005097621214905515,0.012333203915729818,0.012333203915729818
0.009216499651908138,0.022430214939674335,0.022430214939674335,0.015031356111690163,0.03485976871286749,0.03485976871286749,0.015921442057576878,0.035820599726654884,0.035820599726654884,0.0007280358574026078,0.0017057557748246211,0.0017057557748246211
0.003924459201137615,0.008663995129006449,0.008663995129006449,0.023950503931188943,0.05667245301158064,0.05667245301158064,0.05954932515098401,0.13124935186216696,0.13124935186216696,0.0007288615414173846,0.0017750006777540951,0.0017750006777540951
0.011595108501691905,0.025464995793595176,0.025464995793595176,0.030834438662141455,0.07114493907257444,0.07114493907257444,0.010185006372955843,0.024728815686224072,0.024728815686224072,0.007673194782905026,0.018782592588459875,0.018782592588459875
0.005013749537168484,0.011786853626602707,0.011786853626602707,0.015719679145239397,0.03483475128517399,0.03483475128517399,0.020694851618366285,0.046284460509612636,0.046284460509612636,0.006673389416721412,0.015566570778248478,0.015566570778248478
0.03411487196768015,0.08338418615064803,0.08338418615064803,0.017245656920637325,0.04026414711717555,0.04026414711717555,0.021393799179941244,0.04645647460430299,0.04645647460430299,0.015494905515854663,0.033250006643922476,0.033250006643922476
0.08518353543536251,0.193424788932642,0.193424788932642,0.016162287393772658,0.03882601386918176,0.03882601386918176,0.018628535884832195,0.041883282986737644,0.041883282986737644,0.05413393942831659,0.1181977564762492,0.1181977564762492
0.0038233117068621134,0.008304949454217888,0.008304949454217888,0.004971219072774944,0.01130902852659211,0.01130902852659211,0.013825755395558024,0.033865510658237265,0.033865510658237265,0.03535210247256412,0.07512479071849387,0.07512479071849387
0.0037016091717282807,0.008057647855500063,0.008057647855500063,0.0036986289935133326,0.008567549996046461,0.008567549996046461,0.01114139275386071,0.026178258034599104,0.026178258034599104,0.014563813662396308,0.03247903094247814,0.03247903094247814
0.004732488597761532,0.011553791794320978,0.011553791794320978,0.014105563836446428,0.033416720762935934,0.033416720762935934,0.03143310205837995,0.06843204094915065,0.06843204094915065,0.009224226616302502,0.02093882360216189,0.02093882360216189
0.01473570796566635,0.03421172185849365,0.03421172185849365,0.02000694091913858,0.044479627969433784,0.044479627969433784,0.012862464733855989,0.029501818787283057,0.029501818787283057,0.004917894657603215,0.011833337912464551,0.011833337912464551
0.015342380774676942,0.03495933011180354,0.03495933011180354,0.022080641633821393,0.050185703611166914,0.050185703611166914,0.01337873945658846,0.029962881327955188,0.029962881327955188,0.007307690600555695,0.017856063579159406,0.017856063579159406
0.02058377005626335,0.0451679024332893,0.0451679024332893,0.04901228745056404,0.10650794244413965,0.10650794244413965,0.028473012095821867,0.0629261945089618,0.0629261945089618,0.1477554565998341,0.35331038048342456,0.35331038048342456
0.03698842134991163,0.08130906213924441,0.08130906213924441,0.017701636499681015,0.04310472373468239,0.04310472373468239,0.008401509454739867,0.020551990937240916,0.020551990937240916,0.0642917860531889,0.1540402389297103,0.1540402389297103
0.006203389801137001,0.015064883946503238,0.015064883946503238,0.016970955830228285,0.04050721441151865,0.04050721441151865,0.009381157774179081,0.02222848156944767,0.02222848156944767,0.17537777393161158,0.39122170098526765,0.39122170098526765
0.004441057672859317,0.010878315385176876,0.010878315385176876,0.005424221287781586,0.013247381221671142,0.013247381221671142,0.15219046704628275,0.3318464605098945,0.3318464605098945,0.09627799433306672,0.23575265346984917,0.23575265346984917
0.0027895933595129653,0.006437678186219905,0.006437678186219905,0.026870743171139234,0.05785485394473891,0.05785485394473891,0.06694560950781314,0.15054730012286005,0.15054730012286005,0.07464847185076391,0.16793392088793668,0.16793392088793668
0.019001707226705307,0.0440828021468818,0.0440828021468818,0.07224539201361464,0.15756964740011642,0.15756964740011642,0.11032305143984857,0.24725101170280447,0.24725101170280447,0.07620297600853264,0.17794812697251122,0.17794812697251122
0.17984450355923112,0.4273881986082936,0.4273881986082936,0.2747513318230811,0.5974349686718107,0.5974349686718107,0.24005056441929418,0.5171841324678661,0.5171841324678661,0.10400015279175723,0.23706137069982527,0.23706137069982527
0.09715472876712138,0.23637990054586466,0.23637990054586466,0.23650590325358536,0.5580162855890768,0.5580162855890768,0.19412366443790305,0.46032184883692717,0.46032184883692717,0.1461124466142488,0.329057027982095,0.329057027982095
0.10310906168532663,0.25020364991429545,0.25020364991429545,0.4820635289893271,1.1778243102775918,1.1778243102775918,0.18563195087867482,0.4186483936956949,0.4186483936956949,0.41149975714669457,0.9952095958847897,0.9952095958847897
0.18961440555779355,0.46391286849349367,0.46391286849349367,0.7029535710810068,1.6550289849451227,1.6550289849451227,0.17911920516781726,0.4253278834471375,0.4253278834471375,1.5298895603357139,3.4746274825663037,3.4746274825663037
0.10349379226553689,0.22990859138567754,0.22990859138567754,0.5090344635162848,1.2273732596077365,1.2273732596077365,0.21627563760493645,0.5222957787734769,0.5222957787734769,1.0208228969457507,2.3819606458587934,2.3819606458587934
0.07344565911593913,0.17761876311792368,0.17761876311792368,0.16856794621775117,0.366495663328508,0.366495663328508,0.16988683760341583,0.41611442019858264,0.41611442019858264,0.23499803396156696,0.5756221118770979,0.5756221118770979
0.12903238814076198,0.3050529438665283,0.3050529438665283,0.13964818590690534,0.3394665098876302,0.3394665098876302,0.1611773395625272,0.36388123162440383,0.36388123162440383,0.25162893458043706,0.5606641550227216,0.5606641550227216
0.054933193298560896,0.1267189057785455,0.1267189057785455,0.07528572566110989,0.18424965938718074,0.18424965938718074,0.19945132741980687,0.4868193271461372,0.4868193271461372,0.12104632656199288,0.29048964330486793,0.29048964330486793
0.06447532778292474,0.151049952514075,0.151049952514075,0.14010106135075767,0.3362461888080743,0.3362461888080743,0.16361669775844984,0.35516643914994744,0.35516643914994744,0.15781067992450187,0.386228697986653,0.386228697986653
0.2708310285034865,0.6430523618871054,0.6430523618871054,0.5029700751060172,1.2318012386681658,1.2318012386681658,0.3582070572059093,0.844108633789007,0.844108633789007,0.3089523454252121,0.7316246867517748,0.7316246867517748
0.1459751413416444,0.34789215892022085,0.34789215892022085,0.5083023516449521,1.2426561151968665,1.2426561151968665,0.3492248532750924,0.8054523064378883,0.8054523064378883,0.27200373077545964,0.6652963793743212,0.6652963793743212
0.09674410653650498,0.21622805288470848,0.21622805288470848,0.2750511839554574,0.6035485732072694,0.6035485732072694,0.6160489588301371,1.4981812439183344,1.4981812439183344,0.09491421669944383,0.2287193258645816,0.2287193258645816
0.24123642675541435,0.535437352097719,0.535437352097719,0.23065178476334436,0.5610256513522615,0.5610256513522615,0.17377658894357575,0.42354157123008085,0.42354157123008085,0.03501549968902985,0.08050024323832858,0.08050024323832858
0.21062152362737308,0.4512225773123406,0.4512225773123406,0.22985836759381964,0.49744232352787626,0.49744232352787626,0.10830142170081335,0.23613787533651312,0.23613787533651312,0.030127261711097822,0.07153781293276845,0.07153781293276845
0.19590327223779394,0.4265445944125333,0.4265445944125333,0.2200412845842159,0.493360971727059,0.493360971727059,0.07649704324472495,0.18623893841561556,0.18623893841561556,0.03391132937086309,0.07829493195381407,0.07829493195381407
0.2493084155976383,0.5968705944712519,0.5968705944712519,0.20844624253973357,0.4556159853591133,0.4556159853591133,0.023683992001429257,0.056399998217611755,0.056399998217611755,0.0473245832403267,0.1158352798283041,0.1158352798283041
0.14176322199687366,0.3378214055314098,0.3378214055314098,0.05254400542817778,0.1274592812353607,0.1274592812353607,0.02889721992366232,0.06424657781188173,0.06424657781188173,0.05767079685789396,0.13037338403473708,0.13037338403473708
0.013640109556615442,0.03252230769512933,0.03252230769512933,0.05222431076516622,0.11994906122929218,0.11994906122929218,0.03052617075412542,0.07308102991058717,0.07308102991058717,0.012968145394288106,0.031763694916029324,0.031763694916029324
0.011709581965924016,0.028669847591274472,0.028669847591274472,0.051369413745609334,0.11454937363901797,0.11454937363901797,0.03433396598412412,0.08199301512068839,0.08199301512068839,0.019451547749769444,0.04718241010835101,0.04718241010835101
0.012750479555406176,0.031116721790028404,0.031116721790028404,0.05736640958647328,0.13821581432248753,0.13821581432248753,0.02371542750281583,0.054718951506015495,0.054718951506015495,0.022077741181551345,0.04760686252070703,0.04760686252070703
0.04583404563904455,0.10938173023627668,0.10938173023627668,0.0539189655905148,0.12941351446651875,0.12941351446651875,0.0050104346855616684,0.012092530010872252,0.012092530010872252,0.04487583950521502,0.10942465617023187,0.10942465617023187
0.049460474190424264,0.11604859395308703,0.11604859395308703,0.030051992726889895,0.07130403816104815,0.07130403816104815,0.009736579602378179,0.02372641847357841,0.02372641847357841,0.010812488435435365,0.02304115752221328,0.02304115752221328
0.016742989431231033,0.039929460798144606,0.039929460798144606,0.004282831951241395,0.00962479839232979,0.00962479839232979,0.025295376835524783,0.06185573007728072,0.06185573007728072,0.01453440176276367,0.0313278400856364,0.0313278400856364
0.005960549917074232,0.014486089103622986,0.014486089103622986,0.014020722120024197,0.03426085156002354,0.03426085156002354,0.05655953673998182,0.13525335389987428,0.13525335389987428,0.0498470915798911,0.11831699024434458,0.11831699024434458
0.013374736910141993,0.03239114265034259,0.03239114265034259,0.05021037239798755,0.11316935465125336,0.11316935465125336,0.01641218397471866,0.038418287299297804,0.038418287299297804,0.01882110939981648,0.040809534892184716,0.040809534892184716
0.04870131950217084,0.11866180791756165,0.11866180791756165,0.023927715420752182,0.05795355702467176,0.05795355702467176,0.009130644315201952,0.020633238495104247,0.020633238495104247,0.030085963321868966,0.072151792475512,0.072151792475512
0.07722558803877366,0.18523580712806825,0.18523580712806825,0.035519669221422315,0.08222021953457506,0.08222021953457506,0.014361681246536234,0.03293025194718785,0.03293025194718785,0.0446328320493001,0.09617022595818774,0.09617022595818774
0.005012770795852353,0.01192666655538432,0.01192666655538432,0.034114188337805385,0.08249502968018994,0.08249502968018994,0.03520082141432895,0.08539025949007556,0.08539025949007556,0.006599120734543088,0.014202066357204562,0.014202066357204562
0.002843224164594154,0.006922434988304544,0.006922434988304544,0.025086818371014796,0.056325614559115514,0.056325614559115514,0.020396449699,0.046740775153404746,0.046740775153404746,0.013615065811271462,0.033340533956461756,0.033340533956461756
0.012326115696890249,0.03015914681300539,0.03015914681300539,0.07165180759770483,0.15485036302684818,0.15485036302684818,0.02208575509476885,0.050330310038725304,0.050330310038725304,0.01310087545132914,0.030752206211596383,0.030752206211596383
0.03940423585643804,0.09354970667581486,0.09354970667581486,0.018388796043738255,0.04458230765359326,0.04458230765359326,0.005127633766509782,0.011889518735994649,0.011889518735994649,0.05559270249573001,0.13028134899640215,0.13028134899640215
0.02345642840244659,0.05206393421340583,0.05206393421340583,0.010414435113828077,0.022407087333706374,0.022407087333706374,0.012890726163478028,0.028764752642820468,0.028764752642820468,0.045332341958285303,0.10781488682057841,0.10781488682057841
0.021278418922459144,0.05020089580344834,0.05020089580344834,0.0081640054443169,0.019724090844011503,0.019724090844011503,0.005122551628322836,0.011617760975082582,0.011617760975082582,0.004895688353156388,0.010498579567431943,0.010498579567431943
0.002239866394326915,0.004923054883814781,0.004923054883814781,0.010676301211125745,0.024514364431120834,0.024514364431120834,0.03821014818940383,0.09127173081787596,0.09127173081787596,0.009172522034479123,0.021722736030306618,0.021722736030306618
0.02109224205325795,0.04640916060215311,0.04640916060215311,0.04895182554968801,0.1062026951294628,0.1062026951294628,0.022458115860429045,0.05500516874873982,0.05500516874873982,0.017816514265683824,0.04077750141308899,0.04077750141308899
0.014091845319877765,0.030503850389395883,0.030503850389395883,0.07135892717535741,0.15375135755473038,0.15375135755473038,0.002236452513588052,0.005472355061325478,0.005472355061325478,0.03300995427657686,0.08036574857551303,0.08036574857551303
0.053327931728212256,0.1261820185316208,0.1261820185316208,0.02527722526123635,0.060539123526132055,0.060539123526132055,0.02331808219552689,0.05546252624279293,0.05546252624279293,0.031445871869128346,0.069499993939581,0.069499993939581
0.06559617018589864,0.1565213131611291,0.1565213131611291,0.01851587702314528,0.0424843764688335,0.0424843764688335,0.006326700091453166,0.014577508823105406,0.014577508823105406,0.0077626674636787334,0.018926756316766935,0.018926756316766935
0.018191922709037866,0.04279156537692065,0.04279156537692065,0.020782906206397552,0.04586575783732373,0.04586575783732373,0.01903323327429929,0.045361482340223865,0.045361482340223865,0.03942533716756775,0.09366875013908593,0.09366875013908593
0.014053109277915034,0.030546366060829548,0.030546366060829548,0.027742379239219527,0.06795416520725582,0.06795416520725582,0.018777593973371507,0.04481368037661021,0.04481368037661021,0.03348584373924046,0.07617949075606315,0.07617949075606315
0.03657273394733963,0.08317151026621927,0.08317151026621927,0.013971627261406057,0.03375926325403172,0.03375926325403172,0.01177063458174694,0.026678188319325204,0.026678188319325204,0.02188342881072422,0.05337857807978558,0.05337857807978558
0.009243356049153962,0.022577378894284184,0.022577378894284184,0.019923295279426125,0.045447739205160806,0.045447739205160806,0.05339194781150538,0.12671922893654672,0.12671922893654672,0.05146582479273144,0.11534114218277175,0.11534114218277175
0.039514486382725554,0.09488926323419011,0.09488926323419011,0.013670962888195644,0.02965452314692978,0.02965452314692978,0.0315797647114973,0.07214558055871065,0.07214558055871065,0.16211444533984914,0.3821157855301683,0.3821157855301683
0.010493720541020749,0.02549695253961401,0.02549695253961401,0.05936900933038718,0.14134396450212527,0.14134396450212527,0.1070796762754643,0.2344404387110846,0.2344404387110846,0.5437587708900691,1.242415301884929,1.242415301884929
0.034257260386258356,0.07382213727853044,0.07382213727853044,0.060364024050709564,0.14430320525007279,0.14430320525007279,0.1173009042653378,0.25442471431609465,0.25442471431609465,0.1777708982075446,0.4337640305395742,0.4337640305395742
0.07905674265346073,0.18795683776584665,0.18795683776584665,0.14985892690296665,0.3248498301907638,0.3248498301907638,0.5309056333939158,1.2010198794413263,1.2010198794413263,0.22973853401121033,0.5582029778552338,0.5582029778552338
0.09152683746083137,0.2185560792302837,0.2185560792302837,0.14809622940045689,0.35982145053842446,0.35982145053842446,0.37189456021463874,0.90084673443152,0.90084673443152,0.22060285368286106,0.5386372802042084,0.5386372802042084
0.1639639098075209,0.4008071524132797,0.4008071524132797,0.26969263447037123,0.6438378138023187,0.6438378138023187,0.3811918972102674,0.9172130038126558,0.9172130038126558,0.23208227168700699,0.5170820342235002,0.5170820342235002
0.3302267075984651,0.7824743438767818,0.7824743438767818,0.5763200630405751,1.3650032932903031,1.3650032932903031,0.35460776799954463,0.8044299035385637,0.8044299035385637,0.32698824962935397,0.7257071042688594,0.7257071042688594
0.2208883545979224,0.5409784010948917,0.5409784010948917,0.16441530899172074,0.3947873444935513,0.3947873444935513,0.09672415286039596,0.20869355449112217,0.20869355449112217,0.269883907986891,0.6153348142576069,0.6153348142576069
0.18223560125593422,0.4125525013572288,0.4125525013572288,0.19138005024082008,0.45520899838031736,0.45520899838031736,0.11798580283329749,0.2734796685563919,0.2734796685563919,0.4964124181747284,1.2149203902747847,1.2149203902747847
0.18472039082937267,0.41655922145854757,0.41655922145854757,0.15853844633623687,0.36257053147613805,0.36257053147613805,0.14330175153202693,0.32185626350880603,0.32185626350880603,1.3877144416090892,3.2083491477105266,3.2083491477105266
0.07069860241524102,0.1731442950108178,0.1731442950108178,0.09146311894167637,0.222417118684782,0.222417118684782,0.14868499714616126,0.36048401788702245,0.36048401788702245,0.34046031118501835,0.832827210161444,0.832827210161444
0.06987483669438588,0.16881021898495108,0.16881021898495108,0.12060457923096372,0.2952115102731557,0.2952115102731557,0.24680316694936852,0.5924084746734628,0.5924084746734628,0.3357232656671373,0.8172615234683526,0.8172615234683526
0.14535717808418608,0.3475236434490967,0.3475236434490967,0.11637318230822169,0.2768524825487272,0.2768524825487272,0.36888906813473116,0.8553479651855656,0.8553479651855656,0.4251508679034925,1.029488836710028,1.029488836710028
0.0277290420559544,0.06777323925024531,0.06777323925024531,0.23335451439809765,0.5352445676849487,0.5352445676849487,0.24878814552432385,0.5991947649921054,0.5991947649921054,0.3495423539324323,0.7954340346344928,0.7954340346344928
0.22383561421892523,0.546819515892353,0.546819515892353,0.20238618052680626,0.4750293355442077,0.4750293355442077,0.15434390010757643,0.37673628879145815,0.37673628879145815,45.846852869252444,99.94191468438349,99.94191468438349
0.7153390090148006,1.6387348762573086,1.6387348762573086,0.3681088248306655,0.8279847176021571,0.8279847176021571,0.12980099752300017,0.31213544566826573,0.31213544566826573,46.30902683560071,99.9207276595573,99.9207276595573
0.14039111196099732,0.3296144595579169,0.3296144595579169,0.6160882193333398,1.5063624089365384,1.5063624089365384,0.7731330151264257,1.8066051529256824,1.8066051529256824,1.0585948736495716,2.5061861086222885,2.5061861086222885
0.716931412399964,1.655648755196913,1.655648755196913,1.16435211033549,2.480679570597428,2.480679570597428,46.922977533591,99.93776114903838,99.93776114903838,0.6552095997710408,1.4552024093726006,1.4552024093726006
