date,cases_lag7,pos_lag7,cases_lag14,pos_lag14,cases_lag21,pos_lag21,rt_lag7,icu_lag7,hosp_lag7,strin_lag7,vax_lag7,deaths_lag14,deaths_roll28,target
2020-12-20,614.24,0.12,535.79,0.12,486.21,0.11,1.07,74.12,317.48,71.76,0.01,6.19,0.0,7.89
2020-12-21,170.27,0.05,160.09,0.05,141.1,0.05,1.05,14.46,98.69,72.69,0.0,2.19,1.9685714285714284,2.87
2020-12-21,614.24,0.12,535.79,0.12,486.21,0.11,1.06,75.56,324.25,71.76,0.01,6.19,0.0,7.89
2020-12-22,614.24,0.12,535.79,0.12,486.21,0.11,1.05,76.3,328.11,71.76,0.03,6.19,0.0,7.89
2020-12-22,170.27,0.05,160.09,0.05,141.1,0.05,1.05,14.98,98.56,72.69,0.0,2.19,2.015357142857143,2.87
2020-12-23,614.24,0.12,535.79,0.12,486.21,0.12,1.04,76.77,331.07,71.76,0.07,6.19,0.0,7.89
2020-12-23,170.27,0.05,160.09,0.05,141.1,0.05,1.04,15.19,98.25,72.69,0.01,2.19,2.062142857142857,2.87
2020-12-24,170.27,0.05,160.09,0.05,141.1,0.05,1.04,14.9,97.47,72.69,0.02,2.19,2.1089285714285713,2.87
2020-12-24,614.24,0.12,535.79,0.12,486.21,0.12,1.03,76.54,332.39,71.76,0.15,6.19,0.0,7.89
2020-12-25,170.27,0.05,160.09,0.05,141.1,0.05,1.04,15.0,97.67,72.69,0.03,2.19,2.1557142857142857,2.87
2020-12-25,441.86,0.03,254.21,0.03,211.01,0.02,1.16,13.43,96.56,51.85,0.0,1.33,1.042857142857143,2.03
2020-12-25,614.24,0.12,535.79,0.12,486.21,0.12,1.02,76.71,331.41,71.76,0.28,6.19,0.0,7.89
2020-12-26,170.27,0.05,160.09,0.05,141.1,0.05,1.03,15.0,98.53,72.69,0.03,2.19,2.2024999999999997,2.87
2020-12-26,188.29,0.04,141.76,0.03,99.84,0.02,1.38,15.24,110.17,71.3,0.0,0.94,0.6467857142857143,1.62
2020-12-26,614.24,0.12,535.79,0.12,486.21,0.12,1.0,76.27,328.23,71.76,0.33,6.19,0.0,7.89
2020-12-27,634.92,0.12,614.24,0.12,535.79,0.12,0.99,77.03,332.26,71.76,0.36,7.41,0.0,7.67
2020-12-27,271.9,0.04,188.29,0.03,141.76,0.03,1.38,15.45,118.85,71.3,0.08,1.25,0.6482142857142856,2.06
2020-12-27,171.13,0.05,170.27,0.05,160.09,0.05,1.03,14.88,100.98,72.69,0.03,2.75,2.2392857142857143,2.9
2020-12-28,271.9,0.04,188.29,0.03,141.76,0.03,1.39,15.98,120.22,71.3,0.34,1.25,0.6496428571428571,2.06
2020-12-28,634.92,0.12,614.24,0.12,535.79,0.12,0.98,78.13,338.91,71.76,0.48,7.41,0.0,7.67
2020-12-28,477.54,0.12,485.06,0.15,439.17,0.18,1.01,50.91,322.98,60.19,0.0,9.62,0.0,9.75
2020-12-28,171.13,0.05,170.27,0.05,160.09,0.05,1.02,15.08,102.54,72.69,0.05,2.75,2.2760714285714285,2.9
2020-12-29,171.13,0.05,170.27,0.05,160.09,0.05,1.02,14.98,102.12,72.69,0.07,2.75,2.312857142857143,2.9
2020-12-29,477.54,0.12,485.06,0.15,439.17,0.17,1.0,50.91,315.66,60.19,0.0,9.62,0.0,9.75
2020-12-29,634.92,0.12,614.24,0.12,535.79,0.12,0.96,79.02,347.42,71.76,0.61,7.41,0.0,7.67
2020-12-29,271.9,0.04,188.29,0.03,141.76,0.03,1.39,15.66,125.62,74.07,0.82,1.25,0.6510714285714284,2.06
2020-12-30,477.54,0.12,485.06,0.14,439.17,0.17,0.99,51.26,303.87,60.19,0.0,9.62,0.0,9.75
2020-12-30,634.92,0.12,614.24,0.12,535.79,0.12,0.95,79.6,349.13,71.76,0.78,7.41,0.0,7.67
2020-12-30,171.13,0.05,170.27,0.05,160.09,0.05,1.02,14.9,100.92,72.69,0.09,2.75,2.349642857142857,2.9
2020-12-30,271.9,0.04,188.29,0.03,141.76,0.03,1.38,15.66,129.11,74.07,1.48,1.25,0.6525,2.06
2020-12-31,477.54,0.12,485.06,0.13,439.17,0.17,0.98,51.14,290.72,60.19,0.01,9.62,0.0,9.75
2020-12-31,634.92,0.12,614.24,0.12,535.79,0.12,0.93,78.97,343.71,71.76,0.84,7.41,0.0,7.67
2020-12-31,171.13,0.05,170.27,0.05,160.09,0.05,1.02,14.93,99.68,72.69,0.12,2.75,2.3864285714285716,2.9
2020-12-31,271.9,0.04,188.29,0.03,141.76,0.03,1.4,16.19,129.11,74.07,2.26,1.25,0.6639285714285714,2.06
2021-01-01,477.54,0.12,485.06,0.13,439.17,0.16,0.98,50.57,282.02,60.19,0.01,9.62,0.0,9.75
2021-01-01,592.69,0.03,441.86,0.03,254.21,0.03,0.96,16.66,123.42,51.85,0.0,1.38,1.3882142857142856,3.24
2021-01-01,271.9,0.04,188.29,0.04,141.76,0.03,1.41,18.42,134.09,74.07,2.67,1.25,0.6753571428571429,2.06
2021-01-01,634.92,0.12,614.24,0.12,535.79,0.12,0.93,78.51,335.5,71.76,0.84,7.41,0.0,7.67
2021-01-01,171.13,0.05,170.27,0.05,160.09,0.05,1.02,15.29,104.18,72.69,0.13,2.75,2.4232142857142853,2.9
2021-01-02,271.9,0.04,188.29,0.04,141.76,0.03,1.4,17.67,138.32,74.07,3.01,1.25,0.6867857142857143,2.06
2021-01-02,477.54,0.12,485.06,0.13,439.17,0.16,0.99,51.37,290.94,60.19,0.01,9.62,0.0,9.75
2021-01-02,634.92,0.12,614.24,0.12,535.79,0.12,0.95,79.03,341.48,71.76,0.89,7.41,0.0,7.67
2021-01-02,171.13,0.05,170.27,0.05,160.09,0.05,1.02,15.11,108.6,72.69,0.13,2.75,2.46,2.9
2021-01-03,409.32,0.05,271.9,0.04,188.29,0.03,1.39,19.47,149.43,82.41,4.12,1.62,0.6982142857142858,3.0
2021-01-03,639.42,0.15,608.67,0.14,449.44,0.15,1.2,80.62,473.22,73.15,0.01,10.43,10.366785714285713,12.77
2021-01-03,241.29,0.1,269.11,0.12,277.44,0.11,0.89,43.7,442.96,82.41,0.01,10.57,3.3999999999999995,8.05
2021-01-03,615.2,0.27,642.75,0.28,706.1,0.29,1.03,96.7,556.17,81.48,0.29,20.13,0.0,16.75
2021-01-03,568.91,0.12,634.92,0.12,614.24,0.12,0.97,80.0,351.73,71.76,0.91,7.89,0.0,8.22
2021-01-03,186.44,0.03,206.51,0.04,172.63,0.06,1.03,39.08,363.06,63.89,0.0,7.52,0.7725,6.48
2021-01-03,394.68,0.11,391.08,0.1,333.94,0.09,1.07,24.89,323.51,55.56,0.01,2.96,5.068928571428572,4.13
2021-01-03,161.54,0.05,171.13,0.05,170.27,0.05,1.03,15.73,112.16,72.69,0.14,2.87,2.4910714285714284,3.3
2021-01-04,241.29,0.1,269.11,0.12,277.44,0.1,0.93,43.45,448.82,78.7,0.01,10.57,3.2925,8.05
2021-01-04,409.32,0.05,271.9,0.04,188.29,0.03,1.38,19.68,150.81,82.41,5.55,1.62,0.7096428571428571,3.0
2021-01-04,153.74,0.07,214.79,0.08,196.3,0.08,0.92,43.76,209.34,60.19,0.0,8.04,8.966785714285715,5.87
2021-01-04,615.2,0.28,642.75,0.28,706.1,0.29,1.06,95.76,575.99,81.48,0.37,20.13,0.0,16.75
2021-01-04,186.44,0.03,206.51,0.04,172.63,0.06,1.05,39.73,363.43,63.89,0.0,7.52,0.8049999999999999,6.48
2021-01-04,568.91,0.13,634.92,0.12,614.24,0.12,1.0,81.35,358.94,71.76,1.09,7.89,0.0,8.22
2021-01-04,281.86,0.03,573.56,0.03,708.69,0.05,0.79,49.41,242.43,67.59,0.07,3.5,0.0025,2.19
2021-01-04,639.42,0.16,608.67,0.14,449.44,0.15,1.22,86.24,545.65,73.15,0.03,10.43,10.30107142857143,12.77
2021-01-04,161.54,0.05,171.13,0.05,170.27,0.05,1.03,16.05,114.92,72.69,0.15,2.87,2.522142857142857,3.3
2021-01-04,386.46,0.13,477.54,0.12,485.06,0.15,1.02,50.91,303.07,60.19,0.03,10.24,0.0,9.33
2021-01-05,386.46,0.14,477.54,0.12,485.06,0.15,1.01,50.0,312.23,60.19,0.05,10.24,0.0,9.33
2021-01-05,568.91,0.13,634.92,0.12,614.24,0.12,1.03,82.12,362.6,71.76,1.3,7.89,0.0,8.22
2021-01-05,153.74,0.07,214.79,0.07,196.3,0.08,0.93,42.72,207.36,60.19,0.0,8.04,8.82392857142857,5.87
2021-01-05,639.42,0.18,608.67,0.14,449.44,0.16,1.24,89.48,569.47,73.15,0.07,10.43,10.235357142857142,12.77
2021-01-05,409.32,0.05,271.9,0.04,188.29,0.03,1.37,21.17,151.66,82.41,7.2,1.62,0.7210714285714286,3.0
2021-01-05,161.54,0.06,171.13,0.05,170.27,0.05,1.04,16.75,119.54,72.69,0.19,2.87,2.553214285714286,3.3
2021-01-05,241.29,0.1,269.11,0.12,277.44,0.1,0.98,43.18,443.97,78.7,0.02,10.57,3.1849999999999996,8.05
2021-01-05,281.86,0.03,573.56,0.03,708.69,0.04,0.8,47.87,226.99,67.59,0.12,3.5,0.0025,2.19
2021-01-05,186.44,0.04,206.51,0.03,172.63,0.06,1.07,39.31,364.87,63.89,0.0,7.52,0.8375,6.48
2021-01-05,615.2,0.28,642.75,0.27,706.1,0.29,1.08,94.82,551.93,81.48,0.43,20.13,0.0,16.75
2021-01-06,281.86,0.03,573.56,0.03,708.69,0.04,0.79,47.87,203.83,67.59,0.19,3.5,0.0025,2.19
2021-01-06,161.54,0.06,171.13,0.05,170.27,0.05,1.04,16.8,119.96,72.69,0.21,2.87,2.584285714285714,3.3
2021-01-06,153.74,0.07,214.79,0.07,196.3,0.08,0.93,42.55,200.16,60.19,0.01,8.04,8.681071428571428,5.87
2021-01-06,615.2,0.29,642.75,0.27,706.1,0.28,1.1,96.7,552.87,81.48,0.45,20.13,0.0,16.75
2021-01-06,386.46,0.15,477.54,0.12,485.06,0.14,1.01,48.51,300.79,60.19,0.07,10.24,0.0,9.33
2021-01-06,186.44,0.04,206.51,0.03,172.63,0.05,1.09,39.11,362.17,63.89,0.0,7.52,0.87,6.48
2021-01-06,639.42,0.2,608.67,0.14,449.44,0.15,1.25,90.91,585.1,73.15,0.1,10.43,10.169642857142858,12.77
2021-01-06,568.91,0.14,634.92,0.12,614.24,0.12,1.06,81.87,366.32,71.76,1.55,7.89,0.0,8.22
2021-01-06,241.29,0.11,269.11,0.1,277.44,0.11,1.04,42.82,441.99,78.7,0.02,10.57,3.0775,8.05
2021-01-06,409.32,0.05,271.9,0.04,188.29,0.03,1.36,21.7,153.24,82.41,8.82,1.62,0.7324999999999999,3.0
2021-01-07,615.2,0.3,642.75,0.27,706.1,0.28,1.1,90.1,553.82,81.48,0.54,20.13,0.0,16.75
2021-01-07,386.46,0.16,477.54,0.12,485.06,0.13,1.0,48.51,295.18,60.19,0.07,10.24,0.0,9.33
2021-01-07,186.44,0.05,206.51,0.03,172.63,0.05,1.09,38.71,359.92,63.89,0.0,7.52,0.9024999999999999,6.48
2021-01-07,639.42,0.22,608.67,0.14,449.44,0.15,1.24,92.72,587.29,73.15,0.11,10.43,10.10392857142857,12.77
2021-01-07,241.29,0.12,269.11,0.09,277.44,0.12,1.09,43.28,435.42,82.41,0.07,10.57,2.9699999999999998,8.05
2021-01-07,153.74,0.07,214.79,0.07,196.3,0.08,0.94,42.38,187.63,60.19,0.01,8.04,8.538214285714286,5.87
2021-01-07,161.54,0.07,171.13,0.05,170.27,0.05,1.04,16.64,119.65,72.69,0.25,2.87,2.615357142857143,3.3
2021-01-07,568.91,0.15,634.92,0.12,614.24,0.12,1.08,82.02,364.62,71.76,1.68,7.89,0.0,8.22
2021-01-07,409.32,0.05,271.9,0.04,188.29,0.03,1.37,23.39,160.23,82.41,10.5,1.62,0.7417857142857143,3.0
2021-01-08,409.32,0.06,271.9,0.04,188.29,0.04,1.37,23.81,163.19,82.41,11.26,1.62,0.7510714285714286,3.0
2021-01-08,153.74,0.07,214.79,0.07,196.3,0.08,0.94,41.95,178.54,60.19,0.01,8.04,8.395357142857144,5.87
2021-01-08,615.2,0.3,642.75,0.28,706.1,0.28,1.09,86.8,523.62,81.48,0.55,20.13,0.0,16.75
2021-01-08,161.54,0.07,171.13,0.05,170.27,0.05,1.04,16.51,120.14,72.69,0.27,2.87,2.646428571428572,3.3
2021-01-08,276.33,0.14,359.11,0.1,356.0,0.11,1.2,47.03,273.2,76.85,0.05,7.45,0.08,7.27
2021-01-08,473.4,0.03,592.69,0.03,441.86,0.03,0.85,21.93,150.45,51.85,0.09,2.03,1.9157142857142857,4.5
2021-01-08,386.46,0.16,477.54,0.12,485.06,0.13,0.99,48.17,289.23,60.19,0.07,10.24,0.0,9.33
2021-01-08,186.44,0.05,206.51,0.03,172.63,0.05,1.09,38.47,357.79,63.89,0.01,7.52,0.9557142857142856,6.48
2021-01-08,639.42,0.22,608.67,0.14,449.44,0.15,1.22,90.62,540.21,73.15,0.12,10.43,10.038214285714286,12.77
2021-01-08,241.29,0.12,269.11,0.1,277.44,0.12,1.09,43.24,429.81,82.41,0.09,10.57,2.8625000000000003,8.05
2021-01-08,568.91,0.15,634.92,0.12,614.24,0.12,1.08,81.21,357.84,71.76,1.72,7.89,0.0,8.22
2021-01-09,241.29,0.12,269.11,0.1,277.44,0.12,1.06,43.52,432.22,82.41,0.15,10.57,2.755,8.05
2021-01-09,615.2,0.3,642.75,0.27,706.1,0.28,1.08,86.8,524.1,81.48,0.57,20.13,0.0,16.75
2021-01-09,153.74,0.07,214.79,0.07,196.3,0.08,0.95,41.27,182.05,60.19,0.01,8.04,8.252500000000001,5.87
2021-01-09,639.42,0.22,608.67,0.14,449.44,0.15,1.2,91.58,569.28,73.15,0.13,10.43,9.972499999999998,12.77
2021-01-09,409.32,0.06,271.9,0.04,188.29,0.04,1.37,23.18,164.78,82.41,12.02,1.62,0.7603571428571428,3.0
2021-01-09,186.44,0.05,206.51,0.03,172.63,0.04,1.09,38.81,360.67,63.89,0.01,7.52,1.0089285714285714,6.48
2021-01-09,161.54,0.07,171.13,0.05,170.27,0.05,1.05,16.59,122.92,72.69,0.29,2.87,2.6774999999999998,3.3
2021-01-09,568.91,0.15,634.92,0.12,614.24,0.12,1.09,81.63,362.61,71.76,1.79,7.89,0.0,8.22
2021-01-09,386.46,0.17,477.54,0.12,485.06,0.13,1.0,48.17,293.81,60.19,0.07,10.24,0.0,9.33
2021-01-10,182.88,0.07,161.54,0.05,171.13,0.05,1.05,16.62,126.05,72.69,0.3,2.9,2.717142857142857,3.52
2021-01-10,712.52,0.3,615.2,0.27,642.75,0.28,1.11,87.74,553.34,81.48,0.59,17.36,0.0,13.58
2021-01-10,520.46,0.12,422.5,0.1,479.01,0.1,1.08,44.12,432.18,61.11,0.53,5.69,0.0,15.69
2021-01-10,392.46,0.13,394.68,0.11,391.08,0.1,1.04,30.16,301.64,55.56,0.19,3.39,5.091785714285714,3.6
2021-01-10,944.17,0.22,639.42,0.15,608.67,0.14,1.19,95.96,598.82,73.15,0.14,10.19,10.065357142857142,15.89
2021-01-10,197.69,0.05,186.44,0.03,206.51,0.04,1.1,39.3,365.42,63.89,0.01,6.93,1.062142857142857,7.62
2021-01-10,575.04,0.06,409.32,0.05,271.9,0.04,1.35,26.99,184.15,82.41,13.6,2.06,0.7696428571428572,3.83
2021-01-10,378.4,0.17,386.46,0.13,477.54,0.13,1.01,48.97,304.45,60.19,0.07,9.75,0.0,6.95
2021-01-10,569.08,0.2,513.24,0.12,619.55,0.15,1.38,33.65,251.3,69.44,0.01,8.69,0.0,8.65
2021-01-10,129.91,0.07,153.74,0.07,214.79,0.08,0.96,40.15,187.46,60.19,0.01,7.34,8.123214285714285,4.75
2021-01-10,244.45,0.12,241.29,0.1,269.11,0.12,1.06,43.75,434.6,82.41,0.21,7.62,2.6867857142857146,8.17
2021-01-10,577.64,0.15,568.91,0.12,634.92,0.12,1.09,82.79,371.26,71.76,1.83,7.67,0.0,8.99
2021-01-11,712.52,0.31,615.2,0.28,642.75,0.28,1.14,90.1,570.33,81.48,0.65,17.36,0.0,13.58
2021-01-11,129.91,0.07,153.74,0.07,214.79,0.08,0.97,39.81,190.98,60.19,0.01,7.34,7.993928571428571,4.75
2021-01-11,575.04,0.06,409.32,0.05,271.9,0.04,1.33,27.52,191.24,82.41,15.21,2.06,0.7789285714285715,3.83
2021-01-11,577.64,0.15,568.91,0.13,634.92,0.12,1.09,83.56,376.68,71.76,2.02,7.67,0.0,8.99
2021-01-11,182.88,0.08,161.54,0.05,171.13,0.05,1.05,17.4,128.83,72.69,0.36,2.9,2.7567857142857144,3.52
2021-01-11,197.69,0.05,186.44,0.03,206.51,0.04,1.12,39.18,368.1,63.89,0.01,6.93,1.1153571428571427,7.62
2021-01-11,378.4,0.17,386.46,0.13,477.54,0.12,1.02,49.65,308.56,60.19,0.11,9.75,0.0,6.95
2021-01-11,244.45,0.12,241.29,0.1,269.11,0.12,1.07,43.68,438.64,82.41,0.33,7.62,2.6185714285714283,8.17
2021-01-11,944.17,0.22,639.42,0.16,608.67,0.14,1.18,103.96,688.2,73.15,0.17,10.19,10.158214285714285,15.89
2021-01-11,295.55,0.14,197.65,0.1,204.28,0.08,1.41,46.68,244.41,78.7,0.17,3.5,0.0575,4.71
2021-01-12,295.55,0.15,197.65,0.11,204.28,0.08,1.44,46.55,244.14,78.7,0.29,3.5,0.0575,4.71
2021-01-12,197.69,0.06,186.44,0.04,206.51,0.03,1.14,38.58,366.76,63.89,0.02,6.93,1.1685714285714286,7.62
2021-01-12,378.4,0.16,386.46,0.14,477.54,0.12,1.01,50.68,307.65,60.19,0.19,9.75,0.0,6.95
2021-01-12,129.91,0.06,153.74,0.07,214.79,0.07,0.99,36.89,182.74,60.19,0.02,7.34,7.864642857142857,4.75
2021-01-12,244.45,0.13,241.29,0.1,269.11,0.12,1.08,43.52,439.79,82.41,0.47,7.62,2.5503571428571425,8.17
2021-01-12,577.64,0.15,568.91,0.13,634.92,0.12,1.09,84.33,380.91,71.76,2.24,7.67,0.0,8.99
2021-01-12,182.88,0.07,161.54,0.06,171.13,0.05,1.04,17.48,129.53,72.69,0.41,2.9,2.7964285714285713,3.52
2021-01-12,575.04,0.06,409.32,0.05,271.9,0.04,1.31,28.89,197.48,82.41,16.54,2.06,0.7882142857142858,3.83
2021-01-12,944.17,0.21,639.42,0.18,608.67,0.14,1.18,106.25,706.02,73.15,0.21,10.19,10.251071428571427,15.89
2021-01-12,712.52,0.32,615.2,0.28,642.75,0.27,1.17,86.8,562.78,81.48,0.77,17.36,0.0,13.58
2021-01-13,242.94,0.02,281.86,0.03,573.56,0.03,0.87,40.15,160.59,59.26,0.21,4.16,0.0025,1.31
2021-01-13,197.69,0.06,186.44,0.04,206.51,0.03,1.15,38.44,364.36,63.89,0.04,6.93,1.221785714285714,7.62
2021-01-13,378.4,0.16,386.46,0.15,477.54,0.12,1.0,50.11,298.38,60.19,0.26,9.75,0.0,6.95
2021-01-13,712.52,0.32,615.2,0.29,642.75,0.27,1.17,88.21,555.23,81.48,1.02,17.36,0.0,13.58
2021-01-13,244.45,0.13,241.29,0.11,269.11,0.1,1.08,43.55,436.08,82.41,0.58,7.62,2.482142857142857,8.17
2021-01-13,575.04,0.07,409.32,0.05,271.9,0.04,1.29,28.89,201.93,82.41,17.63,2.06,0.7975000000000001,3.83
2021-01-13,577.64,0.15,568.91,0.14,634.92,0.12,1.09,84.57,383.7,71.76,2.49,7.67,0.0,8.99
2021-01-13,484.03,0.06,205.48,0.04,287.14,0.03,0.99,34.6,208.7,74.07,0.44,2.36,1.8639285714285714,1.93
2021-01-13,129.91,0.06,153.74,0.07,214.79,0.07,1.0,34.66,178.11,60.19,0.06,7.34,7.735357142857143,4.75
2021-01-13,182.88,0.07,161.54,0.06,171.13,0.05,1.03,17.34,130.73,75.46,0.48,2.9,2.8360714285714286,3.52
2021-01-13,944.17,0.21,639.42,0.2,608.67,0.14,1.17,109.87,705.17,73.15,0.27,10.19,10.343928571428572,15.89
2021-01-14,944.17,0.21,639.42,0.22,608.67,0.14,1.15,109.59,720.32,73.15,0.35,10.19,10.436785714285715,15.89
2021-01-14,295.55,0.16,197.65,0.13,204.28,0.09,1.5,48.74,265.69,71.3,0.44,3.5,0.0575,4.71
2021-01-14,244.45,0.13,241.29,0.12,269.11,0.09,1.06,43.82,438.33,78.7,0.74,7.62,2.4139285714285714,8.17
2021-01-14,378.4,0.16,386.46,0.16,477.54,0.12,0.98,48.05,281.22,60.19,0.34,9.75,0.0,6.95
2021-01-14,182.88,0.08,161.54,0.07,171.13,0.05,1.02,17.4,130.44,75.46,0.57,2.9,2.8757142857142854,3.52
2021-01-14,242.94,0.02,281.86,0.04,573.56,0.03,0.87,35.52,154.42,59.26,0.23,4.16,0.0025,1.31
2021-01-14,197.69,0.06,186.44,0.05,206.51,0.03,1.14,37.94,361.11,63.89,0.08,6.93,1.2750000000000001,7.62
2021-01-14,575.04,0.07,409.32,0.05,271.9,0.04,1.27,29.63,207.96,85.19,18.86,2.06,0.8167857142857142,3.83
2021-01-14,577.64,0.14,568.91,0.15,634.92,0.12,1.09,84.22,380.78,71.76,2.75,7.67,0.0,8.99
2021-01-14,129.91,0.06,153.74,0.07,214.79,0.07,1.0,32.69,173.13,60.19,0.13,7.34,7.606071428571428,4.75
2021-01-14,712.52,0.32,615.2,0.3,642.75,0.27,1.14,88.21,551.46,81.48,1.28,17.36,0.0,13.58
2021-01-15,445.78,0.14,276.33,0.14,359.11,0.1,1.25,52.19,336.0,63.89,0.83,6.75,0.06857142857142857,10.22
2021-01-15,242.94,0.02,281.86,0.03,573.56,0.03,0.87,33.97,140.52,59.26,0.26,4.16,0.0025,1.31
2021-01-15,129.91,0.06,153.74,0.07,214.79,0.07,1.01,32.34,171.24,60.19,0.21,7.34,7.4767857142857155,4.75
2021-01-15,182.88,0.08,161.54,0.07,171.13,0.05,1.0,17.74,129.22,75.46,0.68,2.9,2.9153571428571428,3.52
2021-01-15,577.64,0.14,568.91,0.15,634.92,0.12,1.08,83.85,378.04,71.76,3.01,7.67,0.0,8.99
2021-01-15,295.55,0.16,197.65,0.13,204.28,0.09,1.5,49.08,266.91,71.3,0.58,3.5,0.0575,4.71
2021-01-15,378.4,0.15,386.46,0.16,477.54,0.12,0.96,46.68,272.64,60.19,0.43,9.75,0.0,6.95
2021-01-15,446.46,0.13,532.9,0.14,623.05,0.13,0.86,36.32,93.49,78.7,0.2,5.0,0.0,5.12
2021-01-15,244.45,0.13,241.29,0.12,269.11,0.1,1.06,43.82,438.7,78.7,0.9,7.62,2.3457142857142856,8.17
2021-01-15,712.52,0.31,615.2,0.3,642.75,0.28,1.1,88.69,547.21,81.48,1.43,17.36,0.0,13.58
2021-01-15,197.69,0.06,186.44,0.05,206.51,0.03,1.14,38.43,359.47,63.89,0.14,6.93,1.332142857142857,7.62
2021-01-15,944.17,0.2,639.42,0.22,608.67,0.14,1.12,108.92,700.21,73.15,0.44,10.19,10.529642857142857,15.89
2021-01-15,396.27,0.02,473.4,0.03,592.69,0.03,0.78,23.46,146.88,67.59,1.56,3.24,2.674285714285714,4.77
2021-01-15,389.94,0.22,564.57,0.23,738.16,0.28,0.78,31.29,879.86,60.19,0.1,7.38,0.0,5.47
2021-01-15,575.04,0.07,409.32,0.06,271.9,0.04,1.26,30.9,209.65,85.19,19.56,2.06,0.8360714285714286,3.83
2021-01-16,944.17,0.21,639.42,0.22,608.67,0.14,1.09,109.49,645.51,73.15,0.46,10.19,10.622499999999999,15.89
2021-01-16,244.45,0.13,241.29,0.12,269.11,0.1,1.07,43.92,437.91,78.7,1.05,7.62,2.2775,8.17
2021-01-16,378.4,0.15,386.46,0.17,477.54,0.12,0.94,45.31,272.07,60.19,0.46,9.75,0.0,6.95
2021-01-16,182.88,0.08,161.54,0.07,171.13,0.05,0.99,17.63,130.05,75.46,0.77,2.9,2.9549999999999996,3.52
2021-01-16,575.04,0.07,409.32,0.06,271.9,0.04,1.25,31.33,211.98,85.19,20.04,2.06,0.8553571428571428,3.83
2021-01-16,712.52,0.31,615.2,0.3,642.75,0.27,1.06,89.16,539.19,81.48,1.44,17.36,0.0,13.58
2021-01-16,577.64,0.14,568.91,0.15,634.92,0.12,1.06,83.32,373.7,71.76,3.12,7.67,0.0,8.99
2021-01-16,197.69,0.06,186.44,0.05,206.51,0.03,1.14,38.34,357.45,63.89,0.15,6.93,1.3892857142857142,7.62
2021-01-16,129.91,0.06,153.74,0.07,214.79,0.07,1.01,32.52,165.32,60.19,0.24,7.34,7.347499999999999,4.75
2021-01-17,382.63,0.04,484.03,0.05,205.48,0.03,0.87,40.18,232.14,84.26,0.67,1.93,1.9285714285714286,2.15
2021-01-17,885.64,0.11,791.44,0.13,509.31,0.09,1.04,48.35,516.3,87.96,3.39,10.96,0.33999999999999997,18.43
2021-01-17,452.46,0.12,392.46,0.13,394.68,0.11,1.03,37.71,309.19,52.78,0.82,4.13,4.236785714285714,5.08
2021-01-17,373.09,0.14,378.4,0.17,386.46,0.13,0.91,45.08,275.61,60.19,0.46,9.33,0.0,6.45
2021-01-17,163.63,0.05,129.91,0.07,153.74,0.07,1.01,31.83,167.73,60.19,0.24,5.87,7.2264285714285705,4.47
2021-01-17,697.34,0.14,577.64,0.15,568.91,0.12,1.03,83.86,374.04,71.76,3.17,8.22,0.0,9.75
2021-01-17,279.55,0.13,244.45,0.12,241.29,0.1,1.06,44.29,441.11,78.7,1.15,8.05,2.2325,8.16
2021-01-17,336.36,0.2,389.94,0.23,564.57,0.26,0.83,29.25,855.27,60.19,0.14,6.42,0.0,3.83
2021-01-17,796.41,0.07,575.04,0.06,409.32,0.05,1.23,32.07,232.62,85.19,20.43,3.0,0.874642857142857,5.35
2021-01-17,203.9,0.07,182.88,0.07,161.54,0.05,0.97,17.68,133.28,75.46,0.83,3.3,2.9825000000000004,3.74
2021-01-17,1232.97,0.2,944.17,0.22,639.42,0.15,1.06,112.16,655.71,73.15,0.48,12.77,10.865,15.93
2021-01-17,936.47,0.31,712.52,0.3,615.2,0.27,1.02,94.35,562.31,81.48,1.44,16.75,0.0,12.9
2021-01-17,271.73,0.06,197.69,0.05,186.44,0.03,1.13,38.64,361.67,63.89,0.16,6.48,1.4464285714285714,7.68
2021-01-17,541.5,0.1,520.46,0.12,422.5,0.1,0.99,48.38,485.52,69.44,1.12,14.2,0.0,14.51
2021-01-18,697.34,0.13,577.64,0.15,568.91,0.13,1.0,84.95,377.31,71.76,3.39,8.22,0.0,9.75
2021-01-18,373.09,0.14,378.4,0.17,386.46,0.13,0.89,45.76,276.99,60.19,0.54,9.33,0.0,6.45
2021-01-18,479.66,0.17,295.55,0.14,197.65,0.1,1.5,55.74,318.32,71.3,0.85,3.84,0.0575,6.94
2021-01-18,885.64,0.11,791.44,0.13,509.31,0.09,1.02,49.82,536.48,87.96,3.6,10.96,0.3246428571428571,18.43
2021-01-18,271.73,0.06,197.69,0.05,186.44,0.03,1.12,39.31,365.89,63.89,0.22,6.48,1.5035714285714283,7.68
2021-01-18,163.63,0.05,129.91,0.07,153.74,0.07,1.02,32.43,173.3,60.19,0.29,5.87,7.105357142857143,4.47
2021-01-18,936.47,0.3,712.52,0.31,615.2,0.28,0.99,92.93,568.44,81.48,1.47,16.75,0.0,12.9
2021-01-18,279.55,0.13,244.45,0.12,241.29,0.1,1.03,44.75,444.55,76.85,1.29,8.05,2.1875,8.16
2021-01-18,796.41,0.07,575.04,0.06,409.32,0.05,1.21,33.65,236.22,85.19,20.66,3.0,0.8939285714285713,5.35
2021-01-18,203.9,0.07,182.88,0.08,161.54,0.05,0.96,17.84,135.3,75.46,0.93,3.3,3.0100000000000002,3.74
2021-01-18,1232.97,0.2,944.17,0.22,639.42,0.16,1.02,113.4,707.83,73.15,0.57,12.77,11.1075,15.93
2021-01-18,226.32,0.02,242.94,0.03,281.86,0.03,0.86,37.06,143.61,51.85,0.3,2.19,0.0025,1.97
2021-01-19,697.34,0.13,577.64,0.15,568.91,0.13,0.98,85.4,375.68,71.76,3.67,8.22,0.0,9.75
2021-01-19,271.73,0.06,197.69,0.06,186.44,0.04,1.12,39.49,364.28,63.89,0.31,6.48,1.5607142857142855,7.68
2021-01-19,373.09,0.13,378.4,0.16,386.46,0.14,0.88,43.48,263.94,60.19,0.66,9.33,0.0,6.45
2021-01-19,796.41,0.07,575.04,0.06,409.32,0.05,1.19,33.12,237.27,85.19,20.91,3.0,0.9132142857142858,5.35
2021-01-19,163.63,0.05,129.91,0.06,153.74,0.07,1.02,30.54,168.67,60.19,0.43,5.87,6.984285714285713,4.47
2021-01-19,479.66,0.17,295.55,0.15,197.65,0.11,1.49,57.74,325.49,71.3,1.03,3.84,0.0575,6.94
2021-01-19,279.55,0.12,244.45,0.13,241.29,0.1,0.98,44.65,446.29,76.85,1.43,8.05,2.1425,8.16
2021-01-19,203.9,0.06,182.88,0.07,161.54,0.06,0.94,17.76,135.93,75.46,1.01,3.3,3.0375,3.74
2021-01-19,885.64,0.1,791.44,0.13,509.31,0.1,0.99,51.79,539.85,87.96,3.91,10.96,0.3092857142857143,18.43
2021-01-19,1232.97,0.19,944.17,0.21,639.42,0.18,0.99,112.26,712.98,73.15,0.7,12.77,11.35,15.93
2021-01-19,936.47,0.28,712.52,0.32,615.2,0.28,0.96,89.16,567.02,81.48,1.56,16.75,0.0,12.9
2021-01-19,226.32,0.02,242.94,0.03,281.86,0.03,0.87,32.43,142.06,51.85,0.37,2.19,0.0025,1.97
2021-01-20,373.09,0.13,378.4,0.16,386.46,0.15,0.87,42.79,255.14,60.19,0.78,9.33,0.0,6.45
2021-01-20,697.34,0.12,577.64,0.15,568.91,0.14,0.96,84.92,374.1,71.76,3.98,8.22,0.0,9.75
2021-01-20,796.41,0.07,575.04,0.07,409.32,0.05,1.17,33.55,238.23,85.19,21.46,3.0,0.9325,5.35
2021-01-20,936.47,0.27,712.52,0.32,615.2,0.29,0.94,94.82,586.84,81.48,1.78,16.75,0.0,12.9
2021-01-20,226.32,0.02,242.94,0.02,281.86,0.03,0.88,35.52,140.52,51.85,0.44,2.19,0.0025,1.97
2021-01-20,163.63,0.05,129.91,0.06,153.74,0.07,1.02,30.89,166.7,60.19,0.62,5.87,6.863214285714285,4.47
2021-01-20,1232.97,0.18,944.17,0.21,639.42,0.2,0.96,111.87,696.88,73.15,0.83,12.77,11.5925,15.93
2021-01-20,885.64,0.1,791.44,0.12,509.31,0.11,0.97,53.71,547.54,87.96,4.32,10.96,0.29392857142857143,18.43
2021-01-20,271.73,0.06,197.69,0.06,186.44,0.04,1.11,39.83,364.75,63.89,0.41,6.48,1.6178571428571427,7.68
2021-01-20,203.9,0.06,182.88,0.07,161.54,0.06,0.93,18.15,135.46,75.46,1.07,3.3,3.0650000000000004,3.74
2021-01-20,279.55,0.12,244.45,0.13,241.29,0.11,0.95,43.68,442.16,76.85,1.6,8.05,2.0974999999999997,8.16
2021-01-20,479.66,0.17,295.55,0.16,197.65,0.12,1.48,59.9,338.05,71.3,1.22,3.84,0.0575,6.94
2021-01-21,163.63,0.05,129.91,0.06,153.74,0.07,1.02,29.68,164.29,60.19,0.82,5.87,6.7421428571428565,4.47
2021-01-21,1232.97,0.16,944.17,0.21,639.42,0.22,0.94,112.92,689.73,73.15,0.97,12.77,11.834999999999999,15.93
2021-01-21,226.32,0.02,242.94,0.02,281.86,0.04,0.88,32.43,138.97,51.85,0.5,2.19,0.0032142857142857142,1.97
2021-01-21,885.64,0.09,791.44,0.12,509.31,0.11,0.95,54.39,550.46,87.96,4.79,10.96,0.2785714285714286,18.43
2021-01-21,796.41,0.08,575.04,0.07,409.32,0.05,1.14,34.82,240.24,85.19,22.06,3.0,0.9524999999999999,5.35
2021-01-21,936.47,0.26,712.52,0.32,615.2,0.3,0.93,92.46,597.21,81.48,2.1,16.75,0.0,12.9
2021-01-21,279.55,0.11,244.45,0.13,241.29,0.12,0.92,43.31,434.76,74.07,1.76,8.05,2.0524999999999998,8.16
2021-01-21,203.9,0.06,182.88,0.08,161.54,0.07,0.92,17.92,133.98,75.46,1.17,3.3,3.0925000000000002,3.74
2021-01-21,336.36,0.17,389.94,0.23,564.57,0.23,0.81,28.38,794.87,60.19,0.26,6.42,0.0,3.83
2021-01-21,697.34,0.12,577.64,0.14,568.91,0.15,0.94,84.33,393.93,71.76,4.33,8.22,0.0,9.75
2021-01-21,479.66,0.17,295.55,0.16,197.65,0.13,1.45,62.09,351.27,71.3,1.42,3.84,0.0575,6.94
2021-01-21,271.73,0.06,197.69,0.06,186.44,0.05,1.11,40.05,368.41,63.89,0.53,6.48,1.675,7.68
2021-01-21,373.09,0.12,378.4,0.16,386.46,0.16,0.86,43.36,245.41,60.19,0.9,9.33,0.0,6.45
2021-01-22,796.41,0.08,575.04,0.07,409.32,0.06,1.11,34.29,242.78,85.19,22.39,3.0,0.9724999999999999,5.35
2021-01-22,727.5,0.17,445.78,0.14,276.33,0.14,1.2,60.56,443.98,65.74,1.33,7.27,0.05142857142857143,15.21
2021-01-22,1232.97,0.16,944.17,0.2,639.42,0.22,0.93,111.97,681.63,73.15,1.11,12.77,12.0775,15.93
2021-01-22,163.63,0.05,129.91,0.06,153.74,0.07,1.02,29.6,161.55,60.19,1.02,5.87,6.621071428571428,4.47
2021-01-22,271.73,0.06,197.69,0.06,186.44,0.05,1.11,40.26,368.79,63.89,0.63,6.48,1.7307142857142854,7.68
2021-01-22,226.32,0.02,242.94,0.02,281.86,0.03,0.9,27.8,129.71,51.85,0.57,2.19,0.003928571428571429,1.97
2021-01-22,936.47,0.25,712.52,0.31,615.2,0.3,0.92,91.52,597.21,81.48,2.32,16.75,0.0,12.9
2021-01-22,400.94,0.12,446.46,0.13,532.9,0.14,0.81,35.24,82.33,78.7,0.44,5.31,0.0,4.39
2021-01-22,373.09,0.12,378.4,0.15,386.46,0.16,0.86,42.56,237.52,60.19,1.02,9.33,0.0,6.45
2021-01-22,697.34,0.12,577.64,0.14,568.91,0.15,0.92,84.02,365.91,71.76,4.67,8.22,0.0,9.75
2021-01-22,885.64,0.09,791.44,0.12,509.31,0.12,0.93,56.13,557.13,87.96,5.3,10.96,0.2632142857142857,18.43
2021-01-22,307.33,0.02,396.27,0.02,473.4,0.03,0.72,21.93,134.64,70.37,2.31,4.5,3.5139285714285715,4.96
2021-01-22,479.66,0.18,295.55,0.16,197.65,0.13,1.43,63.21,360.21,71.3,1.62,3.84,0.0575,6.94
2021-01-22,203.9,0.06,182.88,0.08,161.54,0.07,0.91,17.84,130.75,75.46,1.29,3.3,3.12,3.74
2021-01-22,279.55,0.1,244.45,0.13,241.29,0.12,0.91,42.72,429.61,74.07,1.91,8.05,2.0075,8.16
2021-01-23,271.73,0.06,197.69,0.06,186.44,0.05,1.11,40.27,368.44,63.89,0.66,6.48,1.7864285714285713,7.68
2021-01-23,796.41,0.08,575.04,0.07,409.32,0.06,1.1,33.44,241.3,85.19,22.7,3.0,0.9924999999999999,5.35
2021-01-23,697.34,0.12,577.64,0.14,568.91,0.15,0.9,83.12,358.08,71.76,4.84,8.22,0.0,9.75
2021-01-23,1232.97,0.15,944.17,0.21,639.42,0.22,0.93,111.11,622.36,73.15,1.14,12.77,12.319999999999999,15.93
2021-01-23,163.63,0.05,129.91,0.06,153.74,0.07,1.02,30.2,156.83,60.19,1.07,5.87,6.499999999999999,4.47
2021-01-23,203.9,0.06,182.88,0.08,161.54,0.07,0.9,17.84,128.67,75.46,1.39,3.3,3.1475,3.74
2021-01-23,885.64,0.09,791.44,0.11,509.31,0.12,0.92,57.09,550.74,87.96,5.74,10.96,0.24785714285714283,18.43
2021-01-23,226.32,0.02,242.94,0.02,281.86,0.03,0.91,29.34,140.52,51.85,0.58,2.19,0.004642857142857143,1.97
2021-01-23,373.09,0.12,378.4,0.15,386.46,0.17,0.85,41.64,229.74,60.19,1.07,9.33,0.0,6.45
2021-01-23,936.47,0.25,712.52,0.31,615.2,0.3,0.92,89.16,577.4,81.48,2.34,16.75,0.0,12.9
2021-01-23,382.63,0.02,484.03,0.04,205.48,0.05,0.75,41.29,215.4,84.26,1.14,1.93,1.9049999999999998,2.15
2021-01-23,279.55,0.09,244.45,0.13,241.29,0.12,0.9,42.68,428.61,74.07,2.02,8.05,1.9625,8.16
2021-01-24,788.26,0.15,1232.97,0.2,944.17,0.22,0.92,108.54,619.78,73.15,1.17,15.89,12.516428571428571,14.11
2021-01-24,188.98,0.05,203.9,0.07,182.88,0.07,0.89,17.76,129.71,75.46,1.46,3.52,3.1785714285714284,4.01
2021-01-24,264.13,0.06,271.73,0.06,197.69,0.05,1.1,40.79,372.13,63.89,0.68,7.62,1.842142857142857,7.59
2021-01-24,914.22,0.08,796.41,0.07,575.04,0.06,1.07,36.3,262.46,85.19,23.42,3.83,1.0125,5.74
2021-01-24,163.97,0.05,163.63,0.05,129.91,0.07,1.03,31.49,162.32,60.19,1.1,4.75,6.3725000000000005,4.42
2021-01-24,408.68,0.16,543.28,0.24,569.08,0.2,0.94,32.32,216.03,69.44,0.92,8.65,0.0,7.12
2021-01-24,666.06,0.08,885.64,0.11,791.44,0.13,0.9,57.34,557.53,87.96,6.02,13.88,0.23249999999999998,20.37
2021-01-24,394.55,0.07,541.5,0.1,520.46,0.12,0.91,53.69,503.06,73.15,1.75,15.69,0.0,15.5
2021-01-24,374.9,0.11,452.46,0.12,392.46,0.13,1.0,33.18,325.02,47.22,1.36,3.6,3.4878571428571425,4.97
2021-01-24,658.42,0.25,936.47,0.31,712.52,0.3,0.91,88.21,575.51,81.48,2.34,13.58,0.0,12.63
2021-01-24,665.05,0.11,697.34,0.14,577.64,0.15,0.89,82.45,357.18,71.76,4.92,8.99,0.0,9.41
2021-01-24,253.46,0.12,373.09,0.14,378.4,0.17,0.85,41.07,228.02,60.19,1.08,6.95,0.0,5.2
2021-01-24,69.69,0.07,115.65,0.09,115.02,0.16,0.8,54.11,581.69,53.7,0.27,9.48,12.517857142857142,7.05
2021-01-24,265.65,0.08,279.55,0.13,244.45,0.12,0.88,42.4,427.86,74.07,2.08,8.17,1.9214285714285715,8.06
2021-01-25,788.26,0.15,1232.97,0.2,944.17,0.22,0.91,110.73,663.9,73.15,1.28,15.89,12.712857142857143,14.11
2021-01-25,163.97,0.05,163.63,0.05,129.91,0.07,1.03,31.66,169.36,60.19,1.19,4.75,6.245,4.42
2021-01-25,264.13,0.06,271.73,0.06,197.69,0.05,1.1,41.33,377.27,63.89,0.81,7.62,1.8978571428571427,7.59
2021-01-25,666.06,0.08,885.64,0.11,791.44,0.13,0.89,58.01,573.92,87.96,6.32,13.88,0.2357142857142857,20.37
2021-01-25,188.98,0.05,203.9,0.07,182.88,0.08,0.88,17.71,129.82,75.46,1.56,3.52,3.209642857142857,4.01
2021-01-25,253.46,0.11,373.09,0.14,378.4,0.17,0.84,39.59,226.3,60.19,1.21,6.95,0.0,5.2
2021-01-25,265.65,0.07,279.55,0.13,244.45,0.12,0.87,43.09,430.71,74.07,2.15,8.17,1.8803571428571428,8.06
2021-01-25,665.05,0.11,697.34,0.13,577.64,0.15,0.87,82.27,355.97,71.76,5.11,8.99,0.0,9.41
2021-01-25,914.22,0.08,796.41,0.07,575.04,0.06,1.04,36.51,256.01,85.19,24.16,3.83,1.0325,5.74
2021-01-25,658.42,0.24,936.47,0.3,712.52,0.31,0.9,84.91,583.53,81.48,2.34,13.58,0.0,12.63
2021-01-25,187.4,0.02,226.32,0.02,242.94,0.03,0.92,30.88,135.89,51.85,0.64,1.31,0.006071428571428572,2.84
2021-01-25,699.18,0.17,479.66,0.17,295.55,0.14,1.37,72.02,436.74,71.3,1.88,4.71,0.04928571428571429,10.18
2021-01-26,163.97,0.06,163.63,0.05,129.91,0.06,1.03,30.97,168.16,60.19,1.36,4.75,6.117500000000001,4.42
2021-01-26,665.05,0.11,697.34,0.13,577.64,0.15,0.86,81.54,352.9,71.76,5.41,8.99,0.0,9.41
2021-01-26,187.4,0.02,226.32,0.02,242.94,0.03,0.94,26.25,131.25,51.85,0.7,1.31,0.0067857142857142855,2.84
2021-01-26,699.18,0.17,479.66,0.17,295.55,0.15,1.34,75.3,455.12,71.3,2.01,4.71,0.04107142857142858,10.18
2021-01-26,914.22,0.09,796.41,0.07,575.04,0.06,1.01,38.52,251.14,85.19,24.93,3.83,1.0525,5.74
2021-01-26,658.42,0.24,936.47,0.28,712.52,0.32,0.9,86.8,566.08,81.48,2.36,13.58,0.0,12.63
2021-01-26,788.26,0.15,1232.97,0.19,944.17,0.21,0.9,108.92,638.36,73.15,1.4,15.89,12.909285714285716,14.11
2021-01-26,265.65,0.07,279.55,0.12,244.45,0.13,0.86,42.13,426.61,74.07,2.2,8.17,1.8392857142857142,8.06
2021-01-26,264.13,0.06,271.73,0.06,197.69,0.06,1.1,41.72,376.51,63.89,1.0,7.62,1.9535714285714285,7.59
2021-01-26,188.98,0.05,203.9,0.06,182.88,0.07,0.87,17.71,127.76,75.46,1.66,3.52,3.240714285714286,4.01
2021-01-26,666.06,0.08,885.64,0.1,791.44,0.13,0.87,58.47,568.18,87.96,6.83,13.88,0.23892857142857143,20.37
2021-01-26,253.46,0.11,373.09,0.13,378.4,0.16,0.85,38.9,221.16,60.19,1.39,6.95,0.0,5.2
2021-01-27,265.65,0.06,279.55,0.12,244.45,0.13,0.86,41.68,422.27,74.07,2.25,8.17,1.7982142857142858,8.06
2021-01-27,187.4,0.02,226.32,0.02,242.94,0.02,0.96,21.62,112.72,51.85,0.77,1.31,0.007500000000000001,2.84
2021-01-27,666.06,0.07,885.64,0.1,791.44,0.12,0.86,58.56,566.77,87.96,7.37,13.88,0.24214285714285716,20.37
2021-01-27,658.42,0.24,936.47,0.27,712.52,0.32,0.9,83.97,555.7,81.48,2.42,13.58,0.0,12.63
2021-01-27,163.97,0.06,163.63,0.05,129.91,0.06,1.03,28.91,166.27,60.19,1.54,4.75,5.99,4.42
2021-01-27,280.24,0.16,336.36,0.18,389.94,0.23,0.84,25.47,716.58,56.48,0.65,5.47,0.0,2.9
2021-01-27,699.18,0.17,479.66,0.17,295.55,0.16,1.32,78.47,479.89,71.3,2.12,4.71,0.032857142857142856,10.18
2021-01-27,788.26,0.15,1232.97,0.18,944.17,0.21,0.9,106.54,622.93,73.15,1.53,15.89,13.105714285714287,14.11
2021-01-27,264.13,0.06,271.73,0.06,197.69,0.06,1.09,41.91,378.25,63.89,1.2,7.62,2.0092857142857143,7.59
2021-01-27,188.98,0.05,203.9,0.06,182.88,0.07,0.87,17.34,125.45,75.46,1.74,3.52,3.271785714285714,4.01
2021-01-27,914.22,0.09,796.41,0.07,575.04,0.07,1.0,39.58,245.85,85.19,25.75,3.83,1.0725,5.74
2021-01-27,253.46,0.1,373.09,0.13,378.4,0.16,0.85,37.64,205.02,60.19,1.62,6.95,0.0,5.2
2021-01-27,665.05,0.11,697.34,0.12,577.64,0.15,0.85,79.81,346.2,71.76,5.76,8.99,0.0,9.41
2021-01-28,253.46,0.1,373.09,0.12,378.4,0.16,0.86,36.61,198.04,60.19,1.87,6.95,0.0,5.2
2021-01-28,699.18,0.17,479.66,0.17,295.55,0.16,1.29,82.17,494.7,71.3,2.22,4.71,0.024642857142857143,10.18
2021-01-28,265.65,0.05,279.55,0.11,244.45,0.13,0.86,40.96,414.36,74.07,2.28,8.17,1.7571428571428573,8.06
2021-01-28,264.13,0.07,271.73,0.06,197.69,0.06,1.09,42.26,378.97,63.89,1.44,7.62,2.065,7.59
2021-01-28,665.05,0.1,697.34,0.12,577.64,0.14,0.85,78.39,337.28,71.76,6.16,8.99,0.0,9.41
2021-01-28,658.42,0.24,936.47,0.26,712.52,0.32,0.9,85.38,546.74,81.48,2.48,13.58,0.0,12.63
2021-01-28,280.24,0.16,336.36,0.17,389.94,0.23,0.86,24.16,698.97,56.48,1.23,5.47,0.0,2.9
2021-01-28,666.06,0.07,885.64,0.09,791.44,0.12,0.84,58.66,556.62,87.96,7.97,13.88,0.24535714285714286,20.37
2021-01-28,914.22,0.09,796.41,0.08,575.04,0.07,0.98,40.96,240.56,85.19,26.49,3.83,1.092857142857143,5.74
2021-01-28,188.98,0.05,203.9,0.06,182.88,0.08,0.86,17.16,123.03,75.46,1.84,3.52,3.3028571428571425,4.01
2021-01-28,187.4,0.02,226.32,0.02,242.94,0.02,0.97,21.62,118.9,51.85,0.87,1.31,0.008928571428571428,2.84
2021-01-28,163.97,0.06,163.63,0.05,129.91,0.06,1.03,29.0,166.52,60.19,1.8,4.75,5.8625,4.42
2021-01-28,788.26,0.15,1232.97,0.16,944.17,0.21,0.9,105.87,610.64,78.7,1.68,15.89,13.302142857142856,14.11
2021-01-29,188.98,0.05,203.9,0.06,182.88,0.08,0.86,17.76,121.16,75.46,1.92,3.52,3.333928571428572,4.01
2021-01-29,699.18,0.16,479.66,0.18,295.55,0.16,1.26,85.12,500.04,71.3,2.31,4.71,0.01642857142857143,10.18
2021-01-29,280.24,0.16,336.36,0.17,389.94,0.22,0.88,23.43,688.49,56.48,1.74,5.47,0.0,2.9
2021-01-29,265.65,0.05,279.55,0.1,244.45,0.13,0.88,40.48,407.89,74.07,2.3,8.17,1.7160714285714285,8.06
2021-01-29,192.62,0.01,307.33,0.02,396.27,0.02,0.7,22.1,126.65,70.37,2.47,4.77,4.2628571428571425,5.37
2021-01-29,851.64,0.19,727.5,0.17,445.78,0.14,1.1,69.61,562.66,87.96,2.53,10.22,0.08,23.29
2021-01-29,163.97,0.06,163.63,0.05,129.91,0.06,1.04,29.0,164.98,60.19,2.06,4.75,5.735,4.42
2021-01-29,187.4,0.02,226.32,0.02,242.94,0.02,0.99,21.62,120.44,51.85,0.98,1.31,0.010357142857142858,2.84
2021-01-29,264.13,0.07,271.73,0.06,197.69,0.06,1.08,42.79,381.52,63.89,1.62,7.62,2.1199999999999997,7.59
2021-01-29,666.06,0.07,885.64,0.09,791.44,0.12,0.83,60.38,559.5,87.96,8.68,13.88,0.24857142857142858,20.37
2021-01-29,788.26,0.15,1232.97,0.16,944.17,0.2,0.9,106.16,609.11,78.7,1.83,15.89,13.498571428571427,14.11
2021-01-29,313.0,0.11,400.94,0.12,446.46,0.13,0.86,33.53,75.72,78.7,0.93,5.12,0.0,4.24
2021-01-29,658.42,0.24,936.47,0.25,712.52,0.31,0.91,86.33,537.78,81.48,2.54,13.58,0.0,12.63
2021-01-29,665.05,0.1,697.34,0.12,577.64,0.14,0.85,76.88,330.58,71.76,6.58,8.99,0.0,9.41
2021-01-29,914.22,0.09,796.41,0.08,575.04,0.07,0.97,41.8,236.32,85.19,26.89,3.83,1.1132142857142857,5.74
2021-01-29,253.46,0.1,373.09,0.12,378.4,0.15,0.86,37.87,193.12,60.19,2.09,6.95,0.0,5.2
2021-01-30,193.14,0.02,382.63,0.02,484.03,0.04,0.72,39.06,194.2,84.26,1.71,1.93,2.0925,1.72
2021-01-30,265.65,0.05,279.55,0.09,244.45,0.13,0.89,40.42,402.95,74.07,2.31,8.17,1.675,8.06
2021-01-30,665.05,0.1,697.34,0.12,577.64,0.14,0.85,74.98,319.61,71.76,6.81,8.99,0.0,9.41
2021-01-30,187.4,0.02,226.32,0.02,242.94,0.02,1.01,23.16,112.72,51.85,1.0,1.31,0.011785714285714287,2.84
2021-01-30,280.24,0.16,336.36,0.19,389.94,0.19,0.9,24.01,686.6,56.48,2.38,5.47,0.0,2.9
2021-01-30,914.22,0.09,796.41,0.08,575.04,0.07,0.96,42.97,232.3,85.19,27.31,3.83,1.1335714285714285,5.74
2021-01-30,163.97,0.06,163.63,0.05,129.91,0.06,1.04,28.05,161.98,60.19,2.13,4.75,5.607500000000001,4.42
2021-01-30,788.26,0.15,1232.97,0.15,944.17,0.21,0.91,104.25,559.84,78.7,1.86,15.89,13.694999999999999,14.11
2021-01-30,658.42,0.24,936.47,0.25,712.52,0.31,0.92,87.27,532.59,75.93,2.55,13.58,0.0,12.63
2021-01-30,264.13,0.07,271.73,0.06,197.69,0.06,1.08,42.56,381.4,63.89,1.67,7.62,2.175,7.59
2021-01-30,666.06,0.07,885.64,0.09,791.44,0.11,0.82,60.23,546.76,87.96,9.41,13.88,0.25178571428571433,20.37
2021-01-30,253.46,0.09,373.09,0.12,378.4,0.15,0.86,36.04,189.35,60.19,2.16,6.95,0.0,5.2
2021-01-30,188.98,0.05,203.9,0.06,182.88,0.08,0.85,17.55,117.72,75.46,1.98,3.52,3.3649999999999998,4.01
2021-01-31,782.66,0.09,914.22,0.08,796.41,0.07,0.95,41.91,245.0,85.19,28.05,5.35,1.1539285714285714,5.98
2021-01-31,153.46,0.05,188.98,0.05,203.9,0.07,0.85,17.6,117.52,75.46,2.01,3.74,3.404642857142857,3.55
2021-01-31,207.15,0.05,265.65,0.08,279.55,0.13,0.91,40.65,401.59,74.07,2.32,8.16,1.6192857142857142,7.47
2021-01-31,529.48,0.1,665.05,0.11,697.34,0.14,0.85,74.26,316.31,71.76,6.9,9.75,0.0,9.31
2021-01-31,343.26,0.02,394.55,0.07,541.5,0.1,1.02,59.72,500.93,73.15,2.46,14.51,0.0,14.98
2021-01-31,289.26,0.07,264.13,0.06,271.73,0.06,1.07,43.58,388.67,63.89,1.69,7.68,2.23,7.02
2021-01-31,221.76,0.09,253.46,0.12,373.09,0.14,0.86,35.24,188.89,60.19,2.17,6.45,0.0,4.29
2021-01-31,384.21,0.11,374.9,0.11,452.46,0.12,1.01,33.94,322.01,41.66,1.77,5.08,3.048928571428571,4.44
2021-01-31,232.84,0.16,280.24,0.17,336.36,0.2,0.91,25.9,682.96,56.48,3.17,3.83,0.0,2.78
2021-01-31,317.73,0.12,408.68,0.16,543.28,0.24,0.91,26.35,180.96,69.44,1.81,8.57,0.0,5.46
2021-01-31,515.74,0.06,666.06,0.08,885.64,0.11,0.8,60.39,551.54,87.96,9.74,18.43,0.255,17.96
2021-01-31,587.78,0.24,658.42,0.25,936.47,0.31,0.93,86.8,542.02,75.93,2.55,12.9,0.0,10.06
2021-01-31,657.52,0.15,788.26,0.15,1232.97,0.2,0.92,100.92,563.56,78.7,1.88,15.93,13.834999999999999,13.41
2021-01-31,61.95,0.06,69.69,0.07,115.65,0.09,1.01,46.89,475.23,53.7,0.32,7.89,9.884285714285715,4.54
2021-01-31,175.56,0.06,163.97,0.05,163.63,0.05,1.04,27.62,164.98,60.19,2.15,4.47,5.503214285714286,4.23
2021-01-31,730.79,0.16,699.18,0.18,479.66,0.17,1.21,90.08,550.98,71.3,2.42,6.94,0.0,11.41
2021-02-01,730.79,0.16,699.18,0.17,479.66,0.17,1.18,93.21,554.83,71.3,2.45,6.94,0.0,11.41
2021-02-01,232.84,0.16,280.24,0.16,336.36,0.19,0.93,25.61,656.62,56.48,3.73,3.83,0.0,2.78
2021-02-01,207.15,0.05,265.65,0.07,279.55,0.13,0.93,41.01,403.9,74.07,2.32,8.16,1.5635714285714286,7.47
2021-02-01,529.48,0.1,665.05,0.11,697.34,0.13,0.85,73.91,314.13,71.76,7.16,9.75,0.0,9.31
2021-02-01,515.74,0.06,666.06,0.08,885.64,0.11,0.79,59.72,552.09,87.96,10.15,18.43,0.26071428571428573,17.96
2021-02-01,657.52,0.14,788.26,0.15,1232.97,0.2,0.92,103.3,604.06,78.7,1.97,15.93,13.975,13.41
2021-02-01,221.76,0.09,253.46,0.11,373.09,0.14,0.86,34.09,189.69,60.19,2.35,6.45,0.0,4.29
2021-02-01,289.26,0.06,264.13,0.06,271.73,0.06,1.07,44.7,396.5,63.89,1.8,7.68,2.2849999999999997,7.02
2021-02-01,186.52,0.02,187.4,0.02,226.32,0.02,1.04,23.16,117.36,51.85,1.13,1.97,0.014642857142857143,3.06
2021-02-01,175.56,0.06,163.97,0.05,163.63,0.05,1.04,27.88,167.64,60.19,2.25,4.47,5.398928571428572,4.23
2021-02-01,782.66,0.09,914.22,0.08,796.41,0.07,0.95,41.49,240.87,85.19,28.9,5.35,1.1742857142857142,5.98
2021-02-01,587.78,0.24,658.42,0.24,936.47,0.3,0.93,88.69,553.34,75.93,2.55,12.9,0.0,10.06
2021-02-01,153.46,0.05,188.98,0.05,203.9,0.07,0.84,17.03,115.36,75.46,2.05,3.74,3.4442857142857144,3.55
2021-02-02,186.52,0.02,187.4,0.02,226.32,0.02,1.06,23.16,108.09,51.85,1.28,1.97,0.016071428571428573,3.06
2021-02-02,153.46,0.04,188.98,0.05,203.9,0.06,0.84,17.08,112.58,75.46,2.1,3.74,3.4839285714285713,3.55
2021-02-02,175.56,0.06,163.97,0.06,163.63,0.05,1.04,27.62,165.41,60.19,2.34,4.47,5.294642857142857,4.23
2021-02-02,221.76,0.08,253.46,0.11,373.09,0.13,0.86,33.18,182.14,60.19,2.6,6.45,0.0,4.29
2021-02-02,232.84,0.16,280.24,0.16,336.36,0.18,0.95,24.45,637.27,56.48,4.65,3.83,0.0,2.78
2021-02-02,782.66,0.09,914.22,0.09,796.41,0.07,0.98,42.44,233.15,85.19,29.74,5.35,1.1946428571428573,5.98
2021-02-02,515.74,0.06,666.06,0.08,885.64,0.1,0.79,58.67,542.64,87.96,10.61,18.43,0.2664285714285714,17.96
2021-02-02,657.52,0.14,788.26,0.15,1232.97,0.19,0.93,99.87,600.72,78.7,2.07,15.93,14.114999999999998,13.41
2021-02-02,207.15,0.05,265.65,0.07,279.55,0.12,0.94,40.18,401.9,74.07,2.33,8.16,1.5078571428571428,7.47
2021-02-02,289.26,0.06,264.13,0.06,271.73,0.06,1.06,45.29,398.23,63.89,1.95,7.68,2.34,7.02
2021-02-02,730.79,0.15,699.18,0.17,479.66,0.17,1.15,94.94,552.5,71.3,2.49,6.94,0.0,11.41
2021-02-02,529.48,0.1,665.05,0.11,697.34,0.13,0.85,73.6,309.28,71.76,7.48,9.75,0.0,9.31
2021-02-02,587.78,0.25,658.42,0.24,936.47,0.28,0.94,85.38,545.79,75.93,2.55,12.9,0.0,10.06
2021-02-03,515.74,0.05,666.06,0.07,885.64,0.1,0.78,58.32,519.56,87.96,11.08,18.43,0.27214285714285713,17.96
2021-02-03,730.79,0.15,699.18,0.17,479.66,0.17,1.12,96.89,548.88,71.3,2.53,6.94,0.0,11.41
2021-02-03,207.15,0.05,265.65,0.06,279.55,0.12,0.95,39.84,398.27,74.07,2.34,8.16,1.452142857142857,7.47
2021-02-03,232.84,0.16,280.24,0.16,336.36,0.18,0.95,23.87,623.0,56.48,5.27,3.83,0.0,2.78
2021-02-03,153.46,0.04,188.98,0.05,203.9,0.06,0.84,16.88,110.13,75.46,2.14,3.74,3.5235714285714286,3.55
2021-02-03,175.56,0.06,163.97,0.06,163.63,0.05,1.04,26.85,158.72,62.96,2.46,4.47,5.190357142857143,4.23
2021-02-03,221.76,0.08,253.46,0.1,373.09,0.13,0.86,32.38,175.39,60.19,2.86,6.45,0.0,4.29
2021-02-03,186.52,0.02,187.4,0.02,226.32,0.02,1.07,21.62,97.28,51.85,1.41,1.97,0.017499999999999998,3.06
2021-02-03,782.66,0.09,914.22,0.09,796.41,0.07,0.99,41.8,227.43,85.19,30.56,5.35,1.215,5.98
2021-02-03,587.78,0.24,658.42,0.24,936.47,0.27,0.93,79.25,539.66,75.93,2.57,12.9,0.0,10.06
2021-02-03,657.52,0.14,788.26,0.15,1232.97,0.18,0.93,99.01,586.62,78.7,2.16,15.93,14.254999999999999,13.41
2021-02-03,289.26,0.06,264.13,0.06,271.73,0.06,1.05,45.67,400.09,63.89,2.11,7.68,2.3949999999999996,7.02
2021-02-03,529.48,0.09,665.05,0.11,697.34,0.12,0.84,71.99,303.4,71.76,7.85,9.75,0.0,9.31
2021-02-04,587.78,0.24,658.42,0.24,936.47,0.26,0.93,79.72,521.74,75.93,2.59,12.9,0.0,10.06
2021-02-04,515.74,0.05,666.06,0.07,885.64,0.09,0.77,58.04,510.76,87.96,11.69,18.43,0.27785714285714286,17.96
2021-02-04,175.56,0.06,163.97,0.06,163.63,0.05,1.04,27.71,156.06,62.96,2.6,4.47,5.086071428571429,4.23
2021-02-04,782.66,0.09,914.22,0.09,796.41,0.08,0.98,42.44,225.0,85.19,31.4,5.35,1.2482142857142855,5.98
2021-02-04,657.52,0.14,788.26,0.15,1232.97,0.16,0.94,97.01,575.57,78.7,2.22,15.93,14.395,13.41
2021-02-04,186.52,0.02,187.4,0.02,226.32,0.02,1.08,18.53,100.37,51.85,1.53,1.97,0.02,3.06
2021-02-04,207.15,0.05,265.65,0.05,279.55,0.11,0.94,38.76,390.7,74.07,2.35,8.16,1.3964285714285711,7.47
2021-02-04,529.48,0.09,665.05,0.1,697.34,0.12,0.84,70.31,295.75,71.76,8.27,9.75,0.0,9.31
2021-02-04,730.79,0.14,699.18,0.17,479.66,0.17,1.09,99.39,547.56,71.3,2.57,6.94,0.0,11.41
2021-02-04,232.84,0.16,280.24,0.16,336.36,0.17,0.96,23.58,612.09,56.48,5.84,3.83,0.0,2.78
2021-02-04,289.26,0.06,264.13,0.07,271.73,0.06,1.05,45.73,400.04,63.89,2.29,7.68,2.4499999999999997,7.02
2021-02-04,153.46,0.04,188.98,0.05,203.9,0.06,0.83,17.29,108.18,75.46,2.18,3.74,3.5632142857142854,3.55
2021-02-04,221.76,0.08,253.46,0.1,373.09,0.12,0.87,32.72,165.78,60.19,3.13,6.45,0.0,4.29
2021-02-05,207.15,0.05,265.65,0.05,279.55,0.1,0.94,38.45,383.94,74.07,2.36,8.16,1.340714285714286,7.47
2021-02-05,289.26,0.06,264.13,0.07,271.73,0.06,1.04,46.01,402.14,63.89,2.43,7.68,2.4960714285714287,7.02
2021-02-05,515.74,0.04,666.06,0.07,885.64,0.09,0.77,56.76,495.34,87.96,12.41,18.43,0.2835714285714286,17.96
2021-02-05,657.52,0.13,788.26,0.15,1232.97,0.16,0.96,97.2,569.56,78.7,2.28,15.93,14.535,13.41
2021-02-05,782.66,0.09,914.22,0.09,796.41,0.08,0.97,44.45,221.61,85.19,31.79,5.35,1.2814285714285714,5.98
2021-02-05,232.84,0.16,280.24,0.16,336.36,0.17,0.97,22.99,599.43,56.48,6.27,3.83,0.0,2.78
2021-02-05,186.52,0.02,187.4,0.02,226.32,0.02,1.09,16.99,106.55,51.85,1.64,1.97,0.0225,3.06
2021-02-05,529.48,0.09,665.05,0.1,697.34,0.12,0.84,68.35,284.1,71.76,8.68,9.75,0.0,9.31
2021-02-05,221.76,0.08,253.46,0.1,373.09,0.12,0.88,33.64,183.63,60.19,3.37,6.45,0.0,4.29
2021-02-05,153.46,0.04,188.98,0.05,203.9,0.06,0.83,16.72,103.89,75.46,2.21,3.74,3.6028571428571428,3.55
2021-02-05,138.38,0.01,192.62,0.01,307.33,0.02,0.71,17.51,99.11,70.37,2.54,4.96,4.823928571428572,3.32
2021-02-05,587.78,0.24,658.42,0.24,936.47,0.25,0.92,79.25,510.42,75.93,2.62,12.9,0.0,10.06
2021-02-05,175.56,0.06,163.97,0.06,163.63,0.05,1.04,27.02,155.29,62.96,2.7,4.47,4.981785714285714,4.23
2021-02-05,1120.08,0.2,851.64,0.19,727.5,0.17,0.94,78.47,645.22,87.96,2.95,15.21,0.07999999999999999,27.62
2021-02-05,281.89,0.11,313.0,0.11,400.94,0.12,0.81,31.54,69.8,82.41,1.61,4.39,0.0,3.35
2021-02-06,515.74,0.04,666.06,0.07,885.64,0.09,0.76,56.38,483.06,87.96,13.3,18.43,0.28928571428571426,17.96
2021-02-06,186.52,0.02,187.4,0.02,226.32,0.02,1.1,16.99,101.92,51.85,1.66,1.97,0.024999999999999998,3.06
2021-02-06,175.56,0.06,163.97,0.06,163.63,0.05,1.03,27.02,151.0,62.96,2.72,4.47,4.8774999999999995,4.23
2021-02-06,782.66,0.1,914.22,0.09,796.41,0.08,0.97,41.06,215.79,85.19,32.16,5.35,1.3146428571428572,5.98
2021-02-06,529.48,0.09,665.05,0.1,697.34,0.12,0.84,67.13,273.57,71.76,8.91,9.75,0.0,9.31
2021-02-06,115.46,0.01,193.14,0.02,382.63,0.02,0.79,39.06,156.25,84.26,2.19,2.15,1.9324999999999997,1.5
2021-02-06,221.76,0.08,253.46,0.09,373.09,0.12,0.88,31.0,159.49,60.19,3.43,6.45,0.0,4.29
2021-02-06,657.52,0.13,788.26,0.15,1232.97,0.15,0.97,97.39,525.54,81.48,2.29,15.93,14.674999999999999,13.41
2021-02-06,232.84,0.16,280.24,0.16,336.36,0.19,0.99,22.27,597.1,56.48,6.37,3.83,0.0,2.78
2021-02-06,289.26,0.06,264.13,0.07,271.73,0.06,1.04,45.76,401.72,63.89,2.47,7.68,2.542142857142857,7.02
2021-02-06,207.15,0.05,265.65,0.05,279.55,0.09,0.93,37.57,378.0,74.07,2.37,8.16,1.2850000000000001,7.47
2021-02-06,153.46,0.04,188.98,0.05,203.9,0.06,0.83,16.77,101.32,75.46,2.23,3.74,3.6424999999999996,3.55
2021-02-06,587.78,0.24,658.42,0.24,936.47,0.25,0.92,75.95,493.9,75.93,2.62,12.9,0.0,10.06
2021-02-07,294.76,0.06,289.26,0.07,264.13,0.06,1.04,46.42,406.6,63.89,2.48,7.59,2.588214285714286,6.82
2021-02-07,583.66,0.23,587.78,0.24,658.42,0.25,0.92,77.84,496.74,75.93,2.62,12.63,0.0,8.04
2021-02-07,719.0,0.1,782.66,0.09,914.22,0.08,0.97,41.7,230.18,87.04,32.93,5.74,1.3478571428571429,5.46
2021-02-07,446.98,0.09,529.48,0.1,665.05,0.11,0.83,66.52,270.29,71.76,9.01,9.41,0.0,8.41
2021-02-07,186.92,0.08,221.76,0.09,253.46,0.12,0.88,32.03,161.2,60.19,3.44,5.2,0.0,2.81
2021-02-07,381.35,0.1,384.21,0.11,374.9,0.11,1.04,30.92,331.81,39.79,2.12,4.97,2.7378571428571425,4.44
2021-02-07,350.72,0.02,343.26,0.02,394.55,0.07,1.03,58.48,531.59,73.15,3.27,15.5,0.0,14.54
2021-02-07,207.5,0.05,207.15,0.05,265.65,0.08,0.94,37.52,377.91,74.07,2.38,8.06,1.26,6.53
2021-02-07,603.49,0.13,730.79,0.16,699.18,0.18,1.01,102.9,568.33,71.3,2.63,10.18,0.0,9.9
2021-02-07,82.08,0.05,61.95,0.06,69.69,0.07,1.14,41.43,415.51,53.7,0.41,7.05,8.602857142857143,5.92
2021-02-07,281.13,0.1,317.73,0.12,408.68,0.16,0.98,23.22,157.45,69.44,2.37,7.12,0.0,3.8
2021-02-07,641.65,0.13,657.52,0.15,788.26,0.15,0.97,99.1,530.02,81.48,2.3,14.11,14.697857142857144,12.18
2021-02-07,197.9,0.06,175.56,0.06,163.97,0.05,1.03,27.02,153.4,62.96,2.72,4.42,4.818928571428572,3.52
2021-02-07,360.13,0.04,515.74,0.06,666.06,0.08,0.76,54.62,476.65,87.96,13.77,20.37,0.295,13.94
2021-02-07,122.86,0.04,153.46,0.05,188.98,0.05,0.83,16.8,100.87,75.46,2.24,4.01,3.6514285714285717,2.93
2021-02-08,360.13,0.04,515.74,0.06,666.06,0.08,0.75,55.19,482.48,87.96,14.29,20.37,0.32642857142857146,13.94
2021-02-08,719.0,0.1,782.66,0.09,914.22,0.08,0.97,42.12,232.62,87.04,33.8,5.74,1.3810714285714287,5.46
2021-02-08,603.49,0.13,730.79,0.16,699.18,0.17,0.98,102.04,552.33,71.3,2.64,10.18,0.0,9.9
2021-02-08,583.66,0.23,587.78,0.24,658.42,0.24,0.91,80.67,502.87,75.93,2.62,12.63,0.0,8.04
2021-02-08,122.86,0.04,153.46,0.05,188.98,0.05,0.83,16.18,97.26,75.46,2.27,4.01,3.660357142857143,2.93
2021-02-08,186.92,0.07,221.76,0.09,253.46,0.11,0.88,32.49,161.09,60.19,3.58,5.2,0.0,2.81
2021-02-08,294.76,0.06,289.26,0.06,264.13,0.06,1.03,47.45,411.04,63.89,2.56,7.59,2.6342857142857143,6.82
2021-02-08,229.38,0.02,186.52,0.02,187.4,0.02,1.12,20.07,105.0,51.85,1.75,2.84,0.03,3.06
2021-02-08,197.9,0.06,175.56,0.06,163.97,0.05,1.03,27.88,158.89,62.96,2.76,4.42,4.760357142857144,3.52
2021-02-08,446.98,0.08,529.48,0.1,665.05,0.11,0.83,65.71,267.76,71.76,9.24,9.41,0.0,8.41
2021-02-08,207.5,0.05,207.15,0.05,265.65,0.07,0.94,38.15,381.32,74.07,2.38,8.06,1.2349999999999999,6.53
2021-02-08,641.65,0.13,657.52,0.14,788.26,0.15,0.98,102.72,581.38,81.48,2.34,14.11,14.720714285714285,12.18
2021-02-09,197.9,0.06,175.56,0.06,163.97,0.06,1.02,26.68,153.91,62.96,2.85,4.42,4.701785714285714,3.52
2021-02-09,583.66,0.22,587.78,0.25,658.42,0.24,0.91,79.25,486.83,75.93,2.62,12.63,0.0,8.04
2021-02-09,244.26,0.16,232.84,0.16,280.24,0.16,1.02,20.23,584.58,56.48,7.22,2.9,0.0,2.36
2021-02-09,641.65,0.13,657.52,0.14,788.26,0.15,0.99,103.87,570.71,81.48,2.38,14.11,14.743571428571428,12.18
2021-02-09,186.92,0.07,221.76,0.08,253.46,0.11,0.88,30.66,154.34,60.19,3.74,5.2,0.0,2.81
2021-02-09,603.49,0.12,730.79,0.15,699.18,0.17,0.96,101.68,534.6,71.3,2.66,10.18,0.0,9.9
2021-02-09,719.0,0.1,782.66,0.09,914.22,0.09,0.96,43.6,230.08,87.04,34.55,5.74,1.4142857142857144,5.46
2021-02-09,360.13,0.04,515.74,0.06,666.06,0.08,0.75,53.84,465.12,87.96,14.84,20.37,0.3578571428571428,13.94
2021-02-09,122.86,0.04,153.46,0.04,188.98,0.05,0.83,15.99,97.91,75.46,2.29,4.01,3.669285714285714,2.93
2021-02-09,294.76,0.06,289.26,0.06,264.13,0.06,1.03,48.22,413.33,63.89,2.66,7.59,2.680357142857143,6.82
2021-02-09,229.38,0.02,186.52,0.02,187.4,0.02,1.12,21.62,109.64,51.85,1.84,2.84,0.032499999999999994,3.06
2021-02-09,446.98,0.08,529.48,0.1,665.05,0.11,0.81,64.34,263.1,71.76,9.54,9.41,0.0,8.41
2021-02-09,207.5,0.05,207.15,0.05,265.65,0.07,0.95,37.5,381.64,74.07,2.4,8.06,1.2099999999999997,6.53
2021-02-10,229.38,0.02,186.52,0.02,187.4,0.02,1.12,18.53,89.56,51.85,1.95,2.84,0.035,3.06
2021-02-10,122.86,0.04,153.46,0.04,188.98,0.05,0.83,15.47,94.4,75.46,2.3,4.01,3.6782142857142857,2.93
2021-02-10,641.65,0.13,657.52,0.14,788.26,0.15,1.0,102.54,567.94,81.48,2.42,14.11,14.766428571428573,12.18
2021-02-10,244.26,0.16,232.84,0.16,280.24,0.16,1.03,22.27,582.4,56.48,7.48,2.9,0.0,2.36
2021-02-10,583.66,0.21,587.78,0.24,658.42,0.24,0.88,76.89,477.39,75.93,2.63,12.63,0.0,8.04
2021-02-10,360.13,0.03,515.74,0.05,666.06,0.07,0.75,53.74,448.1,87.96,15.54,20.37,0.38928571428571423,13.94
2021-02-10,186.92,0.07,221.76,0.08,253.46,0.1,0.88,30.2,153.08,60.19,3.89,5.2,0.0,2.81
2021-02-10,207.5,0.05,207.15,0.05,265.65,0.06,0.96,36.33,376.3,74.07,2.41,8.06,1.185,6.53
2021-02-10,603.49,0.12,730.79,0.15,699.18,0.17,0.93,101.83,514.31,71.3,2.69,10.18,0.0,9.9
2021-02-10,294.76,0.06,289.26,0.06,264.13,0.06,1.02,48.18,412.21,63.89,2.77,7.59,2.726428571428571,6.82
2021-02-10,446.98,0.08,529.48,0.09,665.05,0.11,0.8,63.27,258.0,68.06,9.92,9.41,0.0,8.41
2021-02-10,197.9,0.06,175.56,0.06,163.97,0.06,1.02,26.6,153.14,62.96,2.93,4.42,4.6432142857142855,3.52
2021-02-10,719.0,0.1,782.66,0.09,914.22,0.09,0.95,42.54,225.32,87.04,35.19,5.74,1.4475,5.46
2021-02-11,446.98,0.08,529.48,0.09,665.05,0.1,0.79,61.7,250.09,68.06,10.33,9.41,0.0,8.41
2021-02-11,207.5,0.05,207.15,0.05,265.65,0.05,0.97,36.43,370.85,74.07,2.43,8.06,1.1600000000000001,6.53
2021-02-11,603.49,0.12,730.79,0.14,699.18,0.17,0.9,100.82,500.39,71.3,2.74,10.18,0.0,9.9
2021-02-11,294.76,0.06,289.26,0.06,264.13,0.07,1.02,47.78,409.45,63.89,2.89,7.59,2.7725,6.82
2021-02-11,583.66,0.2,587.78,0.24,658.42,0.24,0.86,77.84,466.54,75.93,2.66,12.63,0.0,8.04
2021-02-11,122.86,0.04,153.46,0.04,188.98,0.05,0.84,15.45,90.96,75.46,2.32,4.01,3.687142857142857,2.93
2021-02-11,229.38,0.02,186.52,0.02,187.4,0.02,1.12,16.99,88.02,51.85,2.05,2.84,0.04,3.06
2021-02-11,360.13,0.03,515.74,0.05,666.06,0.07,0.74,52.91,430.73,87.96,16.25,20.37,0.42071428571428576,13.94
2021-02-11,719.0,0.09,782.66,0.09,914.22,0.09,0.93,41.59,219.39,87.04,35.95,5.74,1.489285714285714,5.46
2021-02-11,641.65,0.12,657.52,0.14,788.26,0.15,1.01,105.01,571.47,81.48,2.46,14.11,14.789285714285713,12.18
2021-02-11,197.9,0.05,175.56,0.06,163.97,0.06,1.02,26.25,150.22,62.96,3.02,4.42,4.584642857142858,3.52
2021-02-11,244.26,0.16,232.84,0.16,280.24,0.16,1.03,20.08,581.24,56.48,7.67,2.9,0.0,2.36
2021-02-11,186.92,0.06,221.76,0.08,253.46,0.1,0.88,29.75,146.56,60.19,4.05,5.2,0.0,2.81
2021-02-12,197.9,0.05,175.56,0.06,163.97,0.06,1.01,26.08,149.02,62.96,3.09,4.42,4.526071428571429,3.52
2021-02-12,229.38,0.02,186.52,0.02,187.4,0.02,1.11,18.53,89.56,51.85,2.13,2.84,0.045,3.06
2021-02-12,207.5,0.05,207.15,0.05,265.65,0.05,0.98,36.28,367.85,74.07,2.47,8.06,1.135,6.53
2021-02-12,446.98,0.08,529.48,0.09,665.05,0.1,0.79,60.17,242.8,68.06,10.74,9.41,0.0,8.41
2021-02-12,244.26,0.16,232.84,0.16,280.24,0.16,1.04,18.34,580.22,56.48,7.83,2.9,0.0,2.36
2021-02-12,294.76,0.06,289.26,0.06,264.13,0.07,1.04,47.7,406.59,63.89,2.99,7.59,2.809285714285714,6.82
2021-02-12,641.65,0.12,657.52,0.13,788.26,0.15,1.02,103.58,570.14,81.48,2.52,14.11,14.812142857142858,12.18
2021-02-12,231.23,0.11,281.89,0.11,313.0,0.11,0.86,27.96,65.36,82.41,2.38,4.24,0.0,3.24
2021-02-12,101.11,0.0,138.38,0.01,192.62,0.01,0.78,13.94,68.85,70.37,2.67,5.37,4.647142857142858,2.64
2021-02-12,122.86,0.04,153.46,0.04,188.98,0.05,0.84,15.34,87.82,75.46,2.35,4.01,3.696071428571429,2.93
2021-02-12,1081.56,0.17,1120.08,0.2,851.64,0.19,0.74,88.02,624.29,87.96,3.19,23.29,0.09142857142857143,21.76
2021-02-12,583.66,0.19,587.78,0.24,658.42,0.24,0.85,75.95,466.07,75.93,2.67,12.63,0.0,8.04
2021-02-12,719.0,0.09,782.66,0.09,914.22,0.09,0.92,41.59,210.29,87.04,36.31,5.74,1.5310714285714284,5.46
2021-02-12,186.92,0.06,221.76,0.08,253.46,0.1,0.89,29.4,138.55,60.19,4.19,5.2,0.0,2.81
2021-02-12,360.13,0.03,515.74,0.04,666.06,0.07,0.74,51.92,415.69,87.96,16.98,20.37,0.4521428571428571,13.94
2021-02-13,583.66,0.18,587.78,0.24,658.42,0.24,0.84,73.59,436.82,75.93,2.68,12.63,0.0,8.04
2021-02-13,641.65,0.13,657.52,0.13,788.26,0.15,1.03,101.96,538.31,81.48,2.52,14.11,14.834999999999999,12.18
2021-02-13,446.98,0.07,529.48,0.09,665.05,0.1,0.79,58.72,233.86,68.06,11.0,9.41,0.0,8.41
2021-02-13,186.92,0.06,221.76,0.08,253.46,0.09,0.89,28.49,141.75,60.19,4.21,5.2,0.0,2.81
2021-02-13,294.76,0.06,289.26,0.06,264.13,0.07,1.04,47.41,402.98,63.89,3.03,7.59,2.8460714285714284,6.82
2021-02-13,207.5,0.05,207.15,0.05,265.65,0.05,0.99,35.74,364.48,74.07,2.49,8.06,1.1099999999999999,6.53
2021-02-13,719.0,0.09,782.66,0.1,914.22,0.09,0.91,43.18,206.9,87.04,36.54,5.74,1.5728571428571432,5.46
2021-02-13,94.75,0.0,115.46,0.01,193.14,0.02,0.87,25.67,125.0,80.56,2.55,1.72,1.8249999999999997,1.5
2021-02-13,229.38,0.02,186.52,0.02,187.4,0.02,1.11,21.62,98.83,51.85,2.15,2.84,0.05,3.06
2021-02-13,197.9,0.05,175.56,0.06,163.97,0.06,1.01,25.05,141.56,62.96,3.1,4.42,4.4675,3.52
2021-02-13,122.86,0.03,153.46,0.04,188.98,0.05,0.84,15.52,85.61,75.46,2.37,4.01,3.7050000000000005,2.93
2021-02-13,360.13,0.03,515.74,0.04,666.06,0.07,0.74,49.96,394.02,87.96,17.8,20.37,0.4835714285714286,13.94
2021-02-14,199.64,0.05,207.5,0.05,207.15,0.05,0.99,35.69,362.02,74.07,2.51,7.47,1.0903571428571428,5.64
2021-02-14,274.28,0.03,360.13,0.04,515.74,0.06,0.74,48.91,392.33,87.96,18.21,17.96,0.515,10.6
2021-02-14,358.57,0.07,446.98,0.09,529.48,0.1,0.79,57.28,230.17,68.06,11.08,9.31,0.0,8.3
2021-02-14,262.0,0.17,244.26,0.16,232.84,0.16,1.05,19.65,564.21,56.48,7.92,2.78,0.0,2.15
2021-02-14,103.26,0.08,82.08,0.05,61.95,0.06,1.21,41.14,427.75,53.7,0.58,4.54,7.112857142857143,6.22
2021-02-14,269.1,0.1,281.13,0.1,317.73,0.12,1.05,22.47,131.1,69.4,2.73,5.46,0.0,2.81
2021-02-14,724.57,0.09,719.0,0.1,782.66,0.09,0.89,43.39,218.65,64.81,37.11,5.98,1.6146428571428573,3.89
2021-02-14,389.92,0.1,603.49,0.13,730.79,0.16,0.83,99.5,481.66,71.3,2.77,11.41,0.0,7.34
2021-02-14,99.22,0.03,122.86,0.04,153.46,0.05,0.85,15.29,86.05,75.46,2.38,3.55,3.683928571428571,1.99
2021-02-14,285.48,0.06,294.76,0.06,289.26,0.07,1.03,48.1,407.77,63.89,3.03,7.02,2.882857142857143,6.43
2021-02-14,680.89,0.12,641.65,0.13,657.52,0.15,1.04,104.63,551.84,81.48,2.53,13.41,14.702499999999999,12.45
2021-02-14,189.15,0.05,197.9,0.06,175.56,0.06,1.01,25.74,143.96,62.96,3.1,4.23,4.423571428571429,3.42
2021-02-14,398.07,0.11,381.35,0.1,384.21,0.11,1.09,25.64,355.94,38.85,2.69,4.44,2.4617857142857145,3.81
2021-02-14,164.55,0.06,186.92,0.08,221.76,0.09,0.88,28.26,141.64,60.19,4.22,4.29,0.0,2.05
2021-02-14,350.1,0.02,350.72,0.02,343.26,0.02,1.04,65.92,556.75,73.15,4.17,14.98,0.0,17.9
2021-02-15,724.57,0.09,719.0,0.1,782.66,0.09,0.87,42.76,220.02,64.81,37.73,5.98,1.6564285714285716,3.89
2021-02-15,259.56,0.02,229.38,0.02,186.52,0.02,1.11,23.16,105.0,55.56,2.18,3.06,0.060000000000000005,3.5
2021-02-15,164.55,0.06,186.92,0.07,221.76,0.09,0.88,28.95,143.58,60.19,4.33,4.29,0.0,2.05
2021-02-15,479.52,0.18,583.66,0.23,587.78,0.24,0.84,75.48,446.26,75.93,2.69,10.06,0.0,6.15
2021-02-15,199.64,0.05,207.5,0.05,207.15,0.05,1.0,36.3,367.06,74.07,2.55,7.47,1.0707142857142857,5.64
2021-02-15,189.15,0.05,197.9,0.06,175.56,0.06,1.01,25.91,145.68,62.96,3.12,4.23,4.379642857142857,3.42
2021-02-15,680.89,0.13,641.65,0.13,657.52,0.14,1.04,105.49,593.67,81.48,2.57,13.41,14.569999999999999,12.45
2021-02-15,274.28,0.03,360.13,0.04,515.74,0.06,0.74,47.85,391.83,87.96,18.73,17.96,0.5542857142857143,10.6
2021-02-15,358.57,0.07,446.98,0.08,529.48,0.1,0.78,57.13,227.23,68.06,11.34,9.31,0.0,8.3
2021-02-15,99.22,0.03,122.86,0.04,153.46,0.05,0.85,14.67,84.26,75.46,2.41,3.55,3.662857142857143,1.99
2021-02-15,389.92,0.1,603.49,0.13,730.79,0.16,0.8,96.58,452.37,71.3,2.79,11.41,0.0,7.34
2021-02-15,285.48,0.06,294.76,0.06,289.26,0.06,1.02,49.44,412.83,60.19,3.1,7.02,2.919642857142857,6.43
2021-02-16,99.22,0.03,122.86,0.04,153.46,0.04,0.85,14.28,82.46,75.46,2.43,3.55,3.641785714285714,1.99
2021-02-16,358.57,0.07,446.98,0.08,529.48,0.1,0.78,55.96,223.55,68.06,11.65,9.31,0.0,8.3
2021-02-16,389.92,0.09,603.49,0.12,730.79,0.15,0.79,95.84,426.19,71.3,2.83,11.41,0.0,7.34
2021-02-16,259.56,0.02,229.38,0.02,186.52,0.02,1.1,18.53,100.37,55.56,2.2,3.06,0.065,3.5
2021-02-16,199.64,0.05,207.5,0.05,207.15,0.05,1.0,36.3,366.8,74.07,2.61,7.47,1.0510714285714287,5.64
2021-02-16,189.15,0.05,197.9,0.06,175.56,0.06,1.01,26.42,143.62,62.96,3.2,4.23,4.335714285714286,3.42
2021-02-16,274.28,0.03,360.13,0.04,515.74,0.06,0.74,46.87,376.31,87.96,19.34,17.96,0.5935714285714286,10.6
2021-02-16,164.55,0.06,186.92,0.07,221.76,0.08,0.88,28.6,136.95,60.19,4.49,4.29,0.0,2.05
2021-02-16,479.52,0.17,583.66,0.22,587.78,0.25,0.84,75.01,445.79,70.37,2.7,10.06,0.0,6.15
2021-02-16,680.89,0.13,641.65,0.13,657.52,0.14,1.05,104.25,586.34,81.48,2.62,13.41,14.4375,12.45
2021-02-16,724.57,0.09,719.0,0.1,782.66,0.09,0.86,41.06,208.7,64.81,38.44,5.98,1.698214285714286,3.89
2021-02-16,285.48,0.06,294.76,0.06,289.26,0.06,1.01,49.14,407.5,60.19,3.2,7.02,2.9564285714285714,6.43
2021-02-17,262.0,0.17,244.26,0.16,232.84,0.16,1.05,19.5,554.46,56.48,8.62,2.78,0.0,2.15
2021-02-17,99.22,0.03,122.86,0.04,153.46,0.04,0.86,13.89,79.0,75.46,2.46,3.55,3.6207142857142856,1.99
2021-02-17,274.28,0.03,360.13,0.03,515.74,0.05,0.74,46.39,357.76,87.96,20.01,17.96,0.6328571428571429,10.6
2021-02-17,164.55,0.05,186.92,0.07,221.76,0.08,0.88,28.37,129.97,60.19,4.68,4.29,0.0,2.05
2021-02-17,724.57,0.08,719.0,0.1,782.66,0.09,0.84,41.17,204.57,64.81,39.18,5.98,1.74,3.89
2021-02-17,285.48,0.05,294.76,0.06,289.26,0.06,1.01,48.8,404.3,60.19,3.3,7.02,2.9932142857142856,6.43
2021-02-17,389.92,0.09,603.49,0.12,730.79,0.15,0.77,93.51,400.96,71.3,2.9,11.41,0.0,7.34
2021-02-17,680.89,0.13,641.65,0.13,657.52,0.14,1.06,105.78,579.48,81.48,2.67,13.41,14.305000000000001,12.45
2021-02-17,479.52,0.16,583.66,0.21,587.78,0.24,0.86,73.59,407.58,70.37,2.82,10.06,0.0,6.15
2021-02-17,358.57,0.07,446.98,0.08,529.48,0.09,0.77,54.13,215.33,68.06,12.02,9.31,0.0,8.3
2021-02-17,189.15,0.05,197.9,0.06,175.56,0.06,1.01,26.0,141.73,62.96,3.25,4.23,4.291785714285714,3.42
2021-02-17,199.64,0.05,207.5,0.05,207.15,0.05,1.0,36.04,362.62,74.07,2.69,7.47,1.0314285714285714,5.64
2021-02-17,259.56,0.02,229.38,0.02,186.52,0.02,1.1,20.07,95.74,55.56,2.33,3.06,0.07,3.5
2021-02-18,479.52,0.17,583.66,0.2,587.78,0.24,0.88,73.12,390.6,70.37,3.14,10.06,0.0,6.15
2021-02-18,285.48,0.05,294.76,0.06,289.26,0.06,1.0,49.06,397.61,60.19,3.43,7.02,3.03,6.43
2021-02-18,99.22,0.03,122.86,0.04,153.46,0.04,0.87,13.52,75.91,75.46,2.49,3.55,3.599642857142857,1.99
2021-02-18,164.55,0.05,186.92,0.06,221.76,0.08,0.88,27.57,124.25,60.19,4.86,4.29,0.0,2.05
2021-02-18,389.92,0.09,603.49,0.12,730.79,0.14,0.76,91.49,377.6,71.3,2.99,11.41,0.0,7.34
2021-02-18,189.15,0.05,197.9,0.05,175.56,0.06,1.01,25.22,140.87,62.96,3.32,4.23,4.247857142857143,3.42
2021-02-18,680.89,0.13,641.65,0.12,657.52,0.14,1.07,106.35,577.47,81.48,2.73,13.41,14.1725,12.45
2021-02-18,259.56,0.02,229.38,0.02,186.52,0.02,1.1,21.62,103.46,55.56,2.49,3.06,0.07607142857142858,3.5
2021-02-18,358.57,0.07,446.98,0.08,529.48,0.09,0.77,52.36,207.24,68.06,12.4,9.31,0.0,8.3
2021-02-18,724.57,0.08,719.0,0.09,782.66,0.09,0.83,39.58,198.12,62.96,40.04,5.98,1.7792857142857144,3.89
2021-02-18,274.28,0.02,360.13,0.03,515.74,0.05,0.74,44.97,343.07,87.96,20.76,17.96,0.6721428571428572,10.6
2021-02-18,199.64,0.05,207.5,0.05,207.15,0.05,1.0,36.01,356.86,74.07,2.78,7.47,1.0117857142857143,5.64
2021-02-19,74.81,0.0,101.11,0.0,138.38,0.01,0.87,11.56,57.29,66.67,3.26,3.32,4.148571428571429,1.67
2021-02-19,259.56,0.02,229.38,0.02,186.52,0.02,1.1,15.44,105.0,55.56,2.61,3.06,0.08214285714285716,3.5
2021-02-19,164.55,0.05,186.92,0.06,221.76,0.08,0.88,26.66,119.9,60.19,5.04,4.29,0.0,2.05
2021-02-19,680.89,0.13,641.65,0.12,657.52,0.13,1.08,106.16,571.38,78.7,2.8,13.41,14.040000000000001,12.45
2021-02-19,358.57,0.06,446.98,0.08,529.48,0.09,0.76,51.24,199.64,68.06,12.82,9.31,0.0,8.3
2021-02-19,199.64,0.05,207.5,0.05,207.15,0.05,1.0,35.49,352.84,74.07,2.88,7.47,0.9921428571428572,5.64
2021-02-19,285.48,0.05,294.76,0.06,289.26,0.06,1.0,48.63,389.66,60.19,3.55,7.02,3.069642857142857,6.43
2021-02-19,479.52,0.17,583.66,0.19,587.78,0.24,0.88,72.18,372.2,70.37,3.47,10.06,0.0,6.15
2021-02-19,206.58,0.11,231.23,0.11,281.89,0.11,0.97,25.05,61.09,78.7,2.97,3.35,0.0,3.18
2021-02-19,189.15,0.05,197.9,0.05,175.56,0.06,1.01,25.31,140.19,62.96,3.38,4.23,4.2039285714285715,3.42
2021-02-19,99.22,0.03,122.86,0.04,153.46,0.04,0.87,13.52,73.78,75.46,2.53,3.55,3.5785714285714287,1.99
2021-02-19,724.57,0.08,719.0,0.09,782.66,0.09,0.82,38.52,188.27,62.96,40.46,5.98,1.8185714285714287,3.89
2021-02-19,262.0,0.17,244.26,0.16,232.84,0.16,1.05,18.77,557.66,56.48,10.33,2.78,0.0,2.15
2021-02-19,274.28,0.02,360.13,0.03,515.74,0.04,0.74,43.59,327.26,87.96,21.56,17.96,0.7114285714285715,10.6
2021-02-20,199.64,0.05,207.5,0.05,207.15,0.05,0.99,34.93,348.29,74.07,2.96,7.47,0.9725,5.64
2021-02-20,164.55,0.05,186.92,0.06,221.76,0.08,0.88,25.51,120.59,60.19,5.08,4.29,0.0,2.05
2021-02-20,724.57,0.08,719.0,0.09,782.66,0.1,0.81,39.69,186.26,62.96,40.75,5.98,1.8578571428571429,3.89
2021-02-20,189.15,0.05,197.9,0.05,175.56,0.06,1.02,25.57,134.44,62.96,3.39,4.23,4.16,3.42
2021-02-20,680.89,0.13,641.65,0.13,657.52,0.13,1.09,105.49,540.98,78.7,2.81,13.41,13.9075,12.45
2021-02-20,259.56,0.02,229.38,0.02,186.52,0.02,1.11,16.99,106.55,55.56,2.67,3.06,0.08821428571428572,3.5
2021-02-20,358.57,0.06,446.98,0.07,529.48,0.09,0.76,49.85,191.43,68.06,13.08,9.31,0.0,8.3
2021-02-20,274.28,0.02,360.13,0.03,515.74,0.04,0.74,42.1,307.23,87.96,22.31,17.96,0.7507142857142857,10.6
2021-02-20,99.58,0.0,94.75,0.0,115.46,0.01,0.96,24.55,93.75,80.56,3.3,1.5,1.7174999999999998,1.18
2021-02-20,479.52,0.17,583.66,0.18,587.78,0.24,0.88,68.87,348.14,70.37,3.5,10.06,0.0,6.15
2021-02-20,99.22,0.03,122.86,0.03,153.46,0.04,0.88,13.18,72.61,75.46,2.56,3.55,3.5575,1.99
2021-02-20,285.48,0.05,294.76,0.06,289.26,0.06,1.01,48.58,386.3,60.19,3.58,7.02,3.109285714285714,6.43
2021-02-21,196.99,0.02,274.28,0.03,360.13,0.04,0.74,42.23,308.4,87.96,22.66,13.94,0.79,8.1
2021-02-21,130.83,0.05,164.55,0.06,186.92,0.08,0.88,25.17,120.7,60.19,5.09,2.81,0.0,1.58
2021-02-21,155.14,0.05,189.15,0.05,197.9,0.06,1.02,26.34,137.1,62.96,3.39,3.52,4.1225000000000005,3.09
2021-02-21,720.6,0.13,680.89,0.12,641.65,0.13,1.09,109.3,561.18,78.7,2.82,12.18,13.783214285714285,14.62
2021-02-21,276.43,0.17,262.0,0.17,244.26,0.16,1.06,19.5,559.7,56.48,11.71,2.36,0.0,2.25
2021-02-21,287.19,0.09,269.1,0.1,281.13,0.1,1.14,20.66,117.16,69.37,3.13,3.8,0.0,2.44
2021-02-21,205.4,0.05,199.64,0.05,207.5,0.05,0.99,35.32,347.81,74.07,3.01,6.53,0.9578571428571429,5.1
2021-02-21,374.71,0.02,350.1,0.02,350.72,0.02,1.01,76.19,620.36,71.3,4.87,14.54,0.0,16.18
2021-02-21,82.98,0.03,99.22,0.03,122.86,0.04,0.88,13.24,72.27,75.46,2.57,2.93,3.495,1.49
2021-02-21,226.1,0.08,389.92,0.1,603.49,0.13,0.73,88.23,352.53,71.3,3.14,9.9,0.0,5.05
2021-02-21,124.82,0.08,103.26,0.08,82.08,0.05,1.2,39.22,461.37,53.7,0.81,5.92,6.290357142857142,4.84
2021-02-21,245.44,0.05,285.48,0.06,294.76,0.06,1.01,48.65,389.32,60.19,3.59,6.82,3.1489285714285713,5.59
2021-02-21,386.04,0.17,479.52,0.18,583.66,0.23,0.88,64.63,349.08,70.37,3.5,8.04,0.0,2.77
2021-02-21,280.49,0.06,358.57,0.07,446.98,0.09,0.75,48.33,187.11,68.06,13.19,8.41,0.0,6.04
2021-02-21,564.25,0.08,724.57,0.09,719.0,0.1,0.8,38.31,194.84,62.96,41.54,5.46,1.897142857142857,3.22
2021-02-21,482.61,0.13,398.07,0.11,381.35,0.1,1.15,24.13,374.79,38.84,3.47,4.44,2.4807142857142854,4.02
2021-02-22,82.98,0.03,99.22,0.03,122.86,0.04,0.89,13.18,71.2,75.46,2.57,2.93,3.4325,1.49
2021-02-22,155.14,0.05,189.15,0.05,197.9,0.06,1.03,27.37,140.01,62.96,3.41,3.52,4.085,3.09
2021-02-22,386.04,0.17,479.52,0.18,583.66,0.23,0.88,63.21,348.14,61.11,3.51,8.04,0.0,2.77
2021-02-22,720.6,0.13,680.89,0.13,641.65,0.13,1.1,111.87,608.63,78.7,2.88,12.18,13.658928571428572,14.62
2021-02-22,196.99,0.02,274.28,0.03,360.13,0.04,0.75,41.55,307.59,87.96,23.07,13.94,0.8049999999999999,8.1
2021-02-22,280.49,0.06,358.57,0.07,446.98,0.08,0.75,47.97,183.91,68.06,13.37,8.41,0.0,6.04
2021-02-22,247.31,0.02,259.56,0.02,229.38,0.02,1.13,24.71,115.81,55.56,2.79,3.06,0.10035714285714285,2.4
2021-02-22,245.44,0.05,285.48,0.06,294.76,0.06,1.02,49.71,390.46,60.19,3.65,6.82,3.1885714285714286,5.59
2021-02-22,130.83,0.05,164.55,0.06,186.92,0.07,0.88,26.2,120.13,60.19,5.2,2.81,0.0,1.58
2021-02-22,205.4,0.05,199.64,0.05,207.5,0.05,0.99,35.38,349.0,77.78,3.1,6.53,0.9432142857142857,5.1
2021-02-22,564.25,0.08,724.57,0.09,719.0,0.1,0.81,39.48,195.36,62.96,42.4,5.46,1.9364285714285714,3.22
2021-02-22,226.1,0.08,389.92,0.1,603.49,0.13,0.73,85.22,326.84,71.3,3.21,9.9,0.0,5.05
2021-02-23,280.49,0.06,358.57,0.07,446.98,0.08,0.74,47.06,181.81,68.06,13.61,8.41,0.0,6.04
2021-02-23,245.44,0.05,285.48,0.06,294.76,0.06,1.02,49.22,386.28,60.19,3.72,6.82,3.228214285714286,5.59
2021-02-23,155.14,0.06,189.15,0.05,197.9,0.06,1.03,26.68,137.27,62.96,3.44,3.52,4.0475,3.09
2021-02-23,247.31,0.02,259.56,0.02,229.38,0.02,1.13,26.25,111.18,55.56,3.03,3.06,0.10642857142857143,2.4
2021-02-23,37.47,0.07,56.03,0.1,101.68,0.13,0.65,25.06,161.38,48.15,0.0,5.11,0.0,2.56
2021-02-23,386.04,0.18,479.52,0.17,583.66,0.22,0.88,59.44,325.97,61.11,3.56,8.04,0.0,2.77
2021-02-23,205.4,0.05,199.64,0.05,207.5,0.05,1.0,35.13,347.86,77.78,3.21,6.53,0.9285714285714287,5.1
2021-02-23,720.6,0.13,680.89,0.13,641.65,0.13,1.12,115.97,611.78,78.7,2.97,12.18,13.534642857142856,14.62
2021-02-23,226.1,0.08,389.92,0.09,603.49,0.12,0.72,82.19,303.06,71.3,3.3,9.9,0.0,5.05
2021-02-23,196.99,0.02,274.28,0.03,360.13,0.04,0.75,40.11,296.26,87.96,23.61,13.94,0.8200000000000001,8.1
2021-02-23,564.25,0.07,724.57,0.09,719.0,0.1,0.8,36.94,189.02,62.96,43.29,5.46,1.9757142857142858,3.22
2021-02-23,82.98,0.03,99.22,0.03,122.86,0.04,0.91,13.37,71.75,75.46,2.59,2.93,3.3699999999999997,1.49
2021-02-23,130.83,0.04,164.55,0.06,186.92,0.07,0.88,24.71,116.7,60.19,5.34,2.81,0.0,1.58
2021-02-24,82.98,0.03,99.22,0.03,122.86,0.04,0.92,12.66,69.3,75.46,2.61,2.93,3.3075,1.49
2021-02-24,245.44,0.05,285.48,0.05,294.76,0.06,1.03,49.25,382.36,60.19,3.8,6.82,3.267857142857143,5.59
2021-02-24,130.83,0.04,164.55,0.05,186.92,0.07,0.9,23.8,116.47,60.19,5.46,2.81,0.0,1.58
2021-02-24,226.1,0.08,389.92,0.09,603.49,0.12,0.72,80.74,282.54,71.3,3.44,9.9,0.0,5.05
2021-02-24,205.4,0.05,199.64,0.05,207.5,0.05,1.01,34.6,344.14,77.78,3.34,6.53,0.9139285714285714,5.1
2021-02-24,12.33,0.03,17.68,0.04,28.24,0.05,0.73,8.23,77.25,49.54,0.0,0.78,2.7600000000000002,0.58
2021-02-24,247.31,0.02,259.56,0.02,229.38,0.02,1.13,26.25,114.27,55.56,3.18,3.06,0.1125,2.4
2021-02-24,564.25,0.07,724.57,0.08,719.0,0.1,0.8,37.78,182.56,62.96,43.94,5.46,2.0149999999999997,3.22
2021-02-24,155.14,0.06,189.15,0.05,197.9,0.06,1.04,27.02,138.13,62.96,3.51,3.52,4.01,3.09
2021-02-24,386.04,0.18,479.52,0.16,583.66,0.21,0.89,59.91,305.68,61.11,3.79,8.04,0.0,2.77
2021-02-24,196.99,0.02,274.28,0.03,360.13,0.03,0.75,38.72,284.97,87.96,24.33,13.94,0.835,8.1
2021-02-24,280.49,0.06,358.57,0.07,446.98,0.08,0.75,46.05,184.0,68.06,13.9,8.41,0.0,6.04
2021-02-24,720.6,0.13,680.89,0.13,641.65,0.13,1.13,118.64,619.21,78.7,3.06,12.18,13.41035714285714,14.62
2021-02-25,155.14,0.06,189.15,0.05,197.9,0.05,1.05,26.94,136.24,62.96,3.6,3.52,3.9725,3.09
2021-02-25,386.04,0.19,479.52,0.17,583.66,0.2,0.9,54.72,292.0,61.11,4.18,8.04,0.0,2.77
2021-02-25,226.1,0.08,389.92,0.09,603.49,0.12,0.72,78.62,264.41,71.3,3.71,9.9,0.0,5.05
2021-02-25,130.83,0.04,164.55,0.05,186.92,0.06,0.91,23.91,110.75,60.19,5.6,2.81,0.0,1.58
2021-02-25,720.6,0.13,680.89,0.13,641.65,0.12,1.13,121.02,629.79,78.7,3.18,12.18,13.286071428571429,14.62
2021-02-25,280.49,0.06,358.57,0.07,446.98,0.08,0.76,44.41,172.36,68.06,14.15,8.41,0.0,6.04
2021-02-25,205.4,0.05,199.64,0.05,207.5,0.05,1.04,34.64,338.9,77.78,3.48,6.53,0.8992857142857142,5.1
2021-02-25,564.25,0.07,724.57,0.08,719.0,0.09,0.8,35.35,179.28,62.96,44.67,5.46,2.079642857142857,3.22
2021-02-25,245.44,0.05,285.48,0.05,294.76,0.06,1.04,49.9,379.23,60.19,3.9,6.82,3.3075,5.59
2021-02-25,196.99,0.02,274.28,0.02,360.13,0.03,0.76,37.55,271.39,87.96,25.0,13.94,0.8499999999999999,8.1
2021-02-25,37.47,0.07,56.03,0.09,101.68,0.12,0.67,23.61,153.14,48.15,0.0,5.11,0.0,2.56
2021-02-25,82.98,0.03,99.22,0.03,122.86,0.04,0.92,12.33,67.85,75.46,2.63,2.93,3.245,1.49
2021-02-25,247.31,0.02,259.56,0.02,229.38,0.02,1.14,23.16,115.81,55.56,3.38,3.06,0.11964285714285715,2.4
2021-02-26,37.47,0.07,56.03,0.08,101.68,0.11,0.68,23.02,150.48,48.15,0.01,5.11,0.0,2.56
2021-02-26,280.49,0.05,358.57,0.06,446.98,0.08,0.79,42.84,167.72,68.06,14.39,8.41,0.0,6.04
2021-02-26,82.98,0.03,99.22,0.03,122.86,0.04,0.93,11.83,66.16,75.46,2.69,2.93,3.1825,1.49
2021-02-26,386.04,0.2,479.52,0.17,583.66,0.19,0.91,54.25,293.89,61.11,4.47,8.04,0.0,2.77
2021-02-26,155.14,0.06,189.15,0.05,197.9,0.05,1.06,26.94,137.87,62.96,3.76,3.52,3.935,3.09
2021-02-26,205.4,0.05,199.64,0.05,207.5,0.05,1.07,34.88,336.9,77.78,3.62,6.53,0.8846428571428572,5.1
2021-02-26,564.25,0.07,724.57,0.08,719.0,0.09,0.82,36.41,168.59,62.96,45.09,5.46,2.144285714285714,3.22
2021-02-26,194.77,0.1,206.58,0.11,231.23,0.11,1.12,23.51,64.22,78.7,3.78,3.24,0.0,3.22
2021-02-26,69.72,0.0,74.81,0.0,101.11,0.0,1.01,8.67,44.88,66.67,4.5,2.64,3.3674999999999997,1.19
2021-02-26,130.83,0.04,164.55,0.05,186.92,0.06,0.92,23.45,112.81,60.19,5.71,2.81,0.0,1.58
2021-02-26,146.14,0.01,144.69,0.01,149.91,0.01,1.13,29.2,144.41,75.93,3.96,5.06,5.520714285714286,3.42
2021-02-26,247.31,0.02,259.56,0.02,229.38,0.02,1.13,20.07,114.27,55.56,3.55,3.06,0.12678571428571428,2.4
2021-02-26,196.99,0.02,274.28,0.02,360.13,0.03,0.76,36.57,261.79,87.96,25.55,13.94,0.865,8.1
2021-02-26,245.44,0.06,285.48,0.05,294.76,0.06,1.04,49.84,376.12,60.19,3.99,6.82,3.356785714285714,5.59
2021-02-26,720.6,0.13,680.89,0.13,641.65,0.12,1.14,121.31,630.08,78.7,3.29,12.18,13.161785714285715,14.62
2021-02-27,564.25,0.07,724.57,0.08,719.0,0.09,0.83,34.4,163.3,62.96,45.43,5.46,2.2089285714285714,3.22
2021-02-27,155.14,0.06,189.15,0.05,197.9,0.05,1.06,27.11,134.44,62.96,3.79,3.52,3.8975000000000004,3.09
2021-02-27,82.98,0.03,99.22,0.03,122.86,0.03,0.94,12.35,65.06,75.46,2.78,2.93,3.12,1.49
2021-02-27,280.49,0.05,358.57,0.06,446.98,0.07,0.81,41.71,160.81,68.06,14.57,8.41,0.0,6.04
2021-02-27,37.47,0.06,56.03,0.08,101.68,0.11,0.68,22.57,148.7,48.15,0.02,5.11,0.0,2.56
2021-02-27,386.04,0.2,479.52,0.17,583.66,0.18,0.93,51.42,273.13,61.11,4.59,8.04,0.0,2.77
2021-02-27,205.4,0.05,199.64,0.05,207.5,0.05,1.1,34.94,335.18,77.78,3.75,6.53,0.87,5.1
2021-02-27,245.44,0.06,285.48,0.05,294.76,0.06,1.05,49.68,372.63,60.19,4.02,6.82,3.4060714285714284,5.59
2021-02-27,80.05,0.0,99.58,0.0,94.75,0.0,1.1,16.74,85.94,80.56,4.19,1.5,1.475,0.97
2021-02-27,130.83,0.04,164.55,0.05,186.92,0.06,0.93,22.42,113.27,60.19,5.74,2.81,0.0,1.58
2021-02-27,196.99,0.02,274.28,0.02,360.13,0.03,0.76,34.93,249.68,87.96,26.04,13.94,0.88,8.1
2021-02-27,720.6,0.13,680.89,0.13,641.65,0.13,1.14,121.02,591.96,78.7,3.31,12.18,13.0375,14.62
2021-02-27,247.31,0.02,259.56,0.02,229.38,0.02,1.13,20.07,106.55,55.56,3.59,3.06,0.13392857142857142,2.4
2021-02-28,377.45,0.02,374.71,0.02,350.1,0.02,1.02,88.42,661.83,71.3,5.55,17.9,0.0,17.85
2021-02-28,355.31,0.2,386.04,0.17,479.52,0.18,0.93,48.59,267.0,61.11,4.59,6.15,0.0,4.46
2021-02-28,316.37,0.1,287.19,0.09,269.1,0.1,1.2,19.24,112.71,69.33,3.74,2.81,0.0,1.93
2021-02-28,203.62,0.05,205.4,0.05,199.64,0.05,1.12,35.47,337.04,77.78,3.83,5.64,0.8735714285714286,4.84
2021-02-28,150.54,0.07,226.1,0.08,389.92,0.1,0.73,74.41,245.55,68.52,3.98,7.34,0.0,3.93
2021-02-28,405.29,0.07,564.25,0.08,724.57,0.09,0.87,33.87,172.72,58.23,46.27,3.89,2.2735714285714286,2.78
2021-02-28,112.7,0.04,130.83,0.05,164.55,0.06,0.95,22.65,115.21,60.19,5.75,2.05,0.0,1.09
2021-02-28,261.26,0.06,245.44,0.05,285.48,0.06,1.05,50.02,375.5,60.19,4.03,6.43,3.455357142857143,4.78
2021-02-28,589.59,0.12,482.61,0.13,398.07,0.11,1.19,25.64,364.99,38.83,4.7,3.81,2.4275000000000007,6.03
2021-02-28,167.98,0.02,196.99,0.02,274.28,0.03,0.76,34.5,247.02,87.96,26.25,10.6,0.8950000000000001,5.54
2021-02-28,883.16,0.13,720.6,0.13,680.89,0.12,1.15,122.55,611.68,78.7,3.32,12.45,13.055714285714286,15.7
2021-02-28,74.63,0.03,82.98,0.03,99.22,0.03,0.95,12.48,65.12,75.46,2.86,1.99,3.03,1.22
2021-02-28,144.89,0.11,124.82,0.08,103.26,0.08,1.29,41.88,517.99,53.7,1.36,6.22,5.853571428571429,6.86
2021-02-28,28.18,0.06,37.47,0.08,56.03,0.1,0.69,22.16,145.57,48.15,0.03,3.76,0.0,2.29
2021-02-28,198.05,0.05,280.49,0.06,358.57,0.07,0.83,40.57,158.49,68.06,14.65,8.3,0.0,5.59
2021-02-28,0.15,0.0,0.26,0.0,0.21,0.0,1.04,0.04,0.42,53.24,0.0,0.0,0.0,0.0
2021-02-28,180.14,0.07,155.14,0.05,189.15,0.05,1.06,28.23,138.9,62.96,3.81,3.42,3.8500000000000005,2.02
2021-03-01,198.05,0.05,280.49,0.06,358.57,0.07,0.85,40.41,156.75,68.06,14.84,8.3,0.0,5.59
2021-03-01,203.62,0.05,205.4,0.05,199.64,0.05,1.15,35.88,343.39,77.78,4.0,5.64,0.8771428571428572,4.84
2021-03-01,283.17,0.02,247.31,0.02,259.56,0.02,1.12,24.71,126.62,55.56,3.66,3.5,0.14821428571428572,6.12
2021-03-01,355.31,0.21,386.04,0.17,479.52,0.18,0.94,49.06,275.49,61.11,4.62,6.15,0.0,4.46
2021-03-01,0.15,0.0,0.26,0.0,0.21,0.0,1.09,0.0,0.42,53.24,0.01,0.0,0.0,0.0
2021-03-01,167.98,0.02,196.99,0.02,274.28,0.03,0.76,33.67,247.18,86.11,26.54,10.6,0.9071428571428571,5.54
2021-03-01,180.14,0.07,155.14,0.05,189.15,0.05,1.07,29.86,147.65,62.96,3.9,3.42,3.8024999999999998,2.02
2021-03-01,883.16,0.14,720.6,0.13,680.89,0.13,1.15,129.98,678.01,78.7,3.42,12.45,13.07392857142857,15.7
2021-03-01,261.26,0.06,245.44,0.05,285.48,0.06,1.06,50.24,380.92,60.19,4.08,6.43,3.5046428571428576,4.78
2021-03-01,74.63,0.03,82.98,0.03,99.22,0.03,0.95,12.43,64.44,75.46,2.94,1.99,2.9400000000000004,1.22
2021-03-01,150.54,0.07,226.1,0.08,389.92,0.1,0.73,70.8,227.13,68.52,4.11,7.34,0.0,3.93
2021-03-01,405.29,0.07,564.25,0.08,724.57,0.09,0.89,33.87,166.68,58.1,47.17,3.89,2.338214285714286,2.78
2021-03-01,28.18,0.06,37.47,0.08,56.03,0.1,0.7,21.7,144.62,48.15,0.04,3.76,0.0,2.29
2021-03-01,112.7,0.05,130.83,0.05,164.55,0.06,0.96,22.31,111.66,60.19,5.83,2.05,0.0,1.09
2021-03-02,112.7,0.05,130.83,0.04,164.55,0.06,0.97,21.51,109.26,60.19,5.94,2.05,0.0,1.09
2021-03-02,355.31,0.2,386.04,0.18,479.52,0.17,0.95,50.48,267.47,61.11,4.69,6.15,0.0,4.46
2021-03-02,74.63,0.03,82.98,0.03,99.22,0.03,0.96,12.66,64.62,75.46,3.02,1.99,2.85,1.22
2021-03-02,283.17,0.02,247.31,0.02,259.56,0.02,1.12,23.16,121.99,55.56,3.79,3.5,0.1553571428571429,6.12
2021-03-02,405.29,0.07,564.25,0.07,724.57,0.09,0.89,32.28,163.62,57.99,47.99,3.89,2.402857142857143,2.78
2021-03-02,28.18,0.06,37.47,0.07,56.03,0.1,0.71,21.56,142.57,48.15,0.05,3.76,0.0,2.29
2021-03-02,0.15,0.0,0.26,0.0,0.21,0.0,1.12,0.0,0.46,53.24,0.03,0.0,0.0,0.0
2021-03-02,180.14,0.07,155.14,0.06,189.15,0.05,1.07,30.28,146.79,62.96,4.0,3.42,3.755,2.02
2021-03-02,81.87,0.0,80.05,0.0,99.58,0.0,1.19,17.86,87.05,80.56,4.94,1.18,1.394642857142857,0.22
2021-03-02,167.98,0.02,196.99,0.02,274.28,0.03,0.76,31.74,235.97,86.11,27.02,10.6,0.9192857142857143,5.54
2021-03-02,150.54,0.07,226.1,0.08,389.92,0.09,0.73,68.19,215.73,68.52,4.34,7.34,0.0,3.93
2021-03-02,261.26,0.06,245.44,0.05,285.48,0.06,1.06,50.65,378.39,60.19,4.16,6.43,3.5539285714285715,4.78
2021-03-02,883.16,0.14,720.6,0.13,680.89,0.13,1.15,132.55,681.15,78.7,3.54,12.45,13.092142857142859,15.7
2021-03-02,203.62,0.05,205.4,0.05,199.64,0.05,1.17,36.35,346.24,77.78,4.17,5.64,0.8807142857142857,4.84
2021-03-02,198.05,0.05,280.49,0.06,358.57,0.07,0.87,39.48,153.67,68.06,15.1,8.3,0.0,5.59
2021-03-02,307.73,0.21,276.43,0.18,262.0,0.17,1.27,22.85,542.38,56.48,12.04,2.15,0.0,2.27
2021-03-03,28.18,0.06,37.47,0.07,56.03,0.1,0.72,20.99,138.56,48.15,0.07,3.76,0.0,2.29
2021-03-03,198.05,0.05,280.49,0.06,358.57,0.07,0.88,38.11,150.63,68.06,15.47,8.3,0.0,5.59
2021-03-03,405.29,0.06,564.25,0.07,724.57,0.08,0.89,31.33,158.85,57.89,48.64,3.89,2.4675,2.78
2021-03-03,11.22,0.03,12.33,0.03,17.68,0.04,0.69,6.62,64.8,49.54,0.01,0.66,2.07,0.51
2021-03-03,112.7,0.05,130.83,0.04,164.55,0.05,0.98,21.85,105.83,60.19,6.05,2.05,0.0,1.09
2021-03-03,79.47,0.04,89.83,0.05,113.2,0.05,0.87,7.96,75.87,77.31,0.0,0.42,0.0,0.29
2021-03-03,180.14,0.07,155.14,0.06,189.15,0.05,1.07,31.06,150.05,62.96,4.13,3.42,3.7075,2.02
2021-03-03,203.62,0.05,205.4,0.05,199.64,0.05,1.2,36.54,345.1,77.78,4.37,5.64,0.8842857142857142,4.84
2021-03-03,355.31,0.2,386.04,0.18,479.52,0.16,0.95,49.06,257.57,61.11,5.01,6.15,0.0,4.46
2021-03-03,167.98,0.02,196.99,0.02,274.28,0.03,0.76,31.37,227.79,86.11,27.69,10.6,0.9314285714285714,5.54
2021-03-03,261.26,0.06,245.44,0.05,285.48,0.05,1.06,50.67,377.72,60.19,4.25,6.43,3.603214285714286,4.78
2021-03-03,150.54,0.07,226.1,0.08,389.92,0.09,0.74,65.88,203.03,68.52,4.64,7.34,0.0,3.93
2021-03-03,74.63,0.03,82.98,0.03,99.22,0.03,0.96,12.53,62.44,75.46,3.1,1.99,2.7599999999999993,1.22
2021-03-03,283.17,0.02,247.31,0.02,259.56,0.02,1.11,23.16,120.44,55.56,3.91,3.5,0.1625,6.12
2021-03-03,883.16,0.14,720.6,0.13,680.89,0.13,1.15,134.36,689.54,78.7,3.67,12.45,13.110357142857142,15.7
2021-03-03,0.15,0.0,0.26,0.0,0.21,0.0,1.2,0.0,0.5,53.24,0.06,0.0,0.0,0.0
2021-03-03,307.73,0.22,276.43,0.19,262.0,0.17,1.27,22.12,549.51,56.48,12.46,2.15,0.0,2.27
2021-03-04,307.73,0.22,276.43,0.19,262.0,0.17,1.26,22.27,557.66,56.48,12.78,2.15,0.0,2.27
2021-03-04,167.98,0.02,196.99,0.02,274.28,0.02,0.76,30.32,217.68,86.11,28.41,10.6,0.9435714285714286,5.54
2021-03-04,180.14,0.07,155.14,0.06,189.15,0.05,1.07,31.66,150.91,62.96,4.33,3.42,3.66,2.02
2021-03-04,405.29,0.06,564.25,0.07,724.57,0.08,0.89,31.01,154.09,71.68,49.18,3.89,2.5696428571428567,2.78
2021-03-04,883.16,0.14,720.6,0.13,680.89,0.13,1.15,139.6,711.26,78.7,3.84,12.45,13.128571428571428,15.7
2021-03-04,261.26,0.06,245.44,0.05,285.48,0.05,1.06,50.58,373.34,60.19,4.4,6.43,3.6525,4.78
2021-03-04,203.62,0.05,205.4,0.05,199.64,0.05,1.21,36.72,345.97,77.78,4.57,5.64,0.8878571428571428,4.84
2021-03-04,28.18,0.05,37.47,0.07,56.03,0.09,0.73,20.25,135.36,48.15,0.09,3.76,0.0,2.29
2021-03-04,198.05,0.05,280.49,0.06,358.57,0.07,0.88,36.84,144.98,68.06,15.93,8.3,0.0,5.59
2021-03-04,150.54,0.07,226.1,0.08,389.92,0.09,0.74,63.52,193.15,68.52,4.97,7.34,0.0,3.93
2021-03-04,112.7,0.05,130.83,0.04,164.55,0.05,0.99,22.2,106.97,60.19,6.16,2.05,0.0,1.09
2021-03-04,0.15,0.0,0.26,0.0,0.21,0.0,1.25,0.0,0.65,53.24,0.09,0.0,0.0,0.0
2021-03-04,79.47,0.04,89.83,0.05,113.2,0.04,0.85,8.07,71.75,77.31,0.0,0.42,0.0,0.29
2021-03-04,283.17,0.02,247.31,0.02,259.56,0.02,1.1,26.25,125.08,55.56,4.03,3.5,0.1682142857142857,6.12
2021-03-04,355.31,0.2,386.04,0.19,479.52,0.17,0.95,48.59,257.57,61.11,5.52,6.15,0.0,4.46
2021-03-04,74.63,0.03,82.98,0.03,99.22,0.03,0.97,12.59,61.55,75.46,3.21,1.99,2.6700000000000004,1.22
2021-03-05,883.16,0.14,720.6,0.13,680.89,0.13,1.14,137.32,721.46,78.7,4.0,12.45,13.146785714285713,15.7
2021-03-05,180.14,0.07,155.14,0.06,189.15,0.05,1.07,33.72,157.69,62.96,4.54,3.42,3.6125,2.02
2021-03-05,81.87,0.0,80.05,0.0,99.58,0.0,1.28,14.51,89.28,80.56,5.98,1.18,1.3142857142857145,0.22
2021-03-05,203.62,0.05,205.4,0.05,199.64,0.05,1.22,37.16,347.0,77.78,4.78,5.64,0.8914285714285715,4.84
2021-03-05,198.05,0.05,280.49,0.05,358.57,0.06,0.88,35.96,139.6,68.06,16.44,8.3,0.0,5.59
2021-03-05,72.94,0.0,69.72,0.0,74.81,0.0,1.07,7.31,39.27,62.96,6.22,1.67,2.3542857142857145,0.6
2021-03-05,283.17,0.02,247.31,0.02,259.56,0.02,1.1,29.34,132.8,55.56,4.14,3.5,0.17392857142857143,6.12
2021-03-05,405.29,0.06,564.25,0.07,724.57,0.08,0.89,31.11,148.06,71.63,49.46,3.89,2.6717857142857144,2.78
2021-03-05,28.18,0.05,37.47,0.07,56.03,0.08,0.74,19.57,131.77,48.15,0.11,3.76,0.0,2.29
2021-03-05,167.98,0.02,196.99,0.02,274.28,0.02,0.76,29.2,206.36,86.11,29.15,10.6,0.9557142857142857,5.54
2021-03-05,74.63,0.03,82.98,0.03,99.22,0.03,0.97,12.33,59.89,75.46,3.35,1.99,2.5799999999999996,1.22
2021-03-05,79.47,0.03,89.83,0.04,113.2,0.05,0.84,7.51,72.87,77.31,0.02,0.42,0.0,0.29
2021-03-05,175.01,0.01,146.14,0.01,144.69,0.01,1.17,29.08,142.96,75.93,5.16,4.22,4.803571428571428,3.55
2021-03-05,230.07,0.09,194.77,0.1,206.58,0.11,1.07,24.99,60.07,78.7,4.98,3.18,0.0,2.21
2021-03-05,112.7,0.05,130.83,0.04,164.55,0.05,1.01,21.05,102.63,60.19,6.26,2.05,0.0,1.09
2021-03-05,0.15,0.0,0.26,0.0,0.21,0.0,1.27,0.04,0.8,53.24,0.11,0.0,0.0,0.0
2021-03-05,261.26,0.06,245.44,0.06,285.48,0.05,1.06,50.8,370.58,70.37,4.57,6.43,3.693214285714286,4.78
2021-03-05,355.31,0.2,386.04,0.2,479.52,0.17,0.96,43.87,249.55,61.11,5.86,6.15,0.0,4.46
2021-03-05,307.73,0.23,276.43,0.2,262.0,0.17,1.25,23.14,564.07,56.48,12.9,2.15,0.0,2.27
2021-03-06,28.18,0.05,37.47,0.06,56.03,0.08,0.75,18.85,127.51,48.15,0.11,3.76,0.0,2.29
2021-03-06,0.15,0.0,0.26,0.0,0.21,0.0,1.28,0.0,0.73,50.46,0.12,0.0,0.0,0.0
2021-03-06,307.73,0.24,276.43,0.2,262.0,0.17,1.24,23.28,569.3,56.48,13.41,2.15,0.0,2.27
2021-03-06,180.14,0.07,155.14,0.06,189.15,0.05,1.07,34.06,157.43,62.96,4.58,3.42,3.565,2.02
2021-03-06,283.17,0.02,247.31,0.02,259.56,0.02,1.09,30.88,143.61,55.56,4.18,3.5,0.17964285714285716,6.12
2021-03-06,79.47,0.03,89.83,0.04,113.2,0.05,0.83,7.57,71.22,77.31,0.04,0.42,0.0,0.29
2021-03-06,261.26,0.06,245.44,0.06,285.48,0.05,1.05,50.92,368.5,70.37,4.64,6.43,3.7339285714285717,4.78
2021-03-06,167.98,0.01,196.99,0.02,274.28,0.02,0.75,28.19,194.34,86.11,29.76,10.6,0.9678571428571427,5.54
2021-03-06,883.16,0.14,720.6,0.13,680.89,0.13,1.13,140.18,691.82,78.7,4.03,12.45,13.165000000000001,15.7
2021-03-06,74.63,0.03,82.98,0.03,99.22,0.03,0.98,12.64,59.32,75.46,3.49,1.99,2.4899999999999998,1.22
2021-03-06,355.31,0.2,386.04,0.2,479.52,0.17,0.97,44.82,242.0,69.44,5.91,6.15,0.0,4.46
2021-03-06,198.05,0.05,280.49,0.05,358.57,0.06,0.88,34.63,134.01,68.06,16.78,8.3,0.0,5.59
2021-03-06,203.62,0.05,205.4,0.05,199.64,0.05,1.21,37.53,348.73,77.78,4.97,5.64,0.8950000000000001,4.84
2021-03-06,112.7,0.05,130.83,0.04,164.55,0.05,1.02,20.36,101.48,60.19,6.28,2.05,0.0,1.09
2021-03-06,405.29,0.06,564.25,0.07,724.57,0.08,0.89,31.01,150.07,71.6,49.65,3.89,2.7739285714285713,2.78
2021-03-07,0.24,0.0,0.15,0.0,0.26,0.0,1.29,0.04,0.65,50.46,0.13,0.0,0.0,0.0
2021-03-07,469.68,0.24,307.73,0.21,276.43,0.17,1.23,23.58,569.3,56.48,13.46,2.25,0.0,2.38
2021-03-07,70.75,0.03,79.47,0.04,89.83,0.05,0.83,7.6,68.68,77.31,0.06,0.38,0.0,0.18
2021-03-07,206.1,0.07,180.14,0.07,155.14,0.05,1.07,34.92,162.66,62.96,4.58,3.09,3.4860714285714285,2.36
2021-03-07,116.84,0.05,112.7,0.04,130.83,0.05,1.03,20.48,102.05,60.19,6.29,1.58,0.0,1.01
2021-03-07,22.58,0.05,28.18,0.06,37.47,0.08,0.76,18.16,123.42,48.15,0.12,2.56,0.0,1.62
2021-03-07,405.28,0.06,405.29,0.07,564.25,0.08,0.9,29.95,158.43,57.62,50.08,3.22,2.876071428571428,2.07
2021-03-07,283.81,0.06,261.26,0.06,245.44,0.05,1.05,51.5,372.79,70.37,4.65,5.59,3.774642857142857,4.52
2021-03-07,865.87,0.18,589.59,0.12,482.61,0.13,1.21,30.92,425.32,38.81,5.93,4.02,2.639642857142857,6.98
2021-03-07,368.3,0.11,316.37,0.1,287.19,0.09,1.21,21.9,117.92,69.3,4.62,2.44,0.0,1.87
2021-03-07,1116.57,0.14,883.16,0.13,720.6,0.13,1.12,143.7,717.17,78.7,4.05,14.62,13.246785714285712,18.71
2021-03-07,77.13,0.03,74.63,0.03,82.98,0.03,0.99,12.33,59.32,75.46,3.6,1.49,2.4067857142857143,1.0
2021-03-07,116.3,0.06,150.54,0.07,226.1,0.08,0.77,61.46,185.69,68.52,5.4,5.05,0.0,2.77
2021-03-07,416.05,0.02,377.45,0.02,374.71,0.02,0.99,103.48,701.34,71.3,6.46,16.18,0.0,16.89
2021-03-07,268.44,0.06,203.62,0.05,205.4,0.05,1.21,37.79,353.49,77.78,5.09,5.1,0.9075,4.96
2021-03-07,214.88,0.14,144.89,0.11,124.82,0.08,1.31,51.46,595.26,53.7,2.58,4.84,5.4628571428571435,8.92
2021-03-07,128.83,0.01,167.98,0.02,196.99,0.02,0.76,26.41,187.31,86.11,30.03,8.1,0.9799999999999999,3.77
2021-03-07,194.82,0.05,198.05,0.05,280.49,0.06,0.88,34.15,132.64,68.06,16.94,6.04,0.0,4.37
2021-03-08,70.75,0.03,79.47,0.04,89.83,0.05,0.82,7.31,67.0,73.61,0.1,0.38,0.0,0.18
2021-03-08,268.44,0.06,203.62,0.05,205.4,0.05,1.21,38.77,362.5,77.78,5.28,5.1,0.92,4.96
2021-03-08,206.1,0.06,180.14,0.07,155.14,0.05,1.07,35.43,166.18,62.96,4.68,3.09,3.4071428571428575,2.36
2021-03-08,128.83,0.01,167.98,0.02,196.99,0.02,0.76,26.75,188.76,86.11,30.33,8.1,0.9739285714285714,3.77
2021-03-08,1116.57,0.14,883.16,0.14,720.6,0.13,1.11,151.32,794.93,78.7,4.24,14.62,13.328571428571427,18.71
2021-03-08,297.38,0.02,283.17,0.02,247.31,0.02,1.07,30.88,154.42,55.56,4.27,2.4,0.19107142857142856,7.22
2021-03-08,283.81,0.06,261.26,0.06,245.44,0.05,1.05,52.26,375.0,70.37,4.75,5.59,3.8153571428571427,4.52
2021-03-08,116.84,0.05,112.7,0.05,130.83,0.05,1.04,19.79,106.63,60.19,6.41,1.58,0.0,1.01
2021-03-08,77.13,0.03,74.63,0.03,82.98,0.03,0.99,12.53,59.94,75.46,3.72,1.49,2.323571428571429,1.0
2021-03-08,469.68,0.24,307.73,0.21,276.43,0.17,1.22,23.87,578.76,56.48,13.77,2.25,0.0,2.38
2021-03-08,366.52,0.19,355.31,0.21,386.04,0.17,0.98,42.93,256.15,69.44,5.96,2.77,0.0,2.57
2021-03-08,405.28,0.06,405.29,0.07,564.25,0.08,0.9,28.26,158.32,57.52,50.56,3.22,2.978214285714286,2.07
2021-03-08,22.58,0.05,28.18,0.06,37.47,0.08,0.77,17.63,122.6,48.15,0.12,2.56,0.0,1.62
2021-03-08,116.3,0.06,150.54,0.07,226.1,0.08,0.78,58.79,177.68,68.52,5.56,5.05,0.0,2.77
2021-03-08,0.24,0.0,0.15,0.0,0.26,0.0,1.3,0.04,0.92,50.46,0.16,0.0,0.0,0.0
2021-03-08,194.82,0.05,198.05,0.05,280.49,0.06,0.88,33.59,129.24,68.06,17.31,6.04,0.0,4.37
2021-03-09,1116.57,0.13,883.16,0.14,720.6,0.13,1.1,152.28,812.18,78.7,4.5,14.62,13.410357142857142,18.71
2021-03-09,22.58,0.05,28.18,0.06,37.47,0.07,0.78,17.7,120.48,48.15,0.13,2.56,0.0,1.62
2021-03-09,116.3,0.06,150.54,0.07,226.1,0.08,0.79,56.98,169.92,68.52,5.83,5.05,0.0,2.77
2021-03-09,77.13,0.03,74.63,0.03,82.98,0.03,1.0,12.14,58.93,75.46,3.89,1.49,2.240357142857143,1.0
2021-03-09,283.81,0.06,261.26,0.06,245.44,0.05,1.05,52.88,372.54,60.19,4.9,5.59,3.8560714285714286,4.52
2021-03-09,128.83,0.01,167.98,0.02,196.99,0.02,0.76,25.32,177.8,86.11,30.67,8.1,0.9678571428571427,3.77
2021-03-09,268.44,0.06,203.62,0.05,205.4,0.05,1.21,39.42,370.9,77.78,5.5,5.1,0.9325,4.96
2021-03-09,206.1,0.06,180.14,0.07,155.14,0.06,1.08,36.55,163.18,62.96,4.82,3.09,3.3282142857142856,2.36
2021-03-09,297.38,0.02,283.17,0.02,247.31,0.02,1.07,30.88,160.59,55.56,4.4,2.4,0.19678571428571429,7.22
2021-03-09,366.52,0.19,355.31,0.2,386.04,0.18,0.99,40.1,249.08,69.44,6.06,2.77,0.0,2.57
2021-03-09,469.68,0.25,307.73,0.21,276.43,0.18,1.22,24.45,586.62,56.48,14.13,2.25,0.0,2.38
2021-03-09,116.84,0.05,112.7,0.05,130.83,0.04,1.05,21.05,107.2,60.19,6.54,1.58,0.0,1.01
2021-03-09,405.28,0.06,405.29,0.07,564.25,0.07,0.91,27.41,153.88,57.42,51.0,3.22,3.080357142857143,2.07
2021-03-09,0.24,0.0,0.15,0.0,0.26,0.0,1.31,0.04,0.76,50.46,0.2,0.0,0.0,0.0
2021-03-09,194.82,0.04,198.05,0.05,280.49,0.06,0.88,32.64,126.08,68.06,17.75,6.04,0.0,4.37
2021-03-09,70.75,0.03,79.47,0.04,89.83,0.05,0.81,7.4,65.71,73.61,0.16,0.38,0.0,0.18
2021-03-10,194.82,0.04,198.05,0.05,280.49,0.06,0.88,31.76,124.61,68.06,18.27,6.04,0.0,4.37
2021-03-10,70.75,0.03,79.47,0.04,89.83,0.05,0.8,7.16,64.47,73.61,0.23,0.38,0.0,0.18
2021-03-10,283.81,0.06,261.26,0.06,245.44,0.05,1.05,53.63,370.3,60.19,5.07,5.59,3.896785714285714,4.52
2021-03-10,206.1,0.06,180.14,0.07,155.14,0.06,1.08,37.23,163.01,62.96,5.03,3.09,3.2492857142857146,2.36
2021-03-10,116.84,0.05,112.7,0.05,130.83,0.04,1.06,19.68,104.34,60.19,6.71,1.58,0.0,1.01
2021-03-10,366.52,0.18,355.31,0.2,386.04,0.18,1.0,38.68,243.41,69.44,6.37,2.77,0.0,2.57
2021-03-10,405.28,0.06,405.29,0.06,564.25,0.07,0.89,26.78,148.48,57.32,51.44,3.22,3.1825,2.07
2021-03-10,1116.57,0.13,883.16,0.14,720.6,0.13,1.09,155.14,807.7,78.7,4.79,14.62,13.492142857142856,18.71
2021-03-10,8.2,0.02,11.22,0.03,12.33,0.03,0.92,5.96,53.92,48.15,0.03,0.58,1.7249999999999999,0.42
2021-03-10,128.83,0.01,167.98,0.02,196.99,0.02,0.76,24.4,168.91,86.11,31.08,8.1,0.9617857142857142,3.77
2021-03-10,0.24,0.0,0.15,0.0,0.26,0.0,1.32,0.04,1.03,50.46,0.23,0.0,0.0,0.0
2021-03-10,469.68,0.25,307.73,0.22,276.43,0.19,1.2,23.43,592.59,56.48,14.56,2.25,0.0,2.38
2021-03-10,77.13,0.03,74.63,0.03,82.98,0.03,1.01,12.17,58.69,75.46,4.06,1.49,2.1571428571428575,1.0
2021-03-10,22.58,0.05,28.18,0.06,37.47,0.07,0.79,17.21,116.39,48.15,0.14,2.56,0.0,1.62
2021-03-10,297.38,0.02,283.17,0.02,247.31,0.02,1.07,33.97,168.31,55.56,4.54,2.4,0.20249999999999999,7.22
2021-03-10,116.3,0.06,150.54,0.07,226.1,0.08,0.8,54.98,159.49,68.52,6.14,5.05,0.0,2.77
2021-03-10,268.44,0.06,203.62,0.05,205.4,0.05,1.21,40.84,375.59,77.78,5.75,5.1,0.945,4.96
2021-03-11,206.1,0.06,180.14,0.07,155.14,0.06,1.09,36.55,163.44,62.96,5.39,3.09,3.170357142857143,2.36
2021-03-11,297.38,0.02,283.17,0.02,247.31,0.02,1.07,33.97,163.68,55.56,4.74,2.4,0.20642857142857143,7.22
2021-03-11,116.84,0.05,112.7,0.05,130.83,0.04,1.08,19.91,101.25,60.19,6.91,1.58,0.0,1.01
2021-03-11,22.58,0.05,28.18,0.05,37.47,0.07,0.8,16.53,107.41,48.15,0.15,2.56,0.0,1.62
2021-03-11,116.3,0.06,150.54,0.07,226.1,0.08,0.81,54.06,154.48,68.52,6.58,5.05,0.0,2.77
2021-03-11,194.82,0.04,198.05,0.05,280.49,0.06,0.88,31.2,118.76,64.35,18.86,6.04,0.0,4.37
2021-03-11,405.28,0.05,405.29,0.06,564.25,0.07,0.88,27.3,148.06,57.19,51.86,3.22,3.307142857142857,2.07
2021-03-11,128.83,0.01,167.98,0.02,196.99,0.02,0.77,23.54,160.26,86.11,31.64,8.1,0.9557142857142856,3.77
2021-03-11,268.44,0.06,203.62,0.05,205.4,0.05,1.2,41.92,383.35,77.78,6.01,5.1,0.9575000000000001,4.96
2021-03-11,77.13,0.03,74.63,0.03,82.98,0.03,1.01,12.17,57.76,75.46,4.26,1.49,2.0739285714285716,1.0
2021-03-11,70.75,0.03,79.47,0.04,89.83,0.05,0.81,6.86,63.73,73.61,0.29,0.38,0.0,0.18
2021-03-11,1116.57,0.12,883.16,0.14,720.6,0.13,1.08,157.9,808.27,78.7,5.11,14.62,13.57392857142857,18.71
2021-03-11,366.52,0.18,355.31,0.2,386.04,0.19,1.0,40.1,241.06,69.44,6.69,2.77,0.0,2.57
2021-03-11,283.81,0.06,261.26,0.06,245.44,0.05,1.05,53.57,367.05,60.19,5.31,5.59,3.9375,4.52
2021-03-11,469.68,0.25,307.73,0.22,276.43,0.19,1.19,25.18,597.97,56.48,14.74,2.25,0.0,2.38
2021-03-11,0.24,0.0,0.15,0.0,0.26,0.0,1.31,0.04,0.92,50.46,0.27,0.0,0.0,0.0
2021-03-12,268.44,0.06,203.62,0.05,205.4,0.05,1.19,42.77,387.87,77.78,6.27,5.1,0.97,4.96
2021-03-12,88.36,0.0,72.94,0.0,69.72,0.0,1.12,5.27,36.55,62.96,7.96,1.19,1.622142857142857,0.46
2021-03-12,469.68,0.25,307.73,0.23,276.43,0.2,1.19,24.16,605.54,56.48,14.92,2.25,0.0,2.38
2021-03-12,297.38,0.02,283.17,0.02,247.31,0.02,1.07,35.52,163.68,55.56,4.94,2.4,0.21035714285714288,7.22
2021-03-12,22.58,0.05,28.18,0.05,37.47,0.07,0.81,15.88,104.47,48.15,0.17,2.56,0.0,1.62
2021-03-12,1116.57,0.12,883.16,0.14,720.6,0.13,1.06,159.52,814.28,78.7,5.38,14.62,13.655714285714284,18.71
2021-03-12,70.75,0.03,79.47,0.03,89.83,0.04,0.8,6.75,60.73,73.61,0.33,0.38,0.0,0.18
2021-03-12,128.83,0.01,167.98,0.02,196.99,0.02,0.78,22.84,151.18,86.11,32.29,8.1,0.9496428571428571,3.77
2021-03-12,366.52,0.18,355.31,0.2,386.04,0.2,0.99,39.63,245.77,69.44,6.91,2.77,0.0,2.57
2021-03-12,206.1,0.06,180.14,0.07,155.14,0.06,1.09,37.15,164.29,62.96,5.72,3.09,3.0914285714285716,2.36
2021-03-12,194.82,0.04,198.05,0.05,280.49,0.05,0.89,30.52,117.0,64.35,19.47,6.04,0.0,4.37
2021-03-12,77.13,0.03,74.63,0.03,82.98,0.03,1.02,12.14,57.24,75.46,4.48,1.49,1.9907142857142859,1.0
2021-03-12,0.24,0.0,0.15,0.0,0.26,0.0,1.29,0.04,1.03,50.46,0.29,0.0,0.0,0.0
2021-03-12,212.46,0.01,175.01,0.01,146.14,0.01,1.15,36.35,160.97,75.93,6.89,3.42,4.1535714285714285,3.09
2021-03-12,283.81,0.06,261.26,0.06,245.44,0.06,1.06,54.27,365.2,70.37,5.61,5.59,3.9764285714285714,4.52
2021-03-12,405.28,0.05,405.29,0.06,564.25,0.07,0.86,27.3,140.12,57.13,52.05,3.22,3.4317857142857138,2.07
2021-03-12,250.86,0.08,230.07,0.09,194.77,0.1,1.04,26.08,61.03,75.0,6.0,3.22,0.0,1.92
2021-03-12,116.84,0.05,112.7,0.05,130.83,0.04,1.09,19.34,96.22,60.19,7.08,1.58,0.0,1.01
2021-03-13,194.82,0.04,198.05,0.05,280.49,0.05,0.89,29.65,112.94,64.35,19.87,6.04,0.0,4.37
2021-03-13,1116.57,0.12,883.16,0.14,720.6,0.13,1.05,159.71,780.54,78.7,5.5,14.62,13.737499999999999,18.71
2021-03-13,22.58,0.04,28.18,0.05,37.47,0.06,0.83,15.44,102.16,48.15,0.17,2.56,0.0,1.62
2021-03-13,405.28,0.05,405.29,0.06,564.25,0.07,0.85,27.73,134.94,57.09,52.16,3.22,3.5564285714285715,2.07
2021-03-13,283.81,0.06,261.26,0.06,245.44,0.06,1.06,54.4,363.13,70.37,5.91,5.59,4.015357142857143,4.52
2021-03-13,128.83,0.01,167.98,0.01,196.99,0.02,0.79,21.46,142.31,86.11,32.9,8.1,0.9435714285714285,3.77
2021-03-13,268.44,0.06,203.62,0.05,205.4,0.05,1.18,43.55,394.19,79.63,6.51,5.1,0.9825,4.96
2021-03-13,469.68,0.26,307.73,0.24,276.43,0.2,1.17,24.59,608.6,56.48,14.99,2.25,0.0,2.38
2021-03-13,297.38,0.02,283.17,0.02,247.31,0.02,1.07,32.43,171.4,55.56,5.03,2.4,0.21428571428571427,7.22
2021-03-13,366.52,0.17,355.31,0.2,386.04,0.2,0.98,41.51,234.92,69.44,6.97,2.77,0.0,2.57
2021-03-13,70.75,0.03,79.47,0.03,89.83,0.04,0.8,5.92,57.87,73.61,0.38,0.38,0.0,0.18
2021-03-13,0.24,0.0,0.15,0.0,0.26,0.0,1.28,0.04,1.11,50.46,0.31,0.0,0.0,0.0
2021-03-13,116.84,0.05,112.7,0.05,130.83,0.04,1.1,19.34,96.79,60.19,7.12,1.58,0.0,1.01
2021-03-13,77.13,0.03,74.63,0.03,82.98,0.03,1.03,12.01,56.59,75.46,4.66,1.49,1.9075000000000002,1.0
2021-03-13,206.1,0.06,180.14,0.07,155.14,0.06,1.1,35.69,161.29,62.96,5.79,3.09,3.0124999999999997,2.36
2021-03-14,122.61,0.05,116.84,0.05,112.7,0.04,1.12,20.02,99.77,60.19,7.13,1.09,0.0,1.22
2021-03-14,276.17,0.06,283.81,0.06,261.26,0.06,1.07,55.2,365.98,70.37,6.09,4.78,4.054285714285714,4.16
2021-03-14,362.68,0.17,366.52,0.2,355.31,0.2,0.98,41.51,240.58,69.44,6.97,4.46,0.0,3.11
2021-03-14,274.27,0.17,214.88,0.14,144.89,0.11,1.33,62.37,738.58,53.7,3.52,6.86,6.067142857142857,13.42
2021-03-14,248.4,0.01,136.38,0.01,81.87,0.0,1.26,15.62,143.97,75.0,7.87,0.22,0.9178571428571428,0.64
2021-03-14,399.53,0.02,416.05,0.02,377.45,0.02,0.92,108.98,684.16,71.3,7.67,17.85,0.0,18.06
2021-03-14,74.36,0.03,77.13,0.03,74.63,0.03,1.03,12.27,57.86,75.46,4.81,1.22,1.8385714285714287,0.76
2021-03-14,52.32,0.03,70.75,0.03,79.47,0.04,0.8,5.78,55.87,73.61,0.42,0.29,0.0,0.16
2021-03-14,1012.63,0.19,865.87,0.18,589.59,0.12,1.14,35.44,483.38,38.79,7.71,6.03,3.075357142857143,6.24
2021-03-14,375.02,0.11,368.3,0.11,316.37,0.1,1.18,23.04,124.84,69.29,5.98,1.93,0.0,1.85
2021-03-14,0.36,0.0,0.24,0.0,0.15,0.0,1.29,0.04,1.11,50.46,0.33,0.0,0.0,0.0
2021-03-14,545.81,0.26,469.68,0.24,307.73,0.21,1.17,24.88,611.07,56.48,15.0,2.27,0.0,3.2
2021-03-14,100.63,0.06,116.3,0.06,150.54,0.07,0.85,51.96,153.33,68.52,7.0,3.93,0.0,2.14
2021-03-14,192.53,0.13,163.14,0.11,128.09,0.09,1.16,54.43,363.39,73.15,5.93,3.67,0.0,4.36
2021-03-14,332.92,0.06,268.44,0.06,203.62,0.05,1.16,44.12,402.27,79.63,6.65,4.84,1.04,5.52
2021-03-14,1166.58,0.11,1116.57,0.14,883.16,0.13,1.04,160.19,801.98,78.7,5.61,15.7,13.970714285714285,20.39
2021-03-14,410.41,0.05,405.28,0.06,405.29,0.07,0.82,27.94,142.87,56.98,52.49,2.78,3.6810714285714283,1.8
2021-03-14,175.99,0.04,194.82,0.05,198.05,0.05,0.89,29.11,111.65,64.35,20.08,5.59,0.0,3.58
2021-03-14,86.97,0.01,128.83,0.01,167.98,0.02,0.79,20.65,138.57,86.11,33.15,5.54,0.9375,2.63
2021-03-14,200.42,0.06,206.1,0.07,180.14,0.07,1.1,36.46,166.27,62.96,5.8,2.02,2.9710714285714284,2.13
2021-03-15,122.61,0.05,116.84,0.05,112.7,0.05,1.13,20.36,102.86,60.19,7.27,1.09,0.0,1.22
2021-03-15,52.32,0.03,70.75,0.03,79.47,0.04,0.8,6.25,55.22,73.61,0.5,0.29,0.0,0.16
2021-03-15,410.41,0.04,405.28,0.06,405.29,0.07,0.8,27.83,144.46,56.86,52.78,2.78,3.8057142857142856,1.8
2021-03-15,273.55,0.02,297.38,0.02,283.17,0.02,1.07,37.06,180.67,55.56,5.13,6.12,0.22214285714285717,5.03
2021-03-15,86.97,0.01,128.83,0.01,167.98,0.02,0.8,20.09,138.71,82.41,33.47,5.54,0.9285714285714286,2.63
2021-03-15,0.36,0.0,0.24,0.0,0.15,0.0,1.28,0.04,1.11,50.46,0.36,0.0,0.0,0.0
2021-03-15,362.68,0.17,366.52,0.19,355.31,0.21,0.98,42.93,248.6,69.44,7.04,4.46,0.0,3.11
2021-03-15,1166.58,0.1,1116.57,0.14,883.16,0.14,1.02,169.34,866.3,81.48,5.89,15.7,14.203928571428571,20.39
2021-03-15,545.81,0.26,469.68,0.24,307.73,0.21,1.17,25.61,616.6,54.63,15.74,2.27,0.0,3.2
2021-03-15,100.63,0.06,116.3,0.06,150.54,0.07,0.86,49.75,147.73,68.52,7.23,3.93,0.0,2.14
2021-03-15,276.17,0.06,283.81,0.06,261.26,0.06,1.08,56.76,371.54,70.37,6.25,4.78,4.093214285714286,4.16
2021-03-15,332.92,0.06,268.44,0.06,203.62,0.05,1.15,45.73,415.52,79.63,6.88,4.84,1.0975,5.52
2021-03-15,200.42,0.06,206.1,0.06,180.14,0.07,1.11,37.41,171.07,62.96,5.93,2.02,2.929642857142857,2.13
2021-03-15,74.36,0.03,77.13,0.03,74.63,0.03,1.04,12.48,56.85,75.46,5.0,1.22,1.769642857142857,0.76
2021-03-15,18.28,0.04,22.58,0.05,28.18,0.06,0.86,15.03,100.04,48.15,0.17,2.29,0.0,1.41
2021-03-15,175.99,0.04,194.82,0.05,198.05,0.05,0.89,28.94,111.4,64.35,20.52,5.59,0.0,3.58
2021-03-16,18.28,0.04,22.58,0.05,28.18,0.06,0.87,15.19,97.12,48.15,0.18,2.29,0.0,1.41
2021-03-16,276.17,0.06,283.81,0.06,261.26,0.06,1.09,57.78,371.62,62.04,6.51,4.78,4.132142857142857,4.16
2021-03-16,86.97,0.01,128.83,0.01,167.98,0.02,0.81,19.14,131.82,82.41,33.79,5.54,0.9196428571428571,2.63
2021-03-16,100.63,0.06,116.3,0.06,150.54,0.07,0.87,49.01,143.13,68.52,7.45,3.93,0.0,2.14
2021-03-16,545.81,0.27,469.68,0.25,307.73,0.21,1.17,27.5,622.71,54.63,16.37,2.27,0.0,3.2
2021-03-16,1166.58,0.09,1116.57,0.13,883.16,0.14,1.01,171.91,862.97,81.48,6.24,15.7,14.437142857142858,20.39
2021-03-16,273.55,0.02,297.38,0.02,283.17,0.02,1.08,37.06,188.39,55.56,5.33,6.12,0.22607142857142856,5.03
2021-03-16,362.68,0.16,366.52,0.19,355.31,0.2,0.98,42.46,238.7,69.44,7.21,4.46,0.0,3.11
2021-03-16,0.36,0.0,0.24,0.0,0.15,0.0,1.25,0.04,1.6,50.46,0.41,0.0,0.0,0.0
2021-03-16,175.99,0.04,194.82,0.04,198.05,0.05,0.9,28.41,109.49,64.35,21.07,5.59,0.0,3.58
2021-03-16,410.41,0.04,405.28,0.06,405.29,0.07,0.77,26.78,136.52,56.74,53.06,2.78,3.930357142857143,1.8
2021-03-16,52.32,0.03,70.75,0.03,79.47,0.04,0.8,5.75,54.84,73.61,0.58,0.29,0.0,0.16
2021-03-16,200.42,0.06,206.1,0.06,180.14,0.07,1.12,37.84,168.41,62.96,6.12,2.02,2.888214285714285,2.13
2021-03-16,122.61,0.05,116.84,0.05,112.7,0.05,1.14,19.56,100.8,60.19,7.47,1.09,0.0,1.22
2021-03-16,74.36,0.03,77.13,0.03,74.63,0.03,1.05,12.14,58.3,75.46,5.18,1.22,1.7007142857142856,0.76
2021-03-16,332.92,0.07,268.44,0.06,203.62,0.05,1.14,46.68,425.98,79.63,7.12,4.84,1.155,5.52
2021-03-17,122.61,0.05,116.84,0.05,112.7,0.05,1.15,19.91,100.34,60.19,7.68,1.09,0.0,1.22
2021-03-17,276.17,0.06,283.81,0.06,261.26,0.06,1.1,57.78,368.2,62.04,6.77,4.78,4.1710714285714285,4.16
2021-03-17,18.28,0.04,22.58,0.05,28.18,0.06,0.89,14.76,88.72,48.15,0.22,2.29,0.0,1.41
2021-03-17,100.63,0.06,116.3,0.06,150.54,0.07,0.89,47.16,136.19,68.52,7.71,3.93,0.0,2.14
2021-03-17,545.81,0.27,469.68,0.25,307.73,0.22,1.16,30.85,627.37,54.63,16.68,2.27,0.0,3.2
2021-03-17,332.92,0.07,268.44,0.06,203.62,0.05,1.14,47.88,435.47,79.63,7.4,4.84,1.2125000000000001,5.52
2021-03-17,86.97,0.0,128.83,0.01,167.98,0.02,0.82,18.31,123.57,82.41,34.15,5.54,0.9107142857142857,2.63
2021-03-17,1166.58,0.08,1116.57,0.13,883.16,0.14,1.0,174.58,864.68,81.48,6.63,15.7,14.670357142857142,20.39
2021-03-17,273.55,0.02,297.38,0.02,283.17,0.02,1.09,46.32,191.48,55.56,5.67,6.12,0.23,5.03
2021-03-17,74.36,0.03,77.13,0.03,74.63,0.03,1.05,12.12,57.58,75.46,5.37,1.22,1.6317857142857142,0.76
2021-03-17,200.42,0.06,206.1,0.06,180.14,0.07,1.12,38.78,166.7,62.96,6.35,2.02,2.8467857142857143,2.13
2021-03-17,0.36,0.0,0.24,0.0,0.15,0.0,1.22,0.0,1.76,50.46,0.48,0.0,0.0,0.0
2021-03-17,362.68,0.16,366.52,0.18,355.31,0.2,0.98,42.93,228.79,69.44,7.44,4.46,0.0,3.11
2021-03-17,175.99,0.04,194.82,0.04,198.05,0.05,0.9,27.95,108.37,64.35,21.69,5.59,0.0,3.58
2021-03-17,52.32,0.03,70.75,0.03,79.47,0.04,0.8,5.42,54.75,73.61,0.67,0.29,0.0,0.16
2021-03-17,8.25,0.02,8.2,0.02,11.22,0.03,1.05,5.32,47.98,45.37,0.12,0.51,2.415,0.38
2021-03-17,410.41,0.04,405.28,0.06,405.29,0.06,0.75,25.93,134.72,56.65,53.31,2.78,4.055,1.8
2021-03-18,175.99,0.04,194.82,0.04,198.05,0.05,0.91,27.32,106.16,64.35,22.38,5.59,0.0,3.58
2021-03-18,545.81,0.28,469.68,0.25,307.73,0.22,1.16,31.0,634.36,54.63,16.9,2.27,0.0,3.2
2021-03-18,273.55,0.02,297.38,0.02,283.17,0.02,1.1,49.41,197.65,55.56,6.11,6.12,0.23178571428571426,5.03
2021-03-18,332.92,0.07,268.44,0.06,203.62,0.05,1.13,48.43,442.19,79.63,7.68,4.84,1.2699999999999998,5.52
2021-03-18,74.36,0.03,77.13,0.03,74.63,0.03,1.06,12.27,58.1,75.46,5.62,1.22,1.5628571428571427,0.76
2021-03-18,276.17,0.06,283.81,0.06,261.26,0.06,1.11,58.87,366.57,62.04,7.13,4.78,4.21,4.16
2021-03-18,86.97,0.0,128.83,0.01,167.98,0.02,0.83,17.66,118.04,82.41,34.54,5.54,0.9017857142857143,2.63
2021-03-18,410.41,0.04,405.28,0.05,405.29,0.06,0.72,26.78,129.11,56.54,53.56,2.78,4.194642857142857,1.8
2021-03-18,362.68,0.15,366.52,0.18,355.31,0.2,0.99,41.98,213.7,69.44,7.73,4.46,0.0,3.11
2021-03-18,100.63,0.06,116.3,0.06,150.54,0.07,0.9,45.94,133.6,68.52,7.93,3.93,0.0,2.14
2021-03-18,200.42,0.06,206.1,0.06,180.14,0.07,1.13,38.44,163.86,62.96,6.73,2.02,2.805357142857143,2.13
2021-03-18,52.32,0.03,70.75,0.03,79.47,0.04,0.81,5.27,53.13,73.61,0.75,0.29,0.0,0.16
2021-03-18,18.28,0.04,22.58,0.05,28.18,0.05,0.9,14.12,85.98,48.15,0.23,2.29,0.0,1.41
2021-03-18,0.36,0.0,0.24,0.0,0.15,0.0,1.17,0.0,1.68,50.46,0.52,0.0,0.0,0.0
2021-03-18,122.61,0.05,116.84,0.05,112.7,0.05,1.15,18.99,97.82,60.19,7.9,1.09,0.0,1.22
2021-03-18,1166.58,0.07,1116.57,0.12,883.16,0.14,0.99,173.62,861.83,81.48,7.06,15.7,14.903571428571427,20.39
2021-03-19,175.99,0.04,194.82,0.04,198.05,0.05,0.92,26.96,105.37,64.35,23.03,5.59,0.0,3.58
2021-03-19,18.28,0.04,22.58,0.05,28.18,0.05,0.9,13.66,83.63,48.15,0.24,2.29,0.0,1.41
2021-03-19,332.92,0.07,268.44,0.06,203.62,0.05,1.12,49.36,450.05,79.63,7.94,4.84,1.3275000000000001,5.52
2021-03-19,545.81,0.28,469.68,0.25,307.73,0.23,1.16,30.27,641.49,54.63,17.41,2.27,0.0,3.2
2021-03-19,122.61,0.05,116.84,0.05,112.7,0.05,1.16,17.73,94.62,60.19,8.08,1.09,0.0,1.22
2021-03-19,252.05,0.08,250.86,0.08,230.07,0.09,1.16,28.58,60.69,75.0,6.93,2.21,0.0,1.48
2021-03-19,120.9,0.03,120.75,0.03,190.26,0.04,0.69,25.9,101.84,87.96,8.7,4.47,0.2989285714285715,1.78
2021-03-19,1166.58,0.07,1116.57,0.12,883.16,0.14,0.98,174.67,858.78,81.48,7.43,15.7,15.136785714285713,20.39
2021-03-19,0.36,0.0,0.24,0.0,0.15,0.0,1.14,0.0,1.83,50.46,0.61,0.0,0.0,0.0
2021-03-19,86.98,0.0,88.36,0.0,72.94,0.0,1.17,6.46,38.25,62.96,8.68,0.6,1.0578571428571428,0.32
2021-03-19,247.1,0.01,212.46,0.01,175.01,0.01,1.14,38.7,180.66,75.93,9.46,3.55,3.6403571428571433,3.28
2021-03-19,410.41,0.04,405.28,0.05,405.29,0.06,0.7,26.88,123.82,56.48,53.68,2.78,4.3342857142857145,1.8
2021-03-19,86.97,0.0,128.83,0.01,167.98,0.02,0.84,16.44,113.05,82.41,35.08,5.54,0.8928571428571429,2.63
2021-03-19,200.42,0.07,206.1,0.06,180.14,0.07,1.14,40.15,164.29,62.96,7.0,2.02,2.7639285714285715,2.13
2021-03-19,74.36,0.03,77.13,0.03,74.63,0.03,1.07,12.07,57.44,75.46,5.9,1.22,1.4939285714285713,0.76
2021-03-19,362.68,0.15,366.52,0.18,355.31,0.2,1.0,39.15,206.15,69.44,8.13,4.46,0.0,3.11
2021-03-19,52.32,0.03,70.75,0.03,79.47,0.03,0.81,5.3,52.3,73.61,0.82,0.29,0.0,0.16
2021-03-19,273.55,0.02,297.38,0.02,283.17,0.02,1.1,41.69,185.3,55.56,6.52,6.12,0.23357142857142857,5.03
2021-03-19,276.17,0.06,283.81,0.06,261.26,0.06,1.12,59.47,364.96,62.04,7.56,4.78,4.217142857142857,4.16
2021-03-20,86.97,0.0,128.83,0.01,167.98,0.01,0.84,16.1,107.99,80.56,35.84,5.54,0.8839285714285714,2.63
2021-03-20,1166.58,0.06,1116.57,0.12,883.16,0.14,0.97,169.91,820.28,81.48,7.59,15.7,15.37,20.39
2021-03-20,74.36,0.03,77.13,0.03,74.63,0.03,1.08,12.33,57.94,71.76,6.17,1.22,1.425,0.76
2021-03-20,52.32,0.03,70.75,0.03,79.47,0.03,0.81,5.39,50.3,73.61,0.87,0.29,0.0,0.16
2021-03-20,200.42,0.07,206.1,0.06,180.14,0.07,1.14,40.67,163.44,62.96,7.07,2.02,2.7224999999999997,2.13
2021-03-20,18.28,0.04,22.58,0.04,28.18,0.05,0.92,13.42,82.53,48.15,0.24,2.29,0.0,1.41
2021-03-20,362.68,0.16,366.52,0.17,355.31,0.2,1.01,39.63,203.32,69.44,8.44,4.46,0.0,3.11
2021-03-20,122.61,0.05,116.84,0.05,112.7,0.05,1.17,19.91,95.42,60.19,8.13,1.09,0.0,1.22
2021-03-20,545.81,0.28,469.68,0.26,307.73,0.24,1.15,29.83,646.87,54.63,17.73,2.27,0.0,3.2
2021-03-20,0.36,0.0,0.24,0.0,0.15,0.0,1.11,0.0,1.57,50.46,0.62,0.0,0.0,0.0
2021-03-20,175.99,0.04,194.82,0.04,198.05,0.05,0.93,26.33,103.41,64.35,23.45,5.59,0.0,3.58
2021-03-20,410.41,0.04,405.28,0.05,405.29,0.06,0.68,27.3,122.34,56.44,53.76,2.78,4.473928571428571,1.8
2021-03-20,332.92,0.07,268.44,0.06,203.62,0.05,1.11,50.51,459.62,79.63,8.16,4.84,1.3849999999999998,5.52
2021-03-20,273.55,0.02,297.38,0.02,283.17,0.02,1.11,38.6,182.21,55.56,6.71,6.12,0.23535714285714285,5.03
2021-03-20,276.17,0.06,283.81,0.06,261.26,0.06,1.13,60.02,363.81,70.37,7.9,4.78,4.224285714285714,4.16
2021-03-21,394.57,0.1,375.02,0.11,368.3,0.11,1.2,22.37,134.32,69.27,7.62,1.87,0.0,1.78
2021-03-21,42.42,0.03,52.32,0.03,70.75,0.03,0.82,5.22,50.65,73.61,0.9,0.18,0.0,0.1
2021-03-21,160.62,0.04,175.99,0.04,194.82,0.05,0.95,25.94,101.72,64.35,23.64,4.37,0.0,2.62
2021-03-21,226.07,0.15,192.53,0.13,163.14,0.11,1.2,59.56,571.64,73.15,7.32,4.23,0.0,5.16
2021-03-21,280.74,0.03,410.41,0.05,405.28,0.06,0.65,28.47,127.74,56.32,53.98,2.07,4.613571428571428,1.58
2021-03-21,1057.9,0.06,1166.58,0.11,1116.57,0.14,0.96,174.29,840.67,81.48,7.71,18.71,15.653571428571427,19.53
2021-03-21,1048.08,0.19,1012.63,0.19,865.87,0.18,1.06,44.49,524.86,64.69,10.42,6.98,3.6721428571428576,7.3
2021-03-21,371.59,0.07,332.92,0.06,268.44,0.06,1.09,52.2,467.5,79.63,8.28,4.96,1.480357142857143,6.62
2021-03-21,84.48,0.0,86.97,0.01,128.83,0.01,0.85,15.54,107.01,80.56,36.22,3.77,0.875,1.8
2021-03-21,368.37,0.01,399.53,0.02,416.05,0.02,0.87,107.91,657.75,71.3,9.57,16.89,0.0,13.47
2021-03-21,78.98,0.03,74.36,0.03,77.13,0.03,1.09,12.92,59.21,71.76,6.41,1.0,1.3810714285714283,0.75
2021-03-21,0.44,0.0,0.36,0.0,0.24,0.0,1.09,0.0,1.41,50.46,0.63,0.0,0.0,0.0
2021-03-21,623.79,0.29,545.81,0.26,469.68,0.24,1.15,30.12,651.82,54.63,17.83,2.38,0.0,4.33
2021-03-21,378.12,0.2,274.27,0.17,214.88,0.14,1.31,73.28,887.21,55.09,4.14,8.92,6.967142857142856,15.32
2021-03-21,245.43,0.07,200.42,0.06,206.1,0.07,1.15,41.61,172.7,62.96,7.07,2.36,2.676428571428571,2.21
2021-03-21,140.74,0.05,122.61,0.05,116.84,0.05,1.18,19.11,96.45,60.19,8.14,1.01,0.0,1.04
2021-03-21,317.77,0.06,276.17,0.06,283.81,0.06,1.14,60.86,368.5,70.37,8.0,4.52,4.231428571428571,4.0
2021-03-21,329.31,0.16,362.68,0.17,366.52,0.2,1.03,39.15,206.62,69.44,8.44,2.57,0.0,3.31
2021-03-22,245.43,0.07,200.42,0.06,206.1,0.06,1.15,43.15,181.2,62.96,7.3,2.36,2.630357142857143,2.21
2021-03-22,160.62,0.04,175.99,0.04,194.82,0.05,0.96,25.98,102.58,64.35,24.09,4.37,0.0,2.62
2021-03-22,284.92,0.02,273.55,0.02,297.38,0.02,1.12,40.15,197.65,55.56,6.93,7.22,0.2389285714285714,4.59
2021-03-22,97.14,0.06,100.63,0.06,116.3,0.06,0.96,42.83,132.72,66.67,8.31,2.77,0.0,1.77
2021-03-22,371.59,0.07,332.92,0.06,268.44,0.06,1.07,53.48,482.66,79.63,8.46,4.96,1.5757142857142856,6.62
2021-03-22,84.48,0.0,86.97,0.01,128.83,0.01,0.85,15.05,105.39,78.7,36.79,3.77,0.8628571428571429,1.8
2021-03-22,42.42,0.03,52.32,0.03,70.75,0.03,0.83,5.33,48.85,73.61,0.96,0.18,0.0,0.1
2021-03-22,1057.9,0.06,1166.58,0.1,1116.57,0.14,0.95,179.72,910.24,81.48,7.98,18.71,15.937142857142858,19.53
2021-03-22,329.31,0.16,362.68,0.17,366.52,0.19,1.05,41.04,218.41,69.44,8.5,2.57,0.0,3.31
2021-03-22,78.98,0.03,74.36,0.03,77.13,0.03,1.09,12.92,58.9,71.76,6.72,1.0,1.3371428571428574,0.75
2021-03-22,140.74,0.05,122.61,0.05,116.84,0.05,1.19,19.68,97.71,60.19,8.26,1.01,0.0,1.04
2021-03-22,280.74,0.03,410.41,0.04,405.28,0.06,0.62,26.99,123.72,56.2,54.2,2.07,4.753214285714286,1.58
2021-03-22,18.8,0.04,18.28,0.04,22.58,0.05,0.93,12.52,80.29,48.15,0.25,1.62,0.0,1.88
2021-03-22,0.44,0.0,0.36,0.0,0.24,0.0,1.07,0.0,1.64,44.91,0.7,0.0,0.0,0.0
2021-03-22,317.77,0.07,276.17,0.06,283.81,0.06,1.15,62.22,375.58,62.04,8.23,4.52,4.238571428571428,4.0
2021-03-22,623.79,0.29,545.81,0.26,469.68,0.24,1.15,31.87,657.2,54.63,18.18,2.38,0.0,4.33
2021-03-23,245.43,0.07,200.42,0.06,206.1,0.06,1.16,44.78,178.88,62.96,7.67,2.36,2.584285714285714,2.21
2021-03-23,317.77,0.07,276.17,0.06,283.81,0.06,1.16,62.51,375.92,62.04,8.44,4.52,4.2457142857142856,4.0
2021-03-23,18.8,0.04,18.28,0.04,22.58,0.05,0.94,12.69,78.86,48.15,0.26,1.62,0.0,1.88
2021-03-23,1057.9,0.06,1166.58,0.09,1116.57,0.13,0.94,180.68,896.8,81.48,8.35,18.71,16.220714285714287,19.53
2021-03-23,371.59,0.07,332.92,0.07,268.44,0.06,1.06,55.15,497.21,79.63,8.58,4.96,1.6710714285714288,6.62
2021-03-23,97.14,0.06,100.63,0.06,116.3,0.06,0.97,41.99,127.7,66.67,8.44,2.77,0.0,1.77
2021-03-23,0.44,0.0,0.36,0.0,0.24,0.0,1.08,0.04,1.8,44.91,0.78,0.0,0.0,0.0
2021-03-23,84.48,0.0,86.97,0.01,128.83,0.01,0.86,14.34,100.05,78.7,37.44,3.77,0.8507142857142858,1.8
2021-03-23,78.98,0.03,74.36,0.03,77.13,0.03,1.1,13.44,58.88,71.76,7.02,1.0,1.2932142857142856,0.75
2021-03-23,623.79,0.29,545.81,0.27,469.68,0.25,1.14,30.71,679.76,54.63,18.31,2.38,0.0,4.33
2021-03-23,140.74,0.05,122.61,0.05,116.84,0.05,1.2,19.11,100.0,60.19,8.43,1.01,0.0,1.04
2021-03-23,329.31,0.16,362.68,0.16,366.52,0.19,1.06,39.63,212.75,69.44,8.51,2.57,0.0,3.31
2021-03-23,160.62,0.04,175.99,0.04,194.82,0.04,0.96,25.82,102.21,64.35,24.67,4.37,0.0,2.62
2021-03-23,280.74,0.03,410.41,0.04,405.28,0.06,0.6,28.47,116.2,56.09,54.4,2.07,4.8928571428571415,1.58
2021-03-23,284.92,0.02,273.55,0.02,297.38,0.02,1.13,38.6,174.49,55.56,7.35,7.22,0.2407142857142857,4.59
2021-03-23,42.42,0.03,52.32,0.03,70.75,0.03,0.83,5.33,48.65,73.61,1.04,0.18,0.0,0.1
2021-03-24,18.8,0.04,18.28,0.04,22.58,0.05,0.94,10.87,69.29,48.15,0.28,1.62,0.0,1.88
2021-03-24,0.44,0.0,0.36,0.0,0.24,0.0,1.06,0.0,1.76,44.91,0.86,0.0,0.0,0.0
2021-03-24,329.31,0.17,362.68,0.16,366.52,0.18,1.07,39.15,209.45,69.44,8.54,2.57,0.0,3.31
2021-03-24,284.92,0.02,273.55,0.02,297.38,0.02,1.13,35.52,185.3,55.56,7.75,7.22,0.2425,4.59
2021-03-24,623.79,0.3,545.81,0.27,469.68,0.25,1.13,30.42,707.12,54.63,18.45,2.38,0.0,4.33
2021-03-24,245.43,0.07,200.42,0.06,206.1,0.06,1.16,45.81,182.14,62.96,8.0,2.36,2.538214285714286,2.21
2021-03-24,42.42,0.03,52.32,0.03,70.75,0.03,0.85,5.42,49.41,73.61,1.1,0.18,0.0,0.1
2021-03-24,97.14,0.06,100.63,0.06,116.3,0.06,0.99,41.0,123.87,69.44,8.52,2.77,0.0,1.77
2021-03-24,84.48,0.0,86.97,0.0,128.83,0.01,0.86,13.7,96.09,78.7,38.12,3.77,0.8385714285714286,1.8
2021-03-24,1057.9,0.06,1166.58,0.08,1116.57,0.13,0.92,177.34,880.88,81.48,8.7,18.71,16.504285714285714,19.53
2021-03-24,160.62,0.04,175.99,0.04,194.82,0.04,0.97,25.66,102.26,64.35,25.31,4.37,0.0,2.62
2021-03-24,317.77,0.07,276.17,0.06,283.81,0.06,1.17,62.22,373.29,62.04,8.66,4.52,4.252857142857144,4.0
2021-03-24,78.98,0.03,74.36,0.03,77.13,0.03,1.11,13.52,59.55,71.76,7.38,1.0,1.249285714285714,0.75
2021-03-24,140.74,0.05,122.61,0.05,116.84,0.05,1.2,18.19,97.25,60.19,8.61,1.01,0.0,1.04
2021-03-24,280.74,0.03,410.41,0.04,405.28,0.06,0.58,26.88,111.76,55.99,54.58,2.07,5.0325,1.58
2021-03-24,371.59,0.07,332.92,0.07,268.44,0.06,1.05,56.18,505.34,79.63,8.72,4.96,1.7664285714285715,6.62
2021-03-24,9.04,0.02,8.25,0.02,8.2,0.02,1.12,4.91,47.56,42.59,0.34,0.42,3.7949999999999995,0.29
2021-03-25,284.92,0.02,273.55,0.02,297.38,0.02,1.14,26.25,182.21,55.56,8.16,7.22,0.23964285714285713,4.59
2021-03-25,1057.9,0.06,1166.58,0.07,1116.57,0.12,0.91,177.15,861.26,81.48,9.07,18.71,16.787857142857142,19.53
2021-03-25,0.44,0.0,0.36,0.0,0.24,0.0,1.04,0.04,2.41,44.91,0.91,0.0,0.0,0.0
2021-03-25,280.74,0.02,410.41,0.04,405.28,0.05,0.56,25.93,108.26,55.9,54.75,2.07,5.140357142857143,1.58
2021-03-25,97.14,0.06,100.63,0.06,116.3,0.06,1.0,41.17,120.38,69.44,8.63,2.77,0.0,1.77
2021-03-25,245.43,0.08,200.42,0.06,206.1,0.06,1.16,46.59,183.77,62.96,8.51,2.36,2.492142857142857,2.21
2021-03-25,623.79,0.3,545.81,0.28,469.68,0.25,1.12,32.31,742.04,54.63,18.7,2.38,0.0,4.33
2021-03-25,317.77,0.07,276.17,0.06,283.81,0.06,1.17,62.61,374.4,62.04,8.91,4.52,4.26,4.0
2021-03-25,18.8,0.04,18.28,0.04,22.58,0.05,0.94,10.87,69.29,48.15,0.3,1.62,0.0,1.88
2021-03-25,160.62,0.04,175.99,0.04,194.82,0.04,0.98,25.19,100.81,64.35,26.01,4.37,0.0,2.62
2021-03-25,78.98,0.03,74.36,0.03,77.13,0.03,1.12,13.7,59.76,71.76,7.77,1.0,1.2053571428571428,0.75
2021-03-25,140.74,0.05,122.61,0.05,116.84,0.05,1.2,18.08,93.82,60.19,8.8,1.01,0.0,1.04
2021-03-25,329.31,0.17,362.68,0.15,366.52,0.18,1.07,40.1,217.94,69.44,8.61,2.57,0.0,3.31
2021-03-25,42.42,0.02,52.32,0.03,70.75,0.03,0.86,5.6,50.3,73.61,1.15,0.18,0.0,0.1
2021-03-25,84.48,0.0,86.97,0.0,128.83,0.01,0.87,13.02,89.63,78.7,38.9,3.77,0.8264285714285714,1.8
2021-03-25,371.59,0.07,332.92,0.07,268.44,0.06,1.04,56.46,508.61,79.63,8.86,4.96,1.8617857142857144,6.62
2021-03-26,84.48,0.0,86.97,0.0,128.83,0.01,0.87,12.3,85.63,78.7,39.81,3.77,0.8142857142857143,1.8
2021-03-26,78.98,0.03,74.36,0.03,77.13,0.03,1.14,13.39,60.23,71.76,8.18,1.0,1.1614285714285715,0.75
2021-03-26,18.8,0.04,18.28,0.04,22.58,0.05,0.94,10.75,69.47,48.15,0.31,1.62,0.0,1.88
2021-03-26,371.59,0.07,332.92,0.07,268.44,0.06,1.04,56.98,511.91,79.63,9.03,4.96,1.9571428571428573,6.62
2021-03-26,317.77,0.07,276.17,0.06,283.81,0.06,1.18,63.22,373.66,70.37,9.25,4.52,4.212142857142857,4.0
2021-03-26,308.87,0.08,252.05,0.08,250.86,0.08,1.18,28.7,68.04,75.0,7.41,1.92,0.0,1.4
2021-03-26,0.44,0.0,0.36,0.0,0.24,0.0,1.0,0.12,2.44,44.91,0.96,0.0,0.0,0.0
2021-03-26,245.43,0.08,200.42,0.07,206.1,0.06,1.16,47.19,184.71,62.96,8.93,2.36,2.4460714285714285,2.21
2021-03-26,284.92,0.02,273.55,0.02,297.38,0.02,1.14,29.34,183.76,55.56,8.55,7.22,0.2367857142857143,4.59
2021-03-26,623.79,0.3,545.81,0.28,469.68,0.25,1.11,33.18,767.95,54.63,18.97,2.38,0.0,4.33
2021-03-26,103.91,0.01,120.9,0.03,120.75,0.03,0.77,17.72,76.82,80.56,9.53,2.87,0.3510714285714286,1.21
2021-03-26,1057.9,0.05,1166.58,0.07,1116.57,0.12,0.91,173.34,842.77,81.48,9.4,18.71,17.071428571428573,19.53
2021-03-26,160.62,0.04,175.99,0.04,194.82,0.04,0.99,24.9,100.61,64.35,26.67,4.37,0.0,2.62
2021-03-26,283.36,0.01,247.1,0.01,212.46,0.01,1.13,44.74,208.29,73.15,11.6,3.09,3.3685714285714283,3.83
2021-03-26,280.74,0.02,410.41,0.04,405.28,0.05,0.54,25.19,103.72,55.86,54.83,2.07,5.248214285714285,1.58
2021-03-26,140.74,0.05,122.61,0.05,116.84,0.05,1.21,18.53,93.36,60.19,8.97,1.01,0.0,1.04
2021-03-26,135.33,0.0,86.98,0.0,88.36,0.0,1.11,6.46,32.47,62.96,9.47,0.46,0.6907142857142857,0.22
2021-03-26,329.31,0.18,362.68,0.15,366.52,0.18,1.08,41.51,228.79,69.44,8.76,2.57,0.0,3.31
2021-03-26,42.42,0.02,52.32,0.03,70.75,0.03,0.88,5.57,51.15,73.61,1.18,0.18,0.0,0.1
2021-03-27,280.74,0.02,410.41,0.04,405.28,0.05,0.53,25.82,101.07,55.83,54.88,2.07,5.356071428571428,1.58
2021-03-27,160.62,0.04,175.99,0.04,194.82,0.04,1.0,24.36,98.18,64.35,27.1,4.37,0.0,2.62
2021-03-27,317.77,0.07,276.17,0.06,283.81,0.06,1.18,64.19,376.58,70.37,9.5,4.52,4.164285714285715,4.0
2021-03-27,284.92,0.02,273.55,0.02,297.38,0.02,1.13,30.88,186.84,55.56,8.71,7.22,0.23392857142857143,4.59
2021-03-27,245.43,0.08,200.42,0.07,206.1,0.06,1.16,47.79,185.31,62.96,9.11,2.36,2.3999999999999995,2.21
2021-03-27,1057.9,0.05,1166.58,0.06,1116.57,0.12,0.9,169.72,788.93,81.48,9.54,18.71,17.355,19.53
2021-03-27,78.98,0.04,74.36,0.03,77.13,0.03,1.14,13.44,61.11,71.76,8.52,1.0,1.1175,0.75
2021-03-27,0.44,0.0,0.36,0.0,0.24,0.0,0.97,0.08,2.29,44.91,0.97,0.0,0.0,0.0
2021-03-27,140.74,0.05,122.61,0.05,116.84,0.05,1.21,19.11,94.39,60.19,9.0,1.01,0.0,1.04
2021-03-27,329.31,0.18,362.68,0.16,366.52,0.17,1.09,41.51,216.05,69.44,8.95,2.57,0.0,3.31
2021-03-27,623.79,0.31,545.81,0.28,469.68,0.26,1.09,33.47,787.89,54.63,18.99,2.38,0.0,4.33
2021-03-27,84.48,0.0,86.97,0.0,128.83,0.01,0.87,11.66,81.0,78.7,40.93,3.77,0.802142857142857,1.8
2021-03-27,371.59,0.07,332.92,0.07,268.44,0.06,1.04,57.37,515.74,79.63,9.22,4.96,2.0524999999999998,6.62
2021-03-27,42.42,0.02,52.32,0.03,70.75,0.03,0.9,5.45,51.68,73.61,1.21,0.18,0.0,0.1
2021-03-27,289.93,0.01,248.4,0.01,136.38,0.01,1.12,25.67,224.33,71.3,10.43,0.11,0.485,0.43
2021-03-28,169.13,0.05,140.74,0.05,122.61,0.05,1.21,19.68,98.28,60.19,9.01,1.22,0.0,0.94
2021-03-28,158.76,0.04,160.62,0.04,175.99,0.04,1.01,24.02,98.39,64.35,27.3,3.58,0.0,2.56
2021-03-28,87.75,0.04,78.98,0.03,74.36,0.03,1.15,13.26,61.45,71.76,8.75,0.76,1.0910714285714287,0.76
2021-03-28,349.33,0.08,245.43,0.07,200.42,0.06,1.16,48.82,192.95,62.96,9.12,2.13,2.3685714285714283,2.3
2021-03-28,408.55,0.07,317.77,0.06,276.17,0.06,1.17,64.97,382.32,70.37,9.57,4.16,4.116428571428572,4.08
2021-03-28,296.67,0.01,368.37,0.01,399.53,0.02,0.83,103.84,613.1,74.07,11.58,18.06,0.0,11.8
2021-03-28,79.96,0.0,84.48,0.0,86.97,0.01,0.88,11.38,79.32,78.7,41.47,2.63,0.7899999999999999,1.37
2021-03-28,442.62,0.1,394.57,0.1,375.02,0.11,1.23,27.02,145.32,71.1,8.68,1.85,0.0,1.73
2021-03-28,38.2,0.02,42.42,0.03,52.32,0.03,0.9,5.39,52.95,73.61,1.23,0.16,0.0,0.09
2021-03-28,279.67,0.17,226.07,0.15,192.53,0.13,1.12,65.41,626.52,67.59,8.84,4.36,0.0,6.45
2021-03-28,1090.82,0.21,1048.08,0.19,1012.63,0.19,0.97,50.52,522.6,60.98,12.6,6.24,4.5675,8.68
2021-03-28,370.19,0.07,371.59,0.07,332.92,0.06,1.04,58.4,523.94,79.63,9.37,5.52,2.111785714285714,7.17
2021-03-28,147.06,0.02,280.74,0.03,410.41,0.05,0.51,26.14,104.24,55.77,55.02,1.8,5.46392857142857,1.21
2021-03-28,514.89,0.23,378.12,0.2,274.27,0.17,1.19,90.24,1120.62,50.93,4.39,13.42,8.884285714285713,14.32
2021-03-28,897.95,0.05,1057.9,0.06,1166.58,0.11,0.89,172.0,799.22,81.48,9.61,20.39,17.53035714285714,17.13
2021-03-28,732.98,0.31,623.79,0.29,545.81,0.26,1.08,34.2,804.91,54.63,19.04,3.2,0.0,5.28
2021-03-28,391.51,0.18,329.31,0.16,362.68,0.17,1.1,43.87,223.13,69.44,8.95,3.11,0.0,3.58
2021-03-28,0.43,0.0,0.44,0.0,0.36,0.0,0.95,0.04,2.44,44.91,1.0,0.0,0.0,0.0
2021-03-29,79.96,0.0,84.48,0.0,86.97,0.01,0.88,11.08,79.23,78.7,41.96,2.63,0.785357142857143,1.37
2021-03-29,349.33,0.08,245.43,0.07,200.42,0.06,1.15,50.53,203.5,62.96,9.36,2.13,2.337142857142857,2.3
2021-03-29,169.13,0.05,140.74,0.05,122.61,0.05,1.21,18.53,97.36,60.19,9.17,1.22,0.0,0.94
2021-03-29,87.75,0.04,78.98,0.03,74.36,0.03,1.16,14.15,64.1,71.76,9.12,0.76,1.064642857142857,0.76
2021-03-29,0.43,0.0,0.44,0.0,0.36,0.0,0.94,0.04,2.52,44.91,1.11,0.0,0.0,0.0
2021-03-29,147.06,0.02,280.74,0.03,410.41,0.04,0.5,25.61,99.27,55.71,55.17,1.8,5.571785714285714,1.21
2021-03-29,101.84,0.06,97.14,0.06,100.63,0.06,1.13,39.45,127.4,69.44,8.85,2.14,0.0,1.59
2021-03-29,391.51,0.18,329.31,0.16,362.68,0.17,1.11,45.29,233.04,69.44,9.0,3.11,0.0,3.58
2021-03-29,357.95,0.02,284.92,0.02,273.55,0.02,1.13,32.43,200.74,55.56,8.86,5.03,0.2282142857142857,2.84
2021-03-29,732.98,0.31,623.79,0.29,545.81,0.26,1.07,34.34,858.47,54.63,19.12,3.2,0.0,5.28
2021-03-29,408.55,0.07,317.77,0.07,276.17,0.06,1.18,67.07,390.6,70.37,9.82,4.16,4.0685714285714285,4.08
2021-03-29,158.76,0.04,160.62,0.04,175.99,0.04,1.03,24.67,99.74,64.35,27.78,3.58,0.0,2.56
2021-03-29,38.2,0.02,42.42,0.03,52.32,0.03,0.91,5.39,54.33,73.61,1.26,0.16,0.0,0.09
2021-03-29,897.95,0.05,1057.9,0.06,1166.58,0.1,0.88,173.81,861.16,81.48,9.85,20.39,17.705714285714286,17.13
2021-03-29,370.19,0.07,371.59,0.07,332.92,0.06,1.05,59.45,534.56,79.63,9.59,5.52,2.171071428571429,7.17
2021-03-30,408.55,0.07,317.77,0.07,276.17,0.06,1.18,68.33,394.56,70.37,10.19,4.16,4.020714285714286,4.08
2021-03-30,732.98,0.31,623.79,0.29,545.81,0.27,1.05,34.64,900.38,54.63,19.36,3.2,0.0,5.28
2021-03-30,38.2,0.02,42.42,0.03,52.32,0.03,0.92,5.39,54.13,73.61,1.29,0.16,0.0,0.09
2021-03-30,79.96,0.0,84.48,0.0,86.97,0.01,0.88,10.53,75.07,78.7,42.44,2.63,0.7807142857142857,1.37
2021-03-30,101.84,0.06,97.14,0.06,100.63,0.06,1.14,39.0,125.13,69.44,8.94,2.14,0.0,1.59
2021-03-30,370.19,0.07,371.59,0.07,332.92,0.07,1.02,60.06,541.59,79.63,9.86,5.52,2.230357142857143,7.17
2021-03-30,349.33,0.08,245.43,0.07,200.42,0.06,1.14,51.56,206.08,62.96,9.72,2.13,2.3057142857142856,2.3
2021-03-30,87.75,0.04,78.98,0.03,74.36,0.03,1.17,14.33,64.34,71.76,9.44,0.76,1.0382142857142858,0.76
2021-03-30,147.06,0.02,280.74,0.03,410.41,0.04,0.48,25.93,91.76,55.7,55.2,1.8,5.679642857142857,1.21
2021-03-30,357.95,0.02,284.92,0.02,273.55,0.02,1.12,27.8,189.93,55.56,9.16,5.03,0.22535714285714284,2.84
2021-03-30,391.51,0.18,329.31,0.16,362.68,0.16,1.12,45.76,239.17,69.44,9.19,3.11,0.0,3.58
2021-03-30,158.76,0.04,160.62,0.04,175.99,0.04,1.06,24.77,100.49,58.8,28.38,3.58,0.0,2.56
2021-03-30,169.13,0.05,140.74,0.05,122.61,0.05,1.21,19.22,98.28,60.19,9.38,1.22,0.0,0.94
2021-03-30,19.21,0.05,18.8,0.04,18.28,0.04,0.94,11.24,67.64,48.15,0.32,1.41,0.0,1.3
2021-03-30,897.95,0.04,1057.9,0.06,1166.58,0.09,0.86,169.05,828.0,81.48,10.1,20.39,17.881071428571428,17.13
2021-03-30,0.43,0.0,0.44,0.0,0.36,0.0,0.96,0.04,2.75,44.91,1.28,0.0,0.0,0.0
2021-03-31,147.06,0.02,280.74,0.03,410.41,0.04,0.47,24.66,90.59,55.62,55.31,1.8,5.7875,1.21
2021-03-31,87.75,0.04,78.98,0.03,74.36,0.03,1.18,14.3,63.97,71.76,9.87,0.76,1.0117857142857143,0.76
2021-03-31,19.21,0.05,18.8,0.04,18.28,0.04,0.94,11.24,67.64,48.15,0.35,1.41,0.0,1.3
2021-03-31,391.51,0.18,329.31,0.17,362.68,0.16,1.12,46.23,235.87,69.44,9.54,3.11,0.0,3.58
2021-03-31,0.43,0.0,0.44,0.0,0.36,0.0,0.99,0.04,2.71,44.91,1.45,0.0,0.0,0.0
2021-03-31,732.98,0.31,623.79,0.3,545.81,0.27,1.04,35.36,923.96,54.63,19.47,3.2,0.0,5.28
2021-03-31,79.96,0.0,84.48,0.0,86.97,0.0,0.87,10.1,71.06,78.7,42.94,2.63,0.7760714285714286,1.37
2021-03-31,10.14,0.03,9.04,0.02,8.25,0.02,1.26,5.08,50.62,42.59,0.57,0.38,4.83,0.25
2021-03-31,169.13,0.05,140.74,0.05,122.61,0.05,1.21,19.11,93.24,60.19,9.62,1.22,0.0,0.94
2021-03-31,101.84,0.06,97.14,0.06,100.63,0.06,1.15,38.96,125.0,69.44,9.13,2.14,0.0,1.59
2021-03-31,357.95,0.02,284.92,0.02,273.55,0.02,1.12,32.43,193.02,55.56,9.42,5.03,0.2225,2.84
2021-03-31,370.19,0.07,371.59,0.07,332.92,0.07,0.99,60.78,542.47,79.63,10.15,5.52,2.2896428571428573,7.17
2021-03-31,38.2,0.02,42.42,0.03,52.32,0.03,0.92,5.45,56.1,73.61,1.31,0.16,0.0,0.09
2021-03-31,408.55,0.07,317.77,0.07,276.17,0.06,1.19,68.59,396.32,70.37,10.57,4.16,3.972857142857143,4.08
2021-03-31,158.76,0.05,160.62,0.04,175.99,0.04,1.09,25.09,101.59,58.8,29.04,3.58,0.0,2.56
2021-03-31,349.33,0.08,245.43,0.07,200.42,0.06,1.13,54.56,210.36,62.96,10.16,2.13,2.274285714285714,2.3
2021-03-31,897.95,0.04,1057.9,0.06,1166.58,0.08,0.85,166.1,797.22,81.48,10.36,20.39,18.056428571428572,17.13
2021-04-01,370.19,0.07,371.59,0.07,332.92,0.07,0.97,61.32,542.77,79.63,10.47,5.52,2.3489285714285715,7.17
2021-04-01,19.21,0.05,18.8,0.04,18.28,0.04,0.95,11.24,67.2,48.15,0.37,1.41,0.0,1.3
2021-04-01,357.95,0.02,284.92,0.02,273.55,0.02,1.12,29.34,191.48,55.56,9.7,5.03,0.21857142857142858,2.84
2021-04-01,87.75,0.04,78.98,0.03,74.36,0.03,1.19,14.95,65.77,71.76,10.35,0.76,0.9853571428571428,0.76
2021-04-01,391.51,0.18,329.31,0.17,362.68,0.15,1.12,50.0,236.34,69.44,10.1,3.11,0.0,3.58
2021-04-01,158.76,0.05,160.62,0.04,175.99,0.04,1.09,24.65,101.58,58.8,29.72,3.58,0.0,2.56
2021-04-01,349.33,0.08,245.43,0.08,200.42,0.06,1.12,55.94,213.88,62.96,10.67,2.13,2.242857142857143,2.3
2021-04-01,101.84,0.06,97.14,0.06,100.63,0.06,1.17,38.48,122.98,69.44,9.35,2.14,0.0,1.59
2021-04-01,169.13,0.05,140.74,0.05,122.61,0.05,1.21,18.76,94.04,60.19,9.9,1.22,0.0,0.94
2021-04-01,147.06,0.02,280.74,0.02,410.41,0.04,0.47,25.72,87.84,55.57,55.42,1.8,5.813928571428571,1.21
2021-04-01,897.95,0.04,1057.9,0.06,1166.58,0.07,0.83,166.0,781.97,81.48,10.61,20.39,18.231785714285714,17.13
2021-04-01,79.96,0.0,84.48,0.0,86.97,0.0,0.87,9.33,66.81,78.7,43.43,2.63,0.7714285714285715,1.37
2021-04-01,38.2,0.03,42.42,0.02,52.32,0.03,0.92,5.3,56.93,73.61,1.33,0.16,0.0,0.09
2021-04-01,0.43,0.0,0.44,0.0,0.36,0.0,1.04,0.04,2.79,44.91,1.63,0.0,0.0,0.0
2021-04-01,408.55,0.07,317.77,0.07,276.17,0.06,1.18,69.44,398.68,70.37,11.07,4.16,3.9250000000000003,4.08
2021-04-02,101.84,0.06,97.14,0.06,100.63,0.06,1.17,38.1,118.63,69.44,9.59,2.14,0.0,1.59
2021-04-02,147.06,0.02,280.74,0.02,410.41,0.04,0.47,24.55,80.54,55.55,55.46,1.8,5.840357142857143,1.21
2021-04-02,357.95,0.02,284.92,0.02,273.55,0.02,1.11,32.43,191.48,55.56,9.99,5.03,0.21464285714285714,2.84
2021-04-02,169.13,0.05,140.74,0.05,122.61,0.05,1.21,18.31,89.93,60.19,10.17,1.22,0.0,0.94
2021-04-02,897.95,0.04,1057.9,0.05,1166.58,0.07,0.82,159.81,770.16,81.48,10.84,20.39,18.407142857142855,17.13
2021-04-02,391.51,0.18,329.31,0.18,362.68,0.15,1.12,50.0,235.87,69.44,10.75,3.11,0.0,3.58
2021-04-02,362.22,0.08,308.87,0.08,252.05,0.08,1.13,32.0,75.95,75.0,8.36,1.48,0.0,1.2
2021-04-02,158.76,0.05,160.62,0.04,175.99,0.04,1.08,24.62,102.38,58.8,30.35,3.58,0.0,2.56
2021-04-02,0.43,0.0,0.44,0.0,0.36,0.0,1.09,0.08,2.86,50.46,1.8,0.0,0.0,0.0
2021-04-02,408.55,0.07,317.77,0.07,276.17,0.06,1.17,70.28,401.72,68.52,11.6,4.16,3.853214285714286,4.08
2021-04-02,65.68,0.02,103.91,0.01,120.9,0.03,0.85,15.09,65.14,80.56,12.07,1.78,0.3628571428571429,0.81
2021-04-02,19.21,0.05,18.8,0.04,18.28,0.04,0.96,10.87,67.27,48.15,0.39,1.41,0.0,1.3
2021-04-02,321.18,0.01,283.36,0.01,247.1,0.01,1.07,52.69,242.07,73.15,13.35,3.28,3.4228571428571426,3.45
2021-04-02,732.98,0.26,623.79,0.3,545.81,0.28,1.03,35.07,976.93,54.63,19.89,3.2,0.0,5.28
2021-04-02,119.31,0.0,135.33,0.0,86.98,0.0,1.09,6.8,35.19,62.96,10.33,0.32,0.43464285714285716,0.34
2021-04-02,370.19,0.07,371.59,0.07,332.92,0.07,0.95,61.45,543.72,79.63,10.8,5.52,2.408214285714286,7.17
2021-04-02,38.2,0.02,42.42,0.02,52.32,0.03,0.92,5.6,55.96,73.61,1.34,0.16,0.0,0.09
2021-04-02,79.96,0.0,84.48,0.0,86.97,0.0,0.86,9.11,65.38,78.7,44.03,2.63,0.7667857142857143,1.37
2021-04-02,87.75,0.04,78.98,0.03,74.36,0.03,1.19,15.45,65.19,71.76,10.9,0.76,0.9589285714285715,0.76
2021-04-02,349.33,0.08,245.43,0.08,200.42,0.07,1.11,57.22,214.74,62.96,11.11,2.13,2.2114285714285713,2.3
2021-04-03,349.33,0.08,245.43,0.08,200.42,0.07,1.1,60.14,220.32,62.96,11.27,2.13,2.18,2.3
2021-04-03,0.43,0.0,0.44,0.0,0.36,0.0,1.12,0.08,2.94,50.46,1.87,0.0,0.0,0.0
2021-04-03,79.96,0.0,84.48,0.0,86.97,0.0,0.86,8.8,64.66,70.37,44.66,2.63,0.7621428571428572,1.37
2021-04-03,147.06,0.02,280.74,0.02,410.41,0.04,0.46,24.02,73.98,55.54,55.48,1.8,5.866785714285713,1.21
2021-04-03,357.95,0.03,284.92,0.02,273.55,0.02,1.11,35.52,210.01,55.56,10.17,5.03,0.2107142857142857,2.84
2021-04-03,408.55,0.07,317.77,0.07,276.17,0.06,1.16,70.65,401.97,68.52,11.89,4.16,3.781428571428571,4.08
2021-04-03,370.19,0.07,371.59,0.07,332.92,0.07,0.95,61.57,546.36,79.63,11.09,5.52,2.4675000000000002,7.17
2021-04-03,169.13,0.05,140.74,0.05,122.61,0.05,1.2,18.99,93.59,60.19,10.25,1.22,0.0,0.94
2021-04-03,19.21,0.05,18.8,0.05,18.28,0.04,0.96,10.92,66.7,48.15,0.39,1.41,0.0,1.3
2021-04-03,87.75,0.04,78.98,0.04,74.36,0.03,1.19,15.32,65.87,71.76,11.33,0.76,0.9325,0.76
2021-04-03,391.51,0.18,329.31,0.18,362.68,0.16,1.12,49.06,234.45,69.44,11.07,3.11,0.0,3.58
2021-04-03,38.2,0.02,42.42,0.02,52.32,0.03,0.93,6.01,56.25,73.61,1.34,0.16,0.0,0.09
2021-04-03,158.76,0.05,160.62,0.04,175.99,0.04,1.08,24.24,100.35,58.8,30.76,3.58,0.0,2.56
2021-04-03,897.95,0.04,1057.9,0.05,1166.58,0.06,0.81,156.66,720.32,81.48,10.92,20.39,18.582500000000003,17.13
2021-04-04,529.29,0.22,514.89,0.23,378.12,0.2,1.06,107.49,1316.29,61.11,5.14,15.32,11.396428571428572,17.94
2021-04-04,71.29,0.02,147.06,0.02,280.74,0.03,0.47,24.34,73.55,55.53,55.51,1.58,5.8932142857142855,1.27
2021-04-04,497.76,0.07,408.55,0.07,317.77,0.06,1.14,71.84,408.65,68.52,11.98,4.0,3.709642857142857,4.35
2021-04-04,683.33,0.04,897.95,0.05,1057.9,0.06,0.81,157.71,725.56,81.48,10.98,19.53,18.63357142857143,13.48
2021-04-04,373.94,0.07,370.19,0.07,371.59,0.07,0.94,62.32,548.46,79.63,11.3,6.62,2.5035714285714286,7.35
2021-04-04,200.24,0.06,169.13,0.05,140.74,0.05,1.2,18.88,101.25,60.19,10.29,1.04,0.0,1.14
2021-04-04,79.6,0.0,79.96,0.0,84.48,0.0,0.85,8.62,60.91,70.37,45.1,1.8,0.7575000000000001,0.9
2021-04-04,827.67,0.19,1090.82,0.21,1048.08,0.19,0.87,52.03,533.16,60.97,14.63,7.3,5.462857142857142,0.32
2021-04-04,510.53,0.11,442.62,0.1,394.57,0.1,1.23,28.53,154.51,71.07,9.85,1.78,0.0,1.98
2021-04-04,108.9,0.04,87.75,0.04,78.98,0.03,1.2,15.63,67.59,71.76,11.7,0.75,0.9160714285714285,0.73
2021-04-04,449.73,0.18,391.51,0.18,329.31,0.16,1.11,49.06,235.4,69.44,11.13,3.31,0.0,4.12
2021-04-04,36.66,0.02,38.2,0.02,42.42,0.03,0.94,5.86,57.1,73.61,1.35,0.1,0.0,0.14
2021-04-04,413.17,0.08,349.33,0.08,245.43,0.07,1.09,61.08,231.04,62.96,11.29,2.21,2.19,2.85
2021-04-04,235.98,0.01,296.67,0.01,368.37,0.01,0.81,94.62,592.19,74.07,13.32,13.47,0.0,13.81
2021-04-04,730.38,0.31,732.98,0.31,623.79,0.29,1.05,39.15,1013.89,54.63,20.43,4.33,0.0,5.7
2021-04-04,0.35,0.0,0.43,0.0,0.44,0.0,1.14,0.08,2.98,50.46,1.93,0.0,0.0,0.0
2021-04-04,293.15,0.17,279.67,0.17,226.07,0.15,1.05,68.57,678.66,67.59,9.82,5.16,0.0,7.27
2021-04-04,174.76,0.05,158.76,0.04,160.62,0.04,1.08,24.71,101.88,58.8,30.97,2.62,0.0,2.24
2021-04-05,0.35,0.0,0.43,0.0,0.44,0.0,1.13,0.08,3.17,75.46,2.11,0.0,0.0,0.0
2021-04-05,127.94,0.06,101.84,0.06,97.14,0.06,1.16,38.96,131.27,69.44,10.44,1.77,0.0,1.61
2021-04-05,384.85,0.02,357.95,0.02,284.92,0.02,1.11,38.6,211.55,55.56,10.59,4.59,0.20285714285714285,2.19
2021-04-05,200.24,0.06,169.13,0.05,140.74,0.05,1.2,18.65,105.37,60.19,10.52,1.04,0.0,1.14
2021-04-05,79.6,0.0,79.96,0.0,84.48,0.0,0.84,8.64,61.22,70.37,45.45,1.8,0.7457142857142858,0.9
2021-04-05,497.76,0.07,408.55,0.07,317.77,0.07,1.13,73.35,417.65,68.52,12.28,4.0,3.637857142857143,4.35
2021-04-05,449.73,0.18,391.51,0.18,329.31,0.16,1.11,51.89,248.13,69.44,11.18,3.31,0.0,4.12
2021-04-05,108.9,0.05,87.75,0.04,78.98,0.03,1.2,15.68,69.41,71.76,12.18,0.75,0.8996428571428572,0.73
2021-04-05,36.66,0.02,38.2,0.02,42.42,0.03,0.95,5.86,55.07,73.61,1.38,0.1,0.0,0.14
2021-04-05,71.29,0.01,147.06,0.02,280.74,0.03,0.46,24.02,77.36,55.49,55.58,1.58,5.919642857142856,1.27
2021-04-05,17.55,0.04,19.21,0.05,18.8,0.04,0.95,10.77,65.72,48.15,0.4,1.88,0.0,0.7
2021-04-05,174.76,0.05,158.76,0.04,160.62,0.04,1.07,24.95,103.54,56.02,31.45,2.62,0.0,2.24
2021-04-05,683.33,0.04,897.95,0.05,1057.9,0.06,0.8,158.66,777.3,81.48,11.16,19.53,18.684642857142855,13.48
2021-04-05,413.17,0.08,349.33,0.08,245.43,0.07,1.07,63.49,241.94,70.37,11.45,2.21,2.2,2.85
2021-04-05,373.94,0.07,370.19,0.07,371.59,0.07,0.93,63.03,557.0,79.63,11.6,6.62,2.5396428571428573,7.35
2021-04-06,683.33,0.03,897.95,0.04,1057.9,0.06,0.79,153.71,750.52,81.48,11.39,19.53,18.735714285714288,13.48
2021-04-06,384.85,0.02,357.95,0.02,284.92,0.02,1.09,38.6,220.82,48.15,10.95,4.59,0.19892857142857143,2.19
2021-04-06,127.94,0.07,101.84,0.06,97.14,0.06,1.16,38.52,131.31,69.44,10.71,1.77,0.0,1.61
2021-04-06,17.55,0.04,19.21,0.05,18.8,0.04,0.95,10.77,65.72,48.15,0.42,1.88,0.0,0.7
2021-04-06,449.73,0.19,391.51,0.18,329.31,0.16,1.11,48.12,242.94,69.44,11.55,3.31,0.0,4.12
2021-04-06,200.24,0.06,169.13,0.05,140.74,0.05,1.17,19.56,105.6,60.19,10.84,1.04,0.0,1.14
2021-04-06,0.35,0.0,0.43,0.0,0.44,0.0,1.08,0.04,2.9,75.46,2.37,0.0,0.0,0.0
2021-04-06,174.76,0.05,158.76,0.04,160.62,0.04,1.06,25.34,104.7,56.02,32.06,2.62,0.0,2.24
2021-04-06,497.76,0.07,408.55,0.07,317.77,0.07,1.13,74.79,420.42,68.52,12.7,4.0,3.566071428571429,4.35
2021-04-06,79.6,0.0,79.96,0.0,84.48,0.0,0.84,8.41,58.05,70.37,45.78,1.8,0.7339285714285715,0.9
2021-04-06,373.94,0.07,370.19,0.07,371.59,0.07,0.94,62.94,558.07,79.63,11.93,6.62,2.575714285714286,7.35
2021-04-06,108.9,0.05,87.75,0.04,78.98,0.03,1.2,16.12,69.93,71.76,12.61,0.75,0.8832142857142857,0.73
2021-04-06,730.38,0.31,732.98,0.31,623.79,0.29,1.05,40.17,1048.53,61.11,20.59,4.33,0.0,5.7
2021-04-06,36.66,0.02,38.2,0.02,42.42,0.03,0.97,5.83,52.77,73.61,1.41,0.1,0.0,0.14
2021-04-06,413.17,0.08,349.33,0.08,245.43,0.07,1.06,63.23,246.06,70.37,11.68,2.21,2.21,2.85
2021-04-06,71.29,0.01,147.06,0.02,280.74,0.03,0.48,22.65,74.72,55.45,55.66,1.58,5.946071428571428,1.27
2021-04-07,497.76,0.07,408.55,0.07,317.77,0.07,1.12,74.51,419.73,68.52,13.09,4.0,3.494285714285714,4.35
2021-04-07,13.52,0.04,10.14,0.03,9.04,0.02,1.36,5.91,58.6,42.59,0.71,0.29,4.83,0.22
2021-04-07,384.85,0.02,357.95,0.02,284.92,0.02,1.08,46.32,223.9,48.15,11.3,4.59,0.195,2.19
2021-04-07,683.33,0.03,897.95,0.04,1057.9,0.06,0.78,148.08,720.03,81.48,11.62,19.53,18.786785714285713,13.48
2021-04-07,127.94,0.07,101.84,0.06,97.14,0.06,1.16,38.75,128.1,69.44,11.17,1.77,0.0,1.61
2021-04-07,413.17,0.08,349.33,0.08,245.43,0.07,1.05,64.86,252.06,70.37,12.31,2.21,2.22,2.85
2021-04-07,36.66,0.02,38.2,0.02,42.42,0.03,0.98,5.86,54.6,73.61,1.44,0.1,0.0,0.14
2021-04-07,200.24,0.05,169.13,0.05,140.74,0.05,1.17,18.88,103.43,60.19,11.12,1.04,0.0,1.14
2021-04-07,79.6,0.0,79.96,0.0,84.48,0.0,0.83,8.1,54.54,70.37,46.14,1.8,0.7221428571428572,0.9
2021-04-07,174.76,0.05,158.76,0.05,160.62,0.04,1.05,25.13,105.14,56.02,32.78,2.62,0.0,2.24
2021-04-07,0.35,0.0,0.43,0.0,0.44,0.0,1.06,0.04,3.32,75.46,2.57,0.0,0.0,0.0
2021-04-07,108.9,0.05,87.75,0.04,78.98,0.03,1.21,16.25,71.07,71.76,13.18,0.75,0.8667857142857143,0.73
2021-04-07,17.55,0.04,19.21,0.05,18.8,0.04,0.95,11.12,63.81,48.15,0.44,1.88,0.0,0.7
2021-04-07,449.73,0.19,391.51,0.18,329.31,0.17,1.1,50.95,235.87,69.44,12.18,3.31,0.0,4.12
2021-04-07,71.29,0.01,147.06,0.02,280.74,0.03,0.48,23.28,67.42,55.42,55.75,1.58,5.972499999999999,1.27
2021-04-07,373.94,0.07,370.19,0.07,371.59,0.07,0.94,62.84,557.1,79.63,12.3,6.62,2.611785714285715,7.35
2021-04-07,730.38,0.31,732.98,0.31,623.79,0.3,1.02,42.2,1072.25,61.11,20.79,4.33,0.0,5.7
2021-04-08,449.73,0.2,391.51,0.18,329.31,0.17,1.09,50.0,244.36,85.19,12.98,3.31,0.0,4.12
2021-04-08,384.85,0.02,357.95,0.02,284.92,0.02,1.06,46.32,217.73,48.15,11.71,4.59,0.18857142857142856,2.19
2021-04-08,71.29,0.01,147.06,0.02,280.74,0.02,0.49,21.8,64.45,55.39,55.84,1.58,5.936785714285714,1.27
2021-04-08,730.38,0.3,732.98,0.31,623.79,0.3,0.99,42.35,1092.77,61.11,21.11,4.33,0.0,5.7
2021-04-08,200.24,0.05,169.13,0.05,140.74,0.05,1.16,18.53,105.94,60.19,11.39,1.04,0.0,1.14
2021-04-08,17.55,0.04,19.21,0.05,18.8,0.04,0.94,10.79,62.64,48.15,0.45,1.88,0.0,0.7
2021-04-08,683.33,0.03,897.95,0.04,1057.9,0.06,0.77,143.51,690.3,81.48,11.86,19.53,18.837857142857143,13.48
2021-04-08,413.17,0.08,349.33,0.08,245.43,0.08,1.03,67.78,253.86,70.37,12.98,2.21,2.23,2.85
2021-04-08,108.9,0.05,87.75,0.04,78.98,0.03,1.21,16.33,71.38,75.46,13.69,0.75,0.8503571428571429,0.73
2021-04-08,373.94,0.07,370.19,0.07,371.59,0.07,0.92,62.35,552.7,79.63,12.64,6.62,2.6478571428571427,7.35
2021-04-08,497.76,0.07,408.55,0.07,317.77,0.07,1.11,75.34,421.47,68.52,13.55,4.0,3.4225000000000003,4.35
2021-04-08,174.76,0.05,158.76,0.05,160.62,0.04,1.05,25.04,105.15,56.02,33.54,2.62,0.0,2.24
2021-04-08,79.6,0.0,79.96,0.0,84.48,0.0,0.83,7.66,51.8,70.37,46.39,1.8,0.7103571428571429,0.9
2021-04-08,36.66,0.02,38.2,0.03,42.42,0.02,0.99,5.78,52.86,68.06,1.49,0.1,0.0,0.14
2021-04-08,127.94,0.07,101.84,0.06,97.14,0.06,1.15,38.84,129.02,69.44,11.66,1.77,0.0,1.61
2021-04-08,0.35,0.0,0.43,0.0,0.44,0.0,1.02,0.04,3.28,46.76,2.84,0.0,0.0,0.0
2021-04-09,730.38,0.35,732.98,0.26,623.79,0.3,0.97,43.51,1111.98,61.11,21.22,4.33,0.0,5.7
2021-04-09,339.53,0.01,321.18,0.01,283.36,0.01,0.99,60.07,256.16,75.0,14.97,3.83,3.416071428571428,3.92
2021-04-09,79.6,0.0,79.96,0.0,84.48,0.0,0.82,7.18,49.16,70.37,46.55,1.8,0.6985714285714286,0.9
2021-04-09,410.33,0.09,362.22,0.08,308.87,0.08,0.99,36.49,78.28,75.0,10.08,1.4,0.0,1.2
2021-04-09,71.29,0.01,147.06,0.02,280.74,0.02,0.51,20.0,60.85,55.38,55.87,1.58,5.901071428571428,1.27
2021-04-09,108.9,0.05,87.75,0.04,78.98,0.03,1.21,17.11,73.33,75.46,14.12,0.75,0.8339285714285714,0.73
2021-04-09,413.17,0.08,349.33,0.08,245.43,0.08,1.02,68.72,259.61,70.37,13.52,2.21,2.2399999999999998,2.85
2021-04-09,36.66,0.02,38.2,0.02,42.42,0.02,1.0,5.75,53.39,68.06,1.51,0.1,0.0,0.14
2021-04-09,683.33,0.03,897.95,0.04,1057.9,0.05,0.76,135.6,611.3,81.48,11.93,19.53,18.888928571428572,13.48
2021-04-09,68.02,0.02,65.68,0.02,103.91,0.01,0.94,12.76,49.95,80.56,13.45,1.21,0.2564285714285714,0.58
2021-04-09,497.76,0.07,408.55,0.07,317.77,0.07,1.1,77.48,423.65,68.52,13.97,4.0,3.3296428571428573,4.35
2021-04-09,373.94,0.07,370.19,0.07,371.59,0.07,0.9,62.74,548.94,79.63,12.98,6.62,2.6839285714285714,7.35
2021-04-09,174.76,0.05,158.76,0.05,160.62,0.04,1.04,25.03,105.26,54.87,34.16,2.62,0.0,2.24
2021-04-09,0.35,0.0,0.43,0.0,0.44,0.0,0.98,0.08,2.98,46.76,2.86,0.0,0.0,0.0
2021-04-09,384.85,0.02,357.95,0.02,284.92,0.02,1.05,47.87,219.27,48.15,12.11,4.59,0.18214285714285713,2.19
2021-04-09,449.73,0.22,391.51,0.18,329.31,0.18,1.07,54.72,242.94,85.19,13.45,3.31,0.0,4.12
2021-04-09,113.77,0.0,119.31,0.0,135.33,0.0,1.03,6.97,35.87,64.81,11.69,0.22,0.3442857142857143,0.36
2021-04-09,200.24,0.05,169.13,0.05,140.74,0.05,1.15,18.76,109.03,60.19,11.46,1.04,0.0,1.14
2021-04-10,174.76,0.05,158.76,0.05,160.62,0.04,1.04,25.25,104.04,54.85,34.56,2.62,0.0,2.24
2021-04-10,71.29,0.01,147.06,0.02,280.74,0.02,0.52,19.9,58.1,55.37,55.88,1.58,5.8653571428571425,1.27
2021-04-10,0.35,0.0,0.43,0.0,0.44,0.0,0.96,0.12,3.09,46.76,2.91,0.0,0.0,0.0
2021-04-10,413.17,0.08,349.33,0.08,245.43,0.08,1.01,70.44,249.74,75.93,13.69,2.21,2.25,2.85
2021-04-10,127.94,0.08,101.84,0.06,97.14,0.06,1.17,38.56,136.19,69.44,12.0,1.77,0.0,1.61
2021-04-10,108.9,0.05,87.75,0.04,78.98,0.04,1.21,17.94,75.88,75.46,14.62,0.75,0.8175,0.73
2021-04-10,36.66,0.02,38.2,0.02,42.42,0.02,1.02,5.98,54.13,68.06,1.52,0.1,0.0,0.14
2021-04-10,449.73,0.22,391.51,0.18,329.31,0.18,1.05,58.02,250.49,85.19,13.6,3.31,0.0,4.12
2021-04-10,79.6,0.0,79.96,0.0,84.48,0.0,0.82,7.08,47.31,70.37,46.71,1.8,0.6867857142857143,0.9
2021-04-10,259.99,0.01,279.52,0.01,289.93,0.01,1.15,29.02,222.1,63.89,12.8,0.43,0.51,1.18
2021-04-10,497.76,0.07,408.55,0.07,317.77,0.07,1.08,77.76,425.97,68.52,14.17,4.0,3.236785714285715,4.35
2021-04-10,200.24,0.05,169.13,0.05,140.74,0.05,1.14,20.25,113.5,60.19,11.5,1.04,0.0,1.14
2021-04-10,683.33,0.03,897.95,0.04,1057.9,0.05,0.75,133.22,596.25,81.48,11.96,19.53,18.939999999999998,13.48
2021-04-10,384.85,0.02,357.95,0.03,284.92,0.02,1.04,46.32,208.46,48.15,12.52,4.59,0.1757142857142857,2.19
2021-04-10,373.94,0.06,370.19,0.07,371.59,0.07,0.88,62.91,545.47,83.33,13.27,6.62,2.72,7.35
2021-04-11,140.5,0.05,108.9,0.04,87.75,0.04,1.22,18.78,78.28,75.46,14.93,0.76,0.8078571428571429,0.77
2021-04-11,538.75,0.07,497.76,0.07,408.55,0.07,1.09,78.76,432.9,68.52,14.24,4.08,3.1439285714285714,4.71
2021-04-11,373.16,0.08,413.17,0.08,349.33,0.08,1.0,71.29,250.77,75.93,13.7,2.3,2.2674999999999996,3.69
2021-04-11,188.21,0.05,174.76,0.05,158.76,0.04,1.04,25.44,105.46,54.84,34.69,2.56,0.0,2.05
2021-04-11,530.08,0.1,510.53,0.11,442.62,0.1,1.25,32.23,165.51,65.48,11.66,1.73,0.0,1.77
2021-04-11,37.04,0.01,71.29,0.02,147.06,0.02,0.53,20.0,59.16,55.34,55.98,1.21,5.829642857142857,0.93
2021-04-11,330.33,0.06,373.94,0.07,370.19,0.07,0.85,62.72,544.32,83.33,13.4,7.17,2.6892857142857145,7.71
2021-04-11,191.37,0.01,235.98,0.01,296.67,0.01,0.78,93.2,470.28,74.07,15.27,11.8,0.0,14.1
2021-04-11,0.48,0.0,0.35,0.0,0.43,0.0,0.94,0.12,3.21,46.76,2.91,0.0,0.0,0.0
2021-04-11,502.42,0.03,683.33,0.04,897.95,0.05,0.75,131.31,605.39,81.48,11.99,17.13,18.753214285714286,11.34
2021-04-11,56.83,0.0,79.6,0.0,79.96,0.0,0.82,6.95,47.08,70.37,46.78,1.37,0.675,0.69
2021-04-11,283.56,0.17,293.15,0.17,279.67,0.17,0.95,72.94,730.44,67.59,10.69,6.45,0.0,7.7
2021-04-11,688.87,0.29,730.38,0.31,732.98,0.31,0.91,42.49,1134.24,61.11,21.49,5.28,0.0,5.85
2021-04-11,512.52,0.22,529.29,0.22,514.89,0.23,0.93,110.29,1446.63,53.7,5.94,14.32,13.317142857142857,17.66
2021-04-11,199.17,0.05,200.24,0.06,169.13,0.05,1.13,20.36,118.76,60.19,11.51,0.94,0.0,1.07
2021-04-11,504.64,0.22,449.73,0.18,391.51,0.18,1.03,58.02,251.9,85.19,13.68,3.58,0.0,2.97
2021-04-11,37.12,0.02,36.66,0.02,38.2,0.02,1.03,5.95,51.65,68.06,1.53,0.09,0.0,0.14
2021-04-12,688.87,0.33,730.38,0.27,732.98,0.31,0.89,41.04,1140.79,61.11,21.55,5.28,0.0,5.85
2021-04-12,355.55,0.02,384.85,0.02,357.95,0.02,1.02,49.41,211.55,48.15,12.92,2.84,0.16285714285714284,3.06
2021-04-12,129.46,0.08,127.94,0.06,101.84,0.06,1.16,41.88,156.33,69.44,12.39,1.59,0.0,1.68
2021-04-12,37.12,0.02,36.66,0.02,38.2,0.02,1.04,6.22,53.27,64.35,1.56,0.09,0.0,0.14
2021-04-12,199.17,0.05,200.24,0.06,169.13,0.05,1.13,21.17,118.3,60.19,11.56,0.94,0.0,1.07
2021-04-12,373.16,0.08,413.17,0.08,349.33,0.08,0.99,74.3,262.1,75.93,13.8,2.3,2.2849999999999997,3.69
2021-04-12,140.5,0.05,108.9,0.05,87.75,0.04,1.23,19.95,82.33,75.46,15.37,0.76,0.7982142857142858,0.77
2021-04-12,37.04,0.01,71.29,0.01,147.06,0.02,0.53,20.0,57.36,55.3,56.09,1.21,5.793928571428571,0.93
2021-04-12,504.64,0.22,449.73,0.18,391.51,0.18,1.0,59.44,262.28,85.19,13.68,3.58,0.0,2.97
2021-04-12,538.75,0.06,497.76,0.07,408.55,0.07,1.07,80.12,441.02,71.3,14.34,4.08,3.051071428571429,4.71
2021-04-12,188.21,0.05,174.76,0.05,158.76,0.04,1.05,26.16,108.26,54.81,35.21,2.56,0.0,2.05
2021-04-12,56.83,0.0,79.6,0.0,79.96,0.0,0.82,6.83,47.5,70.37,46.84,1.37,0.6539285714285714,0.69
2021-04-12,502.42,0.03,683.33,0.04,897.95,0.05,0.75,128.36,611.78,81.48,12.01,17.13,18.56642857142857,11.34
2021-04-12,330.33,0.07,373.94,0.07,370.19,0.07,0.82,63.3,550.87,83.33,13.63,7.17,2.6585714285714284,7.71
2021-04-12,0.48,0.0,0.35,0.0,0.43,0.0,0.93,0.08,3.02,46.76,2.95,0.0,0.0,0.0
2021-04-13,502.42,0.02,683.33,0.03,897.95,0.04,0.75,132.93,676.39,81.48,12.16,17.13,18.37964285714286,11.34
2021-04-13,140.5,0.06,108.9,0.05,87.75,0.04,1.24,19.82,83.06,75.46,15.87,0.76,0.7885714285714285,0.77
2021-04-13,0.48,0.0,0.35,0.0,0.43,0.0,0.94,0.08,3.13,46.76,3.17,0.0,0.0,0.0
2021-04-13,504.64,0.23,449.73,0.19,391.51,0.18,0.98,62.74,270.3,85.19,13.79,3.58,0.0,2.97
2021-04-13,330.33,0.07,373.94,0.07,370.19,0.07,0.8,63.4,560.32,75.93,13.98,7.17,2.6278571428571427,7.71
2021-04-13,355.55,0.02,384.85,0.02,357.95,0.02,1.06,47.87,214.64,48.15,13.33,2.84,0.15642857142857142,3.06
2021-04-13,16.11,0.04,17.55,0.04,19.21,0.05,0.97,10.35,60.59,45.37,0.45,1.3,0.0,0.69
2021-04-13,199.17,0.05,200.24,0.06,169.13,0.05,1.19,20.82,121.85,60.19,11.77,0.94,0.0,1.07
2021-04-13,688.87,0.28,730.38,0.31,732.98,0.31,0.86,39.44,1148.8,61.11,21.9,5.28,0.0,5.85
2021-04-13,37.12,0.02,36.66,0.02,38.2,0.02,1.06,6.42,54.92,56.94,1.59,0.09,0.0,0.14
2021-04-13,188.21,0.05,174.76,0.05,158.76,0.04,1.05,26.64,111.0,54.78,35.9,2.56,0.0,2.05
2021-04-13,56.83,0.0,79.6,0.0,79.96,0.0,0.82,6.71,45.86,70.37,46.97,1.37,0.6328571428571428,0.69
2021-04-13,373.16,0.08,413.17,0.08,349.33,0.08,0.99,76.53,271.71,75.93,14.13,2.3,2.3024999999999998,3.69
2021-04-13,538.75,0.07,497.76,0.07,408.55,0.07,1.06,82.96,451.82,75.0,14.66,4.08,2.9582142857142855,4.71
2021-04-13,37.04,0.01,71.29,0.01,147.06,0.02,0.54,19.05,56.09,55.28,56.19,1.21,5.758214285714287,0.93
2021-04-13,129.46,0.08,127.94,0.07,101.84,0.06,1.17,42.24,155.77,69.44,12.87,1.59,0.0,1.68
2021-04-14,330.33,0.06,373.94,0.07,370.19,0.07,0.81,62.38,558.95,78.7,14.4,7.17,2.5971428571428574,7.71
2021-04-14,16.11,0.04,17.55,0.04,19.21,0.05,0.98,10.35,60.59,45.37,0.47,1.3,0.0,0.69
2021-04-14,37.12,0.02,36.66,0.02,38.2,0.02,1.07,7.07,55.87,56.94,1.63,0.09,0.0,0.14
2021-04-14,538.75,0.07,497.76,0.07,408.55,0.07,1.07,84.48,455.72,75.0,15.04,4.08,2.8653571428571425,4.71
2021-04-14,373.16,0.09,413.17,0.08,349.33,0.08,0.98,77.99,271.45,75.93,14.46,2.3,2.32,3.69
2021-04-14,355.55,0.02,384.85,0.02,357.95,0.02,1.05,49.41,216.18,48.15,13.7,2.84,0.14999999999999997,3.06
2021-04-14,0.48,0.0,0.35,0.0,0.43,0.0,0.94,0.08,2.9,46.76,3.44,0.0,0.0,0.0
2021-04-14,140.5,0.06,108.9,0.05,87.75,0.04,1.23,20.7,85.01,75.46,16.44,0.76,0.7789285714285714,0.77
2021-04-14,19.1,0.05,13.52,0.04,10.14,0.03,1.3,6.8,69.4,42.59,0.84,0.25,4.485,0.18
2021-04-14,688.87,0.27,730.38,0.31,732.98,0.31,0.85,38.86,1155.2,58.33,22.59,5.28,0.0,5.85
2021-04-14,37.04,0.01,71.29,0.01,147.06,0.02,0.54,17.67,54.5,55.25,56.28,1.21,5.722499999999999,0.93
2021-04-14,129.46,0.08,127.94,0.07,101.84,0.06,1.18,42.56,154.76,69.44,13.49,1.59,0.0,1.68
2021-04-14,502.42,0.02,683.33,0.03,897.95,0.04,0.76,129.5,642.56,81.48,12.39,17.13,18.192857142857143,11.34
2021-04-14,188.21,0.06,174.76,0.05,158.76,0.05,1.05,26.68,111.58,54.74,36.67,2.56,0.0,2.05
2021-04-14,199.17,0.06,200.24,0.05,169.13,0.05,1.2,22.2,120.93,60.19,12.07,0.94,0.0,1.07
2021-04-14,504.64,0.24,449.73,0.19,391.51,0.18,1.0,61.8,274.08,81.48,14.08,3.58,0.0,2.97
2021-04-14,350.98,0.01,259.99,0.01,279.52,0.01,1.14,29.02,234.37,63.89,13.86,0.86,0.6628571428571429,1.18
2021-04-14,56.83,0.0,79.6,0.0,79.96,0.0,0.83,6.52,43.99,70.37,47.12,1.37,0.6117857142857143,0.69
2021-04-15,538.75,0.07,497.76,0.07,408.55,0.07,1.1,84.13,450.58,75.0,15.54,4.08,2.7725,4.71
2021-04-15,199.17,0.07,200.24,0.05,169.13,0.05,1.21,21.85,119.1,60.19,12.42,0.94,0.0,1.07
2021-04-15,0.48,0.0,0.35,0.0,0.43,0.0,0.97,0.08,2.9,46.76,3.59,0.0,0.0,0.0
2021-04-15,504.64,0.24,449.73,0.2,391.51,0.18,1.02,60.85,282.57,81.48,14.78,3.58,0.0,2.97
2021-04-15,188.21,0.06,174.76,0.05,158.76,0.05,1.06,27.18,112.19,54.7,37.44,2.56,0.0,2.05
2021-04-15,330.33,0.06,373.94,0.07,370.19,0.07,0.84,62.04,550.74,78.7,14.83,7.17,2.5664285714285713,7.71
2021-04-15,37.12,0.02,36.66,0.02,38.2,0.03,1.09,6.78,54.57,56.94,1.67,0.09,0.0,0.14
2021-04-15,355.55,0.02,384.85,0.02,357.95,0.02,1.06,46.32,203.83,48.15,14.06,2.84,0.1442857142857143,3.06
2021-04-15,502.42,0.02,683.33,0.03,897.95,0.04,0.77,125.31,597.01,81.48,12.76,17.13,18.006071428571428,11.34
2021-04-15,16.11,0.04,17.55,0.04,19.21,0.05,1.01,10.32,60.26,45.37,0.47,1.3,0.0,0.69
2021-04-15,140.5,0.06,108.9,0.05,87.75,0.04,1.22,21.35,86.83,75.46,17.07,0.76,0.7692857142857142,0.77
2021-04-15,56.83,0.0,79.6,0.0,79.96,0.0,0.83,6.24,41.77,70.37,47.26,1.37,0.5907142857142856,0.69
2021-04-15,373.16,0.09,413.17,0.08,349.33,0.08,0.98,78.16,268.45,75.93,15.41,2.3,2.3375,3.69
2021-04-15,129.46,0.08,127.94,0.07,101.84,0.06,1.19,43.1,153.68,69.44,14.28,1.59,0.0,1.68
2021-04-15,37.04,0.01,71.29,0.01,147.06,0.02,0.54,16.93,51.96,55.23,56.38,1.21,5.632857142857143,0.93
2021-04-16,538.75,0.08,497.76,0.07,408.55,0.07,1.1,84.9,447.2,75.0,16.14,4.08,2.6967857142857143,4.71
2021-04-16,502.42,0.02,683.33,0.03,897.95,0.04,0.78,117.69,566.99,81.48,13.13,17.13,17.819285714285716,11.34
2021-04-16,504.64,0.24,449.73,0.22,391.51,0.18,1.02,65.1,291.53,81.48,15.65,3.58,0.0,2.97
2021-04-16,373.16,0.1,413.17,0.08,349.33,0.08,0.98,79.36,267.42,75.93,16.44,2.3,2.355,3.69
2021-04-16,140.5,0.07,108.9,0.05,87.75,0.04,1.21,22.31,88.94,75.46,17.81,0.76,0.7596428571428572,0.77
2021-04-16,383.7,0.09,410.33,0.09,362.22,0.08,1.03,40.88,81.36,75.0,12.08,1.2,0.0,1.12
2021-04-16,16.11,0.04,17.55,0.04,19.21,0.05,1.03,10.54,60.27,45.37,0.48,1.3,0.0,0.69
2021-04-16,330.33,0.06,373.94,0.07,370.19,0.07,0.87,61.03,537.78,78.7,15.26,7.17,2.5357142857142856,7.71
2021-04-16,350.98,0.01,259.99,0.01,279.52,0.01,1.14,34.6,228.79,63.89,14.61,0.86,0.7392857142857142,1.18
2021-04-16,199.17,0.07,200.24,0.05,169.13,0.05,1.2,22.42,117.27,60.19,12.76,0.94,0.0,1.07
2021-04-16,59.54,0.01,68.02,0.02,65.68,0.02,1.0,12.46,47.32,65.74,15.98,0.81,0.30857142857142855,0.47
2021-04-16,688.87,0.25,730.38,0.35,732.98,0.26,0.84,38.42,1152.14,58.33,24.41,5.28,0.0,5.85
2021-04-16,129.46,0.08,127.94,0.08,101.84,0.06,1.2,43.63,149.0,69.44,15.05,1.59,0.0,1.68
2021-04-16,338.85,0.01,339.53,0.01,321.18,0.01,0.93,65.1,266.68,78.7,17.4,3.45,3.590357142857143,4.16
2021-04-16,0.48,0.0,0.35,0.0,0.43,0.0,1.04,0.04,2.64,46.76,3.8,0.0,0.0,0.0
2021-04-16,37.04,0.01,71.29,0.01,147.06,0.02,0.55,16.83,48.68,55.22,56.42,1.21,5.543214285714285,0.93
2021-04-16,137.2,0.0,113.77,0.0,119.31,0.0,1.01,6.29,37.57,64.81,13.43,0.34,0.31357142857142856,0.27
2021-04-16,188.21,0.06,174.76,0.05,158.76,0.05,1.05,27.03,111.9,54.66,38.17,2.56,0.0,2.05
2021-04-16,355.55,0.02,384.85,0.02,357.95,0.02,1.05,41.69,205.37,48.15,14.48,2.84,0.1385714285714286,3.06
2021-04-16,37.12,0.03,36.66,0.02,38.2,0.02,1.12,6.81,57.46,56.94,1.69,0.09,0.0,0.14
2021-04-17,37.12,0.02,36.66,0.02,38.2,0.02,1.14,6.81,58.7,56.94,1.7,0.09,0.0,0.14
2021-04-17,330.33,0.06,373.94,0.06,370.19,0.07,0.89,60.78,529.19,78.7,15.69,7.17,2.505,7.71
2021-04-17,502.42,0.02,683.33,0.03,897.95,0.04,0.78,115.68,506.1,81.48,13.28,17.13,17.6325,11.34
2021-04-17,504.64,0.24,449.73,0.22,391.51,0.18,1.0,66.04,285.4,81.48,16.08,3.58,0.0,2.97
2021-04-17,37.04,0.01,71.29,0.01,147.06,0.02,0.56,15.98,46.99,55.21,56.44,1.21,5.453571428571428,0.93
2021-04-17,355.55,0.02,384.85,0.02,357.95,0.03,1.04,43.24,200.74,48.15,14.83,2.84,0.13285714285714287,3.06
2021-04-17,56.83,0.0,79.6,0.0,79.96,0.0,0.85,5.7,38.69,70.37,47.58,1.37,0.5485714285714286,0.69
2021-04-17,16.11,0.04,17.55,0.04,19.21,0.05,1.04,10.35,60.34,45.37,0.48,1.3,0.0,0.69
2021-04-17,538.75,0.08,497.76,0.07,408.55,0.07,1.12,85.07,445.9,75.0,16.46,4.08,2.6210714285714287,4.71
2021-04-17,188.21,0.06,174.76,0.05,158.76,0.05,1.05,26.99,110.99,54.63,38.69,2.56,0.0,2.05
2021-04-17,373.16,0.1,413.17,0.08,349.33,0.08,0.98,77.64,259.27,75.93,16.99,2.3,2.3724999999999996,3.69
2021-04-17,0.48,0.0,0.35,0.0,0.43,0.0,1.12,0.04,2.48,46.76,3.89,0.0,0.0,0.0
2021-04-17,199.17,0.07,200.24,0.05,169.13,0.05,1.2,22.77,121.5,60.19,12.88,0.94,0.0,1.07
2021-04-17,688.87,0.24,730.38,0.3,732.98,0.31,0.83,37.84,1150.1,58.33,24.98,5.28,0.0,5.85
2021-04-17,140.5,0.07,108.9,0.05,87.75,0.04,1.19,23.27,92.81,75.46,18.4,0.76,0.75,0.77
2021-04-18,26.43,0.01,37.04,0.01,71.29,0.02,0.57,15.98,46.57,55.19,56.54,1.27,5.363928571428572,0.68
2021-04-18,227.1,0.08,199.17,0.05,200.24,0.06,1.2,23.0,122.99,60.19,12.91,1.14,0.0,0.75
2021-04-18,430.75,0.24,504.64,0.22,449.73,0.18,0.98,65.57,290.12,81.48,16.16,4.12,0.0,3.11
2021-04-18,185.62,0.07,140.5,0.05,108.9,0.04,1.18,23.64,96.58,75.46,18.86,0.73,0.750357142857143,1.05
2021-04-18,42.6,0.0,56.83,0.0,79.6,0.0,0.86,5.7,37.21,70.37,47.68,0.9,0.5275000000000001,0.58
2021-04-18,493.4,0.13,44.76,0.17,827.67,0.19,0.78,49.77,424.56,60.93,19.52,0.32,5.977142857142857,6.35
2021-04-18,248.79,0.05,330.33,0.06,373.94,0.07,0.9,60.72,522.31,78.7,15.96,7.35,2.4564285714285714,6.6
2021-04-18,386.74,0.02,502.42,0.03,683.33,0.04,0.77,113.97,501.62,81.48,13.38,13.48,17.309285714285714,7.86
2021-04-18,403.34,0.19,512.52,0.22,529.29,0.22,0.85,111.32,1526.85,53.7,6.77,17.94,15.401428571428571,16.47
2021-04-18,243.29,0.15,283.56,0.17,293.15,0.17,0.83,76.05,715.03,67.59,11.59,7.27,0.0,7.94
2021-04-18,0.31,0.0,0.48,0.0,0.35,0.0,1.19,0.04,2.37,46.76,3.93,0.0,0.0,0.01
2021-04-18,451.65,0.08,538.75,0.07,497.76,0.07,1.15,86.09,452.29,75.0,16.54,4.35,2.5453571428571427,4.37
2021-04-18,190.72,0.06,188.21,0.05,174.76,0.05,1.04,27.33,112.59,54.61,38.94,2.24,0.0,2.04
2021-04-18,547.6,0.14,530.08,0.1,510.53,0.11,1.22,35.55,187.5,65.43,13.99,1.98,0.0,1.93
2021-04-18,303.61,0.1,373.16,0.08,413.17,0.08,0.97,77.13,264.67,75.93,17.02,2.85,2.4282142857142857,3.38
2021-04-18,40.75,0.03,37.12,0.02,36.66,0.02,1.16,6.72,60.58,56.94,1.74,0.14,0.0,0.2
2021-04-18,151.91,0.01,191.37,0.01,235.98,0.01,0.8,81.69,407.38,74.07,16.98,13.81,0.0,14.12
2021-04-19,190.72,0.06,188.21,0.05,174.76,0.05,1.03,27.94,115.07,54.58,39.44,2.24,0.0,2.04
2021-04-19,13.8,0.04,16.11,0.04,17.55,0.04,1.06,10.48,61.14,45.37,0.48,0.7,0.0,1.04
2021-04-19,386.74,0.02,502.42,0.03,683.33,0.04,0.77,112.83,530.11,59.26,13.74,13.48,16.986071428571428,7.86
2021-04-19,0.31,0.0,0.48,0.0,0.35,0.0,1.24,0.08,2.41,46.76,4.12,0.0,0.0,0.01
2021-04-19,26.43,0.01,37.04,0.01,71.29,0.01,0.58,14.82,45.4,55.17,56.63,1.27,5.274285714285713,0.68
2021-04-19,179.66,0.08,129.46,0.08,127.94,0.06,1.2,45.25,164.05,69.44,16.14,1.61,0.008214285714285714,1.7
2021-04-19,303.61,0.1,373.16,0.08,413.17,0.08,0.97,78.84,275.82,75.93,17.37,2.85,2.4839285714285717,3.38
2021-04-19,185.62,0.07,140.5,0.05,108.9,0.05,1.16,23.98,99.91,75.46,19.69,0.73,0.7507142857142857,1.05
2021-04-19,248.79,0.05,330.33,0.07,373.94,0.07,0.91,60.86,523.77,78.7,16.31,7.35,2.4078571428571425,6.6
2021-04-19,430.75,0.24,504.64,0.22,449.73,0.18,0.97,66.51,300.02,74.07,16.24,4.12,0.0,3.11
2021-04-19,40.75,0.03,37.12,0.02,36.66,0.02,1.18,7.22,62.17,53.24,1.82,0.14,0.0,0.2
2021-04-19,300.44,0.02,355.55,0.02,384.85,0.02,1.02,49.41,210.01,48.15,15.44,2.19,0.12142857142857143,1.09
2021-04-19,451.65,0.08,538.75,0.06,497.76,0.07,1.12,87.24,461.0,75.0,16.89,4.35,2.4696428571428575,4.37
2021-04-19,42.6,0.0,56.83,0.0,79.6,0.0,0.87,5.58,36.41,61.11,47.77,0.9,0.515357142857143,0.58
2021-04-19,227.1,0.08,199.17,0.05,200.24,0.06,1.19,23.22,124.36,60.19,13.27,1.14,0.0,0.75
2021-04-20,179.66,0.08,129.46,0.08,127.94,0.07,1.19,45.27,160.73,69.44,16.69,1.61,0.016428571428571428,1.7
2021-04-20,0.31,0.0,0.48,0.0,0.35,0.0,1.3,0.08,2.25,46.76,4.32,0.0,0.0,0.01
2021-04-20,190.72,0.06,188.21,0.05,174.76,0.05,1.02,28.19,115.88,54.56,39.97,2.24,0.0,2.04
2021-04-20,185.62,0.07,140.5,0.06,108.9,0.05,1.14,24.39,102.82,75.46,20.36,0.73,0.7510714285714285,1.05
2021-04-20,248.79,0.05,330.33,0.07,373.94,0.07,0.92,59.72,516.25,78.7,16.69,7.35,2.3592857142857144,6.6
2021-04-20,451.65,0.08,538.75,0.07,497.76,0.07,1.09,87.77,460.47,75.0,17.35,4.35,2.3939285714285714,4.37
2021-04-20,300.44,0.02,355.55,0.02,384.85,0.02,1.01,50.96,188.39,48.15,15.99,2.19,0.11571428571428573,1.09
2021-04-20,430.75,0.24,504.64,0.23,449.73,0.19,0.95,68.4,291.06,74.07,16.38,4.12,0.0,3.11
2021-04-20,40.75,0.03,37.12,0.02,36.66,0.02,1.2,7.1,64.12,53.24,1.87,0.14,0.0,0.2
2021-04-20,13.8,0.04,16.11,0.04,17.55,0.04,1.07,10.55,60.91,45.37,0.49,0.7,0.0,1.04
2021-04-20,42.6,0.0,56.83,0.0,79.6,0.0,0.88,5.48,35.18,61.11,47.88,0.9,0.5032142857142857,0.58
2021-04-20,386.74,0.02,502.42,0.02,683.33,0.03,0.77,109.87,500.19,59.26,14.09,13.48,16.662857142857142,7.86
2021-04-20,26.43,0.0,37.04,0.01,71.29,0.01,0.59,13.44,42.97,55.16,56.69,1.27,5.184642857142857,0.68
2021-04-20,303.61,0.1,373.16,0.08,413.17,0.08,0.97,81.25,268.53,75.93,17.92,2.85,2.5396428571428573,3.38
2021-04-20,227.1,0.08,199.17,0.05,200.24,0.06,1.16,24.71,124.36,60.19,13.69,1.14,0.0,0.75
2021-04-21,303.61,0.1,373.16,0.09,413.17,0.08,0.96,80.73,261.58,75.93,18.58,2.85,2.595357142857143,3.38
2021-04-21,23.96,0.06,19.1,0.05,13.52,0.04,1.29,7.9,76.02,45.37,0.94,0.22,4.14,0.27
2021-04-21,430.75,0.23,504.64,0.24,449.73,0.19,0.93,72.18,293.42,74.07,16.75,4.12,0.0,3.11
2021-04-21,528.22,0.22,688.87,0.27,730.38,0.31,0.82,35.94,1093.06,58.33,25.92,5.7,0.0,5.34
2021-04-21,300.44,0.02,355.55,0.02,384.85,0.02,1.0,50.96,180.67,48.15,16.55,2.19,0.11,1.09
2021-04-21,26.43,0.0,37.04,0.01,71.29,0.01,0.61,13.23,39.58,55.15,56.73,1.27,5.095,0.68
2021-04-21,40.75,0.03,37.12,0.02,36.66,0.02,1.22,7.31,65.44,53.24,1.93,0.14,0.0,0.2
2021-04-21,42.6,0.0,56.83,0.0,79.6,0.0,0.88,5.2,33.55,61.11,48.06,0.9,0.49107142857142855,0.58
2021-04-21,451.65,0.08,538.75,0.07,497.76,0.07,1.05,87.03,455.19,75.0,17.78,4.35,2.318214285714286,4.37
2021-04-21,227.1,0.08,199.17,0.06,200.24,0.05,1.15,25.28,118.19,60.19,14.15,1.14,0.0,0.75
2021-04-21,190.72,0.05,188.21,0.06,174.76,0.05,1.01,28.32,116.67,54.52,40.49,2.24,0.0,2.04
2021-04-21,386.74,0.02,502.42,0.02,683.33,0.03,0.76,105.87,471.22,59.26,14.46,13.48,16.339642857142856,7.86
2021-04-21,0.31,0.0,0.48,0.0,0.35,0.0,1.33,0.08,1.91,46.76,4.54,0.0,0.0,0.01
2021-04-21,185.62,0.07,140.5,0.06,108.9,0.05,1.13,24.89,103.84,75.46,21.1,0.73,0.7514285714285714,1.05
2021-04-21,248.79,0.05,330.33,0.06,373.94,0.07,0.91,59.12,505.76,78.7,17.1,7.35,2.310714285714286,6.6
2021-04-21,179.66,0.08,129.46,0.08,127.94,0.07,1.17,45.08,159.57,69.44,17.35,1.61,0.024642857142857143,1.7
2021-04-22,42.6,0.0,56.83,0.0,79.6,0.0,0.89,4.87,32.07,61.11,48.25,0.9,0.4789285714285714,0.58
2021-04-22,0.31,0.0,0.48,0.0,0.35,0.0,1.32,0.08,1.76,44.91,4.75,0.0,0.0,0.01
2021-04-22,430.75,0.22,504.64,0.24,449.73,0.2,0.9,70.29,294.36,74.07,17.2,4.12,0.0,3.11
2021-04-22,303.61,0.1,373.16,0.09,413.17,0.08,0.96,79.79,260.12,75.93,19.31,2.85,2.6510714285714285,3.38
2021-04-22,248.79,0.05,330.33,0.06,373.94,0.07,0.9,57.88,491.28,78.7,17.53,7.35,2.2621428571428575,6.6
2021-04-22,451.65,0.08,538.75,0.07,497.76,0.07,1.02,87.36,452.24,75.0,18.28,4.35,2.2425,4.37
2021-04-22,528.22,0.22,688.87,0.26,730.38,0.3,0.82,37.69,1068.32,58.33,26.3,5.7,0.0,5.34
2021-04-22,300.44,0.02,355.55,0.02,384.85,0.02,1.0,49.41,169.86,48.15,17.05,2.19,0.10535714285714284,1.09
2021-04-22,227.1,0.08,199.17,0.07,200.24,0.05,1.13,26.66,112.81,60.19,14.62,1.14,0.0,0.75
2021-04-22,386.74,0.02,502.42,0.02,683.33,0.03,0.76,98.63,446.64,59.26,14.91,13.48,16.016428571428573,7.86
2021-04-22,40.75,0.03,37.12,0.02,36.66,0.02,1.24,7.63,66.27,53.24,1.98,0.14,0.0,0.2
2021-04-22,179.66,0.08,129.46,0.08,127.94,0.07,1.16,45.84,160.18,69.44,18.15,1.61,0.032857142857142856,1.7
2021-04-22,190.72,0.05,188.21,0.06,174.76,0.05,0.99,28.01,115.84,54.49,41.02,2.24,0.0,2.04
2021-04-22,185.62,0.07,140.5,0.06,108.9,0.05,1.11,26.24,106.78,75.46,21.87,0.73,0.7517857142857143,1.05
2021-04-22,26.43,0.0,37.04,0.01,71.29,0.01,0.61,12.7,36.94,55.15,56.74,1.27,4.986785714285714,0.68
2021-04-23,295.18,0.01,338.85,0.01,339.53,0.01,0.92,62.64,236.03,78.7,20.51,3.92,3.8085714285714287,3.94
2021-04-23,227.1,0.08,199.17,0.07,200.24,0.05,1.12,27.92,113.95,60.19,15.06,1.14,0.0,0.75
2021-04-23,40.75,0.03,37.12,0.03,36.66,0.02,1.25,8.28,67.92,53.24,2.03,0.14,0.0,0.2
2021-04-23,303.61,0.1,373.16,0.1,413.17,0.08,0.96,79.19,258.67,75.93,19.97,2.85,2.706785714285714,3.38
2021-04-23,451.65,0.09,538.75,0.08,497.76,0.07,1.0,87.21,449.35,75.0,18.78,4.35,2.194642857142857,4.37
2021-04-23,26.43,0.0,37.04,0.01,71.29,0.01,0.61,12.7,35.98,55.14,56.77,1.27,4.878571428571428,0.68
2021-04-23,248.79,0.05,330.33,0.06,373.94,0.07,0.89,57.02,476.12,78.7,18.01,7.35,2.2135714285714285,6.6
2021-04-23,402.7,0.01,350.98,0.01,259.99,0.01,1.14,41.29,301.34,63.89,16.22,1.18,0.8932142857142856,1.93
2021-04-23,528.22,0.22,688.87,0.25,730.38,0.35,0.82,34.78,1045.91,58.33,26.5,5.7,0.0,5.34
2021-04-23,430.75,0.21,504.64,0.24,449.73,0.22,0.89,71.7,301.44,74.07,17.6,4.12,0.0,3.11
2021-04-23,0.31,0.0,0.48,0.0,0.35,0.0,1.34,0.08,1.68,44.91,4.93,0.0,0.0,0.01
2021-04-23,190.72,0.05,188.21,0.06,174.76,0.05,0.97,28.17,116.49,54.46,41.52,2.24,0.0,2.04
2021-04-23,386.74,0.02,502.42,0.02,683.33,0.03,0.76,96.44,422.62,59.26,15.34,13.48,15.693214285714285,7.86
2021-04-23,179.66,0.08,129.46,0.08,127.94,0.08,1.15,46.15,155.18,69.44,18.93,1.61,0.04107142857142858,1.7
2021-04-23,61.42,0.01,59.54,0.01,68.02,0.02,0.98,9.83,41.77,65.74,20.16,0.58,0.3325,0.37
2021-04-23,300.44,0.02,355.55,0.02,384.85,0.02,0.99,47.87,179.12,48.15,17.59,2.19,0.10071428571428573,1.09
2021-04-23,106.07,0.0,137.2,0.0,113.77,0.0,1.04,6.12,31.45,64.81,16.56,0.36,0.2992857142857143,0.32
2021-04-23,185.62,0.07,140.5,0.07,108.9,0.05,1.1,26.92,109.77,75.46,22.69,0.73,0.7521428571428572,1.05
2021-04-23,400.69,0.1,383.7,0.09,410.33,0.09,1.07,41.16,78.28,75.0,15.54,1.2,0.0,1.17
2021-04-24,248.79,0.05,330.33,0.06,373.94,0.06,0.89,56.57,464.79,78.7,18.48,7.35,2.165,6.6
2021-04-24,42.6,0.0,56.83,0.0,79.6,0.0,0.9,4.78,29.67,61.11,48.66,0.9,0.4546428571428572,0.58
2021-04-24,40.75,0.03,37.12,0.02,36.66,0.02,1.25,8.04,70.66,53.24,2.05,0.14,0.0,0.2
2021-04-24,26.43,0.0,37.04,0.01,71.29,0.01,0.62,12.17,35.45,55.14,56.78,1.27,4.770357142857143,0.68
2021-04-24,300.44,0.02,355.55,0.02,384.85,0.02,0.99,55.59,166.77,48.15,18.24,2.19,0.09607142857142857,1.09
2021-04-24,0.31,0.0,0.48,0.0,0.35,0.0,1.34,0.12,1.68,44.91,5.01,0.0,0.0,0.01
2021-04-24,190.72,0.05,188.21,0.06,174.76,0.05,0.95,28.23,115.32,54.44,41.87,2.24,0.0,2.04
2021-04-24,430.75,0.21,504.64,0.24,449.73,0.22,0.89,70.76,296.72,74.07,17.72,4.12,0.0,3.11
2021-04-24,451.65,0.09,538.75,0.08,497.76,0.07,0.98,86.66,447.24,75.0,19.06,4.35,2.1467857142857145,4.37
2021-04-24,227.1,0.08,199.17,0.07,200.24,0.05,1.11,28.83,115.21,60.19,15.22,1.14,0.0,0.75
2021-04-24,303.61,0.1,373.16,0.1,413.17,0.08,0.96,79.19,249.66,75.93,20.42,2.85,2.7624999999999997,3.38
2021-04-24,185.62,0.07,140.5,0.07,108.9,0.05,1.08,27.72,112.24,75.46,23.29,0.73,0.7525000000000001,1.05
2021-04-24,386.74,0.02,502.42,0.02,683.33,0.03,0.76,92.91,384.7,59.26,15.5,13.48,15.370000000000001,7.86
2021-04-24,528.22,0.22,688.87,0.24,730.38,0.3,0.82,33.18,1020.29,58.33,26.6,5.7,0.0,5.34
2021-04-25,373.01,0.2,430.75,0.24,504.64,0.22,0.89,71.7,297.66,74.07,17.78,2.97,0.0,3.72
2021-04-25,0.62,0.0,0.31,0.0,0.48,0.0,1.32,0.12,1.8,44.91,5.35,0.0,0.00035714285714285714,0.0
2021-04-25,36.32,0.0,42.6,0.0,56.83,0.0,0.9,4.61,28.86,61.11,48.78,0.69,0.4425,0.48
2021-04-25,223.69,0.07,185.62,0.07,140.5,0.05,1.07,28.29,115.93,75.46,23.8,0.77,0.7632142857142857,1.23
2021-04-25,195.43,0.05,190.72,0.06,188.21,0.05,0.95,28.47,116.65,54.43,42.03,2.05,0.0,1.98
2021-04-25,296.85,0.02,386.74,0.02,502.42,0.03,0.76,92.91,385.94,59.26,15.62,11.34,14.953214285714285,5.96
2021-04-25,353.52,0.09,493.4,0.13,44.76,0.17,0.79,42.98,331.81,60.91,21.7,9.1,5.3878571428571425,5.18
2021-04-25,58.46,0.03,40.75,0.03,37.12,0.02,1.25,8.28,72.28,58.8,2.07,0.14,0.0,0.23
2021-04-25,16.51,0.0,26.43,0.01,37.04,0.01,0.63,11.64,36.3,53.28,56.86,0.93,4.6621428571428565,0.38
2021-04-25,557.28,0.13,547.6,0.14,530.08,0.1,1.12,38.11,196.88,65.4,17.8,1.77,0.0,1.73
2021-04-25,438.02,0.21,528.22,0.23,688.87,0.29,0.82,31.72,1001.08,58.33,26.63,5.85,0.0,5.09
2021-04-25,302.04,0.17,403.34,0.19,512.52,0.22,0.78,117.81,1444.86,53.7,7.52,17.66,16.35107142857143,15.09
2021-04-25,180.18,0.11,243.29,0.15,283.56,0.17,0.76,77.22,660.91,67.59,13.32,7.7,0.0,8.91
2021-04-25,128.21,0.0,151.91,0.01,191.37,0.01,0.81,65.03,323.74,72.22,18.2,14.1,0.0,10.15
2021-04-25,230.89,0.08,227.1,0.08,199.17,0.05,1.1,28.37,120.47,60.19,15.28,1.07,0.0,0.84
2021-04-25,247.68,0.05,248.79,0.05,330.33,0.06,0.89,56.08,456.64,78.7,18.8,7.71,2.0964285714285715,5.62
2021-04-25,449.29,0.09,451.65,0.08,538.75,0.07,0.96,86.9,454.03,75.0,19.13,4.71,2.0989285714285715,4.58
2021-04-25,299.51,0.1,303.61,0.1,373.16,0.08,0.96,79.87,257.38,75.93,20.48,3.69,2.8042857142857147,3.34
2021-04-26,16.51,0.0,26.43,0.01,37.04,0.01,0.64,11.01,34.92,53.27,56.93,0.93,4.553928571428571,0.38
2021-04-26,291.26,0.02,300.44,0.02,355.55,0.02,0.99,58.68,186.84,48.15,18.42,3.06,0.08678571428571429,0.44
2021-04-26,373.01,0.2,430.75,0.24,504.64,0.22,0.89,73.12,307.57,65.74,17.89,2.97,0.0,3.72
2021-04-26,296.85,0.02,386.74,0.02,502.42,0.03,0.77,94.53,412.33,62.04,16.04,11.34,14.536428571428571,5.96
2021-04-26,449.29,0.09,451.65,0.08,538.75,0.06,0.95,88.04,460.3,75.0,19.44,4.71,2.0510714285714284,4.58
2021-04-26,58.46,0.03,40.75,0.03,37.12,0.02,1.24,8.69,73.69,58.8,2.14,0.14,0.0,0.23
2021-04-26,0.62,0.0,0.31,0.0,0.48,0.0,1.32,0.12,1.83,39.35,5.57,0.0,0.0007142857142857143,0.0
2021-04-26,223.69,0.06,185.62,0.07,140.5,0.05,1.05,28.55,116.42,75.46,24.43,0.77,0.7739285714285714,1.23
2021-04-26,230.89,0.08,227.1,0.08,199.17,0.05,1.09,28.26,122.65,50.93,15.7,1.07,0.0,0.84
2021-04-26,469.12,0.01,402.7,0.01,350.98,0.01,1.13,39.06,316.96,63.89,17.49,1.18,1.019642857142857,1.07
2021-04-26,176.0,0.08,179.66,0.08,129.46,0.08,1.13,48.07,168.51,69.44,19.85,1.68,0.0575,1.58
2021-04-26,247.68,0.05,248.79,0.05,330.33,0.07,0.9,54.95,457.1,78.7,19.18,7.71,2.0278571428571426,5.62
2021-04-26,195.43,0.05,190.72,0.06,188.21,0.05,0.93,29.05,118.87,54.4,42.36,2.05,0.0,1.98
2021-04-26,299.51,0.1,303.61,0.1,373.16,0.08,0.96,81.16,269.39,60.19,20.97,3.69,2.8460714285714284,3.34
2021-04-26,36.32,0.0,42.6,0.0,56.83,0.0,0.91,4.71,29.27,61.11,48.93,0.69,0.4321428571428571,0.48
2021-04-27,0.62,0.0,0.31,0.0,0.48,0.0,1.31,0.04,1.8,39.35,5.79,0.0,0.0010714285714285715,0.0
2021-04-27,223.69,0.07,185.62,0.07,140.5,0.06,1.04,29.75,118.45,75.46,25.02,0.77,0.7846428571428571,1.23
2021-04-27,230.89,0.08,227.1,0.08,199.17,0.05,1.08,27.8,119.56,50.93,16.2,1.07,0.0,0.84
2021-04-27,176.0,0.08,179.66,0.08,129.46,0.08,1.12,48.11,164.43,69.44,20.16,1.68,0.0575,1.58
2021-04-27,195.43,0.05,190.72,0.06,188.21,0.05,0.92,29.32,118.85,54.37,42.77,2.05,0.0,1.98
2021-04-27,373.01,0.2,430.75,0.24,504.64,0.23,0.89,73.59,306.15,65.74,18.13,2.97,0.0,3.72
2021-04-27,36.32,0.0,42.6,0.0,56.83,0.0,0.91,4.44,28.07,61.11,49.09,0.69,0.4217857142857143,0.48
2021-04-27,299.51,0.1,303.61,0.1,373.16,0.08,0.96,79.44,266.22,60.19,21.37,3.69,2.887857142857143,3.34
2021-04-27,291.26,0.02,300.44,0.02,355.55,0.02,0.99,58.68,176.03,48.15,18.58,3.06,0.08214285714285716,0.44
2021-04-27,58.46,0.03,40.75,0.03,37.12,0.02,1.24,9.25,71.72,61.57,2.21,0.14,0.0,0.23
2021-04-27,469.12,0.01,402.7,0.01,350.98,0.01,1.12,41.29,309.15,63.89,18.01,1.18,1.0732142857142857,1.07
2021-04-27,16.51,0.0,26.43,0.0,37.04,0.01,0.65,10.58,32.7,53.25,56.99,0.93,4.445714285714286,0.38
2021-04-27,296.85,0.01,386.74,0.02,502.42,0.02,0.77,89.77,396.8,62.04,16.45,11.34,14.119642857142859,5.96
2021-04-27,449.29,0.09,451.65,0.08,538.75,0.07,0.94,88.24,458.41,75.0,19.81,4.71,2.003214285714286,4.58
2021-04-27,247.68,0.05,248.79,0.05,330.33,0.07,0.91,53.37,447.28,78.7,19.58,7.71,1.9592857142857143,5.62
2021-04-28,247.68,0.05,248.79,0.05,330.33,0.06,0.91,52.1,438.03,78.7,20.01,7.71,1.8907142857142856,5.62
2021-04-28,291.26,0.02,300.44,0.02,355.55,0.02,0.98,52.5,172.95,48.15,19.01,3.06,0.0775,0.44
2021-04-28,469.12,0.01,402.7,0.01,350.98,0.01,1.11,43.53,324.77,63.89,18.48,1.18,1.1267857142857143,1.07
2021-04-28,438.02,0.2,528.22,0.22,688.87,0.27,0.81,33.18,929.63,50.93,27.2,5.85,0.0,5.09
2021-04-28,449.29,0.09,451.65,0.08,538.75,0.07,0.92,87.87,456.46,75.0,20.18,4.71,1.9553571428571428,4.58
2021-04-28,176.0,0.08,179.66,0.08,129.46,0.08,1.12,48.0,163.29,69.44,20.79,1.68,0.0575,1.58
2021-04-28,36.32,0.0,42.6,0.0,56.83,0.0,0.91,4.09,27.57,61.11,49.26,0.69,0.4114285714285714,0.48
2021-04-28,230.89,0.09,227.1,0.08,199.17,0.06,1.07,27.57,120.24,50.93,16.73,1.07,0.0,0.84
2021-04-28,195.43,0.05,190.72,0.05,188.21,0.06,0.91,29.31,118.38,54.34,43.19,2.05,0.0,1.98
2021-04-28,223.69,0.06,185.62,0.07,140.5,0.06,1.03,30.63,118.4,75.46,25.81,0.77,0.7953571428571429,1.23
2021-04-28,299.51,0.1,303.61,0.1,373.16,0.09,0.95,80.22,264.07,60.19,22.13,3.69,2.929642857142857,3.34
2021-04-28,58.46,0.03,40.75,0.03,37.12,0.02,1.24,9.46,74.72,61.57,2.26,0.14,0.0,0.23
2021-04-28,0.62,0.0,0.31,0.0,0.48,0.0,1.32,0.04,1.8,39.35,5.98,0.0,0.0014285714285714286,0.0
2021-04-28,373.01,0.19,430.75,0.23,504.64,0.24,0.9,72.18,297.66,65.74,18.5,2.97,0.0,3.72
2021-04-28,16.51,0.0,26.43,0.0,37.04,0.01,0.66,10.27,30.16,53.24,57.06,0.93,4.3375,0.38
2021-04-28,31.73,0.06,23.96,0.06,19.1,0.05,1.23,9.92,91.0,45.37,1.35,0.18,3.4499999999999997,0.33
2021-04-28,296.85,0.01,386.74,0.02,502.42,0.02,0.77,86.53,381.65,62.04,16.9,11.34,13.702857142857143,5.96
2021-04-29,230.89,0.09,227.1,0.08,199.17,0.07,1.06,27.46,123.1,50.93,17.31,1.07,0.0,0.84
2021-04-29,373.01,0.18,430.75,0.22,504.64,0.24,0.9,72.65,292.47,65.74,18.88,2.97,0.0,3.72
2021-04-29,291.26,0.02,300.44,0.02,355.55,0.02,0.98,50.96,162.14,48.15,19.42,3.06,0.07357142857142858,0.44
2021-04-29,438.02,0.2,528.22,0.22,688.87,0.26,0.81,31.87,898.49,50.93,27.54,5.85,0.0,5.09
2021-04-29,247.68,0.05,248.79,0.05,330.33,0.06,0.91,51.17,425.41,78.7,20.46,7.71,1.822142857142857,5.62
2021-04-29,223.69,0.06,185.62,0.07,140.5,0.06,1.02,31.08,118.56,75.46,26.72,0.77,0.8060714285714285,1.23
2021-04-29,299.51,0.1,303.61,0.1,373.16,0.09,0.95,78.07,256.44,60.19,22.91,3.69,2.9714285714285715,3.34
2021-04-29,296.85,0.01,386.74,0.02,502.42,0.02,0.77,79.95,359.25,62.04,17.42,11.34,13.28607142857143,5.96
2021-04-29,449.29,0.09,451.65,0.08,538.75,0.07,0.9,88.2,451.74,75.0,20.61,4.71,1.9075000000000002,4.58
2021-04-29,58.46,0.03,40.75,0.03,37.12,0.02,1.24,9.64,74.25,61.57,2.3,0.14,0.0,0.23
2021-04-29,195.43,0.05,190.72,0.05,188.21,0.06,0.9,29.09,115.88,54.3,43.62,2.05,0.0,1.98
2021-04-29,16.51,0.0,26.43,0.0,37.04,0.01,0.68,10.05,28.57,53.23,57.12,0.93,4.227857142857142,0.38
2021-04-29,176.0,0.08,179.66,0.08,129.46,0.08,1.11,48.3,161.36,69.44,21.33,1.68,0.0575,1.58
2021-04-29,0.62,0.0,0.31,0.0,0.48,0.0,1.33,0.04,2.33,39.35,6.22,0.0,0.0017857142857142859,0.0
2021-04-29,36.32,0.0,42.6,0.0,56.83,0.0,0.92,3.87,26.06,61.11,49.46,0.69,0.4010714285714286,0.48
2021-04-30,195.43,0.05,190.72,0.05,188.21,0.06,0.89,28.69,113.99,54.27,44.03,2.05,0.0,1.98
2021-04-30,57.34,0.01,61.42,0.01,59.54,0.01,0.96,9.54,37.39,70.37,22.25,0.47,0.30357142857142855,0.26
2021-04-30,299.51,0.09,303.61,0.1,373.16,0.1,0.95,77.3,252.49,60.19,23.47,3.69,3.013214285714285,3.34
2021-04-30,230.89,0.09,227.1,0.08,199.17,0.07,1.05,28.14,119.44,50.93,17.84,1.07,0.0,0.84
2021-04-30,0.62,0.0,0.31,0.0,0.48,0.0,1.26,0.04,2.56,39.35,6.43,0.0,0.002142857142857143,0.0
2021-04-30,291.26,0.02,300.44,0.02,355.55,0.02,0.98,55.59,162.14,48.15,19.85,3.06,0.06964285714285715,0.44
2021-04-30,438.02,0.19,528.22,0.22,688.87,0.25,0.8,30.12,858.18,50.93,27.65,5.85,0.0,5.09
2021-04-30,449.29,0.09,451.65,0.09,538.75,0.08,0.9,87.92,448.85,75.0,21.05,4.71,1.8842857142857141,4.58
2021-04-30,112.05,0.0,106.07,0.0,137.2,0.0,1.04,7.14,32.3,64.94,19.04,0.27,0.3189285714285714,0.53
2021-04-30,247.68,0.05,248.79,0.05,330.33,0.06,0.91,50.46,413.62,78.7,20.93,7.71,1.7535714285714286,5.62
2021-04-30,469.12,0.01,402.7,0.01,350.98,0.01,1.07,40.18,331.47,63.89,19.65,1.18,1.2339285714285713,1.07
2021-04-30,58.46,0.03,40.75,0.03,37.12,0.03,1.23,9.66,77.4,61.57,2.33,0.14,0.0,0.23
2021-04-30,296.85,0.01,386.74,0.02,502.42,0.02,0.77,75.47,338.38,62.04,17.9,11.34,12.869285714285713,5.96
2021-04-30,176.0,0.08,179.66,0.08,129.46,0.08,1.09,48.42,154.4,69.44,21.88,1.68,0.0575,1.58
2021-04-30,264.5,0.01,295.18,0.01,338.85,0.01,0.9,57.94,209.63,78.7,23.8,4.16,3.863571428571429,3.48
2021-04-30,16.51,0.0,26.43,0.0,37.04,0.01,0.66,9.52,26.35,53.23,57.15,0.93,4.118214285714286,0.38
2021-04-30,223.69,0.06,185.62,0.07,140.5,0.07,1.01,31.54,118.01,75.46,27.62,0.77,0.8167857142857143,1.23
2021-04-30,428.16,0.11,400.69,0.1,383.7,0.09,1.01,42.93,82.95,75.0,18.64,1.12,0.0,1.11
2021-04-30,373.01,0.18,430.75,0.21,504.64,0.24,0.91,74.06,296.72,60.19,19.4,2.97,0.0,3.72
2021-05-01,296.85,0.01,386.74,0.02,502.42,0.02,0.77,71.95,305.51,62.04,18.07,11.34,12.4525,5.96
2021-05-01,0.62,0.0,0.31,0.0,0.48,0.0,1.21,0.04,2.6,75.46,6.5,0.0,0.0025,0.0
2021-05-01,230.89,0.09,227.1,0.08,199.17,0.07,1.05,28.14,118.76,50.93,18.08,1.07,0.0,0.84
2021-05-01,16.51,0.0,26.43,0.0,37.04,0.01,0.64,9.42,25.61,53.22,57.16,0.93,4.008571428571428,0.38
2021-05-01,195.43,0.05,190.72,0.05,188.21,0.06,0.88,28.3,110.43,54.25,44.33,2.05,0.0,1.98
2021-05-01,36.32,0.0,42.6,0.0,56.83,0.0,0.92,3.56,24.4,61.11,49.88,0.69,0.3803571428571429,0.48
2021-05-01,291.26,0.02,300.44,0.02,355.55,0.02,0.97,52.5,151.33,48.15,20.17,3.06,0.06571428571428571,0.44
2021-05-01,373.01,0.18,430.75,0.21,504.64,0.24,0.91,75.01,291.53,60.19,19.51,2.97,0.0,3.72
2021-05-01,58.46,0.03,40.75,0.03,37.12,0.02,1.23,9.96,77.32,61.57,2.36,0.14,0.0,0.23
2021-05-01,449.29,0.09,451.65,0.09,538.75,0.08,0.88,87.86,443.87,75.0,21.33,4.71,1.8610714285714285,4.58
2021-05-01,223.69,0.06,185.62,0.07,140.5,0.07,1.0,32.25,119.13,75.46,28.33,0.77,0.8275,1.23
2021-05-01,299.51,0.09,303.61,0.1,373.16,0.1,0.94,76.01,244.17,60.19,23.85,3.69,3.0549999999999997,3.34
2021-05-01,438.02,0.19,528.22,0.22,688.87,0.24,0.79,30.42,829.36,50.93,28.3,5.85,0.0,5.09
2021-05-01,247.68,0.05,248.79,0.05,330.33,0.06,0.91,49.02,404.24,78.7,21.4,7.71,1.6849999999999998,5.62
2021-05-02,220.62,0.05,247.68,0.05,248.79,0.05,0.92,48.48,398.46,78.7,21.77,6.6,1.634642857142857,4.82
2021-05-02,0.8,0.0,0.62,0.0,0.31,0.0,1.2,0.04,2.79,75.46,6.51,0.01,0.0025,0.0
2021-05-02,275.54,0.08,353.52,0.09,493.4,0.13,0.81,39.97,294.86,60.88,23.47,6.35,4.606071428571428,2.75
2021-05-02,131.8,0.09,180.18,0.11,243.29,0.15,0.7,71.47,534.71,67.59,15.41,7.94,0.0,6.91
2021-05-02,233.08,0.12,302.04,0.17,403.34,0.19,0.76,112.8,1267.78,48.15,8.25,16.47,16.625,12.24
2021-05-02,215.33,0.06,223.69,0.07,185.62,0.07,1.0,33.0,120.17,75.46,28.91,1.05,0.8442857142857143,1.25
2021-05-02,233.6,0.09,230.89,0.08,227.1,0.08,1.04,28.14,124.94,50.93,18.19,0.75,0.0,1.14
2021-05-02,501.12,0.12,557.28,0.13,547.6,0.14,1.05,36.59,191.48,65.38,21.57,1.93,0.0,1.68
2021-05-02,238.62,0.01,296.85,0.02,386.74,0.02,0.77,72.71,304.56,62.04,18.21,7.86,12.053571428571429,4.79
2021-05-02,15.44,0.0,16.51,0.0,26.43,0.01,0.62,9.21,26.46,53.21,57.21,0.68,3.898928571428571,0.25
2021-05-02,35.04,0.0,36.32,0.0,42.6,0.0,0.92,3.42,23.64,61.11,50.0,0.58,0.37000000000000005,0.32
2021-05-02,307.2,0.09,299.51,0.1,303.61,0.1,0.94,76.01,247.34,60.19,23.9,3.38,3.092142857142857,3.35
2021-05-02,398.86,0.09,449.29,0.09,451.65,0.08,0.87,88.15,446.62,75.0,21.43,4.37,1.8378571428571429,4.34
2021-05-02,73.65,0.03,58.46,0.03,40.75,0.03,1.22,10.17,77.61,61.57,2.38,0.2,0.0,0.44
2021-05-02,173.16,0.08,176.0,0.08,179.66,0.08,1.06,49.54,168.72,69.44,22.7,1.7,0.0575,1.35
2021-05-02,271.8,0.02,291.26,0.02,300.44,0.02,0.97,57.13,145.15,48.15,20.17,1.09,0.06178571428571429,0.88
2021-05-02,169.86,0.05,195.43,0.05,190.72,0.06,0.88,28.22,109.77,54.24,44.48,2.04,0.0,1.88
2021-05-02,102.76,0.0,128.21,0.0,151.91,0.01,0.82,56.88,265.62,67.59,19.77,14.12,0.0,7.07
2021-05-02,327.62,0.18,373.01,0.2,430.75,0.24,0.91,73.59,297.19,60.19,19.55,3.11,0.0,3.51
2021-05-03,15.44,0.0,16.51,0.0,26.43,0.01,0.61,8.36,25.72,53.2,57.27,0.68,3.789285714285714,0.25
2021-05-03,371.76,0.18,438.02,0.21,528.22,0.23,0.77,26.63,773.92,56.48,28.45,5.34,0.0,4.0
2021-05-03,398.86,0.08,449.29,0.09,451.65,0.08,0.86,88.49,451.18,75.0,21.76,4.37,1.8146428571428572,4.34
2021-05-03,215.33,0.06,223.69,0.06,185.62,0.07,0.99,32.87,119.6,75.46,29.57,1.05,0.8610714285714286,1.25
2021-05-03,0.8,0.0,0.62,0.0,0.31,0.0,1.19,0.04,2.71,75.46,6.63,0.01,0.0025,0.0
2021-05-03,220.62,0.05,247.68,0.05,248.79,0.05,0.91,48.26,397.78,75.93,22.22,6.6,1.5842857142857143,4.82
2021-05-03,238.62,0.01,296.85,0.02,386.74,0.02,0.78,70.61,318.85,62.04,18.68,7.86,11.654642857142859,4.79
2021-05-03,173.16,0.08,176.0,0.08,179.66,0.08,1.04,49.03,165.58,69.44,23.16,1.7,0.0575,1.35
2021-05-03,233.6,0.08,230.89,0.08,227.1,0.08,1.03,28.49,127.45,50.93,18.62,0.75,0.0,1.14
2021-05-03,327.62,0.18,373.01,0.2,430.75,0.24,0.91,73.59,303.32,56.48,19.56,3.11,0.0,3.51
2021-05-03,271.8,0.02,291.26,0.02,300.44,0.02,0.97,57.13,140.52,48.15,20.36,1.09,0.057857142857142864,0.88
2021-05-03,307.2,0.09,299.51,0.1,303.61,0.1,0.93,76.53,253.18,60.19,24.39,3.38,3.1292857142857144,3.35
2021-05-03,73.65,0.04,58.46,0.03,40.75,0.03,1.22,11.14,81.82,61.57,2.45,0.2,0.0,0.44
2021-05-03,169.86,0.05,195.43,0.05,190.72,0.06,0.87,28.85,110.97,54.22,44.76,2.04,0.0,1.88
2021-05-03,35.04,0.0,36.32,0.0,42.6,0.0,0.93,3.36,23.95,61.11,50.13,0.58,0.3625,0.32
2021-05-04,35.04,0.0,36.32,0.0,42.6,0.0,0.93,3.17,22.77,61.11,50.3,0.58,0.35500000000000004,0.32
2021-05-04,220.62,0.04,247.68,0.05,248.79,0.05,0.91,46.55,390.6,75.93,22.67,6.6,1.5339285714285713,4.82
2021-05-04,233.6,0.08,230.89,0.08,227.1,0.08,1.01,28.6,125.05,50.93,19.19,0.75,0.0,1.14
2021-05-04,307.2,0.08,299.51,0.1,303.61,0.1,0.93,76.53,245.2,60.19,24.72,3.38,3.1664285714285714,3.35
2021-05-04,238.62,0.01,296.85,0.01,386.74,0.02,0.78,68.23,302.36,62.04,19.15,7.86,11.255714285714285,4.79
2021-05-04,15.44,0.0,16.51,0.0,26.43,0.0,0.61,7.83,24.24,53.19,57.32,0.68,3.6796428571428565,0.25
2021-05-04,398.86,0.08,449.29,0.09,451.65,0.08,0.85,87.64,446.54,75.0,22.18,4.37,1.7914285714285716,4.34
2021-05-04,271.8,0.02,291.26,0.02,300.44,0.02,0.96,55.59,138.97,48.15,20.49,1.09,0.05392857142857143,0.88
2021-05-04,173.16,0.07,176.0,0.08,179.66,0.08,1.03,48.7,161.25,69.44,23.68,1.7,0.0575,1.35
2021-05-04,215.33,0.06,223.69,0.07,185.62,0.07,0.98,33.1,119.28,75.46,30.2,1.05,0.8778571428571428,1.25
2021-05-04,327.62,0.18,373.01,0.2,430.75,0.24,0.91,75.48,306.15,55.56,19.58,3.11,0.0,3.51
2021-05-04,0.8,0.0,0.62,0.0,0.31,0.0,1.14,0.08,2.86,54.17,6.84,0.01,0.0025,0.0
2021-05-04,73.65,0.04,58.46,0.03,40.75,0.03,1.22,11.49,82.47,65.28,2.51,0.2,0.0,0.44
2021-05-04,169.86,0.04,195.43,0.05,190.72,0.06,0.87,28.57,109.99,54.19,45.1,2.04,0.0,1.88
2021-05-05,15.44,0.0,16.51,0.0,26.43,0.0,0.6,7.83,23.18,53.18,57.36,0.68,3.57,0.25
2021-05-05,238.62,0.01,296.85,0.01,386.74,0.02,0.78,65.66,288.26,62.04,19.71,7.86,10.856785714285712,4.79
2021-05-05,233.6,0.08,230.89,0.09,227.1,0.08,1.0,29.18,123.33,50.93,19.79,0.75,0.0,1.14
2021-05-05,371.76,0.17,438.02,0.2,528.22,0.22,0.75,23.43,725.75,56.48,29.19,5.34,0.0,4.0
2021-05-05,37.5,0.07,31.73,0.06,23.96,0.06,1.13,10.71,105.6,49.07,2.35,0.27,3.4499999999999997,0.51
2021-05-05,307.2,0.08,299.51,0.1,303.61,0.1,0.93,76.18,240.99,60.19,25.41,3.38,3.2035714285714283,3.35
2021-05-05,271.8,0.02,291.26,0.02,300.44,0.02,0.95,55.59,146.7,48.15,21.07,1.09,0.049999999999999996,0.88
2021-05-05,35.04,0.0,36.32,0.0,42.6,0.0,0.94,3.08,21.97,61.11,50.5,0.58,0.3475,0.32
2021-05-05,173.16,0.07,176.0,0.08,179.66,0.08,1.01,48.82,156.94,69.44,24.22,1.7,0.0575,1.35
2021-05-05,220.62,0.04,247.68,0.05,248.79,0.05,0.9,45.92,382.32,75.93,23.12,6.6,1.4835714285714285,4.82
2021-05-05,0.8,0.0,0.62,0.0,0.31,0.0,1.07,0.08,2.64,54.17,7.13,0.01,0.0025,0.0
2021-05-05,73.65,0.04,58.46,0.03,40.75,0.03,1.21,11.96,85.1,65.28,2.59,0.2,0.0,0.44
2021-05-05,169.86,0.04,195.43,0.05,190.72,0.05,0.87,28.19,109.02,54.16,45.44,2.04,0.0,1.88
2021-05-05,19.9,0.05,18.67,0.04,13.8,0.04,1.11,9.77,61.12,45.37,0.5,1.04,0.0,0.64
2021-05-05,215.33,0.06,223.69,0.06,185.62,0.07,0.97,33.44,116.68,75.46,30.85,1.05,0.8946428571428572,1.25
2021-05-05,398.86,0.08,449.29,0.09,451.65,0.08,0.84,86.69,441.08,75.0,22.62,4.37,1.768214285714286,4.34
2021-05-05,327.62,0.18,373.01,0.19,430.75,0.23,0.91,72.65,292.95,55.56,19.74,3.11,0.0,3.51
2021-05-06,398.86,0.07,449.29,0.09,451.65,0.08,0.83,85.59,434.83,75.0,23.15,4.37,1.7449999999999999,4.34
2021-05-06,238.62,0.01,296.85,0.01,386.74,0.02,0.77,60.99,271.77,62.04,20.33,7.86,10.457857142857142,4.79
2021-05-06,220.62,0.04,247.68,0.05,248.79,0.05,0.89,44.72,372.49,75.93,23.73,6.6,1.4332142857142858,4.82
2021-05-06,173.16,0.07,176.0,0.08,179.66,0.08,1.0,48.4,154.55,69.44,24.73,1.7,0.0575,1.35
2021-05-06,73.65,0.04,58.46,0.03,40.75,0.03,1.21,11.76,88.16,65.28,2.61,0.2,0.0,0.44
2021-05-06,271.8,0.02,291.26,0.02,300.44,0.02,0.94,52.5,134.34,48.15,21.7,1.09,0.04785714285714286,0.88
2021-05-06,327.62,0.19,373.01,0.18,430.75,0.22,0.94,72.18,300.02,55.56,20.02,3.11,0.0,3.51
2021-05-06,0.8,0.0,0.62,0.0,0.31,0.0,1.01,0.08,2.75,54.17,7.36,0.01,0.0025,0.0
2021-05-06,215.33,0.06,223.69,0.06,185.62,0.07,0.97,33.7,116.11,75.46,31.59,1.05,0.9114285714285714,1.25
2021-05-06,35.04,0.0,36.32,0.0,42.6,0.0,0.94,2.9,21.32,61.11,50.68,0.58,0.33999999999999997,0.32
2021-05-06,233.6,0.08,230.89,0.09,227.1,0.08,0.98,28.95,117.61,50.93,20.36,0.75,0.0,1.14
2021-05-06,169.86,0.04,195.43,0.05,190.72,0.05,0.87,27.7,106.38,54.12,45.78,2.04,0.0,1.88
2021-05-06,19.9,0.05,18.67,0.04,13.8,0.04,1.12,10.35,62.84,45.37,0.51,1.04,0.0,0.64
2021-05-06,307.2,0.08,299.51,0.1,303.61,0.1,0.93,74.12,238.16,60.19,26.17,3.38,3.2407142857142857,3.35
2021-05-06,15.44,0.0,16.51,0.0,26.43,0.0,0.59,6.77,22.12,47.61,57.41,0.68,3.474642857142857,0.25
2021-05-07,307.2,0.07,299.51,0.09,303.61,0.1,0.92,73.35,232.24,60.19,26.69,3.38,3.277857142857143,3.35
2021-05-07,35.04,0.0,36.32,0.0,42.6,0.0,0.94,2.74,19.88,61.11,50.9,0.58,0.3325,0.32
2021-05-07,327.62,0.21,373.01,0.18,430.75,0.21,0.96,71.7,295.3,55.56,20.32,3.11,0.0,3.51
2021-05-07,371.76,0.16,438.02,0.19,528.22,0.22,0.72,24.59,678.74,56.48,29.49,5.34,0.0,4.0
2021-05-07,15.44,0.0,16.51,0.0,26.43,0.0,0.6,6.77,20.11,47.61,57.43,0.68,3.379285714285714,0.25
2021-05-07,238.62,0.01,296.85,0.01,386.74,0.02,0.77,55.27,257.1,62.04,20.93,7.86,10.05892857142857,4.79
2021-05-07,169.86,0.04,195.43,0.05,190.72,0.05,0.87,27.32,104.54,54.09,46.12,2.04,0.0,1.88
2021-05-07,56.57,0.01,57.34,0.01,61.42,0.01,0.94,8.66,31.55,72.22,25.67,0.37,0.46214285714285713,0.18
2021-05-07,398.86,0.07,449.29,0.09,451.65,0.09,0.82,83.69,426.61,75.0,23.69,4.37,1.7425,4.34
2021-05-07,220.62,0.04,247.68,0.05,248.79,0.05,0.88,43.75,364.56,75.93,24.31,6.6,1.3828571428571428,4.82
2021-05-07,73.65,0.04,58.46,0.03,40.75,0.03,1.2,12.32,90.49,65.28,2.66,0.2,0.0,0.44
2021-05-07,0.8,0.0,0.62,0.0,0.31,0.0,0.94,0.08,2.83,54.17,7.55,0.01,0.0025,0.0
2021-05-07,215.33,0.06,223.69,0.06,185.62,0.07,0.96,34.04,114.79,75.46,32.28,1.05,0.9282142857142858,1.25
2021-05-07,447.7,0.11,428.16,0.11,400.69,0.1,0.94,41.9,90.01,67.59,21.83,1.17,0.0,1.12
2021-05-07,271.8,0.02,291.26,0.02,300.44,0.02,0.93,52.5,140.52,48.15,22.3,1.09,0.045714285714285714,0.88
2021-05-07,127.76,0.0,112.05,0.0,106.07,0.0,1.08,5.95,29.92,64.8,21.45,0.32,0.3632142857142857,0.36
2021-05-07,246.72,0.01,264.5,0.01,295.18,0.01,0.85,56.6,185.69,76.85,27.06,3.94,3.873928571428572,2.8
2021-05-07,19.9,0.05,18.67,0.05,13.8,0.04,1.14,10.58,63.16,45.37,0.53,1.04,0.0,0.64
2021-05-07,233.6,0.08,230.89,0.09,227.1,0.08,0.97,28.83,117.61,50.93,20.96,0.75,0.0,1.14
2021-05-08,371.76,0.16,438.02,0.19,528.22,0.22,0.71,23.28,668.26,56.48,29.52,5.34,0.0,4.0
2021-05-08,220.62,0.04,247.68,0.05,248.79,0.05,0.87,42.72,354.06,73.15,24.79,6.6,1.3325,4.82
2021-05-08,271.8,0.02,291.26,0.02,300.44,0.02,0.92,50.96,143.61,48.15,22.92,1.09,0.04357142857142857,0.88
2021-05-08,73.65,0.04,58.46,0.03,40.75,0.03,1.19,12.85,91.31,65.28,2.67,0.2,0.0,0.44
2021-05-08,307.2,0.07,299.51,0.09,303.61,0.1,0.92,70.69,222.46,54.63,27.03,3.38,3.3150000000000004,3.35
2021-05-08,35.04,0.0,36.32,0.0,42.6,0.0,0.95,2.78,18.68,61.11,51.11,0.58,0.325,0.32
2021-05-08,215.33,0.06,223.69,0.06,185.62,0.07,0.96,34.14,115.57,75.46,32.84,1.05,0.9450000000000001,1.25
2021-05-08,661.94,0.02,469.12,0.01,402.7,0.01,0.87,41.29,305.8,69.44,24.37,1.93,1.3399999999999999,1.61
2021-05-08,169.86,0.04,195.43,0.05,190.72,0.05,0.87,26.92,100.52,54.07,46.34,2.04,0.0,1.88
2021-05-08,238.62,0.01,296.85,0.01,386.74,0.02,0.77,52.89,236.8,62.04,21.11,7.86,9.66,4.79
2021-05-08,0.8,0.0,0.62,0.0,0.31,0.0,0.89,0.08,2.41,44.91,7.62,0.01,0.0025,0.0
2021-05-08,15.44,0.0,16.51,0.0,26.43,0.0,0.59,6.88,19.9,47.6,57.44,0.68,3.2839285714285715,0.25
2021-05-08,327.62,0.22,373.01,0.18,430.75,0.21,0.97,71.7,290.59,55.56,20.36,3.11,0.0,3.51
2021-05-08,398.86,0.06,449.29,0.09,451.65,0.09,0.81,82.3,421.79,75.0,23.94,4.37,1.74,4.34
2021-05-08,19.9,0.05,18.67,0.04,13.8,0.04,1.16,10.52,62.61,45.37,0.53,1.04,0.0,0.64
2021-05-08,233.6,0.07,230.89,0.09,227.1,0.08,0.96,28.14,118.53,50.93,21.26,0.75,0.0,1.14
2021-05-09,261.94,0.07,307.2,0.09,299.51,0.1,0.92,70.78,227.18,54.63,27.07,3.34,3.3328571428571427,3.03
2021-05-09,316.08,0.22,327.62,0.18,373.01,0.2,0.96,71.23,285.4,55.56,20.42,3.72,0.0,2.09
2021-05-09,201.8,0.06,215.33,0.06,223.69,0.07,0.95,34.09,116.66,75.46,33.26,1.23,0.9635714285714286,1.12
2021-05-09,198.6,0.07,233.6,0.09,230.89,0.08,0.94,27.12,121.5,50.93,21.4,0.84,0.0,0.72
2021-05-09,254.16,0.08,275.54,0.08,353.52,0.09,0.85,35.44,240.56,58.04,25.57,5.18,3.718571428571429,3.28
2021-05-09,481.45,0.1,501.12,0.12,557.28,0.13,1.03,37.54,178.21,65.36,25.07,1.73,0.0,1.4
2021-05-09,31.52,0.0,35.04,0.0,36.32,0.0,0.95,2.9,18.68,61.11,51.25,0.48,0.3175,0.26
2021-05-09,317.61,0.06,398.86,0.09,449.29,0.09,0.8,82.36,424.96,75.0,24.08,4.58,1.7375,3.41
2021-05-09,90.87,0.04,73.65,0.03,58.46,0.03,1.19,13.02,95.76,65.28,2.69,0.23,0.0,0.62
2021-05-09,88.32,0.06,131.8,0.09,180.18,0.11,0.64,65.87,415.07,67.59,17.02,8.91,0.0,5.28
2021-05-09,157.95,0.07,173.16,0.08,176.0,0.08,0.96,48.68,155.6,69.44,25.64,1.58,0.0575,1.37
2021-05-09,201.75,0.01,238.62,0.01,296.85,0.02,0.76,53.27,239.18,62.04,21.29,5.96,9.349642857142856,3.52
2021-05-09,162.12,0.09,233.08,0.12,302.04,0.17,0.66,105.28,1102.93,48.15,8.97,15.09,16.58642857142857,9.59
2021-05-09,206.31,0.04,220.62,0.05,247.68,0.05,0.85,42.75,353.49,73.15,25.22,5.62,1.3074999999999997,3.98
2021-05-09,0.87,0.0,0.8,0.0,0.62,0.0,0.84,0.04,2.18,48.61,7.64,0.0,0.0025,0.0
2021-05-09,272.6,0.16,371.76,0.19,438.02,0.21,0.69,22.27,662.0,56.48,29.52,5.09,0.0,3.22
2021-05-09,83.18,0.0,102.76,0.0,128.21,0.0,0.79,50.68,217.07,67.59,21.9,10.15,0.0,6.6
2021-05-09,9.79,0.0,15.44,0.0,16.51,0.0,0.6,6.35,20.42,47.6,57.47,0.38,3.1885714285714286,0.2
2021-05-09,141.55,0.04,169.86,0.05,195.43,0.05,0.87,26.83,99.81,54.06,46.43,1.98,0.0,1.86
2021-05-10,201.75,0.01,238.62,0.01,296.85,0.02,0.76,53.74,257.96,62.04,21.93,5.96,9.039285714285715,3.52
2021-05-10,0.87,0.0,0.8,0.0,0.62,0.0,0.8,0.04,2.29,48.61,7.84,0.0,0.0025,0.0
2021-05-10,248.62,0.02,271.8,0.02,291.26,0.02,0.9,49.41,149.78,48.15,23.5,0.44,0.03928571428571428,0.88
2021-05-10,90.87,0.04,73.65,0.04,58.46,0.03,1.19,13.32,100.45,65.28,2.77,0.23,0.0,0.62
2021-05-10,157.95,0.07,173.16,0.08,176.0,0.08,0.95,48.13,153.45,69.44,26.03,1.58,0.0575,1.37
2021-05-10,201.8,0.06,215.33,0.06,223.69,0.06,0.94,33.96,113.98,75.46,33.83,1.23,0.9821428571428571,1.12
2021-05-10,31.52,0.0,35.04,0.0,36.32,0.0,0.96,2.77,18.93,59.72,51.35,0.48,0.3203571428571429,0.26
2021-05-10,141.55,0.04,169.86,0.05,195.43,0.05,0.86,27.22,100.4,54.04,46.63,1.98,0.0,1.86
2021-05-10,316.08,0.22,327.62,0.18,373.01,0.2,0.95,69.82,286.81,55.56,20.66,3.72,0.0,2.09
2021-05-10,206.31,0.04,220.62,0.05,247.68,0.05,0.84,42.18,353.76,73.15,25.71,5.62,1.2825,3.98
2021-05-10,317.61,0.06,398.86,0.08,449.29,0.09,0.81,83.02,426.91,63.89,24.5,4.58,1.7349999999999999,3.41
2021-05-10,9.79,0.0,15.44,0.0,16.51,0.0,0.6,6.67,20.11,47.59,57.51,0.38,3.0932142857142857,0.2
2021-05-10,19.4,0.05,19.9,0.05,18.67,0.04,1.19,10.5,62.71,45.37,0.55,0.95,0.0,0.73
2021-05-10,198.6,0.07,233.6,0.08,230.89,0.08,0.93,27.12,121.5,50.93,21.99,0.84,0.0,0.72
2021-05-10,261.94,0.07,307.2,0.09,299.51,0.1,0.92,71.29,236.79,54.63,27.64,3.34,3.350714285714286,3.03
2021-05-11,0.87,0.0,0.8,0.0,0.62,0.0,0.79,0.04,2.06,48.61,8.12,0.0,0.0025,0.0
2021-05-11,316.08,0.22,327.62,0.18,373.01,0.2,0.94,67.46,275.49,55.56,21.0,3.72,0.0,2.09
2021-05-11,201.75,0.01,238.62,0.01,296.85,0.01,0.76,51.93,243.47,62.04,22.57,5.96,8.728928571428572,3.52
2021-05-11,248.62,0.02,271.8,0.02,291.26,0.02,0.9,52.5,135.89,48.15,24.07,0.44,0.037142857142857144,0.88
2021-05-11,201.8,0.06,215.33,0.06,223.69,0.07,0.93,33.75,111.54,75.46,34.39,1.23,1.000714285714286,1.12
2021-05-11,206.31,0.04,220.62,0.04,247.68,0.05,0.84,41.04,348.91,73.15,26.25,5.62,1.2574999999999998,3.98
2021-05-11,9.79,0.0,15.44,0.0,16.51,0.0,0.6,5.82,19.58,47.58,57.55,0.38,2.9978571428571428,0.2
2021-05-11,157.95,0.07,173.16,0.07,176.0,0.08,0.94,47.12,145.1,69.44,26.68,1.58,0.0575,1.37
2021-05-11,261.94,0.07,307.2,0.08,299.51,0.1,0.92,68.21,223.49,54.63,28.22,3.34,3.3685714285714283,3.03
2021-05-11,90.87,0.04,73.65,0.04,58.46,0.03,1.19,13.02,101.3,65.28,2.86,0.23,0.0,0.62
2021-05-11,19.4,0.05,19.9,0.05,18.67,0.04,1.2,10.84,64.58,45.37,0.59,0.95,0.0,0.73
2021-05-11,141.55,0.04,169.86,0.04,195.43,0.05,0.84,27.14,99.78,54.01,46.88,1.98,0.0,1.86
2021-05-11,31.52,0.0,35.04,0.0,36.32,0.0,0.97,2.68,18.86,59.72,51.54,0.48,0.32321428571428573,0.26
2021-05-11,198.6,0.07,233.6,0.08,230.89,0.08,0.92,25.06,116.81,50.93,22.62,0.84,0.0,0.72
2021-05-11,317.61,0.06,398.86,0.08,449.29,0.09,0.81,81.16,419.2,63.89,24.97,4.58,1.7325,3.41
2021-05-12,317.61,0.05,398.86,0.08,449.29,0.09,0.81,79.66,408.27,63.89,25.45,4.58,1.73,3.41
2021-05-12,141.55,0.04,169.86,0.04,195.43,0.05,0.83,26.46,98.55,53.98,47.12,1.98,0.0,1.86
2021-05-12,9.79,0.0,15.44,0.0,16.51,0.0,0.6,5.82,19.05,47.57,57.58,0.38,2.9025000000000003,0.2
2021-05-12,206.31,0.04,220.62,0.04,247.68,0.05,0.84,40.11,336.87,73.15,26.83,5.62,1.2325,3.98
2021-05-12,261.94,0.07,307.2,0.08,299.51,0.1,0.91,64.95,212.85,54.63,28.95,3.34,3.386428571428571,3.03
2021-05-12,19.4,0.05,19.9,0.05,18.67,0.04,1.22,11.09,65.88,45.37,0.61,0.95,0.0,0.73
2021-05-12,0.87,0.0,0.8,0.0,0.62,0.0,0.78,0.04,1.76,48.61,8.39,0.0,0.0025,0.0
2021-05-12,272.6,0.15,371.76,0.17,438.02,0.2,0.69,21.1,598.55,56.48,30.15,5.09,0.0,3.22
2021-05-12,41.14,0.09,37.5,0.07,31.73,0.06,0.9,12.5,120.43,49.07,2.68,0.33,2.4149999999999996,0.59
2021-05-12,201.75,0.01,238.62,0.01,296.85,0.01,0.75,47.93,226.8,62.04,23.26,5.96,8.418571428571429,3.52
2021-05-12,198.6,0.07,233.6,0.08,230.89,0.09,0.92,25.97,109.49,50.93,23.22,0.84,0.0,0.72
2021-05-12,157.95,0.06,173.16,0.07,176.0,0.08,0.93,46.51,140.63,69.44,27.26,1.58,0.0575,1.37
2021-05-12,201.8,0.06,215.33,0.06,223.69,0.06,0.92,33.26,109.77,75.46,35.09,1.23,1.0192857142857144,1.12
2021-05-12,90.87,0.04,73.65,0.04,58.46,0.03,1.19,13.35,108.96,65.28,2.95,0.23,0.0,0.62
2021-05-12,31.52,0.0,35.04,0.0,36.32,0.0,0.98,2.7,18.06,59.72,51.75,0.48,0.3260714285714286,0.26
2021-05-12,248.62,0.02,271.8,0.02,291.26,0.02,0.89,50.96,132.8,48.15,24.77,0.44,0.034999999999999996,0.88
2021-05-12,316.08,0.21,327.62,0.18,373.01,0.19,0.93,66.04,264.17,55.56,21.48,3.72,0.0,2.09
2021-05-13,90.87,0.04,73.65,0.04,58.46,0.03,1.2,14.64,112.44,65.28,3.06,0.23,0.0,0.62
2021-05-13,526.09,0.01,661.94,0.02,469.12,0.01,0.77,36.83,275.67,69.44,28.21,1.07,1.4167857142857143,2.25
2021-05-13,201.75,0.01,238.62,0.01,296.85,0.01,0.74,44.22,213.65,62.04,24.03,5.96,8.108214285714286,3.52
2021-05-13,0.87,0.0,0.8,0.0,0.62,0.0,0.76,0.04,1.45,48.61,8.67,0.0,0.0025,0.0
2021-05-13,157.95,0.06,173.16,0.07,176.0,0.08,0.93,45.9,135.03,69.44,27.91,1.58,0.0575,1.37
2021-05-13,9.79,0.0,15.44,0.0,16.51,0.0,0.59,5.61,17.25,47.57,57.62,0.38,2.8546428571428573,0.2
2021-05-13,316.08,0.2,327.62,0.19,373.01,0.18,0.9,66.04,259.92,55.56,22.22,3.72,0.0,2.09
2021-05-13,31.52,0.0,35.04,0.0,36.32,0.0,0.99,2.41,16.92,59.72,51.95,0.48,0.32892857142857146,0.26
2021-05-13,198.6,0.07,233.6,0.08,230.89,0.09,0.92,24.48,105.03,50.93,23.91,0.84,0.0,0.72
2021-05-13,261.94,0.07,307.2,0.08,299.51,0.1,0.91,63.83,206.08,54.63,29.71,3.34,3.4042857142857144,3.03
2021-05-13,206.31,0.04,220.62,0.04,247.68,0.05,0.84,39.09,324.79,73.15,27.42,5.62,1.2074999999999998,3.98
2021-05-13,201.8,0.06,215.33,0.06,223.69,0.06,0.91,32.87,106.72,75.46,35.97,1.23,1.037857142857143,1.12
2021-05-13,141.55,0.04,169.86,0.04,195.43,0.05,0.82,26.11,96.09,53.95,47.36,1.98,0.0,1.86
2021-05-13,248.62,0.02,271.8,0.02,291.26,0.02,0.89,49.41,132.8,48.15,25.54,0.44,0.032857142857142856,0.88
2021-05-13,272.6,0.14,371.76,0.16,438.02,0.2,0.7,20.08,581.82,56.48,30.39,5.09,0.0,3.22
2021-05-13,317.61,0.05,398.86,0.07,449.29,0.09,0.8,77.14,397.93,63.89,26.01,4.58,1.7274999999999998,3.41
2021-05-14,317.61,0.05,398.86,0.07,449.29,0.09,0.8,75.3,388.29,63.89,26.56,4.58,1.7321428571428572,3.41
2021-05-14,141.55,0.04,169.86,0.04,195.43,0.05,0.82,25.56,94.1,53.92,47.6,1.98,0.0,1.86
2021-05-14,31.52,0.0,35.04,0.0,36.32,0.0,1.0,2.36,16.9,59.72,52.15,0.48,0.33178571428571424,0.26
2021-05-14,408.98,0.12,447.7,0.11,428.16,0.11,0.93,40.99,80.11,67.59,24.68,1.11,0.0,1.08
2021-05-14,316.08,0.18,327.62,0.21,373.01,0.18,0.88,66.51,253.79,55.56,22.86,3.72,0.0,2.09
2021-05-14,51.56,0.01,56.57,0.01,57.34,0.01,0.96,7.3,27.26,72.22,29.45,0.26,0.5275,0.21
2021-05-14,201.8,0.06,215.33,0.06,223.69,0.06,0.9,32.79,105.14,75.46,36.94,1.23,1.0564285714285715,1.12
2021-05-14,0.87,0.0,0.8,0.0,0.62,0.0,0.75,0.04,1.45,48.61,8.92,0.0,0.0025,0.0
2021-05-14,206.31,0.04,220.62,0.04,247.68,0.05,0.83,38.16,314.78,73.15,28.03,5.62,1.1824999999999999,3.98
2021-05-14,121.85,0.01,127.76,0.0,112.05,0.0,1.14,5.27,26.69,61.72,23.77,0.53,0.37000000000000005,0.19
2021-05-14,198.6,0.07,233.6,0.08,230.89,0.09,0.91,24.37,97.36,50.93,24.55,0.84,0.0,0.72
2021-05-14,248.62,0.02,271.8,0.02,291.26,0.02,0.88,47.87,132.8,48.15,26.2,0.44,0.030714285714285715,0.88
2021-05-14,272.6,0.13,371.76,0.16,438.02,0.19,0.69,19.06,567.7,56.48,30.8,5.09,0.0,3.22
2021-05-14,212.95,0.01,246.72,0.01,264.5,0.01,0.75,47.21,154.48,75.0,30.83,3.48,3.6349999999999993,2.84
2021-05-14,90.87,0.04,73.65,0.04,58.46,0.03,1.21,15.35,116.51,65.28,3.16,0.23,0.0,0.62
2021-05-14,261.94,0.07,307.2,0.07,299.51,0.09,0.91,62.37,197.92,54.63,30.58,3.34,3.4221428571428567,3.03
2021-05-14,9.79,0.0,15.44,0.0,16.51,0.0,0.58,5.29,17.67,47.56,57.64,0.38,2.8067857142857138,0.2
2021-05-14,19.4,0.06,19.9,0.05,18.67,0.05,1.25,11.3,67.32,45.37,0.64,0.95,0.0,0.73
2021-05-14,201.75,0.01,238.62,0.01,296.85,0.01,0.74,41.83,204.4,62.04,24.77,5.96,7.797857142857143,3.52
2021-05-15,9.79,0.0,15.44,0.0,16.51,0.0,0.58,5.19,16.62,47.56,57.64,0.38,2.7589285714285716,0.2
2021-05-15,317.61,0.05,398.86,0.06,449.29,0.09,0.8,73.81,380.46,63.89,26.89,4.58,1.7367857142857142,3.41
2021-05-15,114.76,0.18,100.92,0.13,79.38,0.15,1.19,9.08,73.79,27.78,6.0,1.87,1.9825,2.45
2021-05-15,0.87,0.0,0.8,0.0,0.62,0.0,0.73,0.08,1.38,44.91,9.02,0.0,0.0025,0.0
2021-05-15,206.31,0.04,220.62,0.04,247.68,0.05,0.82,37.45,305.06,73.15,28.58,5.62,1.1575,3.98
2021-05-15,19.4,0.05,19.9,0.05,18.67,0.04,1.25,11.65,68.12,45.37,0.64,0.95,0.0,0.73
2021-05-15,201.75,0.01,238.62,0.01,296.85,0.01,0.73,39.26,181.06,62.04,25.05,5.96,7.4875,3.52
2021-05-15,198.6,0.06,233.6,0.07,230.89,0.09,0.91,23.91,96.79,50.93,24.9,0.84,0.0,0.72
2021-05-15,201.8,0.06,215.33,0.06,223.69,0.06,0.89,32.69,104.57,75.46,37.75,1.23,1.075,1.12
2021-05-15,261.94,0.06,307.2,0.07,299.51,0.09,0.91,60.66,185.91,50.93,31.28,3.34,3.4400000000000004,3.03
2021-05-15,272.6,0.1,371.76,0.16,438.02,0.19,0.69,19.65,563.05,56.48,31.15,5.09,0.0,3.22
2021-05-15,248.62,0.02,271.8,0.02,291.26,0.02,0.88,47.87,134.34,48.15,27.04,0.44,0.028571428571428574,0.88
2021-05-15,90.87,0.04,73.65,0.04,58.46,0.03,1.21,16.26,119.07,65.28,3.21,0.23,0.0,0.62
2021-05-15,31.52,0.0,35.04,0.0,36.32,0.0,1.01,2.24,16.58,59.72,52.4,0.48,0.33464285714285713,0.26
2021-05-15,141.55,0.04,169.86,0.04,195.43,0.05,0.82,25.03,90.56,53.9,47.75,1.98,0.0,1.86
2021-05-15,316.08,0.17,327.62,0.22,373.01,0.18,0.86,59.91,237.28,55.56,23.12,3.72,0.0,2.09
2021-05-16,168.17,0.06,198.6,0.07,233.6,0.09,0.9,23.22,100.22,50.93,25.05,1.14,0.0,0.42
2021-05-16,6.34,0.0,9.79,0.0,15.44,0.0,0.59,5.19,17.36,47.56,57.67,0.25,2.7110714285714286,0.13
2021-05-16,197.79,0.06,201.8,0.06,215.33,0.06,0.88,32.22,105.29,75.46,38.43,1.25,1.0875,1.23
2021-05-16,105.67,0.04,90.87,0.04,73.65,0.03,1.2,16.35,123.84,65.28,3.29,0.44,0.0,0.9
2021-05-16,0.53,0.0,0.87,0.0,0.8,0.0,0.69,0.08,1.18,44.91,9.05,0.0,0.0025,0.0
2021-05-16,236.98,0.05,317.61,0.06,398.86,0.09,0.8,73.31,380.41,63.89,27.08,4.34,1.7414285714285713,2.64
2021-05-16,161.27,0.03,206.31,0.04,220.62,0.05,0.8,37.13,298.32,73.15,29.02,4.82,1.1071428571428572,3.28
2021-05-16,241.57,0.08,254.16,0.08,275.54,0.08,0.84,35.44,197.58,45.0,28.11,2.75,3.1557142857142857,2.22
2021-05-16,64.71,0.04,88.32,0.06,131.8,0.09,0.71,55.95,335.67,67.59,18.42,6.91,0.0,4.34
2021-05-16,62.04,0.0,83.18,0.0,102.76,0.0,0.74,42.7,182.69,67.59,24.62,7.07,0.0,5.35
2021-05-16,289.06,0.17,316.08,0.22,327.62,0.18,0.84,60.85,235.4,55.56,23.2,3.51,0.0,1.96
2021-05-16,150.23,0.01,201.75,0.01,238.62,0.01,0.73,39.64,179.34,62.04,25.28,4.79,7.208214285714286,2.54
2021-05-16,181.81,0.11,272.6,0.16,371.76,0.19,0.72,19.94,556.93,56.48,31.28,4.0,0.0,2.63
2021-05-16,124.9,0.18,114.76,0.12,100.92,0.13,1.19,9.49,88.6,27.78,6.01,2.27,2.017857142857143,3.18
2021-05-16,459.58,0.1,481.45,0.1,501.12,0.12,0.98,36.12,161.91,65.31,28.3,1.68,0.0,1.55
2021-05-16,107.05,0.08,162.12,0.09,233.08,0.12,0.72,93.93,983.49,48.15,9.53,12.24,15.076785714285714,7.28
2021-05-16,122.27,0.04,141.55,0.04,169.86,0.05,0.82,24.71,89.14,55.74,47.81,1.88,0.0,1.66
2021-05-16,256.22,0.06,261.94,0.07,307.2,0.09,0.9,60.23,186.34,50.93,31.35,3.35,3.4164285714285714,2.2
2021-05-16,30.32,0.0,31.52,0.0,35.04,0.0,1.02,2.13,16.25,59.72,52.54,0.32,0.33749999999999997,0.22
2021-05-16,125.18,0.06,157.95,0.07,173.16,0.08,0.92,44.87,134.51,63.43,29.01,1.35,0.0575,1.08
2021-05-17,30.32,0.0,31.52,0.0,35.04,0.0,1.03,2.21,16.44,59.72,52.72,0.32,0.3392857142857143,0.22
2021-05-17,236.98,0.04,317.61,0.06,398.86,0.08,0.81,71.82,378.48,63.89,27.54,4.34,1.7460714285714285,2.64
2021-05-17,168.17,0.06,198.6,0.07,233.6,0.08,0.9,23.45,99.88,50.93,25.59,1.14,0.0,0.42
2021-05-17,289.06,0.16,316.08,0.22,327.62,0.18,0.83,62.27,240.11,55.56,23.31,3.51,0.0,1.96
2021-05-17,256.22,0.06,261.94,0.07,307.2,0.09,0.89,60.91,193.29,50.93,32.03,3.35,3.392857142857143,2.2
2021-05-17,122.27,0.04,141.55,0.04,169.86,0.05,0.81,24.66,88.64,55.72,47.96,1.88,0.0,1.66
2021-05-17,105.67,0.05,90.87,0.04,73.65,0.04,1.2,18.15,130.44,65.28,3.4,0.44,0.0,0.9
2021-05-17,208.61,0.02,248.62,0.02,271.8,0.02,0.86,46.32,126.62,48.15,27.71,0.88,0.024285714285714282,0.44
2021-05-17,27.42,0.07,19.4,0.05,19.9,0.05,1.29,11.59,68.3,45.37,0.66,0.64,0.0,1.05
2021-05-17,150.23,0.01,201.75,0.01,238.62,0.01,0.72,40.4,191.16,62.04,25.97,4.79,6.928928571428571,2.54
2021-05-17,299.48,0.01,526.09,0.02,661.94,0.02,0.7,37.95,231.02,66.67,31.73,1.61,1.5239285714285715,1.29
2021-05-17,6.34,0.0,9.79,0.0,15.44,0.0,0.6,4.87,16.51,47.55,57.7,0.25,2.6632142857142855,0.13
2021-05-17,161.27,0.03,206.31,0.04,220.62,0.05,0.79,36.55,297.86,69.44,29.52,4.82,1.0567857142857142,3.28
2021-05-17,197.79,0.06,201.8,0.06,215.33,0.06,0.87,31.8,102.33,75.46,39.26,1.25,1.1,1.23
2021-05-17,0.53,0.0,0.87,0.0,0.8,0.0,0.65,0.08,1.11,44.91,9.31,0.0,0.0025,0.0
2021-05-17,125.18,0.06,157.95,0.07,173.16,0.08,0.92,42.85,127.59,63.43,29.5,1.35,0.04928571428571429,1.08
2021-05-17,124.9,0.16,114.76,0.14,100.92,0.13,1.19,11.37,107.57,27.78,6.07,2.27,2.0532142857142857,3.18
2021-05-17,181.81,0.1,272.6,0.16,371.76,0.18,0.71,18.48,550.97,56.48,31.57,4.0,0.0,2.63
2021-05-18,27.42,0.07,19.4,0.05,19.9,0.05,1.29,12.06,70.39,45.37,0.69,0.64,0.0,1.05
2021-05-18,256.22,0.06,261.94,0.07,307.2,0.08,0.89,58.85,180.85,50.93,32.54,3.35,3.3692857142857138,2.2
2021-05-18,125.18,0.06,157.95,0.07,173.16,0.07,0.92,41.86,119.96,63.43,30.11,1.35,0.04107142857142858,1.08
2021-05-18,197.79,0.06,201.8,0.06,215.33,0.06,0.86,31.23,102.74,75.46,40.0,1.25,1.1125,1.23
2021-05-18,105.67,0.05,90.87,0.04,73.65,0.04,1.2,18.74,131.44,65.28,3.49,0.44,0.0,0.9
2021-05-18,150.23,0.01,201.75,0.01,238.62,0.01,0.71,38.21,176.48,62.04,26.7,4.79,6.649642857142857,2.54
2021-05-18,208.61,0.02,248.62,0.02,271.8,0.02,0.85,46.32,129.71,48.15,28.3,0.88,0.02214285714285714,0.44
2021-05-18,6.34,0.0,9.79,0.0,15.44,0.0,0.6,4.66,15.24,47.54,57.73,0.25,2.615357142857143,0.13
2021-05-18,168.17,0.06,198.6,0.07,233.6,0.08,0.88,21.85,96.56,50.93,26.23,1.14,0.0,0.42
2021-05-18,122.27,0.04,141.55,0.04,169.86,0.04,0.81,24.53,87.15,60.65,48.16,1.88,0.0,1.66
2021-05-18,0.53,0.0,0.87,0.0,0.8,0.0,0.64,0.12,1.18,39.35,9.57,0.0,0.0025,0.0
2021-05-18,124.9,0.18,114.76,0.12,100.92,0.14,1.19,12.35,115.67,27.78,6.13,2.27,2.0885714285714285,3.18
2021-05-18,289.06,0.15,316.08,0.22,327.62,0.18,0.82,61.8,225.02,55.56,23.7,3.51,0.0,1.96
2021-05-18,299.48,0.01,526.09,0.02,661.94,0.02,0.69,40.18,210.94,66.67,32.72,1.61,1.5621428571428573,1.29
2021-05-18,236.98,0.04,317.61,0.06,398.86,0.08,0.81,69.94,369.07,63.89,28.14,4.34,1.750714285714286,2.64
2021-05-18,161.27,0.03,206.31,0.04,220.62,0.04,0.77,34.83,287.83,69.44,30.03,4.82,1.0064285714285715,3.28
2021-05-18,30.32,0.0,31.52,0.0,35.04,0.0,1.04,2.04,16.12,59.72,52.92,0.32,0.3410714285714285,0.22
2021-05-19,150.23,0.01,201.75,0.01,238.62,0.01,0.71,36.12,165.81,62.04,27.46,4.79,6.370357142857143,2.54
2021-05-19,0.53,0.0,0.87,0.0,0.8,0.0,0.64,0.12,1.03,39.35,9.86,0.0,0.0025,0.0
2021-05-19,197.79,0.05,201.8,0.06,215.33,0.06,0.85,31.47,101.55,75.46,40.85,1.25,1.1250000000000002,1.23
2021-05-19,208.61,0.02,248.62,0.02,271.8,0.02,0.84,46.32,115.81,48.15,28.97,0.88,0.019999999999999997,0.44
2021-05-19,256.22,0.06,261.94,0.07,307.2,0.08,0.88,56.62,173.73,50.93,33.1,3.35,3.3457142857142856,2.2
2021-05-19,236.98,0.04,317.61,0.05,398.86,0.08,0.81,67.58,357.66,63.89,28.78,4.34,1.7553571428571428,2.64
2021-05-19,168.17,0.05,198.6,0.07,233.6,0.08,0.88,21.97,92.22,50.93,26.87,1.14,0.0,0.42
2021-05-19,161.27,0.03,206.31,0.04,220.62,0.04,0.75,33.74,275.62,69.44,30.58,4.82,0.9560714285714286,3.28
2021-05-19,299.48,0.01,526.09,0.01,661.94,0.02,0.67,39.06,193.08,66.67,34.07,1.61,1.600357142857143,1.29
2021-05-19,289.06,0.14,316.08,0.21,327.62,0.18,0.82,59.91,218.41,55.56,24.49,3.51,0.0,1.96
2021-05-19,105.67,0.05,90.87,0.04,73.65,0.04,1.19,18.5,136.1,80.56,3.52,0.44,0.0,0.9
2021-05-19,6.34,0.0,9.79,0.0,15.44,0.0,0.6,4.44,14.82,47.54,57.75,0.25,2.5675,0.13
2021-05-19,124.9,0.2,114.76,0.12,100.92,0.14,1.19,10.72,109.37,27.78,6.17,2.27,2.1239285714285714,3.18
2021-05-19,42.5,0.07,41.14,0.09,37.5,0.07,1.14,14.58,134.08,49.07,3.76,0.51,2.4149999999999996,0.72
2021-05-19,181.81,0.09,272.6,0.15,371.76,0.17,0.68,15.14,508.18,56.48,32.3,4.0,0.0,2.63
2021-05-19,125.18,0.06,157.95,0.06,173.16,0.07,0.91,40.6,114.47,63.43,30.61,1.35,0.032857142857142856,1.08
2021-05-19,27.42,0.07,19.4,0.05,19.9,0.05,1.29,11.95,69.89,45.37,0.72,0.64,0.0,1.05
2021-05-19,30.32,0.0,31.52,0.0,35.04,0.0,1.05,2.02,15.57,59.72,53.19,0.32,0.34285714285714286,0.22
2021-05-19,122.27,0.03,141.55,0.04,169.86,0.04,0.81,23.98,86.06,60.65,48.35,1.88,0.0,1.66
2021-05-20,30.32,0.0,31.52,0.0,35.04,0.0,1.06,1.91,14.65,59.72,53.5,0.32,0.3446428571428571,0.22
2021-05-20,124.9,0.17,114.76,0.18,100.92,0.11,1.19,12.68,120.74,27.78,6.36,2.27,2.1592857142857147,3.18
2021-05-20,125.18,0.06,157.95,0.06,173.16,0.07,0.91,39.93,109.3,63.43,31.35,1.35,0.024642857142857143,1.08
2021-05-20,150.23,0.01,201.75,0.01,238.62,0.01,0.7,35.16,156.57,62.04,28.26,4.79,6.091071428571428,2.54
2021-05-20,168.17,0.05,198.6,0.07,233.6,0.08,0.88,21.28,89.01,50.93,27.23,1.14,0.0,0.42
2021-05-20,208.61,0.02,248.62,0.02,271.8,0.02,0.83,44.78,103.46,48.15,29.61,0.88,0.019642857142857146,0.44
2021-05-20,256.22,0.06,261.94,0.07,307.2,0.08,0.88,55.25,164.04,50.93,33.44,3.35,3.322142857142857,2.2
2021-05-20,197.79,0.05,201.8,0.06,215.33,0.06,0.83,31.57,100.43,75.46,41.81,1.25,1.1375,1.23
2021-05-20,236.98,0.04,317.61,0.05,398.86,0.07,0.81,65.5,348.84,63.89,29.28,4.34,1.76,2.64
2021-05-20,105.67,0.06,90.87,0.04,73.65,0.04,1.19,19.3,138.16,80.56,3.52,0.44,0.0,0.9
2021-05-20,27.42,0.07,19.4,0.06,19.9,0.05,1.3,12.37,71.36,45.37,0.76,0.64,0.0,1.05
2021-05-20,289.06,0.13,316.08,0.2,327.62,0.19,0.81,58.02,212.28,55.56,25.41,3.51,0.0,1.96
2021-05-20,6.34,0.0,9.79,0.0,15.44,0.0,0.6,4.23,14.71,47.53,57.77,0.25,2.5335714285714284,0.13
2021-05-20,122.27,0.03,141.55,0.04,169.86,0.04,0.81,23.4,83.28,60.65,48.63,1.88,0.0,1.66
2021-05-20,161.27,0.03,206.31,0.04,220.62,0.04,0.74,32.06,262.56,69.44,31.17,4.82,0.9057142857142856,3.28
2021-05-20,0.53,0.0,0.87,0.0,0.8,0.0,0.64,0.12,0.92,39.35,10.16,0.0,0.0025,0.0
2021-05-21,122.27,0.03,141.55,0.04,169.86,0.04,0.81,22.55,81.06,60.65,48.96,1.88,0.0,1.66
2021-05-21,47.72,0.01,51.56,0.01,56.57,0.01,1.03,7.01,22.98,62.04,32.48,0.18,0.65,0.23
2021-05-21,105.67,0.06,90.87,0.04,73.65,0.04,1.18,19.57,142.88,80.56,3.52,0.44,0.0,0.9
2021-05-21,124.9,0.2,114.76,0.17,100.92,0.11,1.2,13.17,124.43,27.78,6.63,2.27,2.194642857142857,3.18
2021-05-21,197.79,0.05,201.8,0.06,215.33,0.06,0.82,31.96,96.45,75.46,42.85,1.25,1.1500000000000001,1.23
2021-05-21,152.1,0.0,212.95,0.01,246.72,0.01,0.67,36.02,112.76,73.15,34.44,2.8,3.312142857142857,1.84
2021-05-21,208.61,0.02,248.62,0.02,271.8,0.02,0.84,44.78,109.64,48.15,30.27,0.88,0.019285714285714288,0.44
2021-05-21,289.06,0.13,316.08,0.18,327.62,0.21,0.8,58.5,208.98,55.56,26.23,3.51,0.0,1.96
2021-05-21,375.02,0.13,408.98,0.12,447.7,0.11,0.77,36.72,66.16,67.59,28.13,1.12,0.0,0.73
2021-05-21,30.32,0.0,31.52,0.0,35.04,0.0,1.06,1.84,14.29,59.72,53.82,0.32,0.3464285714285714,0.22
2021-05-21,0.53,0.0,0.87,0.0,0.8,0.0,0.66,0.12,0.88,39.35,10.42,0.0,0.0025,0.0
2021-05-21,150.23,0.0,201.75,0.01,238.62,0.01,0.7,32.68,148.37,62.04,29.02,4.79,5.811785714285714,2.54
2021-05-21,256.22,0.06,261.94,0.07,307.2,0.07,0.88,55.16,164.47,50.93,33.8,3.35,3.2985714285714285,2.2
2021-05-21,299.48,0.0,526.09,0.01,661.94,0.02,0.64,31.25,172.99,66.67,35.75,1.61,1.6767857142857143,1.29
2021-05-21,236.98,0.04,317.61,0.05,398.86,0.07,0.81,64.18,345.16,63.89,29.95,4.34,1.772857142857143,2.64
2021-05-21,148.52,0.01,121.85,0.01,127.76,0.0,1.09,5.61,27.71,61.45,26.42,0.36,0.35285714285714287,0.12
2021-05-21,161.27,0.03,206.31,0.04,220.62,0.04,0.73,31.5,252.55,69.44,31.77,4.82,0.8553571428571428,3.28
2021-05-21,27.42,0.07,19.4,0.06,19.9,0.05,1.29,12.42,71.11,45.37,0.79,0.64,0.0,1.05
2021-05-21,168.17,0.05,198.6,0.07,233.6,0.08,0.89,22.31,84.55,50.93,27.75,1.14,0.0,0.42
2021-05-21,6.34,0.0,9.79,0.0,15.44,0.0,0.62,4.23,13.55,47.53,57.78,0.25,2.4996428571428573,0.13
2021-05-22,208.61,0.02,248.62,0.02,271.8,0.02,0.83,43.24,97.28,48.15,30.82,0.88,0.01892857142857143,0.44
2021-05-22,197.79,0.05,201.8,0.06,215.33,0.06,0.81,32.25,95.83,75.46,43.74,1.25,1.1624999999999999,1.23
2021-05-22,27.42,0.08,19.4,0.05,19.9,0.05,1.29,12.64,71.38,45.37,0.8,0.64,0.0,1.05
2021-05-22,122.27,0.03,141.55,0.04,169.86,0.04,0.81,21.9,77.4,60.65,49.24,1.88,0.0,1.66
2021-05-22,236.98,0.04,317.61,0.05,398.86,0.06,0.82,62.98,338.43,63.89,30.5,4.34,1.7857142857142858,2.64
2021-05-22,30.32,0.0,31.52,0.0,35.04,0.0,1.08,1.79,14.16,59.72,54.18,0.32,0.3482142857142857,0.22
2021-05-22,6.34,0.0,9.79,0.0,15.44,0.0,0.64,4.23,13.34,47.53,57.79,0.25,2.4657142857142853,0.13
2021-05-22,105.67,0.06,90.87,0.04,73.65,0.04,1.18,19.95,145.94,80.56,3.55,0.44,0.0,0.9
2021-05-22,150.23,0.0,201.75,0.01,238.62,0.01,0.69,29.44,128.93,62.04,29.33,4.79,5.532500000000001,2.54
2021-05-22,161.27,0.03,206.31,0.04,220.62,0.04,0.72,30.57,242.18,69.44,32.38,4.82,0.8049999999999998,3.28
2021-05-22,168.17,0.05,198.6,0.06,233.6,0.07,0.88,23.22,83.63,50.93,28.12,1.14,0.0,0.42
2021-05-22,289.06,0.13,316.08,0.17,327.62,0.22,0.8,57.08,198.6,52.78,26.56,3.51,0.0,1.96
2021-05-22,0.53,0.0,0.87,0.0,0.8,0.0,0.68,0.12,0.73,39.35,10.54,0.0,0.0025,0.0
2021-05-22,124.9,0.19,114.76,0.18,100.92,0.13,1.19,13.01,139.97,27.78,6.7,2.27,2.23,3.18
2021-05-22,181.81,0.09,272.6,0.1,371.76,0.16,0.68,14.12,431.2,56.48,33.16,4.0,0.0,2.63
2021-05-22,256.22,0.06,261.94,0.06,307.2,0.07,0.88,53.28,154.77,50.93,34.09,3.35,3.275,2.2
2021-05-23,4.1,0.0,6.34,0.0,9.79,0.0,0.65,4.34,13.34,47.53,57.79,0.2,2.431785714285714,0.11
2021-05-23,106.84,0.0,150.23,0.01,201.75,0.01,0.69,29.16,127.6,62.04,29.57,3.52,5.3425,1.45
2021-05-23,32.5,0.0,30.32,0.0,31.52,0.0,1.09,1.82,13.81,59.72,54.37,0.26,0.35,0.17
2021-05-23,160.63,0.24,124.9,0.18,114.76,0.12,1.19,12.76,141.36,27.78,6.72,2.45,2.260357142857143,4.8
2021-05-23,132.86,0.08,181.81,0.11,272.6,0.16,0.65,14.41,407.33,56.48,33.27,3.22,0.0,2.15
2021-05-23,356.42,0.1,459.58,0.1,481.45,0.1,0.89,29.01,140.96,65.23,30.93,1.4,0.0,0.98
2021-05-23,186.27,0.0,299.48,0.01,526.09,0.02,0.62,34.6,175.22,66.67,36.34,2.25,1.6921428571428572,0.86
2021-05-23,97.61,0.03,122.27,0.04,141.55,0.04,0.8,21.49,75.81,60.65,49.38,1.86,0.0,1.52
2021-05-23,45.32,0.03,64.71,0.04,88.32,0.06,0.64,42.17,256.98,43.52,19.94,5.28,0.0,2.98
2021-05-23,215.85,0.13,289.06,0.17,316.08,0.22,0.8,56.61,192.47,52.78,26.57,2.09,0.0,1.28
2021-05-23,53.46,0.0,62.04,0.0,83.18,0.0,0.71,32.07,138.04,53.7,27.56,6.6,0.0,1.78
2021-05-23,103.65,0.05,125.18,0.06,157.95,0.07,0.92,38.6,106.98,63.43,32.21,1.37,0.0,0.76
2021-05-23,129.42,0.05,168.17,0.06,198.6,0.07,0.88,22.77,82.6,50.93,28.29,0.72,0.0,0.6
2021-05-23,120.89,0.03,161.27,0.03,206.31,0.04,0.71,30.13,235.66,69.44,32.85,3.98,0.8124999999999999,2.61
2021-05-23,186.88,0.06,256.22,0.06,261.94,0.07,0.88,53.11,154.6,50.93,34.11,3.03,3.2328571428571427,1.72
2021-05-23,197.87,0.06,241.57,0.08,254.16,0.08,0.79,22.62,162.89,44.96,30.22,3.28,2.684642857142857,1.48
2021-05-23,121.19,0.06,105.67,0.04,90.87,0.04,1.2,20.33,150.45,80.56,3.58,0.62,0.0,1.42
2021-05-23,37.39,0.08,27.42,0.07,19.4,0.05,1.28,12.54,71.56,45.37,0.8,0.73,0.0,1.35
2021-05-23,179.73,0.04,236.98,0.05,317.61,0.06,0.83,62.75,338.62,63.89,30.8,3.41,1.7985714285714285,2.09
2021-05-23,166.5,0.05,197.79,0.06,201.8,0.06,0.8,32.01,96.69,75.46,44.53,1.12,1.1689285714285713,1.07
2021-05-23,85.39,0.05,107.05,0.08,162.12,0.09,0.65,78.89,797.7,48.15,10.35,9.59,13.019285714285713,4.96
2021-05-23,0.28,0.0,0.53,0.0,0.87,0.0,0.68,0.12,0.8,39.35,10.58,0.0,0.002142857142857143,0.0
2021-05-24,120.89,0.03,161.27,0.03,206.31,0.04,0.71,29.71,233.38,69.44,33.31,3.98,0.82,2.61
2021-05-24,32.5,0.0,30.32,0.0,31.52,0.0,1.1,1.85,13.84,62.5,54.53,0.26,0.35285714285714287,0.17
2021-05-24,129.42,0.05,168.17,0.06,198.6,0.07,0.88,21.28,79.06,50.93,28.79,0.72,0.0,0.6
2021-05-24,132.86,0.07,181.81,0.1,272.6,0.16,0.63,13.53,390.16,56.48,33.53,3.22,0.0,2.15
2021-05-24,160.63,0.25,124.9,0.16,114.76,0.14,1.18,12.92,142.83,27.78,7.01,2.45,2.290714285714286,4.8
2021-05-24,103.65,0.05,125.18,0.06,157.95,0.07,0.92,37.26,100.74,63.43,32.58,1.37,0.0,0.76
2021-05-24,166.5,0.05,197.79,0.06,201.8,0.06,0.79,31.34,93.59,75.46,45.51,1.12,1.175357142857143,1.07
2021-05-24,165.75,0.01,208.61,0.02,248.62,0.02,0.82,44.78,94.19,45.37,31.64,0.88,0.018214285714285714,0.22
2021-05-24,97.61,0.03,122.27,0.04,141.55,0.04,0.79,21.58,75.56,60.65,49.65,1.86,0.0,1.52
2021-05-24,215.85,0.12,289.06,0.16,316.08,0.22,0.79,57.55,192.0,52.78,26.74,2.09,0.0,1.28
2021-05-24,186.27,0.0,299.48,0.01,526.09,0.02,0.61,35.71,167.41,66.67,37.31,2.25,1.6692857142857143,0.86
2021-05-24,0.28,0.0,0.53,0.0,0.87,0.0,0.7,0.12,0.88,36.57,10.59,0.0,0.0017857142857142859,0.0
2021-05-24,186.88,0.06,256.22,0.06,261.94,0.07,0.88,52.59,159.32,50.93,34.85,3.03,3.190714285714286,1.72
2021-05-24,4.1,0.0,6.34,0.0,9.79,0.0,0.67,4.23,13.23,47.52,57.79,0.2,2.3978571428571427,0.11
2021-05-24,106.84,0.0,150.23,0.01,201.75,0.01,0.68,28.3,134.93,56.48,30.26,3.52,5.152500000000001,1.45
2021-05-24,179.73,0.04,236.98,0.04,317.61,0.06,0.84,61.73,335.47,63.89,31.35,3.41,1.8114285714285716,2.09
2021-05-24,121.19,0.06,105.67,0.05,90.87,0.04,1.22,22.28,158.7,80.56,3.67,0.62,0.0,1.42
2021-05-25,0.28,0.0,0.53,0.0,0.87,0.0,0.73,0.04,0.88,36.57,10.93,0.0,0.0014285714285714286,0.0
2021-05-25,215.85,0.12,289.06,0.15,316.08,0.22,0.78,53.31,180.67,52.78,27.23,2.09,0.0,1.28
2021-05-25,166.5,0.05,197.79,0.06,201.8,0.06,0.77,30.24,91.8,75.46,46.18,1.12,1.1817857142857144,1.07
2021-05-25,103.65,0.05,125.18,0.06,157.95,0.07,0.92,36.56,95.23,63.43,33.1,1.37,0.0,0.76
2021-05-25,120.89,0.02,161.27,0.03,206.31,0.04,0.7,28.61,224.06,69.44,33.79,3.98,0.8274999999999999,2.61
2021-05-25,97.61,0.03,122.27,0.04,141.55,0.04,0.78,21.17,73.97,60.65,49.95,1.86,0.0,1.52
2021-05-25,179.73,0.04,236.98,0.04,317.61,0.06,0.84,59.21,325.28,63.89,32.03,3.41,1.8242857142857143,2.09
2021-05-25,186.27,0.0,299.48,0.01,526.09,0.02,0.61,36.83,165.18,66.67,37.95,2.25,1.6464285714285716,0.86
2021-05-25,132.86,0.07,181.81,0.1,272.6,0.16,0.62,12.52,350.72,56.48,33.77,3.22,0.0,2.15
2021-05-25,37.39,0.08,27.42,0.07,19.4,0.05,1.28,13.02,74.68,45.37,0.87,0.73,0.0,1.35
2021-05-25,121.19,0.06,105.67,0.05,90.87,0.04,1.23,22.25,145.32,80.56,3.81,0.62,0.0,1.42
2021-05-25,106.84,0.0,150.23,0.01,201.75,0.01,0.67,26.59,121.78,56.48,30.95,3.52,4.9624999999999995,1.45
2021-05-25,4.1,0.0,6.34,0.0,9.79,0.0,0.69,4.02,13.44,47.52,57.82,0.2,2.363928571428571,0.11
2021-05-25,160.63,0.22,124.9,0.18,114.76,0.12,1.18,12.92,144.55,27.78,7.39,2.45,2.321071428571429,4.8
2021-05-25,186.88,0.06,256.22,0.06,261.94,0.07,0.88,51.05,150.4,50.93,35.74,3.03,3.1485714285714286,1.72
2021-05-25,165.75,0.01,208.61,0.02,248.62,0.02,0.79,32.43,91.1,45.37,32.35,0.88,0.017857142857142856,0.22
2021-05-25,129.42,0.05,168.17,0.06,198.6,0.07,0.87,20.71,78.94,50.93,29.4,0.72,0.0,0.6
2021-05-26,129.42,0.05,168.17,0.05,198.6,0.07,0.87,20.36,75.28,50.93,30.06,0.72,0.0,0.6
2021-05-26,186.27,0.0,299.48,0.01,526.09,0.01,0.6,36.83,165.18,66.67,38.82,2.25,1.6235714285714287,0.86
2021-05-26,37.39,0.08,27.42,0.07,19.4,0.05,1.28,13.84,77.34,45.37,0.93,0.73,0.0,1.35
2021-05-26,103.65,0.05,125.18,0.06,157.95,0.06,0.93,35.49,89.72,63.43,33.75,1.37,0.0,0.76
2021-05-26,121.19,0.06,105.67,0.05,90.87,0.04,1.25,24.25,167.19,80.56,3.96,0.62,0.0,1.42
2021-05-26,4.1,0.0,6.34,0.0,9.79,0.0,0.73,4.02,13.12,47.51,57.84,0.2,2.3299999999999996,0.11
2021-05-26,97.61,0.03,122.27,0.03,141.55,0.04,0.78,20.86,73.68,60.65,50.25,1.86,0.0,1.52
2021-05-26,120.89,0.02,161.27,0.03,206.31,0.04,0.69,27.83,214.46,69.44,34.31,3.98,0.835,2.61
2021-05-26,186.88,0.06,256.22,0.06,261.94,0.07,0.88,50.53,146.02,50.93,36.41,3.03,3.106428571428571,1.72
2021-05-26,160.63,0.22,124.9,0.2,114.76,0.12,1.18,13.01,146.27,27.78,7.79,2.45,2.3514285714285714,4.8
2021-05-26,49.29,0.06,42.5,0.07,41.14,0.09,0.92,14.69,140.15,49.07,5.31,0.59,2.07,0.92
2021-05-26,106.84,0.0,150.23,0.01,201.75,0.01,0.66,23.92,111.4,56.48,31.69,3.52,4.7725,1.45
2021-05-26,165.75,0.01,208.61,0.02,248.62,0.02,0.78,27.8,78.75,45.37,32.94,0.88,0.017499999999999998,0.22
2021-05-26,132.86,0.06,181.81,0.09,272.6,0.15,0.6,11.64,333.11,56.48,34.04,3.22,0.0,2.15
2021-05-26,32.5,0.0,30.32,0.0,31.52,0.0,1.14,1.81,13.45,62.5,55.18,0.26,0.3585714285714286,0.17
2021-05-26,166.5,0.05,197.79,0.05,201.8,0.06,0.76,29.67,89.17,75.46,47.03,1.12,1.1882142857142857,1.07
2021-05-26,179.73,0.04,236.98,0.04,317.61,0.05,0.84,56.95,314.79,54.63,32.72,3.41,1.837142857142857,2.09
2021-05-26,215.85,0.11,289.06,0.14,316.08,0.21,0.77,52.36,173.6,52.78,27.98,2.09,0.0,1.28
2021-05-26,0.28,0.0,0.53,0.0,0.87,0.0,0.76,0.04,0.8,36.57,11.26,0.0,0.0010714285714285715,0.0
2021-05-27,37.39,0.08,27.42,0.07,19.4,0.06,1.28,13.74,78.62,45.37,1.0,0.73,0.0,1.35
2021-05-27,129.42,0.05,168.17,0.05,198.6,0.07,0.86,18.65,74.37,50.93,30.73,0.72,0.0,0.6
2021-05-27,179.73,0.04,236.98,0.04,317.61,0.05,0.83,55.58,305.99,54.63,33.47,3.41,1.8499999999999999,2.09
2021-05-27,165.75,0.01,208.61,0.02,248.62,0.02,0.76,26.25,69.49,45.37,33.36,0.88,0.017142857142857144,0.22
2021-05-27,106.84,0.0,150.23,0.01,201.75,0.01,0.66,20.96,103.01,56.48,32.41,3.52,4.5825000000000005,1.45
2021-05-27,121.19,0.05,105.67,0.06,90.87,0.04,1.26,25.78,176.14,80.56,4.13,0.62,0.0,1.42
2021-05-27,103.65,0.05,125.18,0.06,157.95,0.06,0.93,34.69,85.26,63.43,34.37,1.37,0.0,0.76
2021-05-27,97.61,0.03,122.27,0.03,141.55,0.04,0.77,20.22,70.81,60.65,50.53,1.86,0.0,1.52
2021-05-27,0.28,0.0,0.53,0.0,0.87,0.0,0.83,0.04,0.65,36.57,11.61,0.0,0.0007142857142857142,0.0
2021-05-27,32.5,0.0,30.32,0.0,31.52,0.0,1.15,1.82,13.38,62.5,55.58,0.26,0.3614285714285714,0.17
2021-05-27,160.63,0.23,124.9,0.17,114.76,0.18,1.18,12.92,147.9,27.78,8.22,2.45,2.381785714285715,4.8
2021-05-27,166.5,0.05,197.79,0.05,201.8,0.06,0.75,29.18,86.44,75.46,47.95,1.12,1.1946428571428573,1.07
2021-05-27,4.1,0.0,6.34,0.0,9.79,0.0,0.74,4.23,13.86,47.5,57.86,0.2,2.329285714285714,0.11
2021-05-27,215.85,0.11,289.06,0.13,316.08,0.2,0.76,52.36,170.77,52.78,29.09,2.09,0.0,1.28
2021-05-27,186.88,0.06,256.22,0.06,261.94,0.07,0.88,48.22,140.7,50.93,37.01,3.03,3.064285714285714,1.72
2021-05-27,120.89,0.02,161.27,0.03,206.31,0.04,0.69,26.15,202.02,69.44,34.84,3.98,0.8425,2.61
2021-05-28,4.1,0.0,6.34,0.0,9.79,0.0,0.74,4.02,12.81,47.5,57.88,0.2,2.3285714285714287,0.11
2021-05-28,106.84,0.0,150.23,0.0,201.75,0.01,0.65,18.49,98.15,56.48,33.06,3.52,4.3925,1.45
2021-05-28,0.28,0.0,0.53,0.0,0.87,0.0,0.9,0.04,0.76,36.57,11.92,0.0,0.00035714285714285714,0.0
2021-05-28,99.62,0.0,152.1,0.0,212.95,0.01,0.67,26.18,77.97,65.92,38.52,2.84,2.815,1.26
2021-05-28,160.63,0.23,124.9,0.2,114.76,0.17,1.18,13.82,152.08,27.78,8.66,2.45,2.4121428571428574,4.8
2021-05-28,186.88,0.06,256.22,0.06,261.94,0.07,0.87,46.33,137.27,50.93,37.62,3.03,3.0221428571428572,1.72
2021-05-28,165.75,0.01,208.61,0.02,248.62,0.02,0.75,26.25,61.77,45.37,33.73,0.88,0.016785714285714286,0.22
2021-05-28,215.85,0.1,289.06,0.13,316.08,0.18,0.76,50.0,164.16,52.78,29.81,2.09,0.0,1.28
2021-05-28,120.89,0.02,161.27,0.03,206.31,0.04,0.69,24.88,193.0,69.44,35.4,3.98,0.8499999999999999,2.61
2021-05-28,97.61,0.03,122.27,0.03,141.55,0.04,0.77,19.7,69.16,60.65,50.81,1.86,0.0,1.52
2021-05-28,186.27,0.0,299.48,0.0,526.09,0.01,0.59,35.71,133.93,66.67,39.77,2.25,1.577857142857143,0.86
2021-05-28,178.05,0.01,148.52,0.01,121.85,0.01,1.02,5.27,24.31,53.83,29.93,0.19,0.3071428571428572,0.12
2021-05-28,121.19,0.05,105.67,0.06,90.87,0.04,1.26,28.52,178.68,80.56,4.26,0.62,0.0,1.42
2021-05-28,286.04,0.11,375.02,0.13,408.98,0.12,0.72,29.44,50.62,67.59,31.45,1.08,0.0,0.66
2021-05-28,179.73,0.04,236.98,0.04,317.61,0.05,0.83,53.54,298.01,54.63,34.19,3.41,1.855357142857143,2.09
2021-05-28,132.86,0.06,181.81,0.08,272.6,0.13,0.58,9.75,273.45,56.48,34.5,3.22,0.0,2.15
2021-05-28,37.39,0.09,27.42,0.07,19.4,0.06,1.28,14.02,79.62,45.37,1.07,0.73,0.0,1.35
2021-05-28,166.5,0.05,197.79,0.05,201.8,0.06,0.74,28.63,85.87,75.46,49.08,1.12,1.2010714285714286,1.07
2021-05-28,44.27,0.01,47.72,0.01,51.56,0.01,1.09,5.36,20.15,62.04,35.74,0.21,0.6903571428571428,0.1
2021-05-28,32.5,0.0,30.32,0.0,31.52,0.0,1.17,1.84,13.52,62.5,55.9,0.26,0.36428571428571427,0.17
2021-05-28,129.42,0.04,168.17,0.05,198.6,0.07,0.85,18.88,72.88,50.93,31.39,0.72,0.0,0.6
2021-05-29,37.39,0.09,27.42,0.08,19.4,0.05,1.28,14.73,80.63,45.37,1.08,0.73,0.0,1.35
2021-05-29,186.88,0.06,256.22,0.06,261.94,0.06,0.87,46.67,127.92,50.93,38.0,3.03,2.9800000000000004,1.72
2021-05-29,160.63,0.23,124.9,0.19,114.76,0.18,1.17,14.56,152.65,27.78,8.77,2.45,2.4425000000000003,4.8
2021-05-29,97.61,0.03,122.27,0.03,141.55,0.04,0.77,19.13,66.93,60.65,51.03,1.86,0.0,1.52
2021-05-29,215.85,0.1,289.06,0.13,316.08,0.17,0.76,46.23,150.48,52.78,29.97,2.09,0.0,1.28
2021-05-29,32.5,0.0,30.32,0.0,31.52,0.0,1.18,1.82,13.02,62.5,56.21,0.26,0.3671428571428571,0.17
2021-05-29,106.84,0.0,150.23,0.0,201.75,0.01,0.65,18.2,84.24,56.48,33.37,3.52,4.2025,1.45
2021-05-29,129.42,0.04,168.17,0.05,198.6,0.06,0.86,18.08,67.84,50.93,31.75,0.72,0.0,0.6
2021-05-29,179.73,0.03,236.98,0.04,317.61,0.05,0.82,52.26,291.46,54.63,34.71,3.41,1.8607142857142858,2.09
2021-05-29,166.5,0.04,197.79,0.05,201.8,0.06,0.73,28.08,81.73,75.46,49.97,1.12,1.2075,1.07
2021-05-29,121.19,0.05,105.67,0.06,90.87,0.04,1.26,28.7,186.34,80.56,4.38,0.62,0.0,1.42
2021-05-29,165.75,0.01,208.61,0.02,248.62,0.02,0.74,26.25,61.77,45.37,34.13,0.88,0.016428571428571428,0.22
2021-05-29,120.89,0.02,161.27,0.03,206.31,0.04,0.69,24.22,184.93,69.44,35.95,3.98,0.8574999999999999,2.61
2021-05-29,4.1,0.0,6.34,0.0,9.79,0.0,0.74,4.13,11.96,47.5,57.88,0.2,2.3278571428571433,0.11
2021-05-29,0.28,0.0,0.53,0.0,0.87,0.0,0.99,0.04,0.65,36.57,12.06,0.0,0.0,0.0
2021-05-30,52.82,0.03,85.39,0.05,107.05,0.08,0.61,71.51,645.68,48.15,11.2,7.28,10.688214285714285,3.56
2021-05-30,258.27,0.08,356.42,0.1,459.58,0.1,0.76,22.84,105.03,63.27,33.28,1.55,0.0,0.68
2021-05-30,115.02,0.01,165.75,0.02,208.61,0.02,0.72,26.25,55.59,45.37,34.13,0.44,0.016071428571428573,0.0
2021-05-30,29.08,0.02,45.32,0.03,64.71,0.04,0.57,33.72,185.82,51.85,21.0,4.34,0.0,2.7
2021-05-30,49.07,0.09,37.39,0.08,27.42,0.07,1.28,14.79,81.08,45.37,1.09,1.05,0.0,1.35
2021-05-30,0.2,0.0,0.28,0.0,0.53,0.0,1.11,0.04,0.65,36.57,12.11,0.0,0.0,0.0
2021-05-30,185.48,0.03,179.73,0.04,236.98,0.05,0.82,51.83,290.8,54.63,34.94,2.64,1.8660714285714286,1.72
2021-05-30,193.25,0.23,160.63,0.24,124.9,0.18,1.17,15.13,154.2,27.78,8.8,3.18,2.5471428571428576,6.15
2021-05-30,96.54,0.05,103.65,0.05,125.18,0.06,0.96,34.23,83.71,63.43,35.14,1.08,0.0,0.57
2021-05-30,205.97,0.05,186.88,0.06,256.22,0.06,0.86,46.5,128.78,50.93,38.06,2.2,2.9221428571428576,1.17
2021-05-30,122.3,0.04,129.42,0.05,168.17,0.06,0.85,18.19,69.33,50.93,31.9,0.42,0.0,0.39
2021-05-30,155.02,0.05,197.87,0.06,241.57,0.08,0.73,19.61,139.51,41.19,32.96,2.22,2.129642857142857,1.38
2021-05-30,79.58,0.05,132.86,0.08,181.81,0.11,0.58,9.6,204.03,56.48,34.75,2.63,0.0,1.64
2021-05-30,75.96,0.03,97.61,0.03,122.27,0.04,0.78,18.95,66.35,56.02,51.13,1.66,0.0,1.48
2021-05-30,158.78,0.1,215.85,0.13,289.06,0.17,0.76,46.7,144.35,52.78,30.03,1.96,0.0,1.28
2021-05-30,172.86,0.05,121.19,0.06,105.67,0.04,1.26,29.73,191.17,80.56,4.5,0.9,0.0,1.98
2021-05-30,70.15,0.0,106.84,0.0,150.23,0.01,0.65,18.01,82.43,56.48,33.59,2.54,4.041428571428571,0.9
2021-05-30,34.24,0.0,53.46,0.0,62.04,0.0,0.69,25.16,99.94,51.85,30.23,5.35,0.0,1.23
2021-05-30,3.28,0.0,4.1,0.0,6.34,0.0,0.74,4.13,12.17,47.49,57.9,0.13,2.327142857142857,0.09
2021-05-30,100.54,0.0,186.27,0.0,299.48,0.01,0.6,33.48,128.35,66.67,40.31,1.29,1.5475,0.75
2021-05-30,83.42,0.02,120.89,0.03,161.27,0.03,0.68,23.88,179.06,69.44,36.37,3.28,0.8610714285714286,2.03
2021-05-30,35.45,0.0,32.5,0.0,30.32,0.0,1.19,1.78,13.57,62.5,56.39,0.22,0.37,0.17
2021-05-30,124.04,0.04,166.5,0.05,197.79,0.06,0.72,27.82,82.23,75.46,50.71,1.23,1.2017857142857142,0.99
2021-05-31,100.54,0.0,186.27,0.0,299.48,0.01,0.6,35.71,118.3,66.67,41.29,1.29,1.5400000000000003,0.75
2021-05-31,79.58,0.05,132.86,0.07,181.81,0.1,0.58,9.9,174.78,39.81,35.02,2.63,0.0,1.64
2021-05-31,115.02,0.01,165.75,0.01,208.61,0.02,0.71,26.25,52.5,45.37,34.3,0.44,0.015714285714285715,0.0
2021-05-31,35.45,0.0,32.5,0.0,30.32,0.0,1.21,1.79,14.15,62.5,56.57,0.22,0.3775,0.17
2021-05-31,96.54,0.05,103.65,0.05,125.18,0.06,0.97,32.61,81.12,63.43,35.65,1.08,0.0,0.57
2021-05-31,83.42,0.02,120.89,0.03,161.27,0.03,0.68,23.41,175.01,66.67,36.84,3.28,0.8646428571428572,2.03
2021-05-31,205.97,0.05,186.88,0.06,256.22,0.06,0.85,46.5,131.44,50.93,38.29,2.2,2.8642857142857143,1.17
2021-05-31,3.28,0.0,4.1,0.0,6.34,0.0,0.74,4.02,11.75,47.49,57.93,0.13,2.3264285714285715,0.09
2021-05-31,185.48,0.03,179.73,0.04,236.98,0.04,0.81,51.55,290.52,54.63,35.33,2.64,1.8714285714285714,1.72
2021-05-31,75.96,0.03,97.61,0.03,122.27,0.04,0.78,18.98,66.31,56.02,51.32,1.66,0.0,1.48
2021-05-31,158.78,0.09,215.85,0.12,289.06,0.16,0.77,45.29,149.07,52.78,30.08,1.96,0.0,1.28
2021-05-31,0.2,0.0,0.28,0.0,0.53,0.0,1.19,0.04,0.69,36.57,12.44,0.0,0.0,0.0
2021-05-31,172.86,0.05,121.19,0.06,105.67,0.05,1.25,30.82,202.93,80.56,4.7,0.9,0.0,1.98
2021-05-31,122.3,0.04,129.42,0.05,168.17,0.06,0.84,17.85,73.11,50.93,32.26,0.42,0.0,0.39
2021-05-31,124.04,0.04,166.5,0.05,197.79,0.06,0.71,27.8,80.82,75.46,51.59,1.23,1.1960714285714285,0.99
2021-05-31,70.15,0.0,106.84,0.0,150.23,0.01,0.65,17.63,85.48,56.48,34.04,2.54,3.880357142857143,0.9
2021-05-31,49.07,0.09,37.39,0.08,27.42,0.07,1.28,14.88,80.91,45.37,1.17,1.05,0.0,1.35
2021-05-31,193.25,0.2,160.63,0.25,124.9,0.16,1.16,16.03,166.23,27.78,9.1,3.18,2.6517857142857144,6.15
2021-06-01,158.78,0.09,215.85,0.12,289.06,0.15,0.77,43.4,139.16,35.19,30.26,1.96,0.0,1.28
2021-06-01,96.54,0.05,103.65,0.05,125.18,0.06,0.97,31.52,75.95,63.43,36.14,1.08,0.0,0.57
2021-06-01,172.86,0.06,121.19,0.06,105.67,0.05,1.24,33.27,207.05,80.56,4.91,0.9,0.0,1.98
2021-06-01,0.2,0.0,0.28,0.0,0.53,0.0,1.25,0.04,0.73,42.13,12.68,0.0,0.0,0.0
2021-06-01,49.07,0.08,37.39,0.08,27.42,0.07,1.28,14.88,80.96,45.37,1.27,1.05,0.0,1.35
2021-06-01,122.3,0.04,129.42,0.05,168.17,0.06,0.88,16.7,71.96,50.93,32.83,0.42,0.0,0.39
2021-06-01,115.02,0.01,165.75,0.01,208.61,0.02,0.73,26.25,52.5,45.37,34.49,0.44,0.015357142857142857,0.0
2021-06-01,75.96,0.03,97.61,0.03,122.27,0.04,0.77,18.66,65.29,56.02,51.53,1.66,0.0,1.48
2021-06-01,70.15,0.0,106.84,0.0,150.23,0.01,0.64,15.63,76.61,56.48,34.53,2.54,3.719285714285714,0.9
2021-06-01,3.28,0.0,4.1,0.0,6.34,0.0,0.72,3.92,12.17,47.49,57.94,0.13,2.325714285714285,0.09
2021-06-01,205.97,0.05,186.88,0.06,256.22,0.06,0.84,45.56,132.72,50.93,38.81,2.2,2.8064285714285715,1.17
2021-06-01,83.42,0.02,120.89,0.02,161.27,0.03,0.68,22.41,167.35,66.67,37.3,3.28,0.8682142857142857,2.03
2021-06-01,124.04,0.04,166.5,0.05,197.79,0.06,0.71,27.36,79.06,75.46,52.2,1.23,1.190357142857143,0.99
2021-06-01,193.25,0.26,160.63,0.22,124.9,0.18,1.16,17.34,185.86,27.78,9.37,3.18,2.7564285714285712,6.15
2021-06-01,185.48,0.03,179.73,0.04,236.98,0.04,0.8,50.83,286.52,54.63,35.92,2.64,1.8767857142857143,1.72
2021-06-01,79.58,0.04,132.86,0.07,181.81,0.1,0.58,8.44,157.02,39.81,35.33,2.63,0.0,1.64
2021-06-02,3.28,0.0,4.1,0.0,6.34,0.0,0.71,3.7,12.06,47.48,57.96,0.13,2.3249999999999997,0.09
2021-06-02,83.42,0.02,120.89,0.02,161.27,0.03,0.68,21.65,159.15,66.67,37.79,3.28,0.8717857142857143,2.03
2021-06-02,205.97,0.05,186.88,0.06,256.22,0.06,0.84,43.58,125.52,50.93,39.12,2.2,2.7485714285714287,1.17
2021-06-02,96.54,0.05,103.65,0.05,125.18,0.06,0.97,30.85,73.0,63.43,36.77,1.08,0.0,0.57
2021-06-02,122.3,0.04,129.42,0.05,168.17,0.05,0.87,15.9,67.27,50.93,33.47,0.42,0.0,0.39
2021-06-02,158.78,0.09,215.85,0.11,289.06,0.14,0.78,40.1,130.67,35.19,30.6,1.96,0.0,1.28
2021-06-02,70.15,0.0,106.84,0.0,150.23,0.01,0.64,14.87,73.95,56.48,35.18,2.54,3.5582142857142856,0.9
2021-06-02,100.54,0.0,186.27,0.0,299.48,0.01,0.61,30.13,106.03,63.89,42.04,1.29,1.5250000000000001,0.75
2021-06-02,0.2,0.0,0.28,0.0,0.53,0.0,1.25,0.08,0.65,47.69,13.08,0.0,0.0,0.0
2021-06-02,115.02,0.01,165.75,0.01,208.61,0.02,0.75,23.16,49.41,45.37,34.61,0.44,0.015,0.0
2021-06-02,124.04,0.04,166.5,0.05,197.79,0.05,0.7,26.52,76.45,75.46,52.9,1.23,1.1846428571428569,0.99
2021-06-02,185.48,0.03,179.73,0.04,236.98,0.04,0.82,49.11,274.18,54.63,36.53,2.64,1.882142857142857,1.72
2021-06-02,40.79,0.06,49.29,0.06,42.5,0.07,0.79,14.87,133.77,49.07,7.96,0.72,1.7249999999999999,0.75
2021-06-02,49.07,0.1,37.39,0.08,27.42,0.07,1.3,16.43,88.09,45.37,1.38,1.05,0.0,1.35
2021-06-02,35.45,0.0,32.5,0.0,30.32,0.0,1.24,1.85,13.18,62.5,57.2,0.22,0.3925,0.17
2021-06-02,172.86,0.06,121.19,0.06,105.67,0.05,1.22,32.62,212.39,80.56,4.97,0.9,0.0,1.98
2021-06-02,75.96,0.02,97.61,0.03,122.27,0.03,0.76,18.14,63.84,56.02,51.73,1.66,0.0,1.48
2021-06-02,193.25,0.26,160.63,0.22,124.9,0.2,1.14,17.1,192.49,27.78,9.7,3.18,2.8610714285714285,6.15
2021-06-03,96.54,0.05,103.65,0.05,125.18,0.06,0.98,29.98,71.22,63.43,37.23,1.08,0.0,0.57
2021-06-03,205.97,0.05,186.88,0.06,256.22,0.06,0.84,42.12,117.19,50.93,39.48,2.2,2.690714285714286,1.17
2021-06-03,49.07,0.1,37.39,0.08,27.42,0.07,1.29,16.46,89.51,45.37,1.5,1.05,0.0,1.35
2021-06-03,0.2,0.0,0.28,0.0,0.53,0.0,1.22,0.08,0.69,47.69,13.53,0.0,0.0,0.0
2021-06-03,158.78,0.09,215.85,0.11,289.06,0.13,0.79,37.74,125.01,35.19,31.04,1.96,0.0,1.28
2021-06-03,193.25,0.26,160.63,0.23,124.9,0.17,1.13,17.18,194.12,27.78,10.02,3.18,2.9657142857142857,6.15
2021-06-03,79.58,0.04,132.86,0.07,181.81,0.08,0.58,8.88,127.77,39.81,35.98,2.63,0.0,1.64
2021-06-03,70.15,0.0,106.84,0.0,150.23,0.01,0.64,14.01,64.8,56.48,35.76,2.54,3.3971428571428572,0.9
2021-06-03,3.28,0.0,4.1,0.0,6.34,0.0,0.7,3.49,11.01,47.48,57.98,0.13,2.3278571428571424,0.09
2021-06-03,115.02,0.01,165.75,0.01,208.61,0.02,0.77,18.53,49.41,45.37,34.83,0.44,0.014642857142857143,0.0
2021-06-03,75.96,0.02,97.61,0.03,122.27,0.03,0.74,17.74,62.24,56.02,51.91,1.66,0.0,1.48
2021-06-03,35.45,0.0,32.5,0.0,30.32,0.0,1.25,1.78,12.84,62.5,57.58,0.22,0.39999999999999997,0.17
2021-06-03,100.54,0.0,186.27,0.0,299.48,0.0,0.61,26.79,91.52,63.89,42.57,1.29,1.5175,0.75
2021-06-03,122.3,0.04,129.42,0.05,168.17,0.05,0.85,16.36,64.3,50.93,34.12,0.42,0.0,0.39
2021-06-03,185.48,0.03,179.73,0.04,236.98,0.04,0.82,47.28,264.57,54.63,37.2,2.64,1.8875,1.72
2021-06-03,172.86,0.06,121.19,0.05,105.67,0.06,1.2,33.18,218.9,80.56,5.14,0.9,0.0,1.98
2021-06-03,83.42,0.02,120.89,0.02,161.27,0.03,0.69,20.43,150.97,71.3,38.32,3.28,0.8753571428571428,2.03
2021-06-03,124.04,0.04,166.5,0.05,197.79,0.05,0.69,26.06,72.87,75.46,53.76,1.23,1.1789285714285713,0.99
2021-06-04,49.07,0.1,37.39,0.09,27.42,0.07,1.29,16.46,89.51,45.37,1.61,1.05,0.0,1.35
2021-06-04,70.15,0.0,106.84,0.0,150.23,0.0,0.64,12.1,59.65,56.48,36.35,2.54,3.2360714285714285,0.9
2021-06-04,0.2,0.0,0.28,0.0,0.53,0.0,1.17,0.04,0.65,75.46,13.97,0.0,0.0,0.0
2021-06-04,70.95,0.0,99.62,0.0,152.1,0.0,0.7,19.13,51.01,65.43,41.4,1.84,2.2642857142857142,1.18
2021-06-04,172.86,0.06,121.19,0.05,105.67,0.06,1.19,34.21,223.05,80.56,5.28,0.9,0.0,1.98
2021-06-04,211.7,0.09,286.04,0.11,375.02,0.13,0.79,24.03,35.3,67.59,34.36,0.73,0.0,0.4
2021-06-04,185.48,0.03,179.73,0.04,236.98,0.04,0.82,45.77,254.7,54.63,37.83,2.64,1.8842857142857146,1.72
2021-06-04,75.96,0.02,97.61,0.03,122.27,0.03,0.72,17.08,60.3,56.02,52.1,1.66,0.0,1.48
2021-06-04,50.1,0.01,44.27,0.01,47.72,0.01,1.14,5.06,23.95,62.04,38.52,0.23,0.5489285714285714,0.1
2021-06-04,193.25,0.25,160.63,0.23,124.9,0.2,1.12,17.26,193.14,27.78,10.4,3.18,3.070357142857143,6.15
2021-06-04,124.04,0.04,166.5,0.05,197.79,0.05,0.69,25.02,69.61,75.46,54.77,1.23,1.1732142857142858,0.99
2021-06-04,115.02,0.01,165.75,0.01,208.61,0.02,0.79,18.53,49.41,45.37,35.02,0.44,0.014285714285714287,0.0
2021-06-04,3.28,0.0,4.1,0.0,6.34,0.0,0.71,3.49,10.37,47.47,57.99,0.13,2.3307142857142855,0.09
2021-06-04,205.97,0.05,186.88,0.06,256.22,0.06,0.84,40.24,110.67,50.93,39.82,2.2,2.632857142857143,1.17
2021-06-04,83.42,0.02,120.89,0.02,161.27,0.03,0.68,19.34,141.16,71.3,38.87,3.28,0.8789285714285714,2.03
2021-06-04,35.45,0.0,32.5,0.0,30.32,0.0,1.26,1.84,13.02,62.5,57.88,0.22,0.40750000000000003,0.17
2021-06-04,172.31,0.01,178.05,0.01,148.52,0.01,0.95,5.61,24.31,53.72,34.32,0.12,0.21214285714285713,0.22
2021-06-04,122.3,0.04,129.42,0.04,168.17,0.05,0.84,15.79,61.9,50.93,34.73,0.42,0.0,0.39
2021-06-04,158.78,0.09,215.85,0.1,289.06,0.13,0.79,37.27,118.88,35.19,31.45,1.96,0.0,1.28
2021-06-05,35.45,0.0,32.5,0.0,30.32,0.0,1.28,1.76,13.02,62.5,58.15,0.22,0.41500000000000004,0.17
2021-06-05,185.48,0.03,179.73,0.03,236.98,0.04,0.81,44.65,248.43,54.63,38.27,2.64,1.8810714285714287,1.72
2021-06-05,75.96,0.02,97.61,0.03,122.27,0.03,0.72,16.57,57.57,56.02,52.21,1.66,0.0,1.48
2021-06-05,205.97,0.05,186.88,0.06,256.22,0.06,0.83,38.69,103.47,50.93,40.19,2.2,2.5749999999999997,1.17
2021-06-05,122.3,0.04,129.42,0.04,168.17,0.05,0.82,15.67,59.26,50.93,35.06,0.42,0.0,0.39
2021-06-05,172.86,0.06,121.19,0.05,105.67,0.06,1.17,34.0,220.99,80.56,5.43,0.9,0.0,1.98
2021-06-05,0.2,0.0,0.28,0.0,0.53,0.0,1.14,0.04,0.73,75.46,14.19,0.0,0.0,0.0
2021-06-05,158.78,0.09,215.85,0.1,289.06,0.13,0.8,35.85,109.91,35.19,31.63,1.96,0.0,1.28
2021-06-05,83.42,0.02,120.89,0.02,161.27,0.03,0.68,18.55,133.73,71.3,39.41,3.28,0.8825000000000001,2.03
2021-06-05,193.25,0.24,160.63,0.23,124.9,0.19,1.11,18.0,193.88,27.78,10.5,3.18,3.1750000000000003,6.15
2021-06-05,3.28,0.0,4.1,0.0,6.34,0.0,0.73,3.39,9.74,47.47,57.99,0.13,2.3335714285714286,0.09
2021-06-05,49.07,0.11,37.39,0.09,27.42,0.08,1.28,17.33,92.85,45.37,1.62,1.05,0.0,1.35
2021-06-05,115.02,0.01,165.75,0.01,208.61,0.02,0.79,16.99,49.41,45.37,35.21,0.44,0.013928571428571429,0.0
2021-06-05,124.04,0.04,166.5,0.04,197.79,0.05,0.69,24.6,67.85,73.61,55.49,1.23,1.1675,0.99
2021-06-05,70.15,0.0,106.84,0.0,150.23,0.0,0.64,10.77,49.84,56.48,36.63,2.54,3.075,0.9
2021-06-06,49.92,0.03,79.58,0.05,132.86,0.08,0.58,8.15,102.16,39.81,36.63,2.15,0.0,1.37
2021-06-06,84.85,0.04,122.3,0.04,129.42,0.05,0.8,15.1,58.46,50.93,35.23,0.6,0.0,0.29
2021-06-06,220.04,0.06,172.86,0.05,121.19,0.06,1.14,34.09,227.56,80.56,5.54,1.42,0.0,2.67
2021-06-06,45.51,0.0,70.15,0.0,106.84,0.0,0.64,10.77,49.65,56.48,36.85,1.45,2.936071428571428,0.52
2021-06-06,56.55,0.0,100.54,0.0,186.27,0.0,0.66,25.67,81.47,63.89,43.16,0.86,1.4717857142857143,0.32
2021-06-06,2.35,0.0,3.28,0.0,4.1,0.0,0.75,3.28,9.95,47.47,58.01,0.11,2.3364285714285713,0.06
2021-06-06,155.46,0.05,205.97,0.05,186.88,0.06,0.82,37.92,104.58,50.93,40.23,1.72,2.4971428571428573,1.22
2021-06-06,218.83,0.21,193.25,0.23,160.63,0.24,1.1,18.49,197.15,27.78,10.54,4.8,3.3135714285714286,6.19
2021-06-06,61.83,0.02,75.96,0.03,97.61,0.03,0.72,16.33,56.35,56.02,52.27,1.52,0.0,1.12
2021-06-06,92.69,0.03,155.02,0.05,197.87,0.06,0.68,12.07,93.51,41.11,35.44,1.48,1.694642857142857,1.16
2021-06-06,81.52,0.03,124.04,0.04,166.5,0.05,0.68,24.68,66.89,73.61,56.15,1.07,1.1582142857142856,0.86
2021-06-06,59.58,0.02,83.42,0.02,120.89,0.03,0.68,17.97,129.61,71.3,39.85,2.61,0.869642857142857,1.13
2021-06-06,22.32,0.0,34.24,0.0,53.46,0.0,0.71,17.01,67.33,51.2,32.09,1.78,0.0,1.7
2021-06-06,134.22,0.03,185.48,0.03,179.73,0.04,0.8,44.14,247.37,54.63,38.43,2.09,1.877857142857143,1.26
2021-06-06,132.04,0.09,158.78,0.1,215.85,0.13,0.8,36.32,114.16,35.19,31.63,1.28,0.0,0.95
2021-06-06,16.32,0.01,29.08,0.02,45.32,0.03,0.53,24.67,122.69,51.85,21.83,2.98,0.0,3.56
2021-06-06,46.89,0.0,35.45,0.0,32.5,0.0,1.29,1.84,13.35,62.5,58.34,0.17,0.4225,0.18
2021-06-06,60.69,0.09,49.07,0.09,37.39,0.08,1.28,17.41,94.33,45.37,1.62,1.35,0.0,1.3
2021-06-06,0.47,0.0,0.2,0.0,0.28,0.0,1.1,0.04,0.8,75.46,14.3,0.0,0.0,0.0
2021-06-06,34.66,0.02,52.82,0.03,85.39,0.05,0.67,56.47,520.94,48.15,11.81,4.96,8.2075,3.26
2021-06-06,90.52,0.04,258.27,0.08,356.42,0.1,0.73,19.53,79.25,63.12,35.13,0.98,0.0,0.6
2021-06-06,81.34,0.01,115.02,0.01,165.75,0.02,0.8,12.35,41.69,45.37,35.21,0.22,0.013571428571428571,0.22
2021-06-06,91.94,0.05,96.54,0.05,103.65,0.05,0.99,28.32,73.78,63.43,37.92,0.76,0.0,0.62
2021-06-07,91.94,0.05,96.54,0.05,103.65,0.05,1.0,27.02,70.82,63.43,38.22,0.76,0.0,0.62
2021-06-07,218.83,0.25,193.25,0.2,160.63,0.25,1.09,17.59,199.03,27.78,10.89,4.8,3.452142857142857,6.19
2021-06-07,0.47,0.0,0.2,0.0,0.28,0.0,1.09,0.04,0.65,75.46,14.73,0.0,0.0,0.0
2021-06-07,45.51,0.0,70.15,0.0,106.84,0.0,0.64,11.24,53.27,56.48,37.38,1.45,2.7971428571428576,0.52
2021-06-07,155.46,0.04,205.97,0.05,186.88,0.06,0.81,37.66,105.7,50.93,40.8,1.72,2.419285714285714,1.22
2021-06-07,134.22,0.03,185.48,0.03,179.73,0.04,0.78,43.43,244.73,54.63,38.96,2.09,1.8746428571428573,1.26
2021-06-07,81.34,0.01,115.02,0.01,165.75,0.01,0.8,10.81,37.06,45.37,35.47,0.22,0.013214285714285715,0.22
2021-06-07,132.04,0.09,158.78,0.09,215.85,0.12,0.8,34.44,115.58,35.19,31.77,1.28,0.0,0.95
2021-06-07,60.69,0.11,49.07,0.09,37.39,0.08,1.3,17.5,98.07,45.37,1.74,1.35,0.0,1.3
2021-06-07,59.58,0.02,83.42,0.02,120.89,0.03,0.67,17.5,127.29,71.3,40.4,2.61,0.8567857142857143,1.13
2021-06-07,81.52,0.03,124.04,0.04,166.5,0.05,0.68,23.4,63.35,73.61,57.0,1.07,1.1489285714285715,0.86
2021-06-07,46.89,0.0,35.45,0.0,32.5,0.0,1.3,1.81,13.67,62.5,58.48,0.17,0.4225,0.18
2021-06-07,220.04,0.06,172.86,0.05,121.19,0.06,1.12,34.83,224.7,80.56,5.74,1.42,0.0,2.67
2021-06-07,2.35,0.0,3.28,0.0,4.1,0.0,0.76,3.39,9.95,47.47,58.03,0.11,2.3392857142857144,0.06
2021-06-07,84.85,0.04,122.3,0.04,129.42,0.05,0.79,15.33,56.98,48.15,35.74,0.6,0.0,0.29
2021-06-07,61.83,0.02,75.96,0.03,97.61,0.03,0.72,16.38,55.21,56.02,52.3,1.52,0.0,1.12
2021-06-08,91.94,0.05,96.54,0.05,103.65,0.05,1.0,25.99,67.94,63.43,38.74,0.76,0.0,0.62
2021-06-08,59.58,0.02,83.42,0.02,120.89,0.02,0.66,16.75,121.64,71.3,40.97,2.61,0.8439285714285715,1.13
2021-06-08,2.35,0.0,3.28,0.0,4.1,0.0,0.79,3.18,10.16,29.63,58.04,0.11,2.342142857142857,0.06
2021-06-08,155.46,0.04,205.97,0.05,186.88,0.06,0.81,34.66,99.43,50.93,41.36,1.72,2.3414285714285716,1.22
2021-06-08,84.85,0.03,122.3,0.04,129.42,0.05,0.76,14.87,55.38,48.15,36.39,0.6,0.0,0.29
2021-06-08,81.52,0.03,124.04,0.04,166.5,0.05,0.67,23.04,62.07,73.61,57.6,1.07,1.1396428571428572,0.86
2021-06-08,132.04,0.09,158.78,0.09,215.85,0.12,0.8,32.08,107.08,35.19,31.99,1.28,0.0,0.95
2021-06-08,61.83,0.02,75.96,0.03,97.61,0.03,0.75,16.23,55.15,56.02,52.46,1.52,0.0,1.12
2021-06-08,220.04,0.07,172.86,0.06,121.19,0.06,1.09,34.8,226.18,80.56,5.97,1.42,0.0,2.67
2021-06-08,60.69,0.12,49.07,0.08,37.39,0.08,1.3,18.65,101.9,48.15,1.87,1.35,0.0,1.3
2021-06-08,0.47,0.0,0.2,0.0,0.28,0.0,1.08,0.04,0.8,75.46,15.13,0.0,0.0,0.0
2021-06-08,56.55,0.0,100.54,0.0,186.27,0.0,0.69,21.2,73.66,60.6,43.3,0.86,1.4103571428571429,0.32
2021-06-08,45.51,0.0,70.15,0.0,106.84,0.0,0.64,9.34,45.93,56.48,37.94,1.45,2.6582142857142856,0.52
2021-06-08,134.22,0.03,185.48,0.03,179.73,0.04,0.77,41.66,237.24,54.63,39.59,2.09,1.8714285714285714,1.26
2021-06-08,218.83,0.22,193.25,0.26,160.63,0.22,1.08,17.18,198.38,27.78,11.26,4.8,3.5907142857142857,6.19
2021-06-08,81.34,0.01,115.02,0.01,165.75,0.01,0.8,7.72,32.43,45.37,35.88,0.22,0.012857142857142857,0.22
2021-06-09,132.04,0.08,158.78,0.09,215.85,0.11,0.8,29.72,100.95,35.19,32.75,1.28,0.0,0.95
2021-06-09,0.47,0.0,0.2,0.0,0.28,0.0,1.09,0.0,0.84,75.46,15.63,0.0,0.0,0.0
2021-06-09,60.69,0.11,49.07,0.1,37.39,0.08,1.29,19.35,103.62,48.15,1.99,1.35,0.0,1.3
2021-06-09,61.83,0.02,75.96,0.02,97.61,0.03,0.76,15.73,53.45,56.02,52.61,1.52,0.0,1.12
2021-06-09,29.28,0.04,40.79,0.06,49.29,0.06,0.69,13.29,116.78,49.07,11.48,0.92,2.07,0.69
2021-06-09,134.22,0.03,185.48,0.03,179.73,0.04,0.76,40.61,230.6,54.63,40.21,2.09,1.8682142857142858,1.26
2021-06-09,220.04,0.07,172.86,0.06,121.19,0.06,1.07,35.42,223.55,80.56,6.25,1.42,0.0,2.67
2021-06-09,59.58,0.01,83.42,0.02,120.89,0.02,0.66,15.8,115.03,71.3,41.55,2.61,0.8310714285714286,1.13
2021-06-09,81.34,0.01,115.02,0.01,165.75,0.01,0.8,4.63,24.71,45.37,36.71,0.22,0.0125,0.22
2021-06-09,81.52,0.03,124.04,0.04,166.5,0.05,0.67,21.79,59.06,73.61,58.24,1.07,1.1303571428571428,0.86
2021-06-09,49.92,0.03,79.58,0.04,132.86,0.06,0.59,5.53,84.55,32.41,37.38,2.15,0.0,1.37
2021-06-09,45.51,0.0,70.15,0.0,106.84,0.0,0.64,8.67,42.5,56.48,38.54,1.45,2.519285714285714,0.52
2021-06-09,56.55,0.0,100.54,0.0,186.27,0.0,0.7,17.86,63.62,60.51,43.36,0.86,1.379642857142857,0.32
2021-06-09,46.89,0.0,35.45,0.0,32.5,0.0,1.32,1.91,14.18,62.5,58.89,0.17,0.4225,0.18
2021-06-09,155.46,0.04,205.97,0.05,186.88,0.06,0.8,32.43,96.43,50.93,42.06,1.72,2.2635714285714283,1.22
2021-06-09,91.94,0.05,96.54,0.05,103.65,0.05,1.01,25.34,63.86,63.43,39.36,0.76,0.0,0.62
2021-06-09,84.85,0.03,122.3,0.04,129.42,0.05,0.75,14.53,48.97,48.15,37.07,0.6,0.0,0.29
2021-06-09,2.35,0.0,3.28,0.0,4.1,0.0,0.79,2.86,9.52,29.63,58.06,0.11,2.3449999999999998,0.06
2021-06-09,218.83,0.22,193.25,0.26,160.63,0.22,1.07,17.1,197.97,27.78,11.56,4.8,3.7292857142857145,6.19
2021-06-10,81.52,0.03,124.04,0.04,166.5,0.05,0.67,20.7,56.17,73.61,58.95,1.07,1.1210714285714285,0.86
2021-06-10,155.46,0.04,205.97,0.05,186.88,0.06,0.79,31.32,91.2,50.93,42.86,1.72,2.185714285714286,1.22
2021-06-10,132.04,0.08,158.78,0.09,215.85,0.11,0.79,29.25,100.48,35.19,33.61,1.28,0.0,0.95
2021-06-10,220.04,0.07,172.86,0.06,121.19,0.05,1.05,34.65,222.9,80.56,6.58,1.42,0.0,2.67
2021-06-10,91.94,0.05,96.54,0.05,103.65,0.05,1.01,24.43,62.43,63.43,40.03,0.76,0.0,0.62
2021-06-10,56.55,0.0,100.54,0.0,186.27,0.0,0.72,16.74,64.73,60.45,44.07,0.86,1.3489285714285713,0.32
2021-06-10,60.69,0.12,49.07,0.1,37.39,0.08,1.3,20.34,107.21,48.15,2.12,1.35,0.0,1.3
2021-06-10,218.83,0.23,193.25,0.26,160.63,0.23,1.06,16.69,196.5,27.78,11.62,4.8,3.867857142857143,6.19
2021-06-10,81.34,0.01,115.02,0.01,165.75,0.01,0.81,4.63,26.25,45.37,37.43,0.22,0.011785714285714287,0.22
2021-06-10,134.22,0.02,185.48,0.03,179.73,0.04,0.76,39.48,225.37,54.63,40.9,2.09,1.865,1.26
2021-06-10,49.92,0.03,79.58,0.04,132.86,0.07,0.6,5.24,82.66,32.41,37.58,2.15,0.0,1.37
2021-06-10,59.58,0.01,83.42,0.02,120.89,0.02,0.65,15.11,111.95,71.3,42.34,2.61,0.8182142857142857,1.13
2021-06-10,46.89,0.01,35.45,0.0,32.5,0.0,1.34,1.98,13.82,62.5,59.18,0.17,0.4225,0.18
2021-06-10,61.83,0.02,75.96,0.02,97.61,0.03,0.76,15.3,52.13,56.02,52.75,1.52,0.0,1.12
2021-06-10,2.35,0.0,3.28,0.0,4.1,0.0,0.8,2.86,8.78,29.63,58.07,0.11,2.344642857142857,0.06
2021-06-10,84.85,0.03,122.3,0.04,129.42,0.05,0.73,14.64,48.4,48.15,37.71,0.6,0.0,0.29
2021-06-10,0.47,0.0,0.2,0.0,0.28,0.0,1.11,0.0,0.73,75.46,16.15,0.0,0.0,0.0
2021-06-10,45.51,0.0,70.15,0.0,106.84,0.0,0.64,8.2,37.83,56.48,39.1,1.45,2.380357142857143,0.52
2021-06-11,134.22,0.02,185.48,0.03,179.73,0.04,0.75,37.91,218.26,54.63,41.57,2.09,1.8460714285714286,1.26
2021-06-11,51.99,0.0,70.95,0.0,99.62,0.0,0.7,12.86,40.49,64.85,44.9,1.26,1.8378571428571426,0.87
2021-06-11,81.34,0.01,115.02,0.01,165.75,0.01,0.82,4.63,27.8,45.37,38.16,0.22,0.01107142857142857,0.22
2021-06-11,46.89,0.01,35.45,0.0,32.5,0.0,1.35,1.93,14.24,62.5,59.44,0.17,0.4225,0.18
2021-06-11,163.96,0.01,172.31,0.01,178.05,0.01,0.84,5.44,24.65,53.54,38.72,0.12,0.1675,0.05
2021-06-11,218.83,0.23,193.25,0.25,160.63,0.23,1.06,16.69,194.78,27.78,11.81,4.8,4.006428571428572,6.19
2021-06-11,84.85,0.03,122.3,0.04,129.42,0.04,0.72,14.19,46.34,48.15,38.37,0.6,0.0,0.29
2021-06-11,0.47,0.0,0.2,0.0,0.28,0.0,1.15,0.0,0.65,71.76,16.65,0.0,0.0,0.0
2021-06-11,163.46,0.08,211.7,0.09,286.04,0.11,0.69,15.32,23.91,67.59,37.67,0.66,0.0,0.45
2021-06-11,60.69,0.12,49.07,0.1,37.39,0.09,1.3,20.77,112.0,48.15,2.23,1.35,0.0,1.3
2021-06-11,2.35,0.0,3.28,0.0,4.1,0.0,0.84,2.75,8.89,29.63,58.09,0.11,2.3442857142857143,0.06
2021-06-11,59.58,0.01,83.42,0.02,120.89,0.02,0.66,14.16,107.12,71.3,43.2,2.61,0.8053571428571428,1.13
2021-06-11,81.52,0.03,124.04,0.04,166.5,0.05,0.66,20.18,53.67,73.61,59.71,1.07,1.1117857142857142,0.86
2021-06-11,53.3,0.01,50.1,0.01,44.27,0.01,1.17,5.16,26.0,62.04,41.37,0.1,0.43142857142857144,0.16
2021-06-11,61.83,0.02,75.96,0.02,97.61,0.03,0.78,14.76,50.16,56.02,52.9,1.52,0.0,1.12
2021-06-11,220.04,0.07,172.86,0.06,121.19,0.05,1.02,34.0,216.19,80.56,6.84,1.42,0.0,2.67
2021-06-11,132.04,0.08,158.78,0.09,215.85,0.1,0.78,28.78,96.7,35.19,34.14,1.28,0.0,0.95
2021-06-11,155.46,0.04,205.97,0.05,186.88,0.06,0.79,29.34,86.39,50.93,43.56,1.72,2.107857142857143,1.22
2021-06-11,45.51,0.0,70.15,0.0,106.84,0.0,0.65,6.86,35.26,56.48,39.7,1.45,2.2414285714285715,0.52
2021-06-12,61.83,0.02,75.96,0.02,97.61,0.03,0.81,14.09,48.18,56.02,53.01,1.52,0.0,1.12
2021-06-12,46.89,0.01,35.45,0.0,32.5,0.0,1.36,2.0,13.82,51.39,59.75,0.17,0.4225,0.18
2021-06-12,218.83,0.23,193.25,0.24,160.63,0.23,1.05,16.52,196.17,27.78,11.87,4.8,4.1450000000000005,6.19
2021-06-12,49.92,0.02,79.58,0.04,132.86,0.05,0.61,4.22,79.46,32.41,37.83,2.15,0.0,1.37
2021-06-12,60.69,0.12,49.07,0.11,37.39,0.09,1.3,20.72,110.08,48.15,2.24,1.35,0.0,1.3
2021-06-12,81.34,0.01,115.02,0.01,165.75,0.01,0.81,3.09,26.25,45.37,38.72,0.22,0.010357142857142858,0.22
2021-06-12,81.52,0.03,124.04,0.04,166.5,0.04,0.66,19.95,53.08,73.61,60.32,1.07,1.1025,0.86
2021-06-12,84.85,0.03,122.3,0.04,129.42,0.04,0.71,14.07,45.88,48.15,38.88,0.6,0.0,0.29
2021-06-12,155.46,0.04,205.97,0.05,186.88,0.06,0.79,28.91,83.91,50.93,44.33,1.72,2.0300000000000002,1.22
2021-06-12,2.35,0.0,3.28,0.0,4.1,0.0,0.88,2.65,8.57,29.63,58.09,0.11,2.343928571428571,0.06
2021-06-12,59.58,0.01,83.42,0.02,120.89,0.02,0.68,13.35,101.31,71.3,44.05,2.61,0.7925000000000001,1.13
2021-06-12,0.47,0.0,0.2,0.0,0.28,0.0,1.15,0.0,0.61,71.76,16.97,0.0,0.0,0.0
2021-06-12,132.04,0.08,158.78,0.09,215.85,0.1,0.76,25.0,94.82,37.32,34.45,1.28,0.0,0.95
2021-06-12,134.22,0.02,185.48,0.03,179.73,0.03,0.73,37.24,214.3,54.63,42.02,2.09,1.8271428571428572,1.26
2021-06-12,45.51,0.0,70.15,0.0,106.84,0.0,0.65,5.72,29.06,56.48,40.02,1.45,2.1025,0.52
2021-06-12,220.04,0.07,172.86,0.06,121.19,0.05,1.0,34.03,219.72,80.56,7.05,1.42,0.0,2.67
2021-06-13,70.78,0.01,46.89,0.0,35.45,0.0,1.36,2.15,14.22,51.39,59.93,0.17,0.4225,0.18
2021-06-13,223.41,0.24,218.83,0.21,193.25,0.23,1.04,16.69,197.89,27.78,11.9,6.15,4.278571428571429,6.12
2021-06-13,147.4,0.05,90.52,0.04,258.27,0.08,0.81,12.8,53.75,53.67,37.18,0.68,0.0,0.34
2021-06-13,40.97,0.01,59.58,0.02,83.42,0.02,0.69,13.11,97.18,71.3,44.78,2.03,0.8017857142857142,1.21
2021-06-13,59.89,0.02,84.85,0.04,122.3,0.04,0.7,14.07,44.39,48.15,39.06,0.39,0.0,0.32
2021-06-13,119.54,0.04,155.46,0.05,205.97,0.05,0.78,28.4,82.96,50.93,44.56,1.17,1.9653571428571428,0.74
2021-06-13,9.81,0.01,16.32,0.01,29.08,0.02,0.58,19.89,88.41,44.34,22.54,2.7,0.0,8.04
2021-06-13,84.5,0.05,91.94,0.05,96.54,0.05,1.04,23.63,62.87,60.65,41.6,0.57,0.0,0.43
2021-06-13,25.22,0.01,34.66,0.02,52.82,0.03,0.67,47.48,433.8,62.96,12.39,3.56,6.121428571428572,1.78
2021-06-13,74.25,0.14,60.69,0.09,49.07,0.09,1.31,20.8,110.58,48.15,2.25,1.35,0.0,1.66
2021-06-13,19.47,0.0,22.32,0.0,34.24,0.0,0.7,12.4,54.4,51.08,33.3,1.23,0.0,0.91
2021-06-13,64.76,0.02,92.69,0.03,155.02,0.05,0.66,4.53,60.33,41.03,37.71,1.38,1.1621428571428571,0.21
2021-06-13,46.35,0.0,56.55,0.0,100.54,0.0,0.8,14.51,55.8,60.33,44.98,0.75,1.2185714285714284,1.07
2021-06-13,32.94,0.0,45.51,0.0,70.15,0.0,0.65,5.81,28.97,56.48,40.28,0.9,1.9953571428571428,0.38
2021-06-13,41.46,0.02,61.83,0.02,75.96,0.03,0.82,13.82,47.26,56.02,53.06,1.48,0.0,1.1
2021-06-13,56.04,0.03,81.52,0.03,124.04,0.04,0.66,19.43,51.83,73.61,60.84,0.99,1.093214285714286,0.75
2021-06-13,1.95,0.0,0.47,0.0,0.2,0.0,1.12,0.0,0.65,71.76,17.05,0.0,0.0,0.0
2021-06-13,1.8,0.0,2.35,0.0,3.28,0.0,0.9,2.65,8.89,29.63,58.13,0.09,2.343571428571429,0.05
2021-06-13,211.15,0.07,220.04,0.06,172.86,0.05,0.98,35.01,219.87,80.56,7.29,1.98,0.0,2.18
2021-06-13,103.31,0.02,134.22,0.03,185.48,0.03,0.72,37.26,214.19,54.63,42.22,1.72,1.8082142857142858,0.79
2021-06-13,115.56,0.08,132.04,0.09,158.78,0.1,0.75,23.12,93.4,37.32,34.64,1.28,0.0,1.35
2021-06-14,119.54,0.03,155.46,0.04,205.97,0.05,0.77,28.83,83.05,50.93,45.42,1.17,1.9007142857142856,0.74
2021-06-14,70.78,0.01,46.89,0.0,35.45,0.0,1.36,2.19,15.24,51.39,60.1,0.17,0.4207142857142857,0.18
2021-06-14,41.46,0.02,61.83,0.02,75.96,0.03,0.84,13.85,46.53,56.02,53.17,1.48,0.0,1.1
2021-06-14,103.31,0.02,134.22,0.03,185.48,0.03,0.7,36.45,211.21,54.63,42.72,1.72,1.7892857142857144,0.79
2021-06-14,40.97,0.01,59.58,0.02,83.42,0.02,0.69,12.86,96.02,71.3,45.56,2.03,0.8110714285714286,1.21
2021-06-14,74.25,0.13,60.69,0.11,49.07,0.09,1.32,20.85,112.32,48.15,2.39,1.35,0.0,1.66
2021-06-14,223.41,0.2,218.83,0.25,193.25,0.2,1.04,16.69,188.81,27.78,12.03,6.15,4.412142857142857,6.12
2021-06-14,211.15,0.07,220.04,0.06,172.86,0.05,0.96,34.62,214.39,80.56,7.47,1.98,0.0,2.18
2021-06-14,32.94,0.0,45.51,0.0,70.15,0.0,0.65,5.53,29.16,52.78,40.89,0.9,1.8882142857142856,0.38
2021-06-14,56.04,0.02,81.52,0.03,124.04,0.04,0.66,18.85,50.42,73.61,61.5,0.99,1.0839285714285716,0.75
2021-06-14,84.5,0.05,91.94,0.05,96.54,0.05,1.05,22.88,58.71,60.65,42.15,0.57,0.0,0.43
2021-06-14,46.35,0.0,56.55,0.0,100.54,0.0,0.82,13.39,52.46,60.27,45.12,0.75,1.149642857142857,1.07
2021-06-14,1.95,0.0,0.47,0.0,0.2,0.0,1.08,0.0,0.73,71.76,17.45,0.0,0.0,0.0
2021-06-14,115.56,0.07,132.04,0.09,158.78,0.09,0.73,24.06,95.76,44.4,34.79,1.28,0.0,1.35
2021-06-14,73.91,0.01,81.34,0.01,115.02,0.01,0.78,3.09,27.8,45.37,39.24,0.0,0.008928571428571428,0.0
2021-06-14,1.8,0.0,2.35,0.0,3.28,0.0,0.92,2.33,8.36,29.63,58.18,0.09,2.3432142857142857,0.05
2021-06-14,59.89,0.02,84.85,0.04,122.3,0.04,0.69,12.7,44.39,48.15,39.68,0.39,0.0,0.32
2021-06-15,1.8,0.0,2.35,0.0,3.28,0.0,0.96,2.22,8.26,29.63,58.22,0.09,2.3428571428571425,0.05
2021-06-15,56.04,0.02,81.52,0.03,124.04,0.04,0.66,18.26,48.66,73.61,61.92,0.99,1.0746428571428572,0.75
2021-06-15,103.31,0.02,134.22,0.03,185.48,0.03,0.69,35.3,206.21,54.63,43.3,1.72,1.770357142857143,0.79
2021-06-15,32.94,0.0,45.51,0.0,70.15,0.0,0.65,5.62,27.64,52.78,41.5,0.9,1.7810714285714284,0.38
2021-06-15,1.95,0.0,0.47,0.0,0.2,0.0,1.04,0.0,0.5,71.76,17.93,0.0,0.0,0.0
2021-06-15,119.54,0.03,155.46,0.04,205.97,0.05,0.77,27.37,76.18,50.93,46.14,1.17,1.8360714285714284,0.74
2021-06-15,70.78,0.01,46.89,0.0,35.45,0.0,1.36,2.28,15.58,51.39,60.3,0.17,0.41892857142857143,0.18
2021-06-15,41.46,0.02,61.83,0.02,75.96,0.03,0.84,13.62,46.2,56.02,53.29,1.48,0.0,1.1
2021-06-15,40.97,0.01,59.58,0.02,83.42,0.02,0.7,11.65,91.01,71.3,46.35,2.03,0.8203571428571428,1.21
2021-06-15,211.15,0.07,220.04,0.07,172.86,0.06,0.94,34.03,211.5,75.93,7.79,1.98,0.0,2.18
2021-06-15,73.91,0.01,81.34,0.01,115.02,0.01,0.77,4.63,30.88,45.37,39.83,0.0,0.008214285714285714,0.0
2021-06-15,74.25,0.13,60.69,0.12,49.07,0.08,1.33,21.44,114.42,48.15,2.55,1.35,0.0,1.66
2021-06-15,115.56,0.07,132.04,0.09,158.78,0.09,0.7,24.06,91.99,44.35,35.14,1.28,0.0,1.35
2021-06-15,223.41,0.23,218.83,0.22,193.25,0.26,1.04,16.69,181.12,27.78,12.2,6.15,4.545714285714285,6.12
2021-06-15,59.89,0.02,84.85,0.03,122.3,0.04,0.68,12.01,41.76,48.15,40.33,0.39,0.0,0.32
2021-06-15,84.5,0.04,91.94,0.05,96.54,0.05,1.06,21.87,56.04,50.46,42.7,0.57,0.0,0.43
2021-06-15,46.35,0.0,56.55,0.0,100.54,0.0,0.85,12.28,50.22,52.81,45.59,0.75,1.0807142857142857,1.07
2021-06-16,41.46,0.02,61.83,0.02,75.96,0.02,0.86,13.24,45.12,56.02,53.41,1.48,0.0,1.1
2021-06-16,84.5,0.04,91.94,0.05,96.54,0.05,1.07,21.13,53.85,50.46,43.37,0.57,0.0,0.43
2021-06-16,59.89,0.02,84.85,0.03,122.3,0.04,0.67,11.78,41.3,48.15,41.02,0.39,0.0,0.32
2021-06-16,115.56,0.07,132.04,0.08,158.78,0.09,0.68,22.17,88.69,44.27,35.61,1.28,0.0,1.35
2021-06-16,74.25,0.14,60.69,0.11,49.07,0.1,1.34,22.27,121.76,48.15,2.7,1.35,0.0,1.66
2021-06-16,73.91,0.01,81.34,0.01,115.02,0.01,0.77,3.09,20.07,45.37,40.25,0.0,0.007500000000000001,0.0
2021-06-16,103.31,0.02,134.22,0.03,185.48,0.03,0.67,34.3,199.46,54.07,43.87,1.72,1.7514285714285713,0.79
2021-06-16,70.78,0.01,46.89,0.0,35.45,0.0,1.36,2.36,15.7,51.39,60.57,0.17,0.41714285714285715,0.18
2021-06-16,1.95,0.0,0.47,0.0,0.2,0.0,1.02,0.0,0.61,71.76,18.4,0.0,0.0,0.0
2021-06-16,223.41,0.18,218.83,0.22,193.25,0.26,1.03,17.26,180.22,27.78,12.32,6.15,4.679285714285714,6.12
2021-06-16,56.04,0.02,81.52,0.03,124.04,0.04,0.66,17.55,46.89,73.61,62.35,0.99,1.065357142857143,0.75
2021-06-16,1.8,0.0,2.35,0.0,3.28,0.0,1.05,2.22,7.62,29.63,58.26,0.09,2.3425,0.05
2021-06-16,211.15,0.07,220.04,0.07,172.86,0.06,0.93,34.0,210.26,75.93,8.13,1.98,0.0,2.18
2021-06-16,31.89,0.02,49.92,0.03,79.58,0.04,0.67,2.91,74.22,32.41,38.31,1.64,0.0,1.03
2021-06-16,119.54,0.03,155.46,0.04,205.97,0.05,0.77,26.51,73.1,50.93,46.95,1.17,1.7714285714285716,0.74
2021-06-16,32.94,0.0,45.51,0.0,70.15,0.0,0.65,5.34,24.97,52.78,42.06,0.9,1.6739285714285714,0.38
2021-06-16,46.35,0.0,56.55,0.0,100.54,0.0,0.88,11.16,47.99,52.72,46.1,0.75,1.0117857142857143,1.07
2021-06-16,40.97,0.01,59.58,0.01,83.42,0.02,0.7,11.2,85.42,71.3,47.15,2.03,0.8296428571428571,1.21
2021-06-16,20.47,0.03,29.28,0.04,40.79,0.06,0.68,10.99,95.91,55.09,15.57,0.75,1.38,0.57
2021-06-17,1.8,0.0,2.35,0.0,3.28,0.0,1.17,2.33,8.04,29.63,58.29,0.09,2.3364285714285713,0.05
2021-06-17,70.78,0.01,46.89,0.01,35.45,0.0,1.36,2.34,16.16,51.39,60.86,0.17,0.41535714285714287,0.18
2021-06-17,40.97,0.01,59.58,0.01,83.42,0.02,0.7,10.6,80.95,71.3,48.01,2.03,0.8389285714285715,1.21
2021-06-17,41.46,0.02,61.83,0.02,75.96,0.02,0.85,12.96,43.86,50.65,53.53,1.48,0.0,1.1
2021-06-17,115.56,0.06,132.04,0.08,158.78,0.09,0.66,22.64,81.14,44.17,36.37,1.28,0.0,1.35
2021-06-17,223.41,0.22,218.83,0.23,193.25,0.26,1.03,17.51,180.54,27.78,12.4,6.15,4.812857142857142,6.12
2021-06-17,46.35,0.0,56.55,0.0,100.54,0.0,0.9,12.28,52.46,52.64,46.38,0.75,0.9428571428571428,1.07
2021-06-17,211.15,0.07,220.04,0.07,172.86,0.06,0.93,33.18,207.79,75.93,8.47,1.98,0.0,2.18
2021-06-17,84.5,0.04,91.94,0.05,96.54,0.05,1.09,20.31,51.75,50.46,44.08,0.57,0.0,0.43
2021-06-17,59.89,0.02,84.85,0.03,122.3,0.04,0.69,11.44,38.56,48.15,41.76,0.39,0.0,0.32
2021-06-17,74.25,0.15,60.69,0.12,49.07,0.1,1.35,22.87,120.1,48.15,2.82,1.35,0.0,1.66
2021-06-17,73.91,0.0,81.34,0.01,115.02,0.01,0.76,1.54,18.53,45.37,40.66,0.0,0.0067857142857142855,0.0
2021-06-17,1.95,0.0,0.47,0.0,0.2,0.0,1.01,0.0,0.61,71.76,18.93,0.0,0.0,0.0
2021-06-17,119.54,0.03,155.46,0.04,205.97,0.05,0.77,25.91,70.09,50.93,47.65,1.17,1.7067857142857144,0.74
2021-06-17,32.94,0.0,45.51,0.0,70.15,0.0,0.64,5.05,22.78,52.78,42.58,0.9,1.5667857142857144,0.38
2021-06-17,103.31,0.02,134.22,0.02,185.48,0.03,0.66,33.11,193.03,54.06,44.46,1.72,1.7325,0.79
2021-06-17,56.04,0.02,81.52,0.03,124.04,0.04,0.66,17.14,44.42,73.61,62.82,0.99,1.0560714285714285,0.75
2021-06-18,120.65,0.06,163.46,0.08,211.7,0.09,0.61,9.05,14.23,67.59,43.37,0.4,0.0,0.19
2021-06-18,119.54,0.03,155.46,0.04,205.97,0.05,0.77,25.74,66.06,50.93,48.42,1.17,1.6421428571428571,0.74
2021-06-18,46.35,0.0,56.55,0.0,100.54,0.0,0.93,10.04,42.41,52.61,47.09,0.75,0.8739285714285714,1.07
2021-06-18,150.1,0.01,163.96,0.01,172.31,0.01,0.71,3.91,18.87,53.34,44.35,0.22,0.1325,0.17
2021-06-18,41.46,0.02,61.83,0.02,75.96,0.02,0.86,12.71,42.63,50.64,53.66,1.48,0.0,1.1
2021-06-18,115.56,0.06,132.04,0.08,158.78,0.09,0.63,21.7,77.84,44.07,36.74,1.28,0.0,1.35
2021-06-18,39.38,0.0,51.99,0.0,70.95,0.0,0.68,10.85,36.47,55.8,48.23,1.18,1.3578571428571429,0.62
2021-06-18,211.15,0.07,220.04,0.07,172.86,0.06,0.93,33.86,205.34,75.93,8.75,1.98,0.0,2.18
2021-06-18,73.91,0.0,81.34,0.01,115.02,0.01,0.76,1.54,21.62,45.37,41.03,0.0,0.006071428571428572,0.0
2021-06-18,32.94,0.0,45.51,0.0,70.15,0.0,0.63,3.62,18.11,52.78,43.07,0.9,1.459642857142857,0.38
2021-06-18,223.41,0.18,218.83,0.23,193.25,0.25,1.02,17.59,179.56,27.78,12.59,6.15,4.946428571428571,6.12
2021-06-18,56.04,0.02,81.52,0.03,124.04,0.04,0.66,16.41,42.47,73.61,63.27,0.99,1.0467857142857144,0.75
2021-06-18,40.97,0.01,59.58,0.01,83.42,0.02,0.68,10.11,75.76,71.3,48.84,2.03,0.8482142857142857,1.21
2021-06-18,74.25,0.15,60.69,0.12,49.07,0.1,1.35,23.49,124.59,48.15,2.95,1.35,0.0,1.66
2021-06-18,59.89,0.02,84.85,0.03,122.3,0.04,0.68,11.33,33.06,48.15,42.46,0.39,0.0,0.32
2021-06-18,1.8,0.0,2.35,0.0,3.28,0.0,1.21,2.33,7.62,29.63,58.31,0.09,2.330357142857143,0.05
2021-06-18,70.78,0.01,46.89,0.01,35.45,0.0,1.36,2.38,15.91,51.39,61.17,0.17,0.4135714285714286,0.18
2021-06-18,58.8,0.02,53.3,0.01,50.1,0.01,1.23,7.01,29.79,62.04,45.22,0.1,0.22642857142857142,0.14
2021-06-18,103.31,0.02,134.22,0.02,185.48,0.03,0.65,31.9,187.46,54.04,45.03,1.72,1.6989285714285713,0.79
2021-06-19,41.46,0.02,61.83,0.02,75.96,0.02,0.85,12.37,41.21,50.63,53.75,1.48,0.0,1.1
2021-06-19,32.94,0.0,45.51,0.0,70.15,0.0,0.63,3.62,15.53,52.78,43.38,0.9,1.3525000000000003,0.38
2021-06-19,1.8,0.0,2.35,0.0,3.28,0.0,1.24,2.22,7.51,29.63,58.31,0.09,2.3242857142857143,0.05
2021-06-19,73.91,0.0,81.34,0.01,115.02,0.01,0.77,1.54,15.44,45.37,41.41,0.0,0.005357142857142857,0.0
2021-06-19,211.15,0.06,220.04,0.07,172.86,0.06,0.92,33.38,205.28,75.93,9.06,1.98,0.0,2.18
2021-06-19,223.41,0.21,218.83,0.23,193.25,0.24,1.01,18.65,184.31,27.78,12.62,6.15,5.08,6.12
2021-06-19,70.78,0.01,46.89,0.01,35.45,0.0,1.36,2.5,16.32,51.39,61.55,0.17,0.41178571428571425,0.18
2021-06-19,59.89,0.02,84.85,0.03,122.3,0.04,0.67,10.87,32.49,48.15,42.95,0.39,0.0,0.32
2021-06-19,74.25,0.16,60.69,0.12,49.07,0.11,1.36,23.79,124.3,48.15,2.96,1.35,0.0,1.66
2021-06-19,31.89,0.02,49.92,0.02,79.58,0.04,0.68,3.2,71.02,32.41,38.65,1.64,0.0,1.03
2021-06-19,119.54,0.02,155.46,0.04,205.97,0.05,0.77,24.45,61.86,50.93,49.09,1.17,1.5775000000000001,0.74
2021-06-19,46.35,0.0,56.55,0.0,100.54,0.0,0.96,8.93,36.83,52.49,47.51,0.75,0.8049999999999999,1.07
2021-06-19,103.31,0.01,134.22,0.02,185.48,0.03,0.65,31.12,184.27,54.04,45.45,1.72,1.6653571428571428,0.79
2021-06-19,40.97,0.01,59.58,0.01,83.42,0.02,0.67,9.72,71.63,71.3,49.63,2.03,0.8575,1.21
2021-06-19,56.04,0.02,81.52,0.03,124.04,0.04,0.67,16.38,42.26,73.61,63.6,0.99,1.0375,0.75
2021-06-19,115.56,0.06,132.04,0.08,158.78,0.09,0.62,19.81,65.1,44.04,36.96,1.28,0.0,1.35
2021-06-20,38.65,0.02,59.89,0.02,84.85,0.04,0.65,10.53,31.92,48.15,43.09,0.29,0.0,0.21
2021-06-20,40.21,0.02,64.76,0.02,92.69,0.03,0.67,4.53,45.25,38.15,39.45,1.16,0.7839285714285714,0.21
2021-06-20,15.4,0.0,19.47,0.0,22.32,0.0,0.64,13.11,45.54,50.96,34.34,1.7,0.0,1.38
2021-06-20,234.61,0.21,223.41,0.24,218.83,0.21,1.0,19.22,184.55,27.78,12.64,6.19,5.1850000000000005,7.0
2021-06-20,6.82,0.0,9.81,0.01,16.32,0.01,0.56,13.48,62.26,44.25,23.13,3.56,0.0,3.76
2021-06-20,31.94,0.01,40.97,0.01,59.58,0.02,0.66,9.57,69.57,71.3,50.23,1.13,0.862857142857143,0.66
2021-06-20,60.02,0.01,103.31,0.02,134.22,0.03,0.65,31.06,184.04,54.03,45.61,1.26,1.6317857142857142,0.69
2021-06-20,37.59,0.02,56.04,0.03,81.52,0.03,0.67,15.86,41.27,73.61,63.91,0.86,1.020357142857143,0.5
2021-06-20,1.44,0.0,1.8,0.0,2.35,0.0,1.3,2.12,8.26,29.63,58.34,0.06,2.318214285714286,0.05
2021-06-20,109.78,0.16,74.25,0.14,60.69,0.09,1.36,23.76,124.35,48.15,2.97,1.3,0.0,2.15
2021-06-20,20.64,0.0,32.94,0.0,45.51,0.0,0.64,3.34,14.77,52.78,43.61,0.52,1.2753571428571429,0.21
2021-06-20,72.72,0.04,84.5,0.05,91.94,0.05,1.04,19.3,52.5,50.46,45.15,0.62,0.0,0.39
2021-06-20,43.73,0.0,73.91,0.01,81.34,0.01,0.76,1.54,13.9,45.37,41.41,0.22,0.004642857142857143,0.0
2021-06-20,167.55,0.06,211.15,0.07,220.04,0.06,0.92,33.88,201.66,75.93,9.36,2.67,0.0,2.06
2021-06-20,70.04,0.02,119.54,0.04,155.46,0.05,0.78,23.51,60.23,50.93,49.23,1.22,1.5253571428571429,0.54
2021-06-20,104.72,0.01,70.78,0.01,46.89,0.0,1.36,2.78,16.86,51.39,61.77,0.18,0.41000000000000003,0.21
2021-06-20,60.74,0.03,147.4,0.05,90.52,0.04,0.54,10.62,42.09,53.45,39.73,0.6,0.0,0.19
2021-06-20,69.77,0.06,115.56,0.08,132.04,0.09,0.61,20.76,63.68,44.03,37.09,0.95,0.0,0.61
2021-06-20,0.32,0.0,1.95,0.0,0.47,0.0,1.08,0.04,0.96,53.24,19.1,0.0,0.0,0.0
2021-06-20,18.17,0.01,25.22,0.01,34.66,0.02,0.72,39.37,363.76,62.96,12.95,3.26,4.5685714285714285,1.9
2021-06-20,41.65,0.02,41.46,0.02,61.83,0.02,0.85,11.97,41.26,50.62,53.78,1.12,0.0,0.74
2021-06-21,20.64,0.0,32.94,0.0,45.51,0.0,0.64,3.53,16.3,47.22,44.02,0.52,1.1982142857142857,0.21
2021-06-21,0.32,0.0,1.95,0.0,0.47,0.0,1.11,0.04,0.96,53.24,19.21,0.0,0.0,0.0
2021-06-21,70.04,0.02,119.54,0.03,155.46,0.04,0.78,23.68,62.03,50.93,49.91,1.22,1.4732142857142858,0.54
2021-06-21,1.44,0.0,1.8,0.0,2.35,0.0,1.37,2.12,7.83,29.63,58.38,0.06,2.312142857142857,0.05
2021-06-21,72.72,0.04,84.5,0.05,91.94,0.05,1.03,18.9,49.46,50.46,45.66,0.62,0.0,0.39
2021-06-21,60.02,0.01,103.31,0.02,134.22,0.03,0.64,30.5,182.47,54.02,45.96,1.26,1.5982142857142858,0.69
2021-06-21,109.78,0.16,74.25,0.13,60.69,0.11,1.36,24.19,130.0,48.15,3.13,1.3,0.0,2.15
2021-06-21,234.61,0.24,223.41,0.2,218.83,0.25,0.99,18.98,182.59,27.78,12.73,6.19,5.29,7.0
2021-06-21,69.77,0.06,115.56,0.07,132.04,0.09,0.59,19.81,63.21,44.01,37.22,0.95,0.0,0.61
2021-06-21,167.55,0.06,211.15,0.07,220.04,0.06,0.93,33.3,198.12,75.93,9.8,2.67,0.0,2.06
2021-06-21,41.65,0.02,41.46,0.02,61.83,0.02,0.85,12.02,41.18,58.94,53.88,1.12,0.0,0.74
2021-06-21,104.72,0.01,70.78,0.01,46.89,0.0,1.36,2.78,17.46,51.39,61.96,0.18,0.40714285714285714,0.21
2021-06-21,43.73,0.0,73.91,0.01,81.34,0.01,0.76,3.09,15.44,45.37,41.82,0.22,0.003928571428571429,0.0
2021-06-21,38.65,0.02,59.89,0.02,84.85,0.04,0.63,10.3,32.38,48.15,43.72,0.29,0.0,0.21
2021-06-21,31.94,0.01,40.97,0.01,59.58,0.02,0.65,9.08,67.77,71.3,50.8,1.13,0.8682142857142858,0.66
2021-06-21,37.59,0.02,56.04,0.02,81.52,0.03,0.66,15.06,40.52,73.61,64.25,0.86,1.0032142857142856,0.5
2021-06-22,60.02,0.01,103.31,0.02,134.22,0.03,0.64,28.78,175.41,54.0,46.42,1.26,1.5646428571428572,0.69
2021-06-22,0.32,0.0,1.95,0.0,0.47,0.0,1.14,0.04,1.03,53.24,19.7,0.0,0.0,0.0
2021-06-22,70.04,0.02,119.54,0.03,155.46,0.04,0.78,21.96,55.85,50.93,50.72,1.22,1.4210714285714285,0.54
2021-06-22,20.64,0.0,32.94,0.0,45.51,0.0,0.65,2.57,13.72,47.22,44.45,0.52,1.1210714285714285,0.21
2021-06-22,43.73,0.0,73.91,0.01,81.34,0.01,0.77,3.09,12.35,41.67,42.17,0.22,0.0032142857142857142,0.0
2021-06-22,104.72,0.01,70.78,0.01,46.89,0.0,1.36,3.05,18.2,51.39,62.25,0.18,0.4042857142857143,0.21
2021-06-22,1.44,0.0,1.8,0.0,2.35,0.0,1.45,1.9,7.41,22.22,58.41,0.06,2.3060714285714283,0.05
2021-06-22,41.65,0.02,41.46,0.02,61.83,0.02,0.84,11.64,40.56,58.93,53.99,1.12,0.0,0.74
2021-06-22,167.55,0.06,211.15,0.07,220.04,0.07,0.93,32.8,198.66,89.81,10.29,2.67,0.0,2.06
2021-06-22,234.61,0.2,223.41,0.23,218.83,0.22,0.97,18.32,179.81,27.78,12.86,6.19,5.3950000000000005,7.0
2021-06-22,37.59,0.02,56.04,0.02,81.52,0.03,0.66,14.8,38.85,73.61,64.55,0.86,0.9860714285714286,0.5
2021-06-22,43.67,0.0,46.35,0.0,56.55,0.0,1.06,8.93,35.71,52.39,48.69,0.32,0.7814285714285715,0.11
2021-06-22,31.94,0.01,40.97,0.01,59.58,0.02,0.65,8.54,64.99,71.3,51.35,1.13,0.8735714285714286,0.66
2021-06-23,14.66,0.03,20.47,0.03,29.28,0.04,0.71,9.12,74.24,55.09,19.55,0.69,2.07,0.4
2021-06-23,31.94,0.01,40.97,0.01,59.58,0.01,0.64,7.98,59.88,71.3,51.9,1.13,0.8789285714285715,0.66
2021-06-23,0.32,0.0,1.95,0.0,0.47,0.0,1.15,0.04,1.11,53.24,20.09,0.0,0.0,0.0
2021-06-23,43.67,0.0,46.35,0.0,56.55,0.0,1.11,8.93,42.41,52.3,49.06,0.32,0.7735714285714286,0.11
2021-06-23,167.55,0.06,211.15,0.07,220.04,0.07,0.93,33.62,196.5,89.81,10.9,2.67,0.0,2.06
2021-06-23,70.04,0.02,119.54,0.03,155.46,0.04,0.79,21.19,50.79,50.93,51.76,1.22,1.3689285714285713,0.54
2021-06-23,20.64,0.0,32.94,0.0,45.51,0.0,0.65,2.38,11.72,47.22,44.85,0.52,1.0439285714285715,0.21
2021-06-23,1.44,0.0,1.8,0.0,2.35,0.0,1.57,1.69,7.3,22.22,58.44,0.06,2.3000000000000003,0.05
2021-06-23,104.72,0.01,70.78,0.01,46.89,0.0,1.36,3.08,18.58,51.39,62.53,0.18,0.4014285714285714,0.21
2021-06-23,60.02,0.01,103.31,0.02,134.22,0.03,0.64,27.62,169.86,53.99,46.88,1.26,1.5310714285714286,0.69
2021-06-23,234.61,0.24,223.41,0.18,218.83,0.22,0.96,18.0,177.52,27.78,13.04,6.19,5.5,7.0
2021-06-23,41.65,0.02,41.46,0.02,61.83,0.02,0.85,11.47,39.89,58.92,54.1,1.12,0.0,0.74
2021-06-23,43.73,0.0,73.91,0.01,81.34,0.01,0.79,3.09,15.44,41.67,42.94,0.22,0.0025,0.0
2021-06-23,37.59,0.02,56.04,0.02,81.52,0.03,0.67,14.07,37.34,73.61,64.81,0.86,0.9689285714285715,0.5
2021-06-24,43.67,0.0,46.35,0.0,56.55,0.0,1.15,10.04,45.76,52.2,49.46,0.32,0.7657142857142858,0.11
2021-06-24,167.55,0.07,211.15,0.07,220.04,0.07,0.94,32.97,198.86,89.81,11.45,2.67,0.0,2.06
2021-06-24,70.04,0.02,119.54,0.03,155.46,0.04,0.81,20.08,47.36,50.93,52.95,1.22,1.3167857142857142,0.54
2021-06-24,20.64,0.0,32.94,0.0,45.51,0.0,0.66,2.29,11.63,47.22,45.23,0.52,0.9667857142857142,0.21
2021-06-24,0.32,0.0,1.95,0.0,0.47,0.0,1.17,0.04,1.22,53.24,20.4,0.0,0.0,0.0
2021-06-24,41.65,0.02,41.46,0.02,61.83,0.02,0.86,11.25,38.71,58.91,54.21,1.12,0.0,0.74
2021-06-24,104.72,0.01,70.78,0.01,46.89,0.01,1.37,3.11,19.54,51.39,62.9,0.18,0.3985714285714286,0.21
2021-06-24,1.44,0.0,1.8,0.0,2.35,0.0,1.7,1.8,7.41,22.22,58.47,0.06,2.292857142857143,0.05
2021-06-24,60.02,0.01,103.31,0.02,134.22,0.02,0.64,26.53,163.89,53.97,47.35,1.26,1.4975,0.69
2021-06-24,43.73,0.0,73.91,0.0,81.34,0.01,0.82,3.09,13.9,41.67,43.75,0.22,0.0025,0.0
2021-06-24,234.61,0.19,223.41,0.22,218.83,0.23,0.95,17.59,175.06,27.78,13.22,6.19,5.605000000000001,7.0
2021-06-24,31.94,0.01,40.97,0.01,59.58,0.01,0.64,7.52,56.44,71.3,52.44,1.13,0.8842857142857143,0.66
2021-06-24,37.59,0.02,56.04,0.02,81.52,0.03,0.67,13.81,35.5,73.61,65.08,0.86,0.9517857142857143,0.5
2021-06-25,70.04,0.02,119.54,0.03,155.46,0.04,0.83,18.19,42.21,50.93,54.14,1.22,1.264642857142857,0.54
2021-06-25,43.73,0.0,73.91,0.0,81.34,0.01,0.85,3.09,10.81,41.67,44.48,0.22,0.0025,0.0
2021-06-25,167.55,0.07,211.15,0.07,220.04,0.07,0.94,33.15,200.72,89.81,11.9,2.67,0.0,2.06
2021-06-25,104.72,0.01,70.78,0.01,46.89,0.01,1.37,3.3,20.16,51.39,63.23,0.18,0.39571428571428574,0.21
2021-06-25,41.65,0.02,41.46,0.02,61.83,0.02,0.88,11.05,38.0,58.9,54.32,1.12,0.0,0.74
2021-06-25,70.39,0.02,58.8,0.02,53.3,0.01,1.28,9.15,38.07,70.37,48.97,0.16,0.06857142857142857,0.3
2021-06-25,31.69,0.0,39.38,0.0,51.99,0.0,0.61,9.4,28.97,55.1,51.1,0.87,1.0260714285714285,0.49
2021-06-25,234.61,0.2,223.41,0.18,218.83,0.23,0.94,17.1,174.08,27.78,13.37,6.19,5.71,7.0
2021-06-25,1.44,0.0,1.8,0.0,2.35,0.0,1.85,1.8,6.77,22.22,58.48,0.06,2.2857142857142856,0.05
2021-06-25,31.94,0.01,40.97,0.01,59.58,0.01,0.63,7.05,52.44,71.3,52.98,1.13,0.8896428571428572,0.66
2021-06-25,94.94,0.0,150.1,0.01,163.96,0.01,0.69,3.4,14.28,47.54,49.46,0.05,0.1382142857142857,0.12
2021-06-25,20.64,0.0,32.94,0.0,45.51,0.0,0.68,2.1,10.86,47.22,45.63,0.52,0.8896428571428572,0.21
2021-06-25,37.59,0.02,56.04,0.02,81.52,0.03,0.67,13.29,33.83,73.61,65.33,0.86,0.9346428571428572,0.5
2021-06-25,60.02,0.01,103.31,0.02,134.22,0.02,0.66,25.66,158.35,53.95,47.82,1.26,1.4525000000000001,0.69
2021-06-25,73.0,0.04,120.65,0.06,163.46,0.08,0.59,5.69,8.54,67.59,47.45,0.45,0.0,0.1
2021-06-25,0.32,0.0,1.95,0.0,0.47,0.0,1.2,0.04,1.38,53.24,20.81,0.0,0.0,0.0
2021-06-26,60.02,0.01,103.31,0.01,134.22,0.02,0.67,25.11,155.29,53.94,48.15,1.26,1.4075,0.69
2021-06-26,31.94,0.01,40.97,0.01,59.58,0.01,0.62,6.67,49.09,71.3,53.49,1.13,0.8950000000000001,0.66
2021-06-26,104.72,0.01,70.78,0.01,46.89,0.01,1.37,3.18,19.95,51.39,63.64,0.18,0.39285714285714285,0.21
2021-06-26,37.59,0.01,56.04,0.02,81.52,0.03,0.67,13.24,33.1,73.61,65.51,0.86,0.9175000000000001,0.5
2021-06-26,20.64,0.0,32.94,0.0,45.51,0.0,0.7,1.72,8.67,47.22,45.84,0.52,0.8125,0.21
2021-06-26,43.73,0.0,73.91,0.0,81.34,0.01,0.89,3.09,7.72,41.67,45.3,0.22,0.0025,0.0
2021-06-26,41.65,0.02,41.46,0.02,61.83,0.02,0.91,10.86,36.9,58.89,54.39,1.12,0.0,0.74
2021-06-26,1.44,0.0,1.8,0.0,2.35,0.0,2.01,1.8,6.67,22.22,58.48,0.06,2.2785714285714285,0.05
2021-06-26,167.55,0.07,211.15,0.06,220.04,0.07,0.95,32.56,195.83,89.81,12.3,2.67,0.0,2.06
2021-06-26,0.32,0.0,1.95,0.0,0.47,0.0,1.24,0.04,1.34,53.24,21.01,0.0,0.0,0.0
2021-06-26,43.67,0.0,46.35,0.0,56.55,0.0,1.24,11.16,49.11,52.06,49.93,0.32,0.75,0.11
2021-06-26,70.04,0.02,119.54,0.02,155.46,0.04,0.85,17.42,39.29,50.93,54.97,1.22,1.2125000000000001,0.54
2021-06-26,234.61,0.18,223.41,0.21,218.83,0.23,0.94,16.77,171.46,27.78,13.41,6.19,5.8149999999999995,7.0
2021-06-27,0.47,0.0,0.32,0.0,1.95,0.0,1.31,0.04,1.38,53.24,21.05,0.0,0.0,0.0
2021-06-27,14.88,0.01,18.17,0.01,25.22,0.01,0.74,35.53,309.2,62.96,13.44,1.78,3.2807142857142857,0.8
2021-06-27,140.51,0.01,104.72,0.01,70.78,0.01,1.38,3.11,20.46,51.39,63.88,0.18,0.39,0.28
2021-06-27,20.64,0.01,31.94,0.01,40.97,0.01,0.61,6.59,47.99,71.3,53.87,1.21,0.8767857142857143,0.49
2021-06-27,189.52,0.18,234.61,0.21,223.41,0.24,0.93,16.61,169.83,27.78,13.45,6.12,5.893571428571429,5.76
2021-06-27,160.17,0.07,167.55,0.06,211.15,0.07,0.96,32.06,197.06,89.81,12.66,2.18,0.0,2.21
2021-06-27,4.07,0.0,6.82,0.0,9.81,0.01,0.56,13.48,41.86,44.19,23.52,8.04,0.0,6.48
2021-06-27,27.75,0.01,37.59,0.02,56.04,0.03,0.67,12.9,33.6,73.61,65.67,0.75,0.8971428571428571,0.65
2021-06-27,33.72,0.02,41.65,0.02,41.46,0.02,0.93,10.83,36.96,58.89,54.42,1.1,0.0,0.88
2021-06-27,2.89,0.0,1.44,0.0,1.8,0.0,2.12,1.8,7.3,24.07,58.52,0.05,2.2714285714285714,0.02
2021-06-27,29.84,0.01,40.21,0.02,64.76,0.02,0.71,3.02,35.44,34.34,40.98,0.21,0.6517857142857143,0.11
2021-06-27,13.09,0.0,20.64,0.0,32.94,0.0,0.72,1.91,8.48,47.22,46.01,0.38,0.7682142857142856,0.16
2021-06-27,32.94,0.01,60.02,0.01,103.31,0.02,0.69,25.11,155.1,46.53,48.26,0.79,1.3625,0.52
2021-06-27,39.17,0.02,70.04,0.02,119.54,0.04,0.87,17.5,39.38,50.93,55.24,0.74,1.1703571428571429,0.39
2021-06-28,160.17,0.07,167.55,0.06,211.15,0.07,0.96,31.97,196.0,89.81,13.22,2.18,0.0,2.21
2021-06-28,20.64,0.01,31.94,0.01,40.97,0.01,0.61,6.52,47.0,69.91,54.35,1.21,0.8585714285714285,0.49
2021-06-28,13.09,0.0,20.64,0.0,32.94,0.0,0.74,1.72,8.96,47.22,46.32,0.38,0.7239285714285714,0.16
2021-06-28,140.51,0.01,104.72,0.01,70.78,0.01,1.39,3.38,22.43,51.39,63.92,0.18,0.3792857142857143,0.28
2021-06-28,22.52,0.0,43.73,0.0,73.91,0.01,0.97,3.09,7.72,41.67,46.22,0.0,0.0025,0.0
2021-06-28,27.75,0.01,37.59,0.02,56.04,0.02,0.67,12.74,31.44,73.61,65.88,0.75,0.8767857142857143,0.65
2021-06-28,0.47,0.0,0.32,0.0,1.95,0.0,1.35,0.04,1.41,53.24,21.51,0.0,0.0,0.0
2021-06-28,39.17,0.01,70.04,0.02,119.54,0.03,0.88,17.67,40.41,50.93,55.95,0.74,1.1282142857142856,0.39
2021-06-28,33.72,0.02,41.65,0.02,41.46,0.02,0.95,10.96,37.22,58.89,54.51,1.1,0.0,0.88
2021-06-28,189.52,0.18,234.61,0.24,223.41,0.2,0.92,15.95,166.31,27.78,13.46,6.12,5.972142857142857,5.76
2021-06-28,32.94,0.01,60.02,0.01,103.31,0.02,0.7,24.4,153.16,46.51,48.55,0.79,1.3175000000000001,0.52
2021-06-28,2.89,0.0,1.44,0.0,1.8,0.0,2.21,1.9,7.94,24.07,58.57,0.05,2.2642857142857142,0.02
2021-06-29,0.47,0.0,0.32,0.0,1.95,0.0,1.41,0.0,1.64,53.24,21.57,0.0,0.0,0.0
2021-06-29,189.52,0.17,234.61,0.2,223.41,0.23,0.92,15.87,164.76,27.78,13.57,6.12,6.050714285714285,5.76
2021-06-29,39.17,0.01,70.04,0.02,119.54,0.03,0.91,15.79,38.61,50.93,56.48,0.74,1.0860714285714286,0.39
2021-06-29,140.51,0.01,104.72,0.01,70.78,0.01,1.39,3.7,22.72,51.39,64.36,0.18,0.3685714285714286,0.28
2021-06-29,32.94,0.01,60.02,0.01,103.31,0.02,0.72,23.0,148.14,46.49,48.88,0.79,1.2725000000000002,0.52
2021-06-29,33.72,0.02,41.65,0.02,41.46,0.02,0.96,11.07,37.06,58.88,54.61,1.1,0.0,0.88
2021-06-29,27.75,0.01,37.59,0.02,56.04,0.02,0.67,12.35,30.61,73.61,66.04,0.75,0.8564285714285714,0.65
2021-06-29,13.09,0.0,20.64,0.0,32.94,0.0,0.76,1.62,8.58,47.22,46.63,0.38,0.6796428571428572,0.16
2021-06-29,160.17,0.07,167.55,0.06,211.15,0.07,0.97,32.88,196.89,89.81,13.81,2.18,0.0,2.21
2021-06-29,2.89,0.0,1.44,0.0,1.8,0.0,2.24,1.9,7.62,24.07,58.65,0.05,2.257142857142857,0.02
2021-06-29,20.64,0.01,31.94,0.01,40.97,0.01,0.61,6.13,44.9,69.91,54.85,1.21,0.8403571428571429,0.49
2021-06-29,22.52,0.0,43.73,0.0,73.91,0.01,1.04,3.09,6.18,41.67,47.19,0.0,0.0025,0.0
2021-06-30,20.64,0.01,31.94,0.01,40.97,0.01,0.6,5.83,42.08,69.91,55.32,1.21,0.8221428571428572,0.49
2021-06-30,32.94,0.01,60.02,0.01,103.31,0.02,0.74,22.25,144.09,46.47,49.23,0.79,1.2275000000000003,0.52
2021-06-30,27.75,0.01,37.59,0.02,56.04,0.02,0.68,12.07,29.59,73.61,66.2,0.75,0.8360714285714286,0.65
2021-06-30,2.89,0.0,1.44,0.0,1.8,0.0,2.25,1.9,7.73,24.07,58.76,0.05,2.25,0.02
2021-06-30,45.6,0.0,43.67,0.0,46.35,0.0,1.46,12.28,47.99,49.13,50.45,1.07,0.6428571428571429,0.0
2021-06-30,140.51,0.01,104.72,0.01,70.78,0.01,1.4,3.64,22.0,51.39,64.67,0.18,0.3578571428571428,0.28
2021-06-30,33.72,0.02,41.65,0.02,41.46,0.02,0.98,10.94,37.27,58.87,54.71,1.1,0.0,0.88
2021-06-30,0.47,0.0,0.32,0.0,1.95,0.0,1.48,0.0,1.72,53.24,21.99,0.0,0.0,0.0
2021-06-30,160.17,0.07,167.55,0.06,211.15,0.07,0.98,32.97,194.94,89.81,14.36,2.18,0.0,2.21
2021-06-30,13.09,0.0,20.64,0.0,32.94,0.0,0.79,1.33,8.29,47.22,46.94,0.38,0.6353571428571428,0.16
2021-06-30,39.17,0.01,70.04,0.02,119.54,0.03,0.93,15.7,37.66,50.93,57.54,0.74,1.0439285714285713,0.39
2021-06-30,22.52,0.0,43.73,0.0,73.91,0.01,1.11,3.09,7.72,41.67,48.07,0.0,0.0025,0.0
2021-06-30,189.52,0.17,234.61,0.24,223.41,0.18,0.92,15.46,162.06,27.78,13.78,6.12,6.1292857142857144,5.76
2021-06-30,11.49,0.03,14.66,0.03,20.47,0.03,0.91,7.6,59.19,53.24,23.69,0.57,2.07,0.28
2021-07-01,22.52,0.0,43.73,0.0,73.91,0.0,1.22,3.09,7.72,41.67,48.88,0.0,0.0025,0.0
2021-07-01,2.89,0.0,1.44,0.0,1.8,0.0,2.23,1.59,7.3,24.07,58.89,0.05,2.234642857142857,0.02
2021-07-01,27.75,0.01,37.59,0.02,56.04,0.02,0.69,11.31,28.89,73.61,66.37,0.75,0.8157142857142857,0.65
2021-07-01,45.6,0.0,43.67,0.0,46.35,0.0,1.52,12.28,52.46,49.01,50.65,1.07,0.6160714285714286,0.0
2021-07-01,32.94,0.01,60.02,0.01,103.31,0.02,0.76,21.22,138.5,46.45,49.58,0.79,1.1824999999999999,0.52
2021-07-01,189.52,0.17,234.61,0.19,223.41,0.22,0.91,15.13,160.26,27.78,14.1,6.12,6.207857142857143,5.76
2021-07-01,20.64,0.0,31.94,0.01,40.97,0.01,0.58,5.56,39.89,69.91,55.82,1.21,0.8039285714285714,0.49
2021-07-01,140.51,0.01,104.72,0.01,70.78,0.01,1.4,3.84,22.29,51.39,65.0,0.18,0.34714285714285714,0.28
2021-07-01,13.09,0.0,20.64,0.0,32.94,0.0,0.82,1.52,8.01,47.22,47.22,0.38,0.5910714285714286,0.16
2021-07-01,0.47,0.0,0.32,0.0,1.95,0.0,1.53,0.04,1.83,53.24,22.07,0.0,0.0,0.0
2021-07-01,39.17,0.01,70.04,0.02,119.54,0.03,0.95,15.01,36.2,50.93,58.63,0.74,1.0017857142857143,0.39
2021-07-01,160.17,0.07,167.55,0.07,211.15,0.07,0.99,32.68,196.71,89.81,14.9,2.18,0.0,2.21
2021-07-01,33.72,0.02,41.65,0.02,41.46,0.02,1.01,10.75,36.64,58.86,54.8,1.1,0.0,0.88
2021-07-02,20.64,0.0,31.94,0.01,40.97,0.01,0.62,5.18,37.35,69.91,56.31,1.21,0.7857142857142858,0.49
2021-07-02,27.75,0.01,37.59,0.02,56.04,0.02,0.7,11.39,27.77,69.91,66.52,0.75,0.7953571428571429,0.65
2021-07-02,189.52,0.2,234.61,0.2,223.41,0.18,0.91,14.72,157.8,27.78,14.45,6.12,6.286428571428572,5.76
2021-07-02,140.51,0.01,104.72,0.01,70.78,0.01,1.41,3.81,22.6,51.39,65.3,0.18,0.3364285714285714,0.28
2021-07-02,22.52,0.0,43.73,0.0,73.91,0.0,1.3,1.54,6.18,41.67,49.81,0.0,0.0025,0.0
2021-07-02,2.89,0.0,1.44,0.0,1.8,0.0,2.17,1.69,6.88,29.63,58.96,0.05,2.2192857142857143,0.02
2021-07-02,32.94,0.01,60.02,0.01,103.31,0.02,0.79,20.48,135.52,46.43,49.92,0.79,1.1492857142857142,0.52
2021-07-02,33.72,0.02,41.65,0.02,41.46,0.02,1.02,10.69,36.68,58.86,54.91,1.1,0.0,0.88
2021-07-02,47.63,0.03,73.0,0.04,120.65,0.06,0.7,3.3,5.18,62.04,51.95,0.19,0.0,0.06
2021-07-02,0.47,0.0,0.32,0.0,1.95,0.0,1.58,0.04,1.91,53.24,22.43,0.0,0.0,0.0
2021-07-02,160.17,0.07,167.55,0.07,211.15,0.07,1.01,32.68,184.57,89.81,15.35,2.18,0.0,2.21
2021-07-02,107.53,0.02,70.39,0.02,58.8,0.02,1.29,10.52,41.96,70.37,53.13,0.14,0.04,0.26
2021-07-02,39.17,0.01,70.04,0.02,119.54,0.03,0.98,13.47,32.77,50.93,59.65,0.74,0.9596428571428571,0.39
2021-07-02,17.15,0.0,31.69,0.0,39.38,0.0,0.65,7.61,21.81,54.28,53.48,0.62,0.8175,0.41
2021-07-02,46.08,0.0,94.94,0.0,150.1,0.01,0.85,2.89,11.05,47.23,53.21,0.17,0.14,0.02
2021-07-02,13.09,0.0,20.64,0.0,32.94,0.0,0.84,1.52,6.67,47.22,47.52,0.38,0.5467857142857143,0.16
2021-07-03,2.89,0.0,1.44,0.0,1.8,0.0,2.1,1.8,7.2,29.63,58.99,0.05,2.2039285714285715,0.02
2021-07-03,22.52,0.0,43.73,0.0,73.91,0.0,1.39,1.54,10.81,41.67,50.8,0.0,0.0025,0.0
2021-07-03,189.52,0.17,234.61,0.18,223.41,0.21,0.9,14.32,156.0,27.78,14.55,6.12,6.365,5.76
2021-07-03,32.94,0.01,60.02,0.01,103.31,0.01,0.83,19.89,133.07,46.42,50.14,0.79,1.1160714285714286,0.52
2021-07-03,0.47,0.0,0.32,0.0,1.95,0.0,1.59,0.04,1.91,68.06,22.45,0.0,0.0,0.0
2021-07-03,140.51,0.01,104.72,0.01,70.78,0.01,1.41,3.79,22.69,51.39,65.64,0.18,0.3257142857142857,0.28
2021-07-03,33.72,0.02,41.65,0.02,41.46,0.02,1.04,10.53,36.18,58.85,54.98,1.1,0.0,0.88
2021-07-03,160.17,0.07,167.55,0.07,211.15,0.06,1.03,32.53,197.54,89.81,15.77,2.18,0.0,2.21
2021-07-03,13.09,0.0,20.64,0.0,32.94,0.0,0.86,1.24,5.53,47.22,47.67,0.38,0.5025000000000001,0.16
2021-07-03,27.75,0.01,37.59,0.01,56.04,0.02,0.7,11.39,27.28,69.91,66.64,0.75,0.775,0.65
2021-07-03,39.17,0.01,70.04,0.02,119.54,0.02,1.0,12.78,29.77,50.93,60.26,0.74,0.9174999999999999,0.39
2021-07-03,20.64,0.0,31.94,0.01,40.97,0.01,0.66,5.05,35.05,69.91,56.76,1.21,0.7675,0.49
2021-07-04,225.2,0.01,140.51,0.01,104.72,0.01,1.41,3.9,23.52,51.39,65.85,0.21,0.315,0.35
2021-07-04,154.98,0.07,160.17,0.07,167.55,0.06,1.04,33.18,196.5,89.81,16.1,2.06,0.0,2.28
2021-07-04,27.33,0.0,22.52,0.0,43.73,0.0,1.49,1.54,7.72,41.67,50.8,0.0,0.0025,0.0
2021-07-04,10.67,0.01,14.88,0.01,18.17,0.01,0.82,28.9,243.29,48.15,13.88,1.9,2.5264285714285712,1.19
2021-07-04,17.18,0.01,2.89,0.0,1.44,0.0,2.03,1.69,8.26,29.63,59.13,0.05,2.1885714285714286,0.0
2021-07-04,18.56,0.01,27.75,0.01,37.59,0.02,0.71,11.21,27.33,69.91,66.75,0.5,0.7628571428571428,0.51
2021-07-04,2.84,0.0,4.07,0.0,6.82,0.0,0.74,6.36,29.96,44.14,23.86,3.76,0.0,5.58
2021-07-04,23.76,0.01,32.94,0.01,60.02,0.01,0.87,19.83,132.51,46.41,50.23,0.69,1.082857142857143,0.38
2021-07-04,29.36,0.01,39.17,0.02,70.04,0.02,1.02,12.87,29.0,50.93,60.5,0.54,0.8896428571428572,0.27
2021-07-04,9.8,0.0,13.09,0.0,20.64,0.0,0.89,1.14,5.62,47.22,47.8,0.21,0.4760714285714286,0.07
2021-07-04,142.5,0.17,189.52,0.18,234.61,0.21,0.9,13.74,153.14,27.78,14.63,7.0,6.351071428571429,4.53
2021-07-04,12.45,0.0,20.64,0.01,31.94,0.01,0.71,4.98,34.5,69.91,57.12,0.66,0.7892857142857144,0.43
2021-07-04,17.46,0.01,29.84,0.01,40.21,0.02,0.85,3.77,15.84,31.51,41.67,0.21,0.66,0.11
2021-07-04,38.09,0.01,34.19,0.01,19.08,0.01,1.37,1.26,6.32,47.69,58.28,0.0,1.6307142857142858,0.13
2021-07-04,1.28,0.0,0.47,0.0,0.32,0.0,1.56,0.08,2.25,71.76,22.53,0.0,0.0,0.0
2021-07-04,36.66,0.02,33.72,0.02,41.65,0.02,1.04,10.42,36.16,58.85,55.02,0.74,0.0,0.72
2021-07-05,29.36,0.01,39.17,0.01,70.04,0.02,1.05,12.61,29.08,50.93,61.1,0.54,0.8617857142857143,0.27
2021-07-05,9.8,0.0,13.09,0.0,20.64,0.0,0.91,1.33,6.19,47.22,48.07,0.21,0.4496428571428571,0.07
2021-07-05,27.33,0.0,22.52,0.0,43.73,0.0,1.6,1.54,7.72,41.67,51.73,0.0,0.0025,0.0
2021-07-05,18.56,0.01,27.75,0.01,37.59,0.02,0.72,10.69,26.86,69.91,66.96,0.5,0.7507142857142858,0.51
2021-07-05,1.28,0.0,0.47,0.0,0.32,0.0,1.55,0.04,2.29,71.76,23.0,0.0,0.0,0.0
2021-07-05,225.2,0.02,140.51,0.01,104.72,0.01,1.41,4.4,25.55,51.39,66.04,0.21,0.3046428571428571,0.35
2021-07-05,154.98,0.07,160.17,0.07,167.55,0.06,1.06,33.88,204.05,89.81,16.59,2.06,0.0,2.28
2021-07-05,17.18,0.01,2.89,0.0,1.44,0.0,2.0,1.69,8.36,29.63,59.29,0.05,2.1732142857142858,0.0
2021-07-05,12.45,0.0,20.64,0.01,31.94,0.01,0.75,4.89,34.08,69.91,57.58,0.66,0.8110714285714286,0.43
2021-07-05,36.66,0.02,33.72,0.02,41.65,0.02,1.05,10.69,36.98,58.84,55.1,0.74,0.0,0.72
2021-07-05,23.76,0.01,32.94,0.01,60.02,0.01,0.91,19.23,130.45,46.39,50.46,0.69,1.049642857142857,0.38
2021-07-05,142.5,0.17,189.52,0.18,234.61,0.24,0.9,13.42,150.69,27.78,14.91,7.0,6.337142857142857,4.53
2021-07-06,154.98,0.07,160.17,0.07,167.55,0.06,1.08,34.18,206.67,89.81,17.06,2.06,0.0,2.28
2021-07-06,36.66,0.02,33.72,0.02,41.65,0.02,1.05,10.87,37.43,58.84,55.19,0.74,0.0,0.72
2021-07-06,27.33,0.01,22.52,0.0,43.73,0.0,1.71,1.54,9.26,41.67,52.32,0.0,0.0025,0.0
2021-07-06,9.8,0.0,13.09,0.0,20.64,0.0,0.94,1.43,5.72,43.52,48.35,0.21,0.4232142857142857,0.07
2021-07-06,29.36,0.01,39.17,0.01,70.04,0.02,1.07,12.27,28.14,50.93,61.6,0.54,0.8339285714285715,0.27
2021-07-06,1.28,0.0,0.47,0.0,0.32,0.0,1.53,0.04,2.37,68.06,23.3,0.0,0.0,0.0
2021-07-06,18.56,0.01,27.75,0.01,37.59,0.02,0.72,10.45,25.88,69.91,67.11,0.5,0.7385714285714285,0.51
2021-07-06,142.5,0.17,189.52,0.17,234.61,0.2,0.9,13.33,150.36,27.78,15.2,7.0,6.323214285714286,4.53
2021-07-06,225.2,0.02,140.51,0.01,104.72,0.01,1.4,4.19,25.58,51.39,66.24,0.21,0.2942857142857143,0.35
2021-07-06,23.76,0.01,32.94,0.01,60.02,0.01,0.95,18.43,127.22,46.37,50.73,0.69,1.0164285714285715,0.38
2021-07-06,12.45,0.0,20.64,0.01,31.94,0.01,0.78,4.57,32.96,69.91,58.0,0.66,0.8328571428571429,0.43
2021-07-06,17.18,0.01,2.89,0.0,1.44,0.0,1.94,1.69,9.0,29.63,59.46,0.05,2.157857142857143,0.0
2021-07-07,17.18,0.01,2.89,0.0,1.44,0.0,1.89,1.38,8.68,29.63,59.64,0.05,2.1425,0.0
2021-07-07,18.56,0.01,27.75,0.01,37.59,0.02,0.73,9.99,24.73,69.91,67.26,0.5,0.7264285714285714,0.51
2021-07-07,1.28,0.0,0.47,0.0,0.32,0.0,1.5,0.12,2.56,68.06,23.34,0.0,0.0,0.0
2021-07-07,36.66,0.02,33.72,0.02,41.65,0.02,1.09,10.86,38.06,58.83,55.28,0.74,0.0,0.72
2021-07-07,105.9,0.01,45.6,0.0,43.67,0.0,1.72,10.04,60.27,48.69,51.62,0.11,0.45535714285714285,0.0
2021-07-07,23.76,0.01,32.94,0.01,60.02,0.01,0.99,17.76,124.62,44.96,51.03,0.69,0.9832142857142857,0.38
2021-07-07,29.36,0.01,39.17,0.01,70.04,0.02,1.09,11.5,26.0,50.93,62.33,0.54,0.8060714285714284,0.27
2021-07-07,154.98,0.07,160.17,0.07,167.55,0.06,1.09,34.15,204.25,89.81,17.58,2.06,0.0,2.28
2021-07-07,9.8,0.0,13.09,0.0,20.64,0.0,0.96,1.24,5.72,43.52,48.61,0.21,0.39678571428571424,0.07
2021-07-07,11.96,0.03,11.49,0.03,14.66,0.03,0.99,6.93,51.88,53.24,28.22,0.4,1.7249999999999999,0.2
2021-07-07,27.33,0.01,22.52,0.0,43.73,0.0,1.79,1.54,6.18,41.67,52.67,0.0,0.0025,0.0
2021-07-07,142.5,0.17,189.52,0.17,234.61,0.24,0.89,13.17,143.73,27.78,15.42,7.0,6.309285714285714,4.53
2021-07-07,225.2,0.02,140.51,0.01,104.72,0.01,1.4,4.25,26.68,51.39,66.45,0.21,0.2839285714285714,0.35
2021-07-07,12.45,0.0,20.64,0.01,31.94,0.01,0.81,4.18,31.17,69.91,58.42,0.66,0.8546428571428571,0.43
2021-07-08,18.56,0.01,27.75,0.01,37.59,0.02,0.74,9.8,23.74,69.91,67.37,0.5,0.7142857142857143,0.51
2021-07-08,17.18,0.01,2.89,0.0,1.44,0.0,1.83,1.59,8.57,29.63,59.82,0.05,2.119285714285714,0.0
2021-07-08,9.8,0.0,13.09,0.0,20.64,0.0,0.99,1.33,4.76,43.52,48.84,0.21,0.3703571428571429,0.07
2021-07-08,27.33,0.01,22.52,0.0,43.73,0.0,1.84,1.54,4.63,41.67,53.08,0.0,0.0025,0.0
2021-07-08,23.76,0.01,32.94,0.01,60.02,0.01,1.03,17.14,121.39,44.94,51.37,0.69,0.9500000000000001,0.38
2021-07-08,225.2,0.02,140.51,0.01,104.72,0.01,1.39,4.44,28.29,51.39,66.68,0.21,0.2735714285714286,0.35
2021-07-08,154.98,0.07,160.17,0.07,167.55,0.07,1.1,35.48,210.0,91.67,18.12,2.06,0.0,2.28
2021-07-08,142.5,0.16,189.52,0.17,234.61,0.19,0.89,13.25,140.62,27.78,15.77,7.0,6.295357142857143,4.53
2021-07-08,29.36,0.01,39.17,0.01,70.04,0.02,1.11,10.81,23.51,50.93,63.13,0.54,0.7782142857142856,0.27
2021-07-08,36.66,0.02,33.72,0.02,41.65,0.02,1.11,10.68,38.02,58.83,55.37,0.74,0.0,0.72
2021-07-08,12.45,0.0,20.64,0.0,31.94,0.01,0.86,3.88,29.83,46.31,58.79,0.66,0.8764285714285714,0.43
2021-07-08,1.28,0.0,0.47,0.0,0.32,0.0,1.46,0.15,2.79,68.06,23.69,0.0,0.0,0.0
2021-07-09,33.94,0.04,47.63,0.03,73.0,0.04,1.52,2.22,2.73,32.41,57.18,0.1,0.0,0.06
2021-07-09,27.33,0.02,22.52,0.0,43.73,0.0,1.85,1.54,3.09,41.67,53.53,0.0,0.0025,0.0
2021-07-09,225.2,0.02,140.51,0.01,104.72,0.01,1.38,4.76,29.26,51.39,66.86,0.21,0.26321428571428573,0.35
2021-07-09,29.36,0.01,39.17,0.01,70.04,0.02,1.14,10.55,23.34,50.93,63.79,0.54,0.7503571428571428,0.27
2021-07-09,36.66,0.03,33.72,0.02,41.65,0.02,1.13,11.9,39.12,58.82,55.46,0.74,0.0,0.72
2021-07-09,23.76,0.01,32.94,0.01,60.02,0.01,1.08,16.56,118.62,44.92,51.7,0.69,0.9203571428571429,0.38
2021-07-09,12.45,0.0,20.64,0.0,31.94,0.01,0.9,3.61,28.49,46.29,59.14,0.66,0.8982142857142857,0.43
2021-07-09,17.18,0.01,2.89,0.0,1.44,0.0,1.79,1.48,9.0,29.63,59.92,0.05,2.096071428571429,0.0
2021-07-09,1.28,0.0,0.47,0.0,0.32,0.0,1.41,0.23,2.52,68.06,23.97,0.0,0.0,0.0
2021-07-09,154.98,0.07,160.17,0.07,167.55,0.07,1.11,34.77,217.04,91.67,18.62,2.06,0.0,2.28
2021-07-09,133.02,0.03,107.53,0.02,70.39,0.02,1.29,11.49,51.8,74.07,57.23,0.3,0.06357142857142857,0.42
2021-07-09,31.61,0.0,46.08,0.0,94.94,0.0,1.18,1.87,8.16,44.04,56.07,0.12,0.09714285714285716,0.14
2021-07-09,142.5,0.15,189.52,0.2,234.61,0.2,0.89,13.58,137.76,27.78,16.26,7.0,6.281428571428571,4.53
2021-07-09,18.56,0.01,27.75,0.01,37.59,0.02,0.75,9.41,22.75,69.91,67.51,0.5,0.7021428571428572,0.51
2021-07-09,9.8,0.0,13.09,0.0,20.64,0.0,1.02,0.67,3.91,43.52,49.1,0.21,0.3439285714285715,0.07
2021-07-09,12.06,0.0,17.15,0.0,31.69,0.0,0.83,5.48,16.78,50.04,55.73,0.49,0.625,0.35
2021-07-09,105.9,0.01,45.6,0.0,43.67,0.0,1.71,11.16,60.27,48.43,51.96,0.11,0.4017857142857143,0.0
2021-07-10,23.76,0.01,32.94,0.01,60.02,0.01,1.13,16.25,116.67,44.91,51.91,0.69,0.8907142857142858,0.38
2021-07-10,225.2,0.02,140.51,0.01,104.72,0.01,1.36,4.84,29.86,51.39,67.06,0.21,0.25285714285714284,0.35
2021-07-10,12.45,0.0,20.64,0.0,31.94,0.01,0.95,3.46,27.07,46.28,59.42,0.66,0.92,0.43
2021-07-10,9.8,0.0,13.09,0.0,20.64,0.0,1.04,0.57,2.86,43.52,49.17,0.21,0.3175,0.07
2021-07-10,1.28,0.0,0.47,0.0,0.32,0.0,1.37,0.27,2.86,68.06,24.14,0.0,0.0,0.0
2021-07-10,29.36,0.01,39.17,0.01,70.04,0.02,1.16,9.87,21.62,50.93,64.11,0.54,0.7225,0.27
2021-07-10,105.9,0.01,45.6,0.0,43.67,0.0,1.69,11.16,70.31,48.37,52.21,0.11,0.375,0.0
2021-07-10,154.98,0.07,160.17,0.07,167.55,0.07,1.12,34.27,221.26,91.67,19.05,2.06,0.0,2.28
2021-07-10,18.56,0.01,27.75,0.01,37.59,0.01,0.77,8.89,22.13,69.91,67.59,0.5,0.6900000000000001,0.51
2021-07-10,27.33,0.02,22.52,0.0,43.73,0.0,1.85,1.54,4.63,41.67,54.19,0.0,0.0025,0.0
2021-07-10,142.5,0.15,189.52,0.17,234.61,0.18,0.88,13.66,134.82,27.78,16.39,7.0,6.267499999999999,4.53
2021-07-10,17.18,0.01,2.89,0.0,1.44,0.0,1.76,1.48,9.52,29.63,59.95,0.05,2.072857142857143,0.0
2021-07-10,36.66,0.03,33.72,0.02,41.65,0.02,1.15,11.09,38.18,58.82,55.52,0.74,0.0,0.72
2021-07-11,367.68,0.02,225.2,0.01,140.51,0.01,1.35,4.98,31.57,51.39,67.18,0.28,0.2425,0.53
2021-07-11,31.46,0.01,17.18,0.01,2.89,0.0,1.74,1.48,10.8,29.63,60.14,0.02,2.049642857142857,0.08
2021-07-11,24.02,0.01,17.46,0.01,29.84,0.01,1.03,4.53,15.84,31.42,42.72,0.11,0.6782142857142858,0.0
2021-07-11,10.86,0.01,10.67,0.01,14.88,0.01,0.89,26.39,220.44,48.15,14.3,0.8,1.8610714285714285,1.17
2021-07-11,14.78,0.01,18.56,0.01,27.75,0.01,0.78,8.84,22.1,69.91,67.67,0.65,0.6775,0.29
2021-07-11,13.65,0.0,9.8,0.0,13.09,0.0,1.06,0.67,3.14,43.52,49.24,0.16,0.3014285714285715,0.04
2021-07-11,183.66,0.07,154.98,0.07,160.17,0.07,1.14,36.01,228.62,91.67,19.44,2.21,0.0,2.72
2021-07-11,184.99,0.02,27.33,0.0,22.52,0.0,1.86,1.54,6.18,41.67,54.19,0.0,0.0025,0.22
2021-07-11,44.47,0.01,29.36,0.01,39.17,0.02,1.19,9.7,22.14,50.93,64.18,0.39,0.6885714285714286,0.16
2021-07-11,2.49,0.0,2.84,0.0,4.07,0.0,0.79,3.41,23.45,42.81,24.19,6.48,0.0,2.17
2021-07-11,40.59,0.03,36.66,0.02,33.72,0.02,1.18,11.16,38.79,58.82,55.53,0.88,0.0,0.63
2021-07-11,136.31,0.16,142.5,0.17,189.52,0.18,0.88,12.92,130.23,27.78,16.56,5.76,6.208214285714285,3.48
2021-07-11,52.53,0.01,38.09,0.01,34.19,0.01,1.27,1.8,7.04,43.98,61.02,0.05,1.5017857142857143,0.05
2021-07-11,30.91,0.01,23.76,0.01,32.94,0.01,1.17,16.28,116.69,44.9,52.0,0.52,0.8610714285714287,0.32
2021-07-11,12.51,0.0,12.45,0.0,20.64,0.01,1.01,3.34,26.44,46.26,59.66,0.49,0.9414285714285714,0.31
2021-07-11,1.5,0.0,1.28,0.0,0.47,0.0,1.36,0.27,3.17,68.06,24.25,0.0,0.0,0.01
2021-07-12,31.46,0.01,17.18,0.01,2.89,0.0,1.7,1.59,11.32,29.63,60.32,0.02,2.0264285714285717,0.08
2021-07-12,136.31,0.16,142.5,0.17,189.52,0.18,0.88,12.43,125.9,27.78,16.87,5.76,6.148928571428571,3.48
2021-07-12,1.5,0.0,1.28,0.0,0.47,0.0,1.37,0.34,2.98,68.06,24.51,0.0,0.0,0.01
2021-07-12,12.51,0.0,12.45,0.0,20.64,0.01,1.07,3.24,25.88,46.25,59.95,0.49,0.9628571428571429,0.31
2021-07-12,44.47,0.01,29.36,0.01,39.17,0.01,1.22,9.61,21.96,50.93,64.39,0.39,0.6546428571428571,0.16
2021-07-12,350.01,0.01,105.9,0.0,45.6,0.0,1.64,14.51,98.21,48.2,52.37,0.0,0.35214285714285715,0.64
2021-07-12,14.78,0.01,18.56,0.01,27.75,0.01,0.79,8.66,22.0,69.91,67.82,0.65,0.665,0.29
2021-07-12,367.68,0.02,225.2,0.02,140.51,0.01,1.34,5.47,34.31,51.39,67.29,0.28,0.24571428571428572,0.53
2021-07-12,184.99,0.02,27.33,0.0,22.52,0.0,1.88,1.54,7.72,41.67,54.8,0.0,0.0025,0.22
2021-07-12,30.91,0.01,23.76,0.01,32.94,0.01,1.22,15.88,115.11,44.88,52.25,0.52,0.8314285714285713,0.32
2021-07-12,183.66,0.07,154.98,0.07,160.17,0.07,1.16,36.18,229.89,91.67,20.05,2.21,0.0,2.72
2021-07-12,40.59,0.03,36.66,0.02,33.72,0.02,1.23,11.48,39.71,58.81,55.59,0.88,0.0,0.63
2021-07-12,13.65,0.0,9.8,0.0,13.09,0.0,1.08,1.05,3.34,43.52,49.31,0.16,0.28535714285714286,0.04
2021-07-13,367.68,0.02,225.2,0.02,140.51,0.01,1.33,5.81,36.11,51.39,67.42,0.28,0.24892857142857142,0.53
2021-07-13,1.5,0.0,1.28,0.0,0.47,0.0,1.4,0.31,3.48,68.06,24.82,0.0,0.0,0.01
2021-07-13,40.59,0.03,36.66,0.02,33.72,0.02,1.32,11.76,41.31,58.81,55.67,0.88,0.0,0.63
2021-07-13,12.51,0.0,12.45,0.0,20.64,0.01,1.13,3.17,24.7,46.23,60.23,0.49,0.9842857142857143,0.31
2021-07-13,13.65,0.0,9.8,0.0,13.09,0.0,1.09,1.05,3.24,40.74,49.36,0.16,0.2692857142857143,0.04
2021-07-13,44.47,0.01,29.36,0.01,39.17,0.01,1.24,8.66,21.53,50.93,64.59,0.39,0.6207142857142857,0.16
2021-07-13,184.99,0.03,27.33,0.01,22.52,0.0,1.78,1.54,7.72,41.67,55.39,0.0,0.0025,0.22
2021-07-13,136.31,0.16,142.5,0.17,189.52,0.17,0.88,11.62,121.48,27.78,17.49,5.76,6.089642857142857,3.48
2021-07-13,31.46,0.01,17.18,0.01,2.89,0.0,1.66,1.59,12.91,29.63,60.51,0.02,2.003214285714286,0.08
2021-07-13,350.01,0.01,105.9,0.0,45.6,0.0,1.62,13.39,99.33,48.1,52.46,0.0,0.3407142857142857,0.64
2021-07-13,183.66,0.08,154.98,0.07,160.17,0.07,1.17,37.3,234.87,91.67,20.69,2.21,0.0,2.72
2021-07-13,14.78,0.01,18.56,0.01,27.75,0.01,0.8,8.32,21.61,69.91,67.93,0.65,0.6525,0.29
2021-07-13,30.91,0.01,23.76,0.01,32.94,0.01,1.26,15.22,112.62,44.87,52.54,0.52,0.8017857142857142,0.32
2021-07-14,12.51,0.0,12.45,0.0,20.64,0.01,1.19,3.05,23.95,46.21,60.48,0.49,1.0057142857142858,0.31
2021-07-14,40.59,0.03,36.66,0.02,33.72,0.02,1.37,12.21,43.35,58.8,55.76,0.88,0.0,0.63
2021-07-14,367.68,0.02,225.2,0.02,140.51,0.01,1.32,6.18,38.91,51.39,67.55,0.28,0.25214285714285717,0.53
2021-07-14,13.65,0.0,9.8,0.0,13.09,0.0,1.11,1.14,4.19,40.74,49.61,0.16,0.2532142857142857,0.04
2021-07-14,12.66,0.03,11.96,0.03,11.49,0.03,1.16,6.92,47.5,53.24,33.18,0.28,2.07,0.12
2021-07-14,14.78,0.01,18.56,0.01,27.75,0.01,0.82,8.14,21.17,69.91,68.04,0.65,0.64,0.29
2021-07-14,30.91,0.01,23.76,0.01,32.94,0.01,1.31,14.7,111.17,44.85,52.85,0.52,0.7721428571428571,0.32
2021-07-14,44.47,0.01,29.36,0.01,39.17,0.01,1.26,8.49,21.96,50.93,64.93,0.39,0.5867857142857142,0.16
2021-07-14,350.01,0.02,105.9,0.01,45.6,0.0,1.59,13.39,103.79,47.98,52.65,0.0,0.32928571428571424,0.64
2021-07-14,31.46,0.01,17.18,0.01,2.89,0.0,1.64,1.69,13.02,29.63,60.68,0.02,1.98,0.08
2021-07-14,184.99,0.02,27.33,0.01,22.52,0.0,1.69,1.54,7.72,41.67,55.93,0.0,0.0025,0.22
2021-07-14,136.31,0.16,142.5,0.17,189.52,0.17,0.88,11.86,116.16,27.78,18.03,5.76,6.0303571428571425,3.48
2021-07-14,183.66,0.08,154.98,0.07,160.17,0.07,1.19,37.95,239.35,91.67,21.34,2.21,0.0,2.72
2021-07-14,1.5,0.0,1.28,0.0,0.47,0.0,1.45,0.5,3.74,68.06,25.1,0.0,0.0,0.01
2021-07-15,40.59,0.04,36.66,0.02,33.72,0.02,1.4,12.7,44.56,46.76,55.84,0.88,0.0,0.63
2021-07-15,14.78,0.01,18.56,0.01,27.75,0.01,0.83,7.9,19.84,69.91,68.2,0.65,0.6275000000000001,0.29
2021-07-15,350.01,0.01,105.9,0.01,45.6,0.0,1.55,12.28,119.42,47.89,52.99,0.0,0.3178571428571429,0.64
2021-07-15,30.91,0.01,23.76,0.01,32.94,0.01,1.35,14.32,108.89,44.83,53.19,0.52,0.7424999999999999,0.32
2021-07-15,184.99,0.02,27.33,0.01,22.52,0.0,1.61,1.54,9.26,41.67,56.41,0.0,0.002857142857142857,0.22
2021-07-15,367.68,0.03,225.2,0.02,140.51,0.01,1.31,6.18,40.19,51.39,67.69,0.28,0.2553571428571429,0.53
2021-07-15,31.46,0.01,17.18,0.01,2.89,0.0,1.61,1.59,13.55,29.63,60.85,0.02,1.9567857142857144,0.08
2021-07-15,12.51,0.01,12.45,0.0,20.64,0.0,1.26,3.05,23.32,46.19,60.68,0.49,1.0271428571428571,0.31
2021-07-15,136.31,0.16,142.5,0.16,189.52,0.17,0.88,11.78,111.34,27.78,18.4,5.76,5.971071428571428,3.48
2021-07-15,183.66,0.08,154.98,0.07,160.17,0.07,1.21,37.98,240.76,91.67,22.02,2.21,0.0,2.72
2021-07-15,13.65,0.0,9.8,0.0,13.09,0.0,1.15,1.05,3.91,40.74,49.86,0.16,0.23714285714285713,0.04
2021-07-15,1.5,0.0,1.28,0.0,0.47,0.0,1.52,0.46,3.82,68.06,25.39,0.0,0.0,0.01
2021-07-15,44.47,0.02,29.36,0.01,39.17,0.01,1.26,8.24,21.62,50.93,65.25,0.39,0.5528571428571428,0.16
2021-07-16,1.5,0.0,1.28,0.0,0.47,0.0,1.59,0.69,4.05,68.06,25.66,0.0,0.0,0.01
2021-07-16,52.18,0.01,31.61,0.0,46.08,0.0,1.33,1.53,5.95,43.67,60.73,0.02,0.10928571428571429,0.05
2021-07-16,13.65,0.0,9.8,0.0,13.09,0.0,1.16,0.76,3.53,40.74,50.13,0.16,0.22107142857142859,0.04
2021-07-16,184.99,0.02,27.33,0.02,22.52,0.0,1.53,1.54,10.81,41.67,56.83,0.0,0.0032142857142857142,0.22
2021-07-16,9.93,0.0,12.06,0.0,17.15,0.0,1.23,4.7,12.19,49.35,57.44,0.41,0.48607142857142854,0.25
2021-07-16,200.92,0.04,133.02,0.03,107.53,0.02,1.24,13.73,60.07,63.89,61.87,0.26,0.12250000000000001,0.67
2021-07-16,30.91,0.01,23.76,0.01,32.94,0.01,1.39,14.05,107.28,42.95,53.53,0.52,0.7264285714285715,0.32
2021-07-16,350.01,0.02,105.9,0.01,45.6,0.0,1.52,14.51,130.58,47.84,53.46,0.0,0.30642857142857144,0.64
2021-07-16,12.51,0.01,12.45,0.0,20.64,0.0,1.31,2.86,22.63,46.16,60.86,0.49,1.0485714285714285,0.31
2021-07-16,136.31,0.14,142.5,0.15,189.52,0.2,0.88,11.78,110.76,27.78,18.73,5.76,5.911785714285714,3.48
2021-07-16,14.78,0.01,18.56,0.01,27.75,0.01,0.84,7.78,19.35,69.91,68.33,0.65,0.615,0.29
2021-07-16,367.68,0.03,225.2,0.02,140.51,0.01,1.3,6.47,42.75,51.39,67.83,0.28,0.25857142857142856,0.53
2021-07-16,31.46,0.01,17.18,0.01,2.89,0.0,1.58,1.69,13.02,29.63,60.97,0.02,1.9335714285714285,0.08
2021-07-16,183.66,0.08,154.98,0.07,160.17,0.07,1.22,38.63,246.77,91.67,22.67,2.21,0.0,2.72
2021-07-16,40.59,0.04,36.66,0.03,33.72,0.02,1.43,12.92,45.55,46.76,55.94,0.88,0.0,0.63
2021-07-16,44.47,0.02,29.36,0.01,39.17,0.01,1.27,7.98,20.59,50.93,65.56,0.39,0.5189285714285714,0.16
2021-07-17,184.99,0.02,27.33,0.02,22.52,0.0,1.46,1.54,16.99,41.67,57.35,0.0,0.0035714285714285718,0.22
2021-07-17,31.46,0.01,17.18,0.01,2.89,0.0,1.57,1.59,13.12,29.63,61.02,0.02,1.9103571428571429,0.08
2021-07-17,13.65,0.0,9.8,0.0,13.09,0.0,1.16,0.67,2.48,40.74,50.22,0.16,0.205,0.04
2021-07-17,44.47,0.02,29.36,0.01,39.17,0.01,1.27,7.46,19.48,50.93,65.73,0.39,0.485,0.16
2021-07-17,136.31,0.16,142.5,0.15,189.52,0.17,0.88,12.43,109.78,27.78,18.85,5.76,5.8525,3.48
2021-07-17,367.68,0.03,225.2,0.02,140.51,0.01,1.28,6.64,44.07,51.39,67.96,0.28,0.2617857142857143,0.53
2021-07-17,350.01,0.02,105.9,0.01,45.6,0.0,1.48,15.62,139.51,47.8,53.49,0.0,0.295,0.64
2021-07-17,14.78,0.01,18.56,0.01,27.75,0.01,0.85,7.8,19.58,69.91,68.42,0.65,0.6024999999999999,0.29
2021-07-17,1.5,0.0,1.28,0.0,0.47,0.0,1.66,0.65,4.09,68.06,25.85,0.0,0.0,0.01
2021-07-17,40.59,0.04,36.66,0.03,33.72,0.02,1.43,13.13,46.44,46.75,56.0,0.88,0.0,0.63
2021-07-17,12.51,0.01,12.45,0.0,20.64,0.0,1.36,2.73,22.16,46.14,61.04,0.49,1.07,0.31
2021-07-17,30.91,0.01,23.76,0.01,32.94,0.01,1.42,13.96,105.92,42.94,53.75,0.52,0.7103571428571429,0.32
2021-07-17,183.66,0.08,154.98,0.07,160.17,0.07,1.23,38.6,246.89,91.67,23.31,2.21,0.0,2.72
2021-07-18,51.82,0.01,30.91,0.01,23.76,0.01,1.46,13.96,105.92,42.94,53.84,0.38,0.6942857142857143,0.21
2021-07-18,2.18,0.0,2.49,0.0,2.84,0.0,0.96,2.9,17.85,42.75,24.52,5.58,0.0,0.27
2021-07-18,8.62,0.0,10.86,0.01,10.67,0.01,0.99,16.37,141.7,48.15,14.8,1.19,1.395714285714286,0.61
2021-07-18,50.91,0.01,31.46,0.01,17.18,0.01,1.57,1.8,14.39,29.63,61.04,0.0,1.8871428571428572,0.19
2021-07-18,119.84,0.04,40.59,0.03,36.66,0.02,1.45,13.71,48.47,46.75,56.04,0.72,0.0,0.81
2021-07-18,198.98,0.02,184.99,0.02,27.33,0.0,1.4,3.09,21.62,41.67,57.35,0.0,0.003928571428571429,0.22
2021-07-18,81.2,0.02,44.47,0.01,29.36,0.01,1.28,7.12,19.73,50.93,65.77,0.27,0.46428571428571436,0.15
2021-07-18,66.74,0.02,52.53,0.01,38.09,0.01,1.29,1.44,7.94,43.98,62.98,0.13,1.4507142857142856,0.31
2021-07-18,115.83,0.14,136.31,0.16,142.5,0.17,0.88,11.45,108.15,27.78,18.99,4.53,5.758214285714287,2.76
2021-07-18,237.35,0.08,183.66,0.07,154.98,0.07,1.25,39.25,256.61,91.67,23.89,2.28,0.0,3.54
2021-07-18,18.64,0.0,13.65,0.0,9.8,0.0,1.15,0.76,2.48,40.74,50.3,0.07,0.19285714285714284,0.05
2021-07-18,2.99,0.0,1.5,0.0,1.28,0.0,1.69,0.76,4.74,68.06,25.97,0.0,0.00035714285714285714,0.03
2021-07-18,17.67,0.01,12.51,0.0,12.45,0.0,1.4,2.73,21.94,46.12,61.14,0.43,1.0699999999999998,0.23
2021-07-18,472.66,0.03,367.68,0.02,225.2,0.01,1.27,6.72,46.19,51.39,68.03,0.35,0.265,0.69
2021-07-18,31.85,0.01,24.02,0.01,17.46,0.01,1.18,2.26,15.84,22.1,43.95,0.11,0.6282142857142857,0.11
2021-07-18,13.42,0.01,14.78,0.01,18.56,0.01,0.86,7.88,19.14,69.91,68.49,0.51,0.5860714285714286,0.24
2021-07-19,17.67,0.01,12.51,0.0,12.45,0.0,1.46,2.68,22.14,46.1,61.29,0.43,1.07,0.23
2021-07-19,50.91,0.01,31.46,0.01,17.18,0.01,1.57,1.59,16.3,29.63,61.07,0.0,1.8639285714285714,0.19
2021-07-19,237.35,0.08,183.66,0.07,154.98,0.07,1.25,40.99,260.97,91.67,24.69,2.28,0.0,3.54
2021-07-19,119.84,0.04,40.59,0.03,36.66,0.02,1.47,14.43,51.23,46.75,56.12,0.72,0.0,0.81
2021-07-19,81.2,0.02,44.47,0.01,29.36,0.01,1.29,7.64,20.08,50.93,65.99,0.27,0.4435714285714286,0.15
2021-07-19,641.44,0.02,350.01,0.01,105.9,0.0,1.41,18.97,170.76,47.73,54.09,0.0,0.2642857142857143,0.54
2021-07-19,13.42,0.01,14.78,0.01,18.56,0.01,0.87,7.31,18.78,69.91,68.63,0.51,0.5696428571428572,0.24
2021-07-19,198.98,0.02,184.99,0.02,27.33,0.0,1.35,3.09,20.07,41.67,57.79,0.0,0.004285714285714286,0.22
2021-07-19,115.83,0.14,136.31,0.16,142.5,0.17,0.88,12.27,107.49,27.78,19.42,4.53,5.663928571428571,2.76
2021-07-19,51.82,0.01,30.91,0.01,23.76,0.01,1.49,14.11,105.24,42.92,54.09,0.38,0.6782142857142858,0.21
2021-07-19,472.66,0.03,367.68,0.02,225.2,0.02,1.26,7.14,50.2,51.39,68.11,0.35,0.25607142857142856,0.69
2021-07-19,18.64,0.0,13.65,0.0,9.8,0.0,1.14,0.86,3.34,40.74,50.56,0.07,0.1807142857142857,0.05
2021-07-19,2.99,0.0,1.5,0.0,1.28,0.0,1.67,0.88,4.55,68.06,26.24,0.0,0.0007142857142857143,0.03
2021-07-20,50.91,0.01,31.46,0.01,17.18,0.01,1.63,1.48,16.93,29.63,61.1,0.0,1.8407142857142857,0.19
2021-07-20,115.83,0.14,136.31,0.16,142.5,0.17,0.88,11.7,105.45,56.48,19.87,4.53,5.569642857142857,2.76
2021-07-20,51.82,0.02,30.91,0.01,23.76,0.01,1.54,13.76,104.35,42.89,54.51,0.38,0.6621428571428573,0.21
2021-07-20,237.35,0.08,183.66,0.08,154.98,0.07,1.26,41.72,264.45,91.67,25.48,2.28,0.0,3.54
2021-07-20,13.42,0.01,14.78,0.01,18.56,0.01,0.89,7.05,18.44,69.91,68.73,0.51,0.5532142857142858,0.24
2021-07-20,119.84,0.04,40.59,0.03,36.66,0.02,1.47,14.99,53.81,46.74,56.21,0.72,0.0,0.81
2021-07-20,18.64,0.0,13.65,0.0,9.8,0.0,1.13,0.76,3.14,40.74,50.81,0.07,0.16857142857142857,0.05
2021-07-20,81.2,0.02,44.47,0.01,29.36,0.01,1.28,7.72,20.68,50.93,66.23,0.27,0.4228571428571429,0.15
2021-07-20,17.67,0.01,12.51,0.0,12.45,0.0,1.52,2.66,21.77,46.08,61.45,0.43,1.07,0.23
2021-07-20,2.99,0.0,1.5,0.0,1.28,0.0,1.63,0.84,4.66,68.06,26.55,0.0,0.0010714285714285715,0.03
2021-07-20,472.66,0.03,367.68,0.02,225.2,0.02,1.25,7.73,53.3,51.39,68.19,0.35,0.24714285714285714,0.69
2021-07-20,641.44,0.02,350.01,0.01,105.9,0.0,1.37,21.2,177.45,47.69,54.47,0.0,0.24892857142857142,0.54
2021-07-20,198.98,0.02,184.99,0.03,27.33,0.01,1.3,4.63,15.44,41.67,58.19,0.0,0.004642857142857143,0.22
2021-07-21,50.91,0.01,31.46,0.01,17.18,0.01,1.62,1.69,17.57,29.63,61.13,0.0,1.8175000000000001,0.19
2021-07-21,472.66,0.03,367.68,0.02,225.2,0.02,1.24,8.07,55.93,51.39,68.28,0.35,0.23821428571428574,0.69
2021-07-21,17.67,0.01,12.51,0.0,12.45,0.0,1.59,2.56,21.32,74.3,61.61,0.43,1.0699999999999998,0.23
2021-07-21,15.86,0.04,12.66,0.03,11.96,0.03,1.36,7.11,52.96,50.46,38.51,0.2,1.035,0.11
2021-07-21,119.84,0.05,40.59,0.03,36.66,0.02,1.49,15.53,56.42,46.74,56.29,0.72,0.0,0.81
2021-07-21,641.44,0.02,350.01,0.02,105.9,0.01,1.34,20.09,184.15,47.64,54.82,0.0,0.2335714285714286,0.54
2021-07-21,13.42,0.01,14.78,0.01,18.56,0.01,0.9,6.55,17.86,69.91,68.84,0.51,0.5367857142857143,0.24
2021-07-21,2.99,0.0,1.5,0.0,1.28,0.0,1.59,0.84,4.81,68.06,26.86,0.0,0.0014285714285714286,0.03
2021-07-21,198.98,0.02,184.99,0.02,27.33,0.01,1.25,6.18,16.99,41.67,58.57,0.0,0.005,0.22
2021-07-21,18.64,0.0,13.65,0.0,9.8,0.0,1.12,0.95,2.95,40.74,51.06,0.07,0.15642857142857142,0.05
2021-07-21,81.2,0.02,44.47,0.01,29.36,0.01,1.28,7.04,20.68,50.93,66.54,0.27,0.40214285714285714,0.15
2021-07-21,51.82,0.02,30.91,0.01,23.76,0.01,1.58,13.73,103.92,42.89,54.78,0.38,0.6460714285714285,0.21
2021-07-21,115.83,0.11,136.31,0.16,142.5,0.17,0.88,11.54,103.81,56.48,20.3,4.53,5.475357142857143,2.76
2021-07-21,237.35,0.08,183.66,0.08,154.98,0.07,1.27,36.92,274.62,91.67,26.35,2.28,0.0,3.54
2021-07-22,119.84,0.05,40.59,0.04,36.66,0.02,1.51,16.18,58.87,46.73,56.38,0.72,0.0,0.81
2021-07-22,51.82,0.02,30.91,0.01,23.76,0.01,1.65,13.48,104.02,42.87,55.29,0.38,0.63,0.21
2021-07-22,198.98,0.02,184.99,0.02,27.33,0.01,1.21,7.72,16.99,41.67,58.81,0.0,0.004642857142857143,0.22
2021-07-22,2.99,0.0,1.5,0.0,1.28,0.0,1.56,0.8,4.89,68.06,27.16,0.0,0.0017857142857142859,0.03
2021-07-22,115.83,0.13,136.31,0.16,142.5,0.16,0.88,11.78,102.75,56.48,20.69,4.53,5.3810714285714285,2.76
2021-07-22,18.64,0.0,13.65,0.0,9.8,0.0,1.1,0.95,3.05,40.74,51.34,0.07,0.1442857142857143,0.05
2021-07-22,472.66,0.03,367.68,0.03,225.2,0.02,1.22,8.16,58.5,51.39,68.37,0.35,0.22928571428571431,0.69
2021-07-22,641.44,0.02,350.01,0.01,105.9,0.01,1.31,21.2,202.01,47.61,55.34,0.0,0.21821428571428572,0.54
2021-07-22,17.67,0.01,12.51,0.01,12.45,0.0,1.64,2.59,21.04,74.28,61.79,0.43,1.07,0.23
2021-07-22,50.91,0.01,31.46,0.01,17.18,0.01,1.61,1.69,19.37,29.63,61.16,0.0,1.7721428571428572,0.19
2021-07-22,13.42,0.01,14.78,0.01,18.56,0.01,0.93,6.19,17.32,69.91,68.96,0.51,0.5203571428571429,0.24
2021-07-22,81.2,0.02,44.47,0.02,29.36,0.01,1.27,7.38,21.71,50.93,66.81,0.27,0.3814285714285714,0.15
2021-07-23,51.82,0.02,30.91,0.01,23.76,0.01,1.69,13.26,102.8,42.84,55.85,0.38,0.6292857142857143,0.21
2021-07-23,17.67,0.01,12.51,0.01,12.45,0.0,1.68,2.73,21.16,74.25,61.96,0.43,1.07,0.23
2021-07-23,13.42,0.01,14.78,0.01,18.56,0.01,0.95,5.88,16.67,60.65,69.08,0.51,0.5039285714285715,0.24
2021-07-23,81.2,0.02,44.47,0.02,29.36,0.01,1.26,6.95,20.59,50.93,67.07,0.27,0.3607142857142857,0.15
2021-07-23,115.83,0.13,136.31,0.14,142.5,0.15,0.88,12.11,100.46,56.48,21.02,4.53,5.286785714285714,2.76
2021-07-23,89.28,0.01,52.18,0.01,31.61,0.0,1.28,1.87,9.01,43.19,64.55,0.14,0.08678571428571429,0.07
2021-07-23,14.1,0.0,9.93,0.0,12.06,0.0,1.49,4.14,12.08,48.72,58.68,0.35,0.3882142857142857,0.22
2021-07-23,267.58,0.05,200.92,0.04,133.02,0.03,1.15,16.65,75.75,63.89,65.43,0.42,0.13392857142857142,0.71
2021-07-23,119.84,0.05,40.59,0.04,36.66,0.03,1.52,17.1,61.7,46.73,56.49,0.72,0.0,0.81
2021-07-23,472.66,0.04,367.68,0.03,225.2,0.02,1.21,8.49,60.18,51.39,68.48,0.35,0.22035714285714286,0.69
2021-07-23,18.64,0.0,13.65,0.0,9.8,0.0,1.09,0.95,3.34,40.74,51.6,0.07,0.13214285714285715,0.05
2021-07-23,198.98,0.02,184.99,0.02,27.33,0.02,1.17,6.18,20.07,41.67,59.08,0.0,0.004285714285714286,0.22
2021-07-23,50.91,0.01,31.46,0.01,17.18,0.01,1.6,1.9,20.21,29.63,61.17,0.0,1.7267857142857144,0.19
2021-07-23,2.99,0.0,1.5,0.0,1.28,0.0,1.53,0.76,4.32,68.06,27.47,0.0,0.002142857142857143,0.03
2021-07-24,50.91,0.01,31.46,0.01,17.18,0.01,1.59,1.9,19.79,29.63,61.18,0.0,1.6814285714285717,0.19
2021-07-24,2.99,0.0,1.5,0.0,1.28,0.0,1.49,0.76,4.36,68.06,27.67,0.0,0.0025,0.03
2021-07-24,115.83,0.13,136.31,0.16,142.5,0.15,0.88,12.19,100.05,56.48,21.17,4.53,5.192500000000001,2.76
2021-07-24,18.64,0.0,13.65,0.0,9.8,0.0,1.07,0.86,3.14,40.74,51.69,0.07,0.12,0.05
2021-07-24,81.2,0.02,44.47,0.02,29.36,0.01,1.26,6.95,20.76,50.93,67.24,0.27,0.33999999999999997,0.15
2021-07-24,51.82,0.02,30.91,0.01,23.76,0.01,1.7,13.12,102.08,41.69,56.23,0.38,0.6285714285714287,0.21
2021-07-24,472.66,0.04,367.68,0.03,225.2,0.02,1.19,8.64,61.31,51.39,68.58,0.35,0.21142857142857144,0.69
2021-07-24,13.42,0.01,14.78,0.01,18.56,0.01,0.98,5.98,16.75,65.41,69.17,0.51,0.4875,0.24
2021-07-24,17.67,0.01,12.51,0.01,12.45,0.0,1.7,2.74,21.56,74.23,62.1,0.43,1.07,0.23
2021-07-24,198.98,0.02,184.99,0.02,27.33,0.02,1.14,7.72,23.16,41.67,59.41,0.0,0.003928571428571429,0.22
2021-07-24,119.84,0.06,40.59,0.04,36.66,0.03,1.51,17.72,63.84,46.72,56.55,0.72,0.0,0.81
2021-07-24,641.44,0.02,350.01,0.02,105.9,0.01,1.24,22.32,226.56,47.56,55.9,0.0,0.1875,0.54
2021-07-25,115.15,0.02,81.2,0.02,44.47,0.01,1.25,7.55,21.28,50.93,67.27,0.16,0.3260714285714286,0.14
2021-07-25,9.85,0.01,13.42,0.01,14.78,0.01,1.01,6.01,17.03,65.36,69.23,0.29,0.47821428571428576,0.18
2021-07-25,93.1,0.06,119.84,0.04,40.59,0.03,1.51,18.54,66.7,46.72,56.59,0.63,0.0,0.87
2021-07-25,22.75,0.0,18.64,0.0,13.65,0.0,1.06,0.95,3.34,40.74,51.77,0.04,0.1142857142857143,0.05
2021-07-25,4.77,0.0,2.99,0.0,1.5,0.0,1.46,0.99,4.7,68.06,27.79,0.01,0.0035714285714285718,0.03
2021-07-25,2.82,0.0,2.18,0.0,2.49,0.0,1.23,2.75,16.33,42.71,24.81,2.17,0.0,0.11
2021-07-25,34.62,0.01,17.67,0.01,12.51,0.0,1.7,2.64,21.88,74.22,62.24,0.31,1.0935714285714284,0.19
2021-07-25,96.31,0.14,115.83,0.14,136.31,0.16,0.88,12.52,99.72,56.48,21.41,3.48,5.041071428571429,2.45
2021-07-25,81.95,0.01,50.91,0.01,31.46,0.01,1.58,1.69,22.22,29.63,61.2,0.08,1.6360714285714286,0.22
2021-07-25,677.36,0.04,472.66,0.03,367.68,0.02,1.16,8.62,62.96,51.39,68.6,0.53,0.20249999999999999,1.08
2021-07-25,103.69,0.03,51.82,0.01,30.91,0.01,1.71,13.14,102.28,41.68,56.4,0.32,0.6278571428571429,0.26
2021-07-25,39.68,0.02,31.85,0.01,24.02,0.01,1.3,0.75,11.31,22.05,45.14,0.0,0.5257142857142857,0.0
2021-07-25,107.94,0.02,66.74,0.02,52.53,0.01,1.3,1.8,7.94,43.98,64.49,0.05,1.549642857142857,0.31
2021-07-26,96.31,0.13,115.83,0.14,136.31,0.16,0.88,12.19,98.66,56.48,21.81,3.48,4.889642857142857,2.45
2021-07-26,93.1,0.06,119.84,0.04,40.59,0.03,1.51,19.86,71.72,46.72,56.7,0.63,0.0,0.87
2021-07-26,9.85,0.01,13.42,0.01,14.78,0.01,1.03,5.9,16.15,65.27,69.34,0.29,0.4689285714285715,0.18
2021-07-26,677.36,0.04,472.66,0.03,367.68,0.02,1.13,9.05,67.5,43.98,68.66,0.53,0.19642857142857142,1.08
2021-07-26,115.15,0.02,81.2,0.02,44.47,0.01,1.25,7.21,22.91,50.93,67.44,0.16,0.31214285714285717,0.14
2021-07-26,741.98,0.01,641.44,0.02,350.01,0.01,1.18,24.55,254.46,47.5,56.38,0.64,0.21821428571428572,1.61
2021-07-26,22.75,0.0,18.64,0.0,13.65,0.0,1.04,0.95,4.67,40.74,51.99,0.04,0.10857142857142857,0.05
2021-07-26,34.62,0.01,17.67,0.01,12.51,0.0,1.69,2.74,22.87,74.19,62.45,0.31,1.1171428571428572,0.19
2021-07-26,81.95,0.02,50.91,0.01,31.46,0.01,1.57,1.69,23.5,29.63,61.23,0.08,1.590714285714286,0.22
2021-07-26,103.69,0.03,51.82,0.01,30.91,0.01,1.71,13.3,103.83,41.64,56.82,0.32,0.6271428571428571,0.26
2021-07-26,4.77,0.0,2.99,0.0,1.5,0.0,1.44,1.11,5.23,68.06,28.13,0.01,0.004642857142857143,0.03
2021-07-26,174.93,0.01,198.98,0.02,184.99,0.02,1.08,9.26,29.34,41.67,59.59,0.22,0.0032142857142857142,0.66
2021-07-27,115.15,0.02,81.2,0.02,44.47,0.01,1.24,7.46,22.82,50.93,67.67,0.16,0.29821428571428577,0.14
2021-07-27,677.36,0.04,472.66,0.03,367.68,0.02,1.1,9.15,68.69,43.98,68.71,0.53,0.19035714285714286,1.08
2021-07-27,93.1,0.06,119.84,0.04,40.59,0.03,1.51,21.03,75.97,46.71,56.81,0.63,0.0,0.87
2021-07-27,4.77,0.0,2.99,0.0,1.5,0.0,1.43,0.99,5.58,68.06,28.46,0.01,0.005714285714285714,0.03
2021-07-27,96.31,0.11,115.83,0.14,136.31,0.16,0.87,12.11,96.78,56.48,22.21,3.48,4.738214285714286,2.45
2021-07-27,81.95,0.02,50.91,0.01,31.46,0.01,1.56,1.8,25.72,37.63,61.26,0.08,1.5453571428571429,0.22
2021-07-27,34.62,0.01,17.67,0.01,12.51,0.0,1.68,2.8,23.02,74.17,62.66,0.31,1.1407142857142858,0.19
2021-07-27,103.69,0.04,51.82,0.02,30.91,0.01,1.71,12.92,101.93,41.6,57.37,0.32,0.6264285714285716,0.26
2021-07-27,9.85,0.01,13.42,0.01,14.78,0.01,1.06,5.85,15.78,65.19,69.44,0.29,0.4596428571428572,0.18
2021-07-27,741.98,0.01,641.44,0.02,350.01,0.01,1.15,25.67,257.81,48.88,56.75,0.64,0.2335714285714286,1.61
2021-07-27,174.93,0.01,198.98,0.02,184.99,0.03,1.05,9.26,26.25,37.96,59.72,0.22,0.002857142857142857,0.66
2021-07-27,22.75,0.0,18.64,0.0,13.65,0.0,1.03,0.57,4.29,40.74,52.2,0.04,0.10285714285714287,0.05
2021-07-28,174.93,0.01,198.98,0.02,184.99,0.02,1.03,9.26,26.25,37.96,59.8,0.22,0.0025,0.66
2021-07-28,22.75,0.0,18.64,0.0,13.65,0.0,1.01,0.86,4.48,40.74,52.42,0.04,0.09714285714285716,0.05
2021-07-28,4.77,0.0,2.99,0.0,1.5,0.0,1.43,1.18,6.04,68.06,28.84,0.01,0.0067857142857142855,0.03
2021-07-28,115.15,0.02,81.2,0.02,44.47,0.01,1.24,7.29,24.02,50.93,67.79,0.16,0.2842857142857143,0.14
2021-07-28,34.62,0.02,17.67,0.01,12.51,0.0,1.65,2.68,22.94,74.15,62.89,0.31,1.1642857142857144,0.19
2021-07-28,9.85,0.01,13.42,0.01,14.78,0.01,1.09,5.85,15.76,65.11,69.54,0.29,0.4503571428571429,0.18
2021-07-28,23.8,0.06,15.86,0.04,12.66,0.03,1.42,8.03,65.94,50.46,42.81,0.12,0.6900000000000001,0.09
2021-07-28,677.36,0.04,472.66,0.03,367.68,0.02,1.08,9.58,71.55,43.98,68.78,0.53,0.1842857142857143,1.08
2021-07-28,93.1,0.07,119.84,0.05,40.59,0.03,1.52,21.9,79.98,46.71,56.93,0.63,0.0,0.87
2021-07-28,96.31,0.15,115.83,0.11,136.31,0.16,0.88,12.35,94.0,56.48,22.64,3.48,4.586785714285715,2.45
2021-07-28,103.69,0.04,51.82,0.02,30.91,0.01,1.7,12.67,101.29,37.34,57.96,0.32,0.6257142857142857,0.26
2021-07-28,741.98,0.01,641.44,0.02,350.01,0.02,1.12,29.02,271.2,48.85,57.11,0.64,0.24892857142857144,1.61
2021-07-28,81.95,0.02,50.91,0.01,31.46,0.01,1.54,1.9,26.46,37.62,61.29,0.08,1.5000000000000002,0.22
2021-07-29,9.85,0.01,13.42,0.01,14.78,0.01,1.12,5.7,15.24,65.03,69.65,0.29,0.4410714285714286,0.18
2021-07-29,93.1,0.07,119.84,0.05,40.59,0.04,1.53,22.72,84.56,46.7,57.05,0.63,0.0,0.87
2021-07-29,103.69,0.04,51.82,0.02,30.91,0.01,1.66,12.8,100.75,37.25,58.61,0.32,0.625,0.26
2021-07-29,34.62,0.02,17.67,0.01,12.51,0.01,1.62,2.68,23.58,74.13,63.14,0.31,1.187857142857143,0.19
2021-07-29,741.98,0.01,641.44,0.02,350.01,0.01,1.09,32.37,294.64,48.82,57.45,0.64,0.2642857142857143,1.61
2021-07-29,22.75,0.0,18.64,0.0,13.65,0.0,1.0,1.33,4.38,40.74,52.63,0.04,0.09142857142857143,0.05
2021-07-29,174.93,0.01,198.98,0.02,184.99,0.02,1.01,7.72,30.88,37.96,59.9,0.22,0.0025,0.66
2021-07-29,4.77,0.0,2.99,0.0,1.5,0.0,1.41,1.34,6.49,68.06,29.2,0.01,0.007857142857142858,0.03
2021-07-29,81.95,0.02,50.91,0.01,31.46,0.01,1.53,2.33,27.94,37.62,61.32,0.08,1.4725,0.22
2021-07-29,677.36,0.04,472.66,0.03,367.68,0.03,1.05,10.35,74.08,43.98,68.85,0.53,0.17821428571428571,1.08
2021-07-29,96.31,0.12,115.83,0.13,136.31,0.16,0.88,10.88,94.48,56.48,23.03,3.48,4.435357142857144,2.45
2021-07-29,115.15,0.02,81.2,0.02,44.47,0.02,1.24,7.12,24.79,50.93,68.04,0.16,0.27035714285714285,0.14
2021-07-30,81.95,0.02,50.91,0.01,31.46,0.01,1.53,2.33,29.32,37.61,61.34,0.08,1.445,0.22
2021-07-30,677.36,0.04,472.66,0.04,367.68,0.03,1.02,10.59,77.06,43.98,68.91,0.53,0.17214285714285715,1.08
2021-07-30,4.77,0.0,2.99,0.0,1.5,0.0,1.39,1.57,6.61,68.06,29.56,0.01,0.008928571428571428,0.03
2021-07-30,103.69,0.04,51.82,0.02,30.91,0.01,1.62,12.86,100.3,37.15,59.26,0.32,0.6200000000000001,0.26
2021-07-30,34.62,0.02,17.67,0.01,12.51,0.01,1.57,2.62,24.71,74.11,63.41,0.31,1.2114285714285715,0.19
2021-07-30,9.85,0.01,13.42,0.01,14.78,0.01,1.15,5.44,14.8,64.95,69.76,0.29,0.43178571428571433,0.18
2021-07-30,30.57,0.0,14.1,0.0,9.93,0.0,1.32,2.91,11.19,48.17,59.71,0.25,0.31714285714285717,0.2
2021-07-30,96.31,0.15,115.83,0.13,136.31,0.14,0.87,11.21,94.0,56.48,23.38,3.48,4.2839285714285715,2.45
2021-07-30,22.75,0.0,18.64,0.0,13.65,0.0,0.98,1.14,4.38,42.59,52.86,0.04,0.08571428571428573,0.05
2021-07-30,174.93,0.01,198.98,0.02,184.99,0.02,0.99,4.63,33.97,37.96,60.01,0.22,0.0025,0.66
2021-07-30,165.66,0.01,89.28,0.01,52.18,0.01,1.1,1.87,9.35,42.69,67.52,0.05,0.0717857142857143,0.0
2021-07-30,93.1,0.07,119.84,0.05,40.59,0.04,1.53,23.94,89.55,46.7,57.2,0.63,0.0,0.87
2021-07-30,353.64,0.05,267.58,0.05,200.92,0.04,1.06,17.33,83.24,63.89,68.17,0.67,0.17392857142857143,1.18
2021-07-30,115.15,0.03,81.2,0.02,44.47,0.02,1.23,7.21,23.51,50.93,68.25,0.16,0.25642857142857145,0.14
2021-07-31,9.85,0.01,13.42,0.01,14.78,0.01,1.18,5.3,14.82,64.9,69.84,0.29,0.4225,0.18
2021-07-31,4.77,0.0,2.99,0.0,1.5,0.0,1.38,1.76,6.61,68.06,29.81,0.01,0.009999999999999998,0.03
2021-07-31,115.15,0.03,81.2,0.02,44.47,0.02,1.23,7.64,23.25,50.93,68.39,0.16,0.2425,0.14
2021-07-31,741.98,0.01,641.44,0.02,350.01,0.02,1.04,34.6,289.06,48.75,57.89,0.64,0.295,1.61
2021-07-31,103.69,0.04,51.82,0.02,30.91,0.01,1.58,12.95,100.08,37.09,59.68,0.32,0.6150000000000001,0.26
2021-07-31,93.1,0.08,119.84,0.06,40.59,0.04,1.52,24.89,93.02,46.7,57.29,0.63,0.0,0.87
2021-07-31,174.93,0.01,198.98,0.02,184.99,0.02,0.97,4.63,41.69,37.96,60.15,0.22,0.0025,0.66
2021-07-31,22.75,0.0,18.64,0.0,13.65,0.0,0.97,0.86,4.1,42.59,52.93,0.04,0.08,0.05
2021-07-31,34.62,0.02,17.67,0.01,12.51,0.01,1.52,2.91,25.61,74.09,63.62,0.31,1.2349999999999999,0.19
2021-07-31,25.46,0.05,26.14,0.04,11.95,0.04,1.21,3.77,13.68,42.6,43.38,0.54,0.0,0.07
2021-07-31,96.31,0.12,115.83,0.13,136.31,0.16,0.87,11.13,94.98,56.48,23.52,3.48,4.1325,2.45
2021-07-31,81.95,0.02,50.91,0.01,31.46,0.01,1.53,2.22,29.42,37.61,61.34,0.08,1.4175000000000002,0.22
2021-07-31,677.36,0.04,472.66,0.04,367.68,0.03,1.0,11.18,78.06,43.98,68.98,0.53,0.1660714285714286,1.08
2021-08-01,192.89,0.26,239.51,0.29,304.56,0.29,0.9,40.7,276.19,72.22,8.79,5.81,0.0,5.78
2021-08-01,11.3,0.01,9.85,0.01,13.42,0.01,1.22,5.38,14.72,64.86,69.9,0.24,0.40571428571428575,0.17
2021-08-01,4.43,0.0,2.82,0.0,2.18,0.0,1.54,1.68,18.72,42.67,25.14,0.27,0.0,0.1
2021-08-01,36.3,0.03,25.57,0.02,20.65,0.02,1.37,1.99,11.94,34.96,58.5,0.04,0.0,0.05
2021-08-01,142.35,0.01,174.93,0.02,198.98,0.02,0.95,3.09,40.15,37.96,60.15,0.22,0.0025,0.22
2021-08-01,127.48,0.03,115.15,0.02,81.2,0.02,1.23,8.06,24.71,50.93,68.41,0.15,0.23357142857142857,0.3
2021-08-01,538.71,0.04,677.36,0.04,472.66,0.03,0.98,11.54,82.0,43.98,69.01,0.69,0.16,1.2
2021-08-01,31.94,0.05,25.46,0.04,26.14,0.04,1.22,3.77,13.68,42.6,43.38,0.0,0.0,0.07
2021-08-01,150.17,0.08,93.1,0.06,119.84,0.04,1.5,26.21,98.75,46.7,57.35,0.81,0.0,1.22
2021-08-01,127.43,0.02,107.94,0.02,66.74,0.02,1.36,1.62,9.75,43.98,65.69,0.31,1.6889285714285713,0.26
2021-08-01,19.53,0.0,22.75,0.0,18.64,0.0,0.97,0.95,4.76,42.59,52.99,0.05,0.07607142857142858,0.03
2021-08-01,6.47,0.0,4.75,0.0,5.25,0.0,1.18,5.67,14.53,45.33,40.09,0.13,0.0,0.16
2021-08-01,713.87,0.01,741.98,0.01,641.44,0.02,1.02,37.95,308.03,48.74,57.89,0.54,0.35250000000000004,2.58
2021-08-01,554.7,0.16,527.37,0.16,404.23,0.14,1.17,31.25,165.65,48.53,64.82,0.48,0.0,1.66
2021-08-01,262.43,0.04,103.69,0.03,51.82,0.01,1.53,13.06,100.91,37.07,59.86,0.21,0.6100000000000001,0.53
2021-08-01,67.91,0.02,34.62,0.01,17.67,0.01,1.47,3.02,26.59,74.08,63.76,0.23,1.207857142857143,0.29
2021-08-01,79.1,0.04,59.03,0.02,31.78,0.01,1.41,3.89,16.93,44.44,53.35,0.05,0.0,0.18
2021-08-01,68.25,0.03,39.68,0.02,31.85,0.01,1.41,9.8,27.9,21.99,46.8,0.11,0.42749999999999994,0.11
2021-08-01,6.87,0.0,4.77,0.0,2.99,0.0,1.38,1.8,7.3,68.06,29.95,0.03,0.01107142857142857,0.04
2021-08-01,77.18,0.12,96.31,0.14,115.83,0.14,0.87,10.8,91.54,56.48,23.73,2.76,4.014285714285714,2.28
2021-08-01,137.54,0.02,81.95,0.01,50.91,0.01,1.54,2.33,33.97,37.6,61.39,0.19,1.39,0.41
2021-08-02,137.54,0.02,81.95,0.02,50.91,0.01,1.54,3.49,37.68,37.59,61.45,0.19,1.3625,0.41
2021-08-02,30.46,0.03,20.72,0.02,14.39,0.01,1.36,1.6,49.19,36.11,40.93,0.21,0.0,0.23
2021-08-02,79.1,0.04,59.03,0.02,31.78,0.01,1.38,4.58,19.11,44.44,53.5,0.05,0.0,0.18
2021-08-02,150.17,0.08,93.1,0.06,119.84,0.04,1.49,27.93,105.67,46.69,57.48,0.81,0.0,1.22
2021-08-02,31.94,0.05,25.46,0.04,26.14,0.04,1.24,3.77,13.68,42.58,43.54,0.0,0.0,0.07
2021-08-02,19.53,0.0,22.75,0.0,18.64,0.0,0.96,0.86,6.0,42.59,53.21,0.05,0.07214285714285715,0.03
2021-08-02,6.87,0.0,4.77,0.0,2.99,0.0,1.38,1.91,7.91,68.06,30.31,0.03,0.012142857142857141,0.04
2021-08-02,262.43,0.04,103.69,0.03,51.82,0.01,1.49,14.04,104.39,36.99,60.37,0.21,0.6050000000000001,0.53
2021-08-02,142.35,0.01,174.93,0.01,198.98,0.02,0.93,4.63,40.15,37.96,60.27,0.22,0.0025,0.22
2021-08-02,77.18,0.1,96.31,0.13,115.83,0.14,0.87,10.47,89.33,56.48,24.05,2.76,3.896071428571428,2.28
2021-08-02,538.71,0.04,677.36,0.04,472.66,0.03,0.97,12.15,87.34,43.98,69.06,0.69,0.1660714285714286,1.2
2021-08-02,67.91,0.02,34.62,0.01,17.67,0.01,1.43,3.08,28.69,74.06,64.01,0.23,1.1807142857142858,0.29
2021-08-02,127.48,0.03,115.15,0.02,81.2,0.02,1.22,8.32,26.17,50.93,68.59,0.15,0.22464285714285714,0.3
2021-08-02,11.3,0.01,9.85,0.01,13.42,0.01,1.25,5.3,14.36,64.78,70.01,0.24,0.38892857142857146,0.17
2021-08-02,554.7,0.16,527.37,0.16,404.23,0.15,1.15,32.42,168.0,48.52,65.17,0.48,0.0,1.66
2021-08-03,127.48,0.03,115.15,0.02,81.2,0.02,1.22,8.06,26.42,50.93,68.79,0.15,0.21571428571428575,0.3
2021-08-03,150.17,0.09,93.1,0.06,119.84,0.04,1.48,29.54,113.2,46.69,57.63,0.81,0.0,1.22
2021-08-03,262.43,0.04,103.69,0.04,51.82,0.02,1.46,14.42,105.24,36.92,61.05,0.21,0.6,0.53
2021-08-03,137.54,0.02,81.95,0.02,50.91,0.01,1.54,3.39,41.59,37.59,61.5,0.19,1.3350000000000002,0.41
2021-08-03,67.91,0.02,34.62,0.01,17.67,0.01,1.38,3.2,30.49,74.04,64.26,0.23,1.1535714285714285,0.29
2021-08-03,11.3,0.01,9.85,0.01,13.42,0.01,1.27,5.28,13.84,64.72,70.1,0.24,0.37214285714285716,0.17
2021-08-03,19.53,0.0,22.75,0.0,18.64,0.0,0.96,0.95,5.24,42.59,53.43,0.05,0.06821428571428571,0.03
2021-08-03,142.35,0.01,174.93,0.01,198.98,0.02,0.92,4.63,33.97,37.96,60.34,0.22,0.0025,0.22
2021-08-03,6.87,0.0,4.77,0.0,2.99,0.0,1.38,2.25,8.44,68.06,30.66,0.03,0.013214285714285715,0.04
2021-08-03,79.1,0.04,59.03,0.03,31.78,0.02,1.37,4.35,19.79,44.44,53.64,0.05,0.0,0.18
2021-08-03,554.7,0.16,527.37,0.16,404.23,0.15,1.12,33.49,169.88,48.51,65.85,0.48,0.0,1.66
2021-08-03,77.18,0.14,96.31,0.11,115.83,0.14,0.88,10.31,87.2,56.48,24.43,2.76,3.777857142857143,2.28
2021-08-03,192.89,0.25,239.51,0.29,304.56,0.29,0.91,40.4,274.5,51.85,9.32,5.81,0.0,5.78
2021-08-03,713.87,0.01,741.98,0.01,641.44,0.02,0.97,42.41,325.89,54.25,58.76,0.54,0.46749999999999997,2.58
2021-08-03,538.71,0.04,677.36,0.04,472.66,0.03,0.96,12.56,88.77,43.98,69.11,0.69,0.17214285714285715,1.2
2021-08-03,31.94,0.05,25.46,0.04,26.14,0.04,1.25,3.3,13.21,42.56,43.77,0.0,0.0,0.07
2021-08-04,11.3,0.01,9.85,0.01,13.42,0.01,1.29,5.28,13.73,64.66,70.2,0.24,0.3553571428571428,0.17
2021-08-04,19.53,0.0,22.75,0.0,18.64,0.0,0.95,1.05,5.24,42.59,53.63,0.05,0.0642857142857143,0.03
2021-08-04,554.7,0.16,527.37,0.16,404.23,0.15,1.1,34.59,169.37,48.5,66.43,0.48,0.0,1.66
2021-08-04,6.87,0.0,4.77,0.0,2.99,0.0,1.37,2.22,8.56,68.06,31.09,0.03,0.014285714285714285,0.04
2021-08-04,538.71,0.03,677.36,0.04,472.66,0.03,0.95,12.64,89.16,43.98,69.17,0.69,0.17821428571428571,1.2
2021-08-04,79.1,0.04,59.03,0.03,31.78,0.02,1.36,4.35,20.48,44.44,53.77,0.05,0.0,0.18
2021-08-04,137.54,0.02,81.95,0.02,50.91,0.01,1.53,3.39,44.77,37.58,61.55,0.19,1.3074999999999999,0.41
2021-08-04,77.18,0.11,96.31,0.15,115.83,0.11,0.88,10.72,85.24,56.48,24.75,2.76,3.659642857142857,2.28
2021-08-04,127.48,0.03,115.15,0.02,81.2,0.02,1.21,8.24,26.68,50.93,69.03,0.15,0.2067857142857143,0.3
2021-08-04,31.94,0.05,25.46,0.04,26.14,0.04,1.27,3.3,13.21,42.53,44.02,0.0,0.0,0.07
2021-08-04,30.46,0.03,20.72,0.02,14.39,0.01,1.38,1.6,51.95,36.11,41.06,0.21,0.0,0.23
2021-08-04,67.91,0.02,34.62,0.02,17.67,0.01,1.35,3.1,31.64,74.02,64.54,0.23,1.1264285714285716,0.29
2021-08-04,142.35,0.01,174.93,0.01,198.98,0.02,0.91,4.63,35.52,37.96,60.44,0.22,0.0025,0.22
2021-08-04,713.87,0.01,741.98,0.01,641.44,0.02,0.95,46.88,319.19,54.2,59.03,0.54,0.525,2.58
2021-08-04,262.43,0.04,103.69,0.04,51.82,0.02,1.42,14.63,106.29,36.85,61.73,0.21,0.595,0.53
2021-08-04,33.04,0.1,23.8,0.06,15.86,0.04,1.84,10.25,85.91,50.46,45.47,0.11,0.6900000000000001,0.08
2021-08-04,150.17,0.09,93.1,0.07,119.84,0.05,1.47,30.67,119.64,46.68,57.78,0.81,0.0,1.22
2021-08-05,6.87,0.0,4.77,0.0,2.99,0.0,1.35,2.37,8.94,68.06,31.47,0.03,0.015357142857142857,0.04
2021-08-05,713.87,0.01,741.98,0.01,641.44,0.02,0.93,45.76,315.85,54.14,59.25,0.54,0.5825000000000001,2.58
2021-08-05,150.17,0.09,93.1,0.07,119.84,0.05,1.48,32.28,124.74,46.68,57.93,0.81,0.0,1.22
2021-08-05,538.71,0.03,677.36,0.04,472.66,0.03,0.94,12.87,87.44,43.98,69.24,0.69,0.1842857142857143,1.2
2021-08-05,31.94,0.06,25.46,0.04,26.14,0.04,1.3,3.77,13.68,42.5,44.28,0.0,0.0,0.07
2021-08-05,192.89,0.25,239.51,0.27,304.56,0.29,0.92,40.37,266.54,51.85,9.89,5.81,0.0,5.78
2021-08-05,30.46,0.03,20.72,0.02,14.39,0.01,1.38,1.89,52.97,36.11,41.12,0.21,0.0,0.23
2021-08-05,11.3,0.01,9.85,0.01,13.42,0.01,1.31,5.12,13.7,64.6,70.31,0.24,0.3385714285714286,0.17
2021-08-05,142.35,0.01,174.93,0.01,198.98,0.02,0.9,7.72,33.97,37.96,60.54,0.22,0.0028571428571428576,0.22
2021-08-05,19.53,0.0,22.75,0.0,18.64,0.0,0.95,1.33,5.91,42.59,53.84,0.05,0.06035714285714285,0.03
2021-08-05,137.54,0.02,81.95,0.02,50.91,0.01,1.52,3.07,47.52,37.57,61.6,0.19,1.2735714285714284,0.41
2021-08-05,127.48,0.03,115.15,0.02,81.2,0.02,1.2,7.98,27.28,50.93,69.25,0.15,0.19785714285714287,0.3
2021-08-05,262.43,0.04,103.69,0.04,51.82,0.02,1.38,14.97,106.7,36.78,62.45,0.21,0.59,0.53
2021-08-05,67.91,0.02,34.62,0.02,17.67,0.01,1.32,3.29,32.59,74.0,64.86,0.23,1.0992857142857144,0.29
2021-08-05,79.1,0.04,59.03,0.03,31.78,0.02,1.35,4.0,19.91,44.44,53.9,0.05,0.0,0.18
2021-08-05,77.18,0.11,96.31,0.12,115.83,0.13,0.88,10.23,82.13,56.48,25.05,2.76,3.5414285714285714,2.28
2021-08-05,554.7,0.16,527.37,0.16,404.23,0.15,1.07,35.7,170.88,48.49,66.97,0.48,0.0,1.66
2021-08-06,538.71,0.03,677.36,0.04,472.66,0.04,0.94,13.17,87.99,43.98,69.29,0.69,0.19035714285714286,1.2
2021-08-06,77.18,0.09,96.31,0.15,115.83,0.13,0.88,10.06,80.17,56.48,25.31,2.76,3.423214285714286,2.28
2021-08-06,127.48,0.03,115.15,0.03,81.2,0.02,1.2,8.24,27.45,47.22,69.47,0.15,0.18892857142857147,0.3
2021-08-06,39.1,0.0,30.57,0.0,14.1,0.0,1.26,4.14,13.2,47.67,60.35,0.22,0.2625,0.2
2021-08-06,67.91,0.02,34.62,0.02,17.67,0.01,1.3,3.4,34.1,56.86,65.18,0.23,1.072142857142857,0.29
2021-08-06,150.17,0.1,93.1,0.07,119.84,0.05,1.49,33.88,131.66,46.67,58.1,0.81,0.0,1.22
2021-08-06,11.3,0.01,9.85,0.01,13.42,0.01,1.33,4.76,13.39,64.55,70.41,0.24,0.3217857142857143,0.17
2021-08-06,31.94,0.06,25.46,0.04,26.14,0.04,1.32,4.25,14.15,42.47,44.48,0.0,0.0,0.07
2021-08-06,262.43,0.04,103.69,0.04,51.82,0.02,1.34,15.81,108.58,36.71,63.13,0.21,0.6046428571428571,0.53
2021-08-06,137.54,0.02,81.95,0.02,50.91,0.01,1.53,3.49,47.31,37.56,61.62,0.19,1.2396428571428573,0.41
2021-08-06,19.53,0.0,22.75,0.0,18.64,0.0,0.95,1.52,5.91,42.59,54.06,0.05,0.05642857142857143,0.03
2021-08-06,317.06,0.04,353.64,0.05,267.58,0.05,0.97,19.38,89.96,63.89,70.23,0.71,0.16749999999999998,1.08
2021-08-06,131.1,0.01,165.66,0.01,89.28,0.01,1.08,1.36,9.52,42.31,69.47,0.07,0.06571428571428571,0.17
2021-08-06,142.35,0.01,174.93,0.01,198.98,0.02,0.9,9.26,37.06,37.96,60.64,0.22,0.0032142857142857147,0.22
2021-08-06,30.46,0.03,20.72,0.02,14.39,0.02,1.4,1.6,56.46,36.11,41.24,0.21,0.0,0.23
2021-08-06,79.1,0.04,59.03,0.04,31.78,0.02,1.35,4.12,19.34,44.44,54.05,0.05,0.0,0.18
2021-08-06,6.87,0.0,4.77,0.0,2.99,0.0,1.34,2.18,9.55,68.06,31.87,0.03,0.016428571428571428,0.04
2021-08-07,127.48,0.03,115.15,0.03,81.2,0.02,1.19,7.98,27.88,47.22,69.61,0.15,0.18,0.3
2021-08-07,137.54,0.02,81.95,0.02,50.91,0.01,1.53,3.7,51.43,37.56,61.64,0.19,1.205714285714286,0.41
2021-08-07,79.1,0.04,59.03,0.04,31.78,0.02,1.36,4.8,20.48,44.44,54.1,0.05,0.0,0.18
2021-08-07,30.46,0.03,20.72,0.02,14.39,0.02,1.41,1.6,60.68,36.11,41.27,0.21,0.0,0.23
2021-08-07,150.17,0.1,93.1,0.08,119.84,0.06,1.47,35.8,137.24,46.67,58.21,0.81,0.0,1.22
2021-08-07,538.71,0.03,677.36,0.04,472.66,0.04,0.94,13.23,87.04,43.98,69.35,0.69,0.19642857142857142,1.2
2021-08-07,6.87,0.0,4.77,0.0,2.99,0.0,1.34,2.25,10.54,68.06,32.12,0.03,0.017499999999999998,0.04
2021-08-07,77.18,0.11,96.31,0.12,115.83,0.13,0.88,10.14,81.72,56.48,25.41,2.76,3.3049999999999997,2.28
2021-08-07,67.91,0.02,34.62,0.02,17.67,0.01,1.27,3.62,34.98,56.84,65.45,0.23,1.045,0.29
2021-08-07,262.43,0.04,103.69,0.04,51.82,0.02,1.31,16.21,109.26,36.67,63.55,0.21,0.6192857142857141,0.53
2021-08-07,31.94,0.07,25.46,0.05,26.14,0.04,1.34,4.25,13.68,42.46,44.54,0.0,0.0,0.07
2021-08-07,11.3,0.01,9.85,0.01,13.42,0.01,1.34,4.55,13.08,64.51,70.48,0.24,0.305,0.17
2021-08-07,19.53,0.0,22.75,0.0,18.64,0.0,0.95,1.62,5.53,42.59,54.15,0.05,0.0525,0.03
2021-08-07,142.35,0.01,174.93,0.01,198.98,0.02,0.9,9.26,37.06,37.96,60.74,0.22,0.0035714285714285713,0.22
2021-08-08,64.7,0.11,77.18,0.12,96.31,0.14,0.88,10.06,80.74,56.48,25.56,2.45,3.224642857142857,1.81
2021-08-08,135.44,0.04,127.43,0.02,107.94,0.02,1.28,1.26,11.73,38.43,66.87,0.31,1.8846428571428573,0.26
2021-08-08,7.5,0.01,4.43,0.0,2.82,0.0,1.44,2.49,24.67,42.62,25.46,0.11,0.0,0.24
2021-08-08,233.18,0.02,137.54,0.02,81.95,0.01,1.53,3.81,58.95,37.56,61.67,0.22,1.1717857142857144,1.18
2021-08-08,131.84,0.06,68.25,0.03,39.68,0.02,1.39,0.75,34.69,21.95,48.28,0.0,0.4660714285714286,0.42
2021-08-08,318.23,0.04,262.43,0.04,103.69,0.03,1.28,16.77,111.79,36.66,63.72,0.26,0.6339285714285714,0.63
2021-08-08,29.82,0.01,14.63,0.01,10.13,0.01,1.67,11.35,111.32,23.15,15.17,0.5,0.84,0.82
2021-08-08,42.62,0.07,31.94,0.05,25.46,0.04,1.35,3.77,13.68,42.46,44.55,0.07,0.0,0.07
2021-08-08,89.51,0.03,67.91,0.02,34.62,0.01,1.23,3.9,36.99,52.34,65.65,0.19,1.0142857142857145,0.35
2021-08-08,16.76,0.0,19.53,0.0,22.75,0.0,0.95,1.52,4.96,45.56,54.21,0.05,0.05107142857142858,0.08
2021-08-08,134.8,0.03,127.48,0.03,115.15,0.02,1.19,8.15,29.43,47.22,69.63,0.14,0.18107142857142858,0.3
2021-08-08,9.09,0.0,6.87,0.0,4.77,0.0,1.33,2.25,11.08,68.06,32.26,0.03,0.01892857142857143,0.09
2021-08-08,470.9,0.15,554.7,0.16,527.37,0.16,1.02,39.03,183.1,48.48,67.64,1.19,0.0,2.12
2021-08-08,228.84,0.1,150.17,0.08,93.1,0.06,1.44,37.54,143.48,46.67,58.28,0.87,0.0,1.86
2021-08-08,393.96,0.03,538.71,0.04,677.36,0.04,0.94,12.99,87.29,43.98,69.38,1.08,0.20249999999999999,1.36
2021-08-08,17.56,0.01,11.3,0.01,9.85,0.01,1.36,4.55,13.26,64.48,70.53,0.18,0.29285714285714287,0.24
2021-08-08,9.29,0.0,6.47,0.0,4.75,0.0,1.19,5.14,15.95,45.25,40.7,0.26,0.0,0.03
2021-08-08,47.16,0.04,36.3,0.03,25.57,0.02,1.44,1.9,10.62,34.83,59.83,0.04,0.0,0.07
2021-08-08,84.44,0.04,79.1,0.04,59.03,0.02,1.36,4.69,20.48,44.44,54.1,0.06,0.0,0.05
2021-08-09,181.72,0.23,192.89,0.26,239.51,0.29,0.93,38.1,262.3,51.85,10.22,6.44,0.0,5.98
2021-08-09,134.8,0.03,127.48,0.03,115.15,0.02,1.19,8.32,31.32,47.22,69.8,0.14,0.18214285714285713,0.3
2021-08-09,111.3,0.01,142.35,0.01,174.93,0.01,0.89,10.81,38.6,37.96,60.83,0.66,0.004285714285714286,0.22
2021-08-09,233.18,0.03,137.54,0.02,81.95,0.02,1.53,4.66,61.49,37.56,61.7,0.22,1.137857142857143,1.18
2021-08-09,228.84,0.1,150.17,0.08,93.1,0.06,1.41,39.85,153.06,46.67,58.43,0.87,0.0,1.86
2021-08-09,89.51,0.03,67.91,0.02,34.62,0.01,1.21,4.22,39.28,52.28,65.91,0.19,0.9835714285714285,0.35
2021-08-09,84.44,0.04,79.1,0.04,59.03,0.02,1.37,5.03,22.54,44.44,54.19,0.06,0.0,0.05
2021-08-09,17.56,0.01,11.3,0.01,9.85,0.01,1.38,4.66,13.47,64.46,70.56,0.18,0.2807142857142857,0.24
2021-08-09,554.74,0.01,713.87,0.01,741.98,0.01,0.87,47.99,320.31,53.97,59.69,1.61,0.8817857142857143,1.93
2021-08-09,9.09,0.0,6.87,0.0,4.77,0.0,1.33,2.22,12.15,68.06,32.61,0.03,0.020357142857142855,0.09
2021-08-09,318.23,0.04,262.43,0.04,103.69,0.03,1.25,18.17,115.61,36.6,64.22,0.26,0.6485714285714286,0.63
2021-08-09,42.62,0.07,31.94,0.05,25.46,0.04,1.35,4.25,14.62,42.45,44.67,0.07,0.0,0.07
2021-08-09,470.9,0.15,554.7,0.16,527.37,0.16,1.0,39.26,177.68,48.47,68.03,1.19,0.0,2.12
2021-08-09,16.76,0.0,19.53,0.0,22.75,0.0,0.96,1.43,5.81,45.54,54.39,0.05,0.04964285714285715,0.08
2021-08-09,393.96,0.03,538.71,0.04,677.36,0.04,0.95,13.26,90.57,43.98,69.42,1.08,0.19642857142857142,1.36
2021-08-09,64.7,0.12,77.18,0.1,96.31,0.13,0.88,9.65,76.9,56.48,25.86,2.45,3.144285714285714,1.81
2021-08-10,84.44,0.05,79.1,0.04,59.03,0.03,1.38,5.49,25.4,44.44,54.3,0.06,0.0,0.05
2021-08-10,111.3,0.01,142.35,0.01,174.93,0.01,0.9,7.72,40.15,37.96,60.91,0.66,0.004642857142857143,0.22
2021-08-10,17.56,0.02,11.3,0.01,9.85,0.01,1.43,4.76,13.84,60.7,70.66,0.18,0.26857142857142857,0.24
2021-08-10,64.7,0.11,77.18,0.14,96.31,0.11,0.88,10.31,73.05,56.48,26.1,2.45,3.0639285714285713,1.81
2021-08-10,181.72,0.23,192.89,0.25,239.51,0.29,0.94,38.15,263.6,51.85,10.69,6.44,0.0,5.98
2021-08-10,470.9,0.14,554.7,0.16,527.37,0.16,0.98,40.03,175.66,48.46,68.65,1.19,0.0,2.12
2021-08-10,9.09,0.0,6.87,0.0,4.77,0.0,1.34,2.18,13.98,68.06,33.02,0.03,0.021785714285714287,0.09
2021-08-10,134.8,0.03,127.48,0.03,115.15,0.02,1.18,8.06,31.66,47.22,70.0,0.14,0.18321428571428575,0.3
2021-08-10,393.96,0.03,538.71,0.04,677.36,0.04,0.95,13.14,87.42,43.98,69.46,1.08,0.19035714285714286,1.36
2021-08-10,16.76,0.0,19.53,0.0,22.75,0.0,0.96,1.62,5.43,45.52,54.56,0.05,0.048214285714285716,0.08
2021-08-10,89.51,0.03,67.91,0.02,34.62,0.01,1.19,4.37,41.57,52.22,66.18,0.19,0.9528571428571428,0.35
2021-08-10,42.62,0.08,31.94,0.05,25.46,0.04,1.36,4.25,14.15,42.43,44.85,0.07,0.0,0.07
2021-08-10,233.18,0.03,137.54,0.02,81.95,0.02,1.51,5.72,66.25,37.56,61.74,0.22,1.1039285714285714,1.18
2021-08-10,318.23,0.04,262.43,0.04,103.69,0.04,1.23,19.63,117.59,36.54,64.81,0.26,0.6632142857142856,0.63
2021-08-10,554.74,0.01,713.87,0.01,741.98,0.01,0.86,54.69,322.54,53.9,60.04,1.61,0.9739285714285716,1.93
2021-08-10,42.18,0.04,30.46,0.03,20.72,0.02,1.46,1.31,71.02,36.11,41.34,0.48,0.0,0.44
2021-08-10,228.84,0.1,150.17,0.09,93.1,0.06,1.4,41.54,161.02,46.66,58.59,0.87,0.0,1.86
2021-08-11,470.9,0.14,554.7,0.16,527.37,0.16,0.96,40.35,169.5,48.45,69.16,1.19,0.0,2.12
2021-08-11,111.3,0.01,142.35,0.01,174.93,0.01,0.91,7.72,30.88,37.96,60.98,0.66,0.004999999999999999,0.22
2021-08-11,84.44,0.05,79.1,0.04,59.03,0.03,1.4,5.95,25.4,44.44,54.42,0.06,0.0,0.05
2021-08-11,74.79,0.13,33.04,0.1,23.8,0.06,1.47,12.95,121.22,50.46,48.86,0.09,0.6899999999999998,0.1
2021-08-11,42.18,0.04,30.46,0.03,20.72,0.02,1.48,1.02,75.82,36.11,41.39,0.48,0.0,0.44
2021-08-11,42.62,0.08,31.94,0.05,25.46,0.04,1.35,3.77,14.15,42.4,45.04,0.07,0.0,0.07
2021-08-11,318.23,0.04,262.43,0.04,103.69,0.04,1.21,20.22,119.95,36.5,65.38,0.26,0.6778571428571428,0.63
2021-08-11,393.96,0.03,538.71,0.03,677.36,0.04,0.96,13.05,84.39,43.98,69.51,1.08,0.1842857142857143,1.36
2021-08-11,64.7,0.11,77.18,0.11,96.31,0.15,0.88,10.39,74.44,56.48,26.33,2.45,2.983571428571428,1.81
2021-08-11,554.74,0.01,713.87,0.01,741.98,0.01,0.85,54.69,304.68,53.86,60.45,1.61,1.0660714285714286,1.93
2021-08-11,9.09,0.0,6.87,0.0,4.77,0.0,1.34,2.14,14.29,68.06,33.43,0.03,0.023214285714285715,0.09
2021-08-11,233.18,0.03,137.54,0.02,81.95,0.02,1.5,6.14,66.78,37.55,61.78,0.22,1.07,1.18
2021-08-11,16.76,0.0,19.53,0.0,22.75,0.0,0.97,1.72,5.62,45.5,54.71,0.05,0.0467857142857143,0.08
2021-08-11,134.8,0.03,127.48,0.03,115.15,0.02,1.18,7.89,31.49,47.22,70.28,0.14,0.1842857142857143,0.3
2021-08-11,228.84,0.1,150.17,0.09,93.1,0.07,1.39,43.25,168.33,46.66,58.76,0.87,0.0,1.86
2021-08-11,89.51,0.03,67.91,0.02,34.62,0.02,1.18,4.4,43.52,52.16,66.49,0.19,0.9221428571428572,0.35
2021-08-11,17.56,0.02,11.3,0.01,9.85,0.01,1.44,4.99,14.22,60.66,70.74,0.18,0.2564285714285714,0.24
2021-08-12,554.74,0.01,713.87,0.01,741.98,0.01,0.85,55.8,327.01,53.79,60.76,1.61,1.1582142857142856,1.93
2021-08-12,89.51,0.03,67.91,0.02,34.62,0.02,1.16,4.54,45.34,52.11,66.8,0.19,0.8914285714285715,0.35
2021-08-12,318.23,0.04,262.43,0.04,103.69,0.04,1.19,20.94,121.07,36.44,65.92,0.26,0.6925,0.63
2021-08-12,17.56,0.02,11.3,0.01,9.85,0.01,1.45,4.89,15.16,60.63,70.83,0.18,0.24428571428571427,0.24
2021-08-12,42.62,0.08,31.94,0.06,25.46,0.04,1.34,3.77,13.21,42.37,45.27,0.07,0.0,0.07
2021-08-12,134.8,0.04,127.48,0.03,115.15,0.02,1.17,8.06,31.49,47.22,70.5,0.14,0.18535714285714286,0.3
2021-08-12,42.18,0.04,30.46,0.03,20.72,0.02,1.5,1.46,83.53,36.11,41.44,0.48,0.0,0.44
2021-08-12,470.9,0.14,554.7,0.16,527.37,0.16,0.94,40.54,170.04,48.44,69.69,1.19,0.0,2.12
2021-08-12,84.44,0.05,79.1,0.04,59.03,0.03,1.42,6.29,26.77,44.44,54.54,0.06,0.0,0.05
2021-08-12,9.09,0.0,6.87,0.0,4.77,0.0,1.35,2.1,14.98,68.06,33.89,0.03,0.02464285714285714,0.09
2021-08-12,111.3,0.01,142.35,0.01,174.93,0.01,0.91,7.72,33.97,37.96,61.06,0.66,0.004642857142857143,0.22
2021-08-12,393.96,0.03,538.71,0.03,677.36,0.04,0.97,12.9,83.59,43.98,69.56,1.08,0.17821428571428571,1.36
2021-08-12,64.7,0.1,77.18,0.11,96.31,0.12,0.88,10.55,73.05,56.48,26.56,2.45,2.9032142857142853,1.81
2021-08-12,233.18,0.03,137.54,0.02,81.95,0.02,1.51,6.56,72.49,37.55,61.83,0.22,1.0467857142857144,1.18
2021-08-12,228.84,0.1,150.17,0.09,93.1,0.07,1.39,44.91,176.14,46.65,58.93,0.87,0.0,1.86
2021-08-12,181.72,0.22,192.89,0.25,239.51,0.27,0.95,37.17,255.45,51.85,10.93,6.44,0.0,5.98
2021-08-12,16.76,0.0,19.53,0.0,22.75,0.0,0.98,1.62,5.72,45.48,54.86,0.05,0.04535714285714286,0.08
2021-08-13,9.09,0.0,6.87,0.0,4.77,0.0,1.34,2.33,16.54,68.06,34.34,0.03,0.026071428571428572,0.09
2021-08-13,228.84,0.1,150.17,0.1,93.1,0.07,1.38,46.5,183.64,46.65,59.12,0.87,0.0,1.86
2021-08-13,89.51,0.03,67.91,0.02,34.62,0.02,1.15,4.69,46.17,54.48,67.13,0.19,0.8607142857142858,0.35
2021-08-13,233.18,0.03,137.54,0.02,81.95,0.02,1.5,6.88,77.04,37.55,61.85,0.22,1.0235714285714288,1.18
2021-08-13,111.3,0.01,142.35,0.01,174.93,0.01,0.92,9.26,32.43,37.96,61.15,0.66,0.004285714285714286,0.22
2021-08-13,42.18,0.05,30.46,0.03,20.72,0.02,1.52,1.75,88.63,36.11,41.48,0.48,0.0,0.44
2021-08-13,49.39,0.0,39.1,0.0,30.57,0.0,1.22,3.8,16.33,47.25,60.99,0.2,0.22285714285714286,0.36
2021-08-13,16.76,0.0,19.53,0.0,22.75,0.0,0.98,1.43,5.72,45.46,55.02,0.05,0.04392857142857143,0.08
2021-08-13,256.74,0.04,317.06,0.04,353.64,0.05,0.95,18.89,84.32,56.89,72.67,1.18,0.09142857142857143,1.41
2021-08-13,143.54,0.01,131.1,0.01,165.66,0.01,1.06,2.04,11.73,39.11,70.73,0.0,0.07142857142857142,0.07
2021-08-13,84.44,0.06,79.1,0.04,59.03,0.04,1.45,6.41,29.18,44.44,54.67,0.06,0.0,0.05
2021-08-13,17.56,0.02,11.3,0.01,9.85,0.01,1.45,4.97,14.36,62.84,70.91,0.18,0.23214285714285715,0.24
2021-08-13,42.62,0.08,31.94,0.06,25.46,0.04,1.34,3.3,13.68,42.34,45.42,0.07,0.0,0.07
2021-08-13,134.8,0.04,127.48,0.03,115.15,0.03,1.17,8.41,32.86,47.22,70.73,0.14,0.18642857142857142,0.3
2021-08-13,64.7,0.11,77.18,0.09,96.31,0.15,0.88,9.41,71.5,56.48,26.58,2.45,2.822857142857143,1.81
2021-08-13,318.23,0.04,262.43,0.04,103.69,0.04,1.17,21.5,123.4,36.38,66.45,0.26,0.7178571428571427,0.63
2021-08-13,393.96,0.03,538.71,0.03,677.36,0.04,0.97,12.89,83.14,43.98,69.62,1.08,0.17214285714285715,1.36
2021-08-14,393.96,0.03,538.71,0.03,677.36,0.04,0.98,12.65,82.2,43.98,69.67,1.08,0.1660714285714286,1.36
2021-08-14,16.76,0.0,19.53,0.0,22.75,0.0,0.99,1.24,5.62,45.45,55.08,0.05,0.042499999999999996,0.08
2021-08-14,42.18,0.05,30.46,0.03,20.72,0.02,1.53,2.04,94.3,36.11,41.53,0.48,0.0,0.44
2021-08-14,89.51,0.03,67.91,0.02,34.62,0.02,1.14,4.88,47.78,54.43,67.4,0.19,0.83,0.35
2021-08-14,134.8,0.04,127.48,0.03,115.15,0.03,1.17,8.75,34.06,47.22,70.92,0.14,0.1875,0.3
2021-08-14,84.44,0.06,79.1,0.04,59.03,0.04,1.47,6.75,28.95,44.44,54.72,0.06,0.0,0.05
2021-08-14,554.74,0.01,713.87,0.01,741.98,0.01,0.84,58.04,318.08,53.72,61.1,1.61,1.3425,1.93
2021-08-14,9.09,0.0,6.87,0.0,4.77,0.0,1.34,2.37,16.54,68.06,34.62,0.03,0.0275,0.09
2021-08-14,318.23,0.04,262.43,0.04,103.69,0.04,1.15,22.27,124.24,36.34,66.76,0.26,0.7432142857142857,0.63
2021-08-14,228.84,0.1,150.17,0.1,93.1,0.08,1.35,47.78,187.84,46.64,59.23,0.87,0.0,1.86
2021-08-14,64.7,0.09,77.18,0.11,96.31,0.12,0.89,9.49,70.03,56.48,26.64,2.45,2.7425,1.81
2021-08-14,233.18,0.03,137.54,0.02,81.95,0.02,1.5,6.98,81.6,37.55,61.86,0.22,1.000357142857143,1.18
2021-08-14,42.62,0.08,31.94,0.07,25.46,0.05,1.35,3.77,15.1,42.33,45.45,0.07,0.0,0.07
2021-08-14,17.56,0.02,11.3,0.01,9.85,0.01,1.45,4.94,14.59,62.82,70.97,0.18,0.22,0.24
2021-08-14,111.3,0.01,142.35,0.01,174.93,0.01,0.93,9.26,32.43,37.96,61.25,0.66,0.003928571428571429,0.22
2021-08-15,62.78,0.05,47.16,0.04,36.3,0.03,1.43,2.75,12.8,34.67,60.86,0.05,0.0,0.11
2021-08-15,150.76,0.04,134.8,0.03,127.48,0.03,1.16,9.09,36.55,47.22,70.93,0.3,0.19250000000000003,0.28
2021-08-15,116.14,0.07,84.44,0.04,79.1,0.04,1.5,6.75,28.95,44.44,54.72,0.18,0.0,0.23
2021-08-15,52.63,0.09,64.7,0.11,77.18,0.12,0.9,9.41,70.19,56.48,26.72,2.28,2.682857142857143,2.28
2021-08-15,8.77,0.0,9.29,0.0,6.47,0.0,1.18,4.78,16.83,45.19,41.21,0.16,0.0,0.08
2021-08-15,369.02,0.04,233.18,0.02,137.54,0.02,1.5,7.73,91.23,48.64,61.91,0.41,0.9771428571428572,1.95
2021-08-15,26.56,0.03,17.56,0.01,11.3,0.01,1.45,4.89,14.51,62.81,71.02,0.17,0.2182142857142857,0.16
2021-08-15,59.0,0.02,29.82,0.01,14.63,0.01,1.65,12.68,134.77,23.15,15.58,0.42,0.6625,1.82
2021-08-15,174.13,0.22,181.72,0.23,192.89,0.26,0.95,37.78,253.62,51.85,11.46,5.78,0.0,5.14
2021-08-15,97.42,0.03,89.51,0.03,67.91,0.02,1.14,5.07,49.63,54.39,67.59,0.29,0.8264285714285714,0.49
2021-08-15,155.76,0.05,131.84,0.06,68.25,0.03,1.3,2.26,47.51,21.91,50.25,0.11,0.58,0.21
2021-08-15,115.2,0.04,135.44,0.04,127.43,0.02,1.15,3.25,18.05,38.43,68.05,0.26,2.1785714285714284,0.28
2021-08-15,327.01,0.04,318.23,0.04,262.43,0.04,1.14,22.94,128.07,36.32,66.87,0.53,0.7685714285714286,0.78
2021-08-15,57.34,0.09,42.62,0.07,31.94,0.05,1.37,3.3,14.62,42.33,45.47,0.07,0.0,0.0
2021-08-15,356.17,0.14,470.9,0.15,554.7,0.16,0.9,42.7,175.95,48.43,70.28,1.66,0.0,2.4
2021-08-15,406.28,0.03,393.96,0.03,538.71,0.04,0.98,12.68,84.28,43.98,69.71,1.2,0.16,1.36
2021-08-15,11.34,0.01,7.5,0.01,4.43,0.0,1.39,3.66,34.34,42.58,25.79,0.1,0.0,0.22
2021-08-15,69.98,0.05,42.18,0.03,30.46,0.02,1.54,1.75,97.07,36.11,41.56,0.23,0.0,0.59
2021-08-15,106.05,0.01,111.3,0.01,142.35,0.01,0.94,10.81,32.43,37.96,61.26,0.22,0.0035714285714285718,0.22
2021-08-15,310.81,0.1,228.84,0.1,150.17,0.08,1.32,49.61,196.19,46.64,59.31,1.22,0.0,2.36
2021-08-15,16.28,0.0,16.76,0.0,19.53,0.0,1.01,1.52,5.53,45.44,55.12,0.03,0.04392857142857143,0.03
2021-08-15,12.61,0.0,9.09,0.0,6.87,0.0,1.35,2.67,16.35,68.06,34.8,0.04,0.030357142857142857,0.15
2021-08-16,116.14,0.08,84.44,0.04,79.1,0.04,1.53,8.24,32.84,44.44,54.83,0.18,0.0,0.23
2021-08-16,369.02,0.04,233.18,0.03,137.54,0.02,1.49,9.42,95.14,48.63,61.97,0.41,0.9539285714285715,1.95
2021-08-16,406.28,0.03,393.96,0.03,538.71,0.04,0.99,12.72,86.52,43.98,69.76,1.2,0.1660714285714286,1.36
2021-08-16,12.61,0.0,9.09,0.0,6.87,0.0,1.36,2.37,16.54,68.06,35.21,0.04,0.03321428571428571,0.15
2021-08-16,356.17,0.14,470.9,0.15,554.7,0.16,0.88,41.8,168.32,48.42,70.6,1.66,0.0,2.4
2021-08-16,26.56,0.03,17.56,0.01,11.3,0.01,1.45,4.97,15.26,61.08,71.1,0.17,0.21642857142857141,0.16
2021-08-16,327.01,0.04,318.23,0.04,262.43,0.04,1.13,24.58,133.04,47.25,67.25,0.53,0.7939285714285714,0.78
2021-08-16,150.76,0.04,134.8,0.03,127.48,0.03,1.16,10.3,39.64,47.22,71.09,0.3,0.1975,0.28
2021-08-16,69.98,0.06,42.18,0.04,30.46,0.03,1.55,2.18,102.31,36.11,41.62,0.23,0.0,0.59
2021-08-16,106.05,0.01,111.3,0.01,142.35,0.01,0.94,9.26,32.43,37.96,61.33,0.22,0.0032142857142857147,0.22
2021-08-16,310.81,0.1,228.84,0.1,150.17,0.08,1.3,52.34,206.44,46.64,59.46,1.22,0.0,2.36
2021-08-16,391.32,0.01,554.74,0.01,713.87,0.01,0.83,58.04,310.26,53.65,61.4,2.58,1.434642857142857,2.47
2021-08-16,16.28,0.0,16.76,0.0,19.53,0.0,1.01,1.72,6.48,45.41,55.24,0.03,0.04535714285714287,0.03
2021-08-16,52.63,0.1,64.7,0.12,77.18,0.1,0.91,9.33,70.6,56.48,26.97,2.28,2.6232142857142855,2.28
2021-08-16,97.42,0.03,89.51,0.03,67.91,0.02,1.13,5.47,52.66,54.32,67.91,0.29,0.8228571428571428,0.49
2021-08-16,57.34,0.09,42.62,0.07,31.94,0.05,1.39,3.3,15.1,42.32,45.57,0.07,0.0,0.0
2021-08-17,369.02,0.04,233.18,0.03,137.54,0.02,1.48,9.0,99.27,48.63,62.03,0.41,0.9307142857142858,1.95
2021-08-17,356.17,0.13,470.9,0.14,554.7,0.16,0.87,40.94,163.59,48.41,71.22,1.66,0.0,2.4
2021-08-17,174.13,0.22,181.72,0.23,192.89,0.25,0.96,36.75,251.63,51.85,11.68,5.78,0.0,5.14
2021-08-17,97.42,0.03,89.51,0.03,67.91,0.02,1.12,5.45,54.24,54.27,68.23,0.29,0.8192857142857143,0.49
2021-08-17,310.81,0.1,228.84,0.1,150.17,0.09,1.28,53.99,214.38,49.41,59.63,1.22,0.0,2.36
2021-08-17,327.01,0.04,318.23,0.04,262.43,0.04,1.12,25.25,134.97,47.07,67.71,0.53,0.8192857142857143,0.78
2021-08-17,116.14,0.08,84.44,0.05,79.1,0.04,1.54,8.7,36.04,44.44,54.94,0.18,0.0,0.23
2021-08-17,150.76,0.04,134.8,0.03,127.48,0.03,1.16,10.3,39.89,47.22,71.23,0.3,0.20249999999999999,0.28
2021-08-17,406.28,0.04,393.96,0.03,538.71,0.04,1.0,12.95,86.45,43.98,69.81,1.2,0.17214285714285713,1.36
2021-08-17,106.05,0.01,111.3,0.01,142.35,0.01,0.94,9.26,26.25,37.96,61.39,0.22,0.002857142857142857,0.22
2021-08-17,391.32,0.01,554.74,0.01,713.87,0.01,0.83,58.04,293.52,53.59,61.53,2.58,1.4807142857142856,2.47
2021-08-17,57.34,0.1,42.62,0.08,31.94,0.05,1.42,3.3,16.98,42.3,45.7,0.07,0.0,0.0
2021-08-17,69.98,0.06,42.18,0.04,30.46,0.03,1.56,2.47,106.67,36.11,41.67,0.23,0.0,0.59
2021-08-17,16.28,0.0,16.76,0.0,19.53,0.0,1.01,1.72,6.0,45.39,55.35,0.03,0.046785714285714285,0.03
2021-08-17,12.61,0.0,9.09,0.0,6.87,0.0,1.37,2.44,16.85,68.06,35.73,0.04,0.036071428571428574,0.15
2021-08-17,26.56,0.02,17.56,0.02,11.3,0.01,1.43,5.04,15.97,61.06,71.17,0.17,0.21464285714285714,0.16
2021-08-17,52.63,0.08,64.7,0.11,77.18,0.14,0.91,9.33,69.94,56.48,27.18,2.28,2.563571428571428,2.28
2021-08-18,109.04,0.16,74.79,0.13,33.04,0.1,1.21,17.18,150.91,50.46,51.77,0.08,0.6899999999999998,0.15
2021-08-18,12.61,0.0,9.09,0.0,6.87,0.0,1.37,2.48,16.35,68.06,36.23,0.04,0.038928571428571423,0.15
2021-08-18,57.34,0.1,42.62,0.08,31.94,0.05,1.44,3.3,16.98,42.28,45.86,0.07,0.0,0.0
2021-08-18,26.56,0.03,17.56,0.02,11.3,0.01,1.43,5.44,16.49,61.03,71.24,0.17,0.21285714285714286,0.16
2021-08-18,16.28,0.0,16.76,0.0,19.53,0.0,1.02,1.91,6.19,45.37,55.46,0.03,0.048214285714285716,0.03
2021-08-18,106.05,0.01,111.3,0.01,142.35,0.01,0.95,9.26,29.34,37.96,61.47,0.22,0.0025,0.22
2021-08-18,406.28,0.04,393.96,0.03,538.71,0.03,1.0,12.9,86.17,43.98,69.87,1.2,0.1782142857142857,1.36
2021-08-18,52.63,0.1,64.7,0.11,77.18,0.11,0.92,9.16,72.72,56.48,27.37,2.28,2.5039285714285713,2.28
2021-08-18,369.02,0.04,233.18,0.03,137.54,0.02,1.47,9.21,104.88,48.62,62.09,0.41,0.9075000000000001,1.95
2021-08-18,327.01,0.04,318.23,0.04,262.43,0.04,1.1,25.73,136.15,46.91,68.12,0.53,0.8446428571428571,0.78
2021-08-18,310.81,0.1,228.84,0.1,150.17,0.09,1.26,56.2,221.18,49.4,59.78,1.22,0.0,2.36
2021-08-18,391.32,0.01,554.74,0.01,713.87,0.01,0.82,61.38,294.64,53.53,61.63,2.58,1.5267857142857142,2.47
2021-08-18,97.42,0.03,89.51,0.03,67.91,0.02,1.1,5.71,55.64,54.22,68.53,0.29,0.8157142857142857,0.49
2021-08-18,150.76,0.04,134.8,0.03,127.48,0.03,1.16,10.64,38.95,47.22,71.38,0.3,0.2075,0.28
2021-08-18,116.14,0.09,84.44,0.05,79.1,0.04,1.55,9.04,38.56,44.44,55.07,0.18,0.0,0.23
2021-08-18,69.98,0.07,42.18,0.04,30.46,0.03,1.56,2.91,115.99,36.11,41.71,0.23,0.0,0.59
2021-08-18,356.17,0.13,470.9,0.14,554.7,0.16,0.86,40.39,158.9,48.4,71.9,1.66,0.0,2.4
2021-08-19,116.14,0.1,84.44,0.05,79.1,0.04,1.55,9.5,40.39,44.44,55.21,0.18,0.0,0.23
2021-08-19,391.32,0.01,554.74,0.01,713.87,0.01,0.82,61.38,308.03,53.49,61.82,2.58,1.5728571428571427,2.47
2021-08-19,12.61,0.0,9.09,0.0,6.87,0.0,1.39,2.56,16.89,71.76,36.74,0.04,0.04178571428571428,0.15
2021-08-19,150.76,0.04,134.8,0.04,127.48,0.03,1.15,11.32,40.75,47.22,71.52,0.3,0.21249999999999997,0.28
2021-08-19,57.34,0.11,42.62,0.08,31.94,0.06,1.44,3.3,18.87,42.24,46.04,0.07,0.0,0.0
2021-08-19,69.98,0.07,42.18,0.04,30.46,0.03,1.56,3.35,119.77,36.11,41.76,0.23,0.0,0.59
2021-08-19,97.42,0.03,89.51,0.03,67.91,0.02,1.08,5.96,56.35,54.17,68.85,0.29,0.812142857142857,0.49
2021-08-19,26.56,0.03,17.56,0.02,11.3,0.01,1.42,5.36,17.19,61.01,71.33,0.17,0.21107142857142855,0.16
2021-08-19,52.63,0.08,64.7,0.1,77.18,0.11,0.92,9.74,69.04,56.48,27.6,2.28,2.4442857142857144,2.28
2021-08-19,106.05,0.01,111.3,0.01,142.35,0.01,0.96,9.26,32.43,37.96,61.54,0.22,0.002857142857142857,0.22
2021-08-19,356.17,0.13,470.9,0.14,554.7,0.16,0.85,40.41,154.97,47.69,72.45,1.66,0.0,2.4
2021-08-19,310.81,0.11,228.84,0.1,150.17,0.09,1.24,57.75,227.52,49.4,59.93,1.22,0.0,2.36
2021-08-19,369.02,0.04,233.18,0.03,137.54,0.02,1.45,9.63,109.32,48.62,62.16,0.41,0.9117857142857143,1.95
2021-08-19,174.13,0.21,181.72,0.22,192.89,0.25,0.97,36.86,244.93,51.85,12.1,5.78,0.0,5.14
2021-08-19,16.28,0.0,16.76,0.0,19.53,0.0,1.02,1.91,6.19,45.35,55.57,0.03,0.04964285714285715,0.03
2021-08-19,327.01,0.03,318.23,0.04,262.43,0.04,1.09,26.65,139.57,46.74,68.52,0.53,0.87,0.78
2021-08-19,406.28,0.04,393.96,0.03,538.71,0.03,1.01,13.06,85.6,43.98,69.94,1.2,0.1842857142857143,1.36
2021-08-20,327.01,0.03,318.23,0.04,262.43,0.04,1.07,27.0,140.77,46.56,68.89,0.53,0.9046428571428571,0.78
2021-08-20,137.72,0.14,178.32,0.13,309.17,0.13,0.88,9.79,20.44,41.67,65.95,0.29,0.0,0.35
2021-08-20,310.81,0.1,228.84,0.1,150.17,0.1,1.21,59.35,232.29,52.03,60.11,1.22,0.0,2.36
2021-08-20,150.76,0.04,134.8,0.04,127.48,0.03,1.15,11.67,42.55,47.22,71.65,0.3,0.2175,0.28
2021-08-20,54.1,0.0,49.39,0.0,39.1,0.0,1.35,5.48,23.16,52.98,61.43,0.2,0.24107142857142858,0.2
2021-08-20,57.34,0.12,42.62,0.08,31.94,0.06,1.43,2.83,19.81,42.21,46.2,0.07,0.0,0.0
2021-08-20,12.61,0.0,9.09,0.0,6.87,0.0,1.41,2.6,16.31,71.76,37.29,0.04,0.044642857142857144,0.15
2021-08-20,391.32,0.01,554.74,0.01,713.87,0.01,0.81,58.04,289.06,53.42,62.12,2.58,1.6189285714285713,2.47
2021-08-20,220.27,0.04,256.74,0.04,317.06,0.04,0.95,15.77,71.27,56.51,77.17,1.08,0.15571428571428572,1.22
2021-08-20,69.98,0.08,42.18,0.05,30.46,0.03,1.56,3.64,120.93,36.11,41.81,0.23,0.0,0.59
2021-08-20,16.28,0.0,16.76,0.0,19.53,0.0,1.03,1.72,5.34,45.33,55.67,0.03,0.051071428571428566,0.03
2021-08-20,406.28,0.04,393.96,0.03,538.71,0.03,1.01,13.21,86.09,43.98,70.0,1.2,0.19035714285714286,1.36
2021-08-20,26.56,0.03,17.56,0.02,11.3,0.01,1.41,5.56,17.6,60.98,71.42,0.17,0.20928571428571427,0.16
2021-08-20,116.14,0.1,84.44,0.06,79.1,0.04,1.54,10.41,43.25,44.44,55.36,0.18,0.0,0.23
2021-08-20,106.05,0.01,111.3,0.01,142.35,0.01,0.98,9.26,30.88,37.96,61.6,0.22,0.0032142857142857142,0.22
2021-08-20,369.02,0.05,233.18,0.03,137.54,0.02,1.42,10.37,112.82,48.62,62.21,0.41,0.9160714285714286,1.95
2021-08-20,52.63,0.11,64.7,0.11,77.18,0.09,0.93,10.47,70.19,56.48,27.87,2.28,2.384642857142857,2.28
2021-08-20,149.03,0.02,143.54,0.01,131.1,0.01,1.04,2.38,17.17,38.59,71.53,0.17,0.0767857142857143,0.17
2021-08-20,97.42,0.03,89.51,0.03,67.91,0.02,1.07,6.25,57.62,54.13,69.12,0.29,0.8085714285714286,0.49
2021-08-21,12.61,0.0,9.09,0.0,6.87,0.0,1.42,2.52,16.2,71.76,37.62,0.04,0.047499999999999994,0.15
2021-08-21,106.05,0.01,111.3,0.01,142.35,0.01,1.0,9.26,30.88,37.96,61.67,0.22,0.0035714285714285718,0.22
2021-08-21,406.28,0.04,393.96,0.03,538.71,0.03,1.02,13.21,84.57,43.98,70.07,1.2,0.19642857142857142,1.36
2021-08-21,116.14,0.11,84.44,0.06,79.1,0.04,1.53,10.76,45.31,44.44,55.43,0.18,0.0,0.23
2021-08-21,150.76,0.04,134.8,0.04,127.48,0.03,1.15,12.18,42.47,47.22,71.71,0.3,0.2225,0.28
2021-08-21,57.34,0.12,42.62,0.08,31.94,0.07,1.43,3.3,19.81,42.21,46.22,0.07,0.0,0.0
2021-08-21,26.56,0.03,17.56,0.02,11.3,0.01,1.4,5.75,17.48,60.96,71.48,0.17,0.2075,0.16
2021-08-21,52.63,0.09,64.7,0.09,77.18,0.11,0.93,10.31,68.72,56.48,27.97,2.28,2.3249999999999997,2.28
2021-08-21,16.28,0.0,16.76,0.0,19.53,0.0,1.03,1.81,5.62,45.32,55.71,0.03,0.0525,0.03
2021-08-21,369.02,0.05,233.18,0.03,137.54,0.02,1.41,11.64,117.37,48.62,62.23,0.41,0.920357142857143,1.95
2021-08-21,327.01,0.03,318.23,0.04,262.43,0.04,1.05,27.09,142.27,46.44,69.11,0.53,0.9392857142857143,0.78
2021-08-21,97.42,0.03,89.51,0.03,67.91,0.02,1.06,6.3,58.83,54.12,69.23,0.29,0.8049999999999999,0.49
2021-08-21,310.81,0.1,228.84,0.1,150.17,0.1,1.21,60.31,235.37,52.02,60.22,1.22,0.0,2.36
2021-08-22,51.68,0.1,52.63,0.09,64.7,0.11,0.93,9.49,67.41,56.48,28.08,1.81,2.307857142857143,1.38
2021-08-22,12.76,0.01,8.77,0.0,9.29,0.0,1.24,6.02,18.61,45.14,41.75,0.03,0.0,0.08
2021-08-22,597.36,0.05,369.02,0.04,233.18,0.02,1.39,12.59,128.06,48.61,62.3,1.18,0.9246428571428572,2.56
2021-08-22,105.42,0.04,115.2,0.04,135.44,0.04,1.0,4.15,15.88,38.43,69.68,0.26,2.4517857142857147,0.36
2021-08-22,106.21,0.03,97.42,0.03,89.51,0.03,1.05,6.5,60.06,54.11,69.28,0.35,0.7996428571428572,0.76
2021-08-22,205.49,0.05,155.76,0.05,131.84,0.06,1.23,3.77,64.85,21.87,52.07,0.42,0.6667857142857142,0.53
2021-08-22,270.78,0.12,356.17,0.14,470.9,0.15,0.82,40.2,153.87,47.69,73.0,2.12,0.0,2.13
2021-08-22,219.32,0.12,116.14,0.07,84.44,0.04,1.53,10.98,46.79,44.44,55.43,0.05,0.0,0.39
2021-08-22,164.87,0.04,150.76,0.04,134.8,0.03,1.14,12.61,44.01,47.22,71.71,0.3,0.22714285714285712,0.44
2021-08-22,370.79,0.1,310.81,0.1,228.84,0.1,1.21,62.3,241.28,52.01,60.28,1.86,0.0,3.37
2021-08-22,18.15,0.0,16.28,0.0,16.76,0.0,1.03,1.52,5.81,36.98,55.73,0.08,0.05178571428571429,0.17
2021-08-22,44.71,0.03,26.56,0.03,17.56,0.01,1.39,5.9,17.81,60.95,71.53,0.24,0.20464285714285715,0.34
2021-08-22,335.44,0.03,327.01,0.04,318.23,0.04,1.04,27.31,144.49,46.41,69.16,0.63,0.9739285714285716,1.55
2021-08-22,19.7,0.0,12.61,0.0,9.09,0.0,1.44,2.64,16.66,71.76,37.84,0.09,0.05178571428571428,0.12
2021-08-22,125.84,0.08,69.98,0.05,42.18,0.03,1.55,3.93,124.57,36.11,41.85,0.44,0.0,0.9
2021-08-22,164.8,0.21,174.13,0.22,181.72,0.23,0.99,35.86,238.07,51.85,12.34,5.98,0.0,5.46
2021-08-22,90.03,0.12,57.34,0.09,42.62,0.07,1.43,3.77,20.28,42.21,46.22,0.07,0.0,0.61
2021-08-22,79.17,0.05,62.78,0.05,47.16,0.04,1.36,2.65,15.74,34.49,62.14,0.07,0.0,0.14
2021-08-22,106.51,0.04,59.0,0.02,29.82,0.01,1.56,14.89,177.97,23.15,15.95,0.82,0.6307142857142857,2.68
2021-08-22,16.32,0.01,11.34,0.01,7.5,0.01,1.46,4.99,50.56,57.36,26.03,0.24,0.0,0.46
2021-08-22,425.68,0.04,406.28,0.03,393.96,0.03,1.02,13.3,86.83,43.98,70.11,1.36,0.20249999999999999,1.55
2021-08-23,19.7,0.0,12.61,0.0,9.09,0.0,1.47,2.79,18.8,71.76,38.4,0.09,0.05607142857142857,0.12
2021-08-23,164.87,0.04,150.76,0.04,134.8,0.03,1.14,13.56,47.19,47.22,71.78,0.3,0.2317857142857143,0.44
2021-08-23,597.36,0.05,369.02,0.04,233.18,0.03,1.38,12.81,130.91,48.61,62.38,1.18,0.9289285714285714,2.56
2021-08-23,425.68,0.04,406.28,0.03,393.96,0.03,1.03,13.6,91.74,43.98,70.17,1.36,0.20714285714285713,1.55
2021-08-23,125.84,0.09,69.98,0.06,42.18,0.04,1.54,3.78,126.32,36.11,41.89,0.44,0.0,0.9
2021-08-23,334.13,0.01,391.32,0.01,554.74,0.01,0.8,52.46,261.16,53.37,62.24,1.93,1.8028571428571427,2.47
2021-08-23,164.8,0.21,174.13,0.22,181.72,0.23,1.0,34.73,234.42,51.85,12.5,5.98,0.0,5.46
2021-08-23,90.03,0.13,57.34,0.09,42.62,0.07,1.44,4.25,21.23,42.19,46.35,0.07,0.0,0.61
2021-08-23,370.79,0.1,310.81,0.1,228.84,0.1,1.2,64.07,249.23,53.75,60.42,1.86,0.0,3.37
2021-08-23,51.68,0.08,52.63,0.1,64.7,0.12,0.93,9.33,68.06,56.48,28.33,1.81,2.290714285714286,1.38
2021-08-23,335.44,0.03,327.01,0.04,318.23,0.04,1.02,28.14,149.69,46.21,69.44,0.63,1.0085714285714285,1.55
2021-08-23,44.71,0.03,26.56,0.03,17.56,0.01,1.38,6.37,19.27,60.92,71.61,0.24,0.2017857142857143,0.34
2021-08-23,18.15,0.0,16.28,0.0,16.76,0.0,1.03,1.72,7.15,36.96,55.82,0.08,0.05107142857142858,0.17
2021-08-23,106.21,0.03,97.42,0.03,89.51,0.03,1.04,6.84,63.32,54.08,69.5,0.35,0.7942857142857143,0.76
2021-08-23,219.32,0.12,116.14,0.08,84.44,0.04,1.52,13.96,60.98,44.44,55.55,0.05,0.0,0.39
2021-08-23,80.91,0.01,106.05,0.01,111.3,0.01,1.04,9.26,41.69,37.96,61.72,0.22,0.004285714285714286,0.22
2021-08-23,270.78,0.12,356.17,0.14,470.9,0.15,0.81,39.97,152.7,47.69,73.31,2.12,0.0,2.13
2021-08-24,19.7,0.0,12.61,0.0,9.09,0.0,1.49,3.06,19.22,71.76,38.95,0.09,0.06035714285714285,0.12
2021-08-24,106.21,0.03,97.42,0.03,89.51,0.03,1.04,7.16,65.97,54.04,69.73,0.35,0.7889285714285714,0.76
2021-08-24,125.84,0.1,69.98,0.06,42.18,0.04,1.53,3.78,127.92,36.11,41.94,0.44,0.0,0.9
2021-08-24,270.78,0.11,356.17,0.13,470.9,0.14,0.81,38.98,146.16,47.69,73.75,2.12,0.0,2.13
2021-08-24,425.68,0.04,406.28,0.04,393.96,0.03,1.03,13.7,92.08,43.98,70.23,1.36,0.21178571428571427,1.55
2021-08-24,44.71,0.03,26.56,0.02,17.56,0.02,1.36,6.58,20.08,60.89,71.69,0.24,0.1989285714285714,0.34
2021-08-24,80.91,0.01,106.05,0.01,111.3,0.01,1.07,7.72,41.69,37.96,61.81,0.22,0.004642857142857143,0.22
2021-08-24,370.79,0.1,310.81,0.1,228.84,0.1,1.19,65.93,256.42,53.73,60.57,1.86,0.0,3.37
2021-08-24,597.36,0.05,369.02,0.04,233.18,0.03,1.36,13.34,133.24,48.6,62.46,1.18,0.9332142857142858,2.56
2021-08-24,18.15,0.0,16.28,0.0,16.76,0.0,1.04,1.72,7.05,36.95,55.92,0.08,0.050357142857142864,0.17
2021-08-24,164.87,0.04,150.76,0.04,134.8,0.03,1.14,13.9,48.9,47.22,71.89,0.3,0.23642857142857143,0.44
2021-08-24,219.32,0.13,116.14,0.08,84.44,0.05,1.5,16.48,67.96,44.44,55.67,0.05,0.0,0.39
2021-08-24,90.03,0.14,57.34,0.1,42.62,0.08,1.46,4.72,23.12,42.17,46.52,0.07,0.0,0.61
2021-08-24,335.44,0.03,327.01,0.04,318.23,0.04,1.0,28.8,150.69,46.01,69.76,0.63,1.0432142857142856,1.55
2021-08-24,51.68,0.11,52.63,0.08,64.7,0.11,0.93,9.24,66.1,56.48,28.56,1.81,2.2735714285714286,1.38
2021-08-24,334.13,0.01,391.32,0.01,554.74,0.01,0.8,58.04,258.93,53.3,62.34,1.93,1.8717857142857142,2.47
2021-08-25,334.13,0.01,391.32,0.01,554.74,0.01,0.8,58.04,248.88,53.26,62.63,1.93,1.9407142857142858,2.47
2021-08-25,129.43,0.18,109.04,0.16,74.79,0.13,1.31,20.9,172.92,50.46,54.29,0.1,0.6899999999999998,0.26
2021-08-25,370.79,0.1,310.81,0.1,228.84,0.1,1.17,67.08,261.98,53.71,60.72,1.86,0.0,3.37
2021-08-25,164.87,0.04,150.76,0.04,134.8,0.03,1.13,14.76,50.79,47.22,71.99,0.3,0.24107142857142858,0.44
2021-08-25,125.84,0.1,69.98,0.07,42.18,0.04,1.52,4.37,130.1,36.11,41.98,0.44,0.0,0.9
2021-08-25,51.68,0.09,52.63,0.1,64.7,0.11,0.93,9.57,64.05,56.48,28.8,1.81,2.2564285714285712,1.38
2021-08-25,219.32,0.13,116.14,0.09,84.44,0.05,1.47,18.65,68.99,44.44,55.82,0.05,0.0,0.39
2021-08-25,106.21,0.03,97.42,0.03,89.51,0.03,1.04,7.49,67.77,54.01,69.97,0.35,0.7835714285714285,0.76
2021-08-25,270.78,0.11,356.17,0.13,470.9,0.14,0.8,38.75,139.85,47.69,74.16,2.12,0.0,2.13
2021-08-25,425.68,0.04,406.28,0.04,393.96,0.03,1.04,13.46,93.01,43.98,70.3,1.36,0.21642857142857141,1.55
2021-08-25,597.36,0.06,369.02,0.04,233.18,0.03,1.32,15.03,134.83,52.29,62.55,1.18,0.9375,2.56
2021-08-25,18.15,0.0,16.28,0.0,16.76,0.0,1.04,1.81,7.43,35.08,56.01,0.08,0.04964285714285715,0.17
2021-08-25,80.91,0.01,106.05,0.01,111.3,0.01,1.08,7.72,38.6,37.96,61.91,0.22,0.005,0.22
2021-08-25,164.8,0.22,174.13,0.21,181.72,0.22,0.99,34.04,232.56,51.85,12.86,5.98,0.0,5.46
2021-08-25,19.7,0.0,12.61,0.0,9.09,0.0,1.5,3.28,19.6,71.76,39.58,0.09,0.06464285714285714,0.12
2021-08-25,90.03,0.14,57.34,0.1,42.62,0.08,1.48,3.77,26.89,42.14,46.71,0.07,0.0,0.61
2021-08-25,335.44,0.03,327.01,0.04,318.23,0.04,0.98,30.29,152.42,45.81,70.05,0.63,1.0778571428571428,1.55
2021-08-25,44.71,0.03,26.56,0.03,17.56,0.02,1.35,6.76,21.06,60.87,71.76,0.24,0.19607142857142854,0.34
2021-08-26,164.87,0.04,150.76,0.04,134.8,0.04,1.13,15.27,52.16,47.22,72.07,0.3,0.24571428571428572,0.44
2021-08-26,125.84,0.11,69.98,0.07,42.18,0.04,1.5,4.08,133.45,36.11,42.02,0.44,0.0,0.9
2021-08-26,597.36,0.06,369.02,0.04,233.18,0.03,1.32,14.71,137.26,52.29,62.66,1.18,0.9489285714285715,2.56
2021-08-26,90.03,0.15,57.34,0.11,42.62,0.08,1.48,4.25,26.42,42.11,46.91,0.07,0.0,0.61
2021-08-26,164.8,0.21,174.13,0.21,181.72,0.22,0.99,33.83,232.74,51.85,13.04,5.98,0.0,5.46
2021-08-26,335.44,0.03,327.01,0.03,318.23,0.04,0.97,30.22,153.24,45.6,70.33,0.63,1.1125,1.55
2021-08-26,370.79,0.1,310.81,0.11,228.84,0.1,1.14,68.09,264.35,53.7,60.86,1.86,0.0,3.37
2021-08-26,219.32,0.13,116.14,0.1,84.44,0.05,1.43,19.45,73.68,44.44,55.98,0.05,0.0,0.39
2021-08-26,51.68,0.09,52.63,0.08,64.7,0.1,0.92,9.49,64.14,56.48,29.01,1.81,2.2392857142857143,1.38
2021-08-26,80.91,0.01,106.05,0.01,111.3,0.01,1.1,4.63,32.43,37.96,62.01,0.22,0.005357142857142857,0.22
2021-08-26,19.7,0.0,12.61,0.0,9.09,0.0,1.5,3.32,19.33,71.76,40.19,0.09,0.06892857142857142,0.12
2021-08-26,425.68,0.04,406.28,0.04,393.96,0.03,1.04,13.75,93.6,43.98,70.39,1.36,0.22107142857142856,1.55
2021-08-26,44.71,0.03,26.56,0.03,17.56,0.02,1.34,7.05,22.36,60.85,71.86,0.24,0.19321428571428573,0.34
2021-08-26,270.78,0.11,356.17,0.13,470.9,0.14,0.8,38.23,134.97,47.69,74.52,2.12,0.0,2.13
2021-08-26,18.15,0.0,16.28,0.0,16.76,0.0,1.04,1.91,6.96,35.06,56.1,0.08,0.048928571428571425,0.17
2021-08-26,106.21,0.03,97.42,0.03,89.51,0.03,1.04,7.79,69.23,53.98,70.19,0.35,0.7782142857142856,0.76
2021-08-27,83.04,0.0,54.1,0.0,49.39,0.0,1.33,7.72,35.24,52.71,61.94,0.36,0.24071428571428571,0.22
2021-08-27,19.7,0.0,12.61,0.0,9.09,0.0,1.5,3.55,21.16,71.76,40.82,0.09,0.0732142857142857,0.12
2021-08-27,164.8,0.21,174.13,0.22,181.72,0.22,0.98,32.67,230.32,51.85,13.33,5.98,0.0,5.46
2021-08-27,168.49,0.01,149.03,0.02,143.54,0.01,0.99,2.72,19.55,38.26,72.18,0.07,0.09892857142857144,0.12
2021-08-27,425.68,0.04,406.28,0.04,393.96,0.03,1.04,14.15,93.8,43.98,70.48,1.36,0.22571428571428573,1.55
2021-08-27,335.44,0.03,327.01,0.03,318.23,0.04,0.95,30.84,155.06,45.38,70.61,0.63,1.1389285714285715,1.55
2021-08-27,132.44,0.14,137.72,0.14,178.32,0.13,0.96,10.65,20.95,41.67,66.34,0.4,0.0,0.27
2021-08-27,106.21,0.03,97.42,0.03,89.51,0.03,1.04,7.71,70.24,53.94,70.39,0.35,0.7728571428571429,0.76
2021-08-27,164.87,0.05,150.76,0.04,134.8,0.04,1.12,15.36,50.02,47.22,72.15,0.3,0.25035714285714283,0.44
2021-08-27,370.79,0.1,310.81,0.1,228.84,0.1,1.13,69.17,266.61,53.67,61.03,1.86,0.0,3.37
2021-08-27,51.68,0.08,52.63,0.11,64.7,0.11,0.93,9.24,64.22,56.48,29.22,1.81,2.222142857142857,1.38
2021-08-27,219.32,0.13,116.14,0.1,84.44,0.06,1.4,20.71,76.77,44.44,56.17,0.05,0.0,0.39
2021-08-27,80.91,0.02,106.05,0.01,111.3,0.01,1.11,4.63,30.88,37.96,62.1,0.22,0.005714285714285714,0.22
2021-08-27,334.13,0.01,391.32,0.01,554.74,0.01,0.81,54.69,224.33,53.18,63.05,1.93,2.0785714285714287,2.47
2021-08-27,18.15,0.0,16.28,0.0,16.76,0.0,1.04,1.72,6.86,35.04,56.21,0.08,0.04821428571428571,0.17
2021-08-27,597.36,0.06,369.02,0.05,233.18,0.03,1.3,15.13,139.8,52.28,62.71,1.18,0.9603571428571429,2.56
2021-08-27,226.69,0.04,220.27,0.04,256.74,0.04,0.94,13.92,66.89,56.24,81.8,1.41,0.3157142857142857,0.96
2021-08-27,90.03,0.15,57.34,0.12,42.62,0.08,1.46,5.19,25.47,42.09,47.09,0.07,0.0,0.61
2021-08-27,44.71,0.04,26.56,0.03,17.56,0.02,1.33,7.0,23.56,60.83,71.96,0.24,0.19035714285714286,0.34
2021-08-28,164.87,0.05,150.76,0.04,134.8,0.04,1.12,15.27,50.96,47.22,72.21,0.3,0.255,0.44
2021-08-28,219.32,0.13,116.14,0.11,84.44,0.06,1.37,21.74,80.77,44.44,56.26,0.05,0.0,0.39
2021-08-28,106.21,0.03,97.42,0.03,89.51,0.03,1.05,7.89,71.12,53.92,70.53,0.35,0.7675,0.76
2021-08-28,44.71,0.03,26.56,0.03,17.56,0.02,1.32,5.82,20.91,60.82,72.02,0.24,0.1875,0.34
2021-08-28,80.91,0.02,106.05,0.01,111.3,0.01,1.13,6.18,23.16,37.96,62.17,0.22,0.006071428571428572,0.22
2021-08-28,597.36,0.06,369.02,0.05,233.18,0.03,1.28,15.98,139.49,52.28,62.74,1.18,0.9717857142857144,2.56
2021-08-28,335.44,0.03,327.01,0.03,318.23,0.04,0.93,31.06,154.29,45.23,70.76,0.63,1.165357142857143,1.55
2021-08-28,51.68,0.1,52.63,0.09,64.7,0.09,0.93,8.67,62.74,56.48,29.28,1.81,2.2049999999999996,1.38
2021-08-28,90.03,0.16,57.34,0.12,42.62,0.08,1.45,6.6,31.13,42.08,47.11,0.07,0.0,0.61
2021-08-28,18.15,0.0,16.28,0.0,16.76,0.0,1.04,1.52,5.81,35.03,56.23,0.08,0.0475,0.17
2021-08-28,425.68,0.04,406.28,0.04,393.96,0.03,1.04,14.15,94.06,43.98,70.58,1.36,0.23035714285714287,1.55
2021-08-28,370.79,0.1,310.81,0.1,228.84,0.1,1.13,69.92,267.28,53.66,61.13,1.86,0.0,3.37
2021-08-28,19.7,0.0,12.61,0.0,9.09,0.0,1.49,4.05,23.11,71.76,41.23,0.09,0.0775,0.12
2021-08-28,334.13,0.01,391.32,0.01,554.74,0.01,0.8,47.99,216.52,53.18,63.05,1.93,2.1475,2.47
2021-08-29,296.86,0.03,335.44,0.03,327.01,0.04,0.93,31.38,157.06,45.18,70.81,0.78,1.1917857142857142,1.03
2021-08-29,50.8,0.09,51.68,0.1,52.63,0.09,0.92,8.51,62.42,56.48,29.35,2.28,2.1667857142857145,1.21
2021-08-29,26.15,0.02,16.32,0.01,11.34,0.01,1.45,7.78,73.04,57.32,26.31,0.22,0.0,0.79
2021-08-29,110.27,0.03,105.42,0.04,115.2,0.04,0.94,5.23,17.69,38.43,71.42,0.28,2.642857142857143,0.33
2021-08-29,487.54,0.04,425.68,0.04,406.28,0.03,1.05,14.26,97.2,43.98,70.64,1.36,0.23500000000000001,1.78
2021-08-29,88.15,0.05,79.17,0.05,62.78,0.05,1.28,3.51,19.81,34.28,63.18,0.11,0.0,0.23
2021-08-29,33.44,0.0,19.7,0.0,12.61,0.0,1.47,4.24,24.49,71.76,41.57,0.15,0.08071428571428571,0.11
2021-08-29,146.76,0.16,90.03,0.12,57.34,0.09,1.45,7.55,31.13,42.08,47.11,0.0,0.0,0.68
2021-08-29,204.39,0.1,270.78,0.12,356.17,0.14,0.79,38.56,135.48,47.69,75.0,2.4,0.0,1.92
2021-08-29,208.45,0.07,205.49,0.05,155.76,0.05,1.17,9.8,75.41,21.84,53.31,0.21,0.7424999999999999,0.74
2021-08-29,291.98,0.13,219.32,0.12,116.14,0.07,1.34,22.31,82.26,44.44,56.26,0.23,0.0,0.65
2021-08-29,14.43,0.01,12.76,0.01,8.77,0.0,1.29,4.78,13.29,32.88,42.16,0.08,0.0,0.03
2021-08-29,104.67,0.03,106.21,0.03,97.42,0.03,1.05,8.0,71.8,53.9,70.61,0.49,0.7892857142857144,0.79
2021-08-29,426.63,0.1,370.79,0.1,310.81,0.1,1.13,71.19,272.66,53.65,61.18,2.36,0.0,4.26
2021-08-29,17.69,0.0,18.15,0.0,16.28,0.0,1.05,1.62,6.29,35.02,56.26,0.03,0.05178571428571429,0.09
2021-08-29,194.16,0.21,164.8,0.21,174.13,0.22,0.96,31.22,225.57,51.85,13.39,5.14,0.0,5.06
2021-08-29,207.07,0.12,125.84,0.08,69.98,0.05,1.47,4.51,137.52,36.11,42.13,0.59,0.0,1.07
2021-08-29,58.93,0.03,44.71,0.03,26.56,0.03,1.31,6.24,22.73,60.8,72.07,0.16,0.19321428571428573,0.37
2021-08-29,109.99,0.02,80.91,0.01,106.05,0.01,1.15,7.72,30.88,37.96,62.19,0.22,0.0064285714285714285,0.44
2021-08-29,803.02,0.06,597.36,0.05,369.02,0.04,1.27,16.19,153.99,52.27,62.85,1.95,0.9832142857142857,3.03
2021-08-29,168.27,0.05,164.87,0.04,150.76,0.04,1.12,15.1,53.11,47.22,72.21,0.28,0.2657142857142857,0.49
2021-08-30,487.54,0.04,425.68,0.04,406.28,0.03,1.05,13.95,101.35,43.98,70.71,1.36,0.2392857142857143,1.78
2021-08-30,109.99,0.02,80.91,0.01,106.05,0.01,1.16,7.72,35.52,37.96,62.23,0.22,0.0067857142857142855,0.44
2021-08-30,33.44,0.0,19.7,0.0,12.61,0.0,1.45,4.55,25.52,71.76,42.19,0.15,0.08392857142857144,0.11
2021-08-30,291.98,0.12,219.32,0.12,116.14,0.08,1.31,24.6,90.04,44.44,56.4,0.23,0.0,0.65
2021-08-30,296.86,0.03,335.44,0.03,327.01,0.04,0.91,32.66,162.31,44.96,71.02,0.78,1.2182142857142857,1.03
2021-08-30,168.27,0.05,164.87,0.04,150.76,0.04,1.11,14.84,55.94,47.22,72.29,0.28,0.2764285714285714,0.49
2021-08-30,204.39,0.1,270.78,0.12,356.17,0.14,0.79,36.94,129.21,47.69,75.34,2.4,0.0,1.92
2021-08-30,50.8,0.1,51.68,0.08,52.63,0.1,0.92,8.34,62.17,56.48,29.54,2.28,2.1285714285714286,1.21
2021-08-30,58.93,0.04,44.71,0.03,26.56,0.03,1.3,6.42,23.2,60.78,72.15,0.16,0.19892857142857143,0.37
2021-08-30,618.42,0.13,586.16,0.13,543.99,0.13,1.03,43.02,403.56,69.82,55.72,7.25,0.0,7.9
2021-08-30,146.76,0.17,90.03,0.13,57.34,0.09,1.43,8.02,35.38,42.07,47.23,0.0,0.0,0.68
2021-08-30,207.07,0.13,125.84,0.09,69.98,0.06,1.46,5.68,139.85,36.11,42.19,0.59,0.0,1.07
2021-08-30,104.67,0.03,106.21,0.03,97.42,0.03,1.05,8.22,74.75,53.86,70.87,0.49,0.8110714285714286,0.79
2021-08-30,17.69,0.0,18.15,0.0,16.28,0.0,1.06,1.81,6.86,35.0,56.36,0.03,0.05607142857142857,0.09
2021-08-30,194.16,0.21,164.8,0.21,174.13,0.22,0.95,30.9,226.02,51.85,13.76,5.14,0.0,5.06
2021-08-30,426.63,0.1,370.79,0.1,310.81,0.1,1.12,72.6,279.88,53.63,61.31,2.36,0.0,4.26
2021-08-30,803.02,0.06,597.36,0.05,369.02,0.04,1.25,16.93,155.04,52.27,62.96,1.95,0.9946428571428572,3.03
2021-08-31,146.76,0.17,90.03,0.14,57.34,0.1,1.42,8.49,40.57,42.05,47.4,0.0,0.0,0.68
2021-08-31,204.39,0.1,270.78,0.11,356.17,0.13,0.78,36.97,123.62,47.69,75.59,2.4,0.0,1.92
2021-08-31,17.69,0.0,18.15,0.0,16.28,0.0,1.06,1.52,6.58,34.99,56.45,0.03,0.06035714285714285,0.09
2021-08-31,803.02,0.06,597.36,0.05,369.02,0.04,1.25,17.25,150.7,52.26,63.09,1.95,1.0060714285714285,3.03
2021-08-31,109.99,0.02,80.91,0.01,106.05,0.01,1.17,7.72,33.97,37.96,62.33,0.22,0.0071428571428571435,0.44
2021-08-31,33.44,0.0,19.7,0.0,12.61,0.0,1.44,4.78,27.08,71.76,42.82,0.15,0.08714285714285715,0.11
2021-08-31,58.93,0.04,44.71,0.03,26.56,0.02,1.29,8.61,27.96,60.77,72.23,0.16,0.20464285714285713,0.37
2021-08-31,104.67,0.03,106.21,0.03,97.42,0.03,1.05,8.54,76.9,53.82,71.1,0.49,0.8328571428571429,0.79
2021-08-31,426.63,0.1,370.79,0.1,310.81,0.1,1.11,74.06,283.76,56.6,61.45,2.36,0.0,4.26
2021-08-31,168.27,0.05,164.87,0.04,150.76,0.04,1.11,14.67,54.48,47.22,72.36,0.28,0.2871428571428571,0.49
2021-08-31,291.98,0.12,219.32,0.13,116.14,0.08,1.27,25.63,94.85,44.44,56.54,0.23,0.0,0.65
2021-08-31,296.86,0.03,335.44,0.03,327.01,0.04,0.9,32.75,163.18,44.73,71.26,0.78,1.2446428571428572,1.03
2021-08-31,618.42,0.14,586.16,0.13,543.99,0.13,1.03,43.67,398.9,69.79,56.22,7.25,0.0,7.9
2021-08-31,487.54,0.04,425.68,0.04,406.28,0.04,1.04,14.18,100.34,43.98,70.79,1.36,0.24357142857142858,1.78
2021-08-31,50.8,0.09,51.68,0.11,52.63,0.08,0.91,8.34,61.93,44.91,29.89,2.28,2.090357142857143,1.21
2021-08-31,194.16,0.21,164.8,0.21,174.13,0.22,0.94,31.06,233.31,51.85,14.09,5.14,0.0025,5.06
2021-08-31,207.07,0.13,125.84,0.1,69.98,0.06,1.46,6.4,146.55,36.11,42.25,0.59,0.0,1.07
2021-09-01,291.98,0.12,219.32,0.13,116.14,0.09,1.26,26.31,95.88,44.44,56.73,0.23,0.0,0.65
2021-09-01,207.07,0.14,125.84,0.1,69.98,0.07,1.45,7.57,150.18,36.11,42.3,0.59,0.0,1.07
2021-09-01,109.99,0.02,80.91,0.01,106.05,0.01,1.17,7.72,40.15,37.96,62.4,0.22,0.007500000000000001,0.44
2021-09-01,33.44,0.0,19.7,0.0,12.61,0.0,1.42,5.04,29.3,71.76,43.51,0.15,0.09035714285714284,0.11
2021-09-01,618.42,0.14,586.16,0.13,543.99,0.13,1.03,44.14,397.43,69.76,56.74,7.25,0.0,7.9
2021-09-01,168.27,0.05,164.87,0.04,150.76,0.04,1.11,15.1,53.11,47.22,72.45,0.28,0.2978571428571429,0.49
2021-09-01,426.63,0.1,370.79,0.1,310.81,0.1,1.1,74.08,283.71,56.58,61.59,2.36,0.0,4.26
2021-09-01,204.39,0.1,270.78,0.11,356.17,0.13,0.77,35.72,118.78,47.69,75.93,2.4,0.0,1.92
2021-09-01,17.69,0.0,18.15,0.0,16.28,0.0,1.07,1.72,6.96,34.97,56.54,0.03,0.06464285714285714,0.09
2021-09-01,487.54,0.04,425.68,0.04,406.28,0.04,1.04,14.43,100.92,43.98,70.9,1.36,0.24785714285714286,1.78
2021-09-01,803.02,0.06,597.36,0.06,369.02,0.04,1.21,18.84,149.12,52.26,63.19,1.95,1.0174999999999998,3.03
2021-09-01,146.76,0.17,90.03,0.14,57.34,0.1,1.41,8.49,41.98,42.02,47.59,0.0,0.0,0.68
2021-09-01,104.67,0.03,106.21,0.03,97.42,0.03,1.04,8.45,76.6,53.77,71.33,0.49,0.8546428571428571,0.79
2021-09-01,58.93,0.04,44.71,0.03,26.56,0.03,1.28,8.97,29.26,64.45,72.32,0.16,0.21035714285714288,0.37
2021-09-01,178.07,0.19,129.43,0.18,109.04,0.16,1.07,22.82,194.64,52.31,57.77,0.15,0.6899999999999998,0.36
2021-09-01,296.86,0.03,335.44,0.03,327.01,0.04,0.88,33.02,164.73,44.52,71.48,0.78,1.2710714285714286,1.03
2021-09-01,50.8,0.09,51.68,0.09,52.63,0.1,0.9,8.18,61.76,44.91,30.25,2.28,2.052142857142857,1.21
2021-09-02,207.07,0.15,125.84,0.11,69.98,0.07,1.44,8.44,153.82,36.11,42.36,0.59,0.0,1.07
2021-09-02,261.06,0.01,334.13,0.01,391.32,0.01,0.8,42.41,198.66,52.99,63.62,2.47,2.301071428571429,2.36
2021-09-02,104.67,0.03,106.21,0.03,97.42,0.03,1.03,8.52,77.27,53.72,71.54,0.49,0.8764285714285714,0.79
2021-09-02,168.27,0.05,164.87,0.04,150.76,0.04,1.11,15.61,51.65,47.22,72.54,0.28,0.30857142857142855,0.49
2021-09-02,33.44,0.0,19.7,0.0,12.61,0.0,1.41,5.12,32.16,71.76,44.12,0.15,0.09357142857142856,0.11
2021-09-02,296.86,0.03,335.44,0.03,327.01,0.03,0.87,33.34,163.74,44.31,71.69,0.78,1.2974999999999999,1.03
2021-09-02,803.02,0.06,597.36,0.06,369.02,0.04,1.21,18.42,148.9,52.25,63.3,1.95,1.0557142857142858,3.03
2021-09-02,487.54,0.04,425.68,0.04,406.28,0.04,1.04,14.55,101.44,43.98,70.98,1.36,0.2521428571428571,1.78
2021-09-02,204.39,0.09,270.78,0.11,356.17,0.13,0.77,35.41,115.56,47.69,76.2,2.4,0.0,1.92
2021-09-02,17.69,0.0,18.15,0.0,16.28,0.0,1.08,1.52,6.77,34.96,56.62,0.03,0.06892857142857144,0.09
2021-09-02,426.63,0.1,370.79,0.1,310.81,0.11,1.09,74.64,284.87,56.57,61.74,2.36,0.0,4.26
2021-09-02,50.8,0.1,51.68,0.09,52.63,0.08,0.9,7.77,60.37,44.91,30.84,2.28,2.013928571428571,1.21
2021-09-02,58.93,0.04,44.71,0.03,26.56,0.03,1.27,9.34,31.02,68.09,72.43,0.16,0.2160714285714286,0.37
2021-09-02,618.42,0.14,586.16,0.13,543.99,0.13,1.02,43.73,379.63,69.73,57.26,7.25,0.0,7.9
2021-09-02,109.99,0.02,80.91,0.01,106.05,0.01,1.18,7.72,54.05,37.96,62.47,0.22,0.0075,0.44
2021-09-02,146.76,0.18,90.03,0.15,57.34,0.11,1.4,8.49,49.53,41.99,47.81,0.0,0.0,0.68
2021-09-02,291.98,0.12,219.32,0.13,116.14,0.1,1.24,27.12,95.99,44.44,56.92,0.23,0.0,0.65
2021-09-03,165.03,0.01,168.49,0.01,149.03,0.02,0.92,3.23,21.42,38.04,72.7,0.17,0.12821428571428573,0.32
2021-09-03,119.92,0.0,83.04,0.0,54.1,0.0,1.23,11.74,47.09,52.57,62.48,0.2,0.24428571428571427,0.43
2021-09-03,487.54,0.04,425.68,0.04,406.28,0.04,1.04,14.64,102.25,43.98,71.04,1.36,0.2564285714285714,1.78
2021-09-03,50.8,0.08,51.68,0.08,52.63,0.11,0.89,7.61,60.13,44.91,31.3,2.28,1.9757142857142858,1.21
2021-09-03,17.69,0.0,18.15,0.0,16.28,0.0,1.09,1.33,5.91,34.94,56.72,0.03,0.07321428571428572,0.09
2021-09-03,168.27,0.05,164.87,0.05,150.76,0.04,1.1,15.87,51.13,47.22,72.6,0.28,0.31928571428571434,0.49
2021-09-03,104.67,0.03,106.21,0.03,97.42,0.03,1.01,8.66,78.34,53.67,71.74,0.49,0.8982142857142856,0.79
2021-09-03,33.44,0.0,19.7,0.0,12.61,0.0,1.4,5.39,32.62,71.76,44.79,0.15,0.09678571428571428,0.11
2021-09-03,58.93,0.04,44.71,0.04,26.56,0.03,1.26,9.73,31.47,68.08,72.53,0.16,0.22178571428571428,0.37
2021-09-03,146.76,0.18,90.03,0.15,57.34,0.12,1.39,9.44,55.19,41.97,47.98,0.0,0.0,0.68
2021-09-03,223.49,0.04,226.69,0.04,220.27,0.04,0.9,14.02,65.72,50.53,85.09,1.22,0.6332142857142856,1.14
2021-09-03,296.86,0.02,335.44,0.03,327.01,0.03,0.86,33.47,164.6,44.07,71.91,0.78,1.3060714285714285,1.03
2021-09-03,803.02,0.06,597.36,0.06,369.02,0.05,1.19,18.94,147.74,52.25,63.34,1.95,1.0939285714285714,3.03
2021-09-03,134.7,0.14,132.44,0.14,137.72,0.14,0.98,10.93,19.36,41.67,66.69,0.35,0.0,0.4
2021-09-03,109.99,0.02,80.91,0.02,106.05,0.01,1.17,12.35,46.32,37.96,62.56,0.22,0.007500000000000001,0.44
2021-09-03,426.63,0.1,370.79,0.1,310.81,0.1,1.08,74.98,284.35,56.56,61.9,2.36,0.0,4.26
2021-09-03,291.98,0.11,219.32,0.13,116.14,0.1,1.23,28.49,95.08,44.44,57.16,0.23,0.0,0.65
2021-09-03,618.42,0.14,586.16,0.13,543.99,0.13,1.01,41.72,382.52,69.7,57.74,7.25,0.0,7.9
2021-09-03,194.16,0.2,164.8,0.21,174.13,0.22,0.89,30.67,225.5,51.85,15.07,5.14,0.01,5.06
2021-09-04,803.02,0.07,597.36,0.06,369.02,0.05,1.19,19.26,146.79,52.25,63.38,1.95,1.1321428571428571,3.03
2021-09-04,291.98,0.11,219.32,0.13,116.14,0.11,1.21,30.78,95.76,44.44,57.29,0.23,0.0,0.65
2021-09-04,618.42,0.14,586.16,0.13,543.99,0.13,1.01,43.08,380.81,69.68,58.24,7.25,0.0,7.9
2021-09-04,58.93,0.04,44.71,0.03,26.56,0.03,1.26,9.67,31.83,68.08,72.6,0.16,0.2275,0.37
2021-09-04,104.67,0.03,106.21,0.03,97.42,0.03,1.0,8.66,78.29,53.64,71.9,0.49,0.92,0.79
2021-09-04,146.76,0.18,90.03,0.16,57.34,0.12,1.38,9.44,57.08,41.97,48.02,0.0,0.0,0.68
2021-09-04,50.8,0.08,51.68,0.1,52.63,0.09,0.9,7.28,61.11,44.91,31.56,2.28,1.9375,1.21
2021-09-04,426.63,0.1,370.79,0.1,310.81,0.1,1.08,75.19,281.03,56.55,62.0,2.36,0.0,4.26
2021-09-04,109.99,0.02,80.91,0.02,106.05,0.01,1.16,9.26,43.24,37.96,62.64,0.22,0.007500000000000001,0.44
2021-09-04,17.69,0.0,18.15,0.0,16.28,0.0,1.1,1.24,5.34,34.94,56.74,0.03,0.0775,0.09
2021-09-04,33.44,0.0,19.7,0.0,12.61,0.0,1.4,5.35,34.11,71.76,45.27,0.15,0.1,0.11
2021-09-04,296.86,0.02,335.44,0.03,327.01,0.03,0.87,33.31,162.98,43.92,72.04,0.78,1.3146428571428572,1.03
2021-09-04,487.54,0.04,425.68,0.04,406.28,0.04,1.04,14.12,100.68,43.98,71.11,1.36,0.26071428571428573,1.78
2021-09-04,168.27,0.05,164.87,0.05,150.76,0.04,1.1,16.64,52.42,47.22,72.66,0.28,0.33,0.49
2021-09-04,207.07,0.16,125.84,0.12,69.98,0.08,1.41,10.77,160.23,36.11,42.45,0.59,0.0,1.07
2021-09-05,621.72,0.14,618.42,0.14,586.16,0.13,1.0,41.81,388.97,69.66,58.72,6.83,0.0,8.78
2021-09-05,75.69,0.04,58.93,0.03,44.71,0.03,1.25,9.99,32.48,68.07,72.65,0.34,0.23464285714285715,0.42
2021-09-05,294.61,0.11,291.98,0.13,219.32,0.12,1.2,31.58,96.68,44.44,57.31,0.39,0.0,0.8
2021-09-05,40.82,0.02,26.15,0.02,16.32,0.01,1.5,11.6,111.65,57.28,26.59,0.46,1.8642857142857143,1.26
2021-09-05,311.83,0.16,207.07,0.12,125.84,0.08,1.41,12.08,162.84,36.11,42.46,0.9,0.0,2.12
2021-09-05,457.97,0.1,426.63,0.1,370.79,0.1,1.08,76.21,284.15,56.54,62.05,3.37,0.0,4.9
2021-09-05,959.32,0.07,803.02,0.06,597.36,0.05,1.17,19.68,157.48,52.24,63.49,2.56,1.1703571428571429,3.26
2021-09-05,109.27,0.03,104.67,0.03,106.21,0.03,0.99,8.89,78.9,53.61,72.02,0.76,0.9257142857142856,0.98
2021-09-05,261.99,0.08,208.45,0.07,205.49,0.05,1.15,11.31,95.77,27.36,54.54,0.53,0.72,1.16
2021-09-05,91.08,0.04,88.15,0.05,79.17,0.05,1.23,3.7,22.37,34.07,64.02,0.14,0.0,0.33
2021-09-05,18.67,0.0,17.69,0.0,18.15,0.0,1.12,0.86,5.24,34.94,56.76,0.17,0.07964285714285714,0.04
2021-09-05,154.76,0.08,204.39,0.1,270.78,0.12,0.76,34.72,114.72,47.69,76.42,2.13,0.0,1.68
2021-09-05,512.96,0.04,487.54,0.04,425.68,0.04,1.04,14.38,102.52,43.98,71.14,1.55,0.265,1.93
2021-09-05,249.2,0.02,296.86,0.03,335.44,0.03,0.86,33.56,163.57,43.87,72.09,1.55,1.3232142857142857,1.09
2021-09-05,35.57,0.08,50.8,0.09,51.68,0.1,0.89,6.79,61.52,44.91,31.83,1.38,1.899285714285714,1.49
2021-09-05,202.68,0.18,146.76,0.16,90.03,0.12,1.36,9.91,60.85,41.97,48.02,0.61,0.0,0.54
2021-09-05,17.23,0.01,14.43,0.01,12.76,0.01,1.41,4.25,17.36,32.8,42.46,0.08,0.0,0.03
2021-09-05,173.68,0.05,168.27,0.05,164.87,0.04,1.1,16.39,54.14,47.22,72.66,0.44,0.3367857142857143,0.45
2021-09-05,83.08,0.02,110.27,0.03,105.42,0.04,0.96,4.15,16.96,38.43,72.58,0.36,2.8032142857142857,0.28
2021-09-05,44.38,0.0,33.44,0.0,19.7,0.0,1.39,5.92,35.37,71.76,45.68,0.12,0.10250000000000001,0.28
2021-09-06,959.32,0.07,803.02,0.06,597.36,0.05,1.15,21.06,159.59,52.23,63.62,2.56,1.2085714285714284,3.26
2021-09-06,457.97,0.1,426.63,0.1,370.79,0.1,1.09,76.62,287.33,56.53,62.18,3.37,0.0,4.9
2021-09-06,75.69,0.04,58.93,0.04,44.71,0.03,1.24,10.48,34.2,68.07,72.76,0.34,0.2417857142857143,0.42
2021-09-06,138.63,0.02,109.99,0.02,80.91,0.01,1.16,10.81,38.6,37.96,62.71,0.22,0.007500000000000001,0.44
2021-09-06,176.26,0.19,194.16,0.21,164.8,0.21,0.85,28.88,214.93,51.85,15.45,5.46,0.0175,4.31
2021-09-06,621.72,0.14,618.42,0.13,586.16,0.13,0.99,41.31,387.82,69.64,59.31,6.83,0.0,8.78
2021-09-06,154.76,0.08,204.39,0.1,270.78,0.12,0.75,33.03,109.61,47.69,76.6,2.13,0.0,1.68
2021-09-06,249.2,0.02,296.86,0.03,335.44,0.03,0.85,33.77,165.82,43.66,72.26,1.55,1.3317857142857144,1.09
2021-09-06,512.96,0.04,487.54,0.04,425.68,0.04,1.03,14.58,105.82,43.98,71.17,1.55,0.2710714285714286,1.93
2021-09-06,311.83,0.17,207.07,0.13,125.84,0.09,1.4,10.92,168.38,36.11,42.54,0.9,0.0,2.12
2021-09-06,18.67,0.0,17.69,0.0,18.15,0.0,1.13,0.95,5.81,40.48,56.85,0.17,0.08178571428571428,0.04
2021-09-06,202.68,0.18,146.76,0.17,90.03,0.13,1.35,11.32,66.51,41.95,48.14,0.61,0.0,0.54
2021-09-06,173.68,0.05,168.27,0.05,164.87,0.04,1.09,17.24,58.08,47.22,72.72,0.44,0.3435714285714286,0.45
2021-09-06,35.57,0.07,50.8,0.1,51.68,0.08,0.89,6.54,60.78,44.91,32.45,1.38,1.8610714285714283,1.49
2021-09-06,44.38,0.01,33.44,0.0,19.7,0.0,1.37,6.19,36.4,71.76,46.25,0.12,0.105,0.28
2021-09-06,294.61,0.1,291.98,0.12,219.32,0.12,1.18,31.23,98.85,44.44,57.48,0.39,0.0,0.8
2021-09-06,206.98,0.01,261.06,0.01,334.13,0.01,0.81,26.79,159.6,52.9,64.05,2.47,2.3467857142857147,1.93
2021-09-06,109.27,0.03,104.67,0.03,106.21,0.03,0.98,9.28,81.51,54.95,72.28,0.76,0.9314285714285715,0.98
2021-09-07,109.27,0.03,104.67,0.03,106.21,0.03,0.96,9.21,81.24,54.89,72.53,0.76,0.9371428571428572,0.98
2021-09-07,18.67,0.0,17.69,0.0,18.15,0.0,1.15,0.95,5.34,40.47,56.92,0.17,0.08392857142857144,0.04
2021-09-07,75.69,0.04,58.93,0.04,44.71,0.03,1.23,11.03,35.86,68.06,72.84,0.34,0.24892857142857144,0.42
2021-09-07,138.63,0.02,109.99,0.02,80.91,0.01,1.15,12.35,44.78,37.96,62.81,0.22,0.007500000000000001,0.44
2021-09-07,294.61,0.1,291.98,0.12,219.32,0.13,1.15,30.2,100.22,44.44,57.66,0.39,0.0,0.8
2021-09-07,959.32,0.07,803.02,0.06,597.36,0.05,1.14,21.7,154.94,52.22,63.75,2.56,1.2467857142857142,3.26
2021-09-07,512.96,0.04,487.54,0.04,425.68,0.04,1.04,15.02,110.93,43.98,71.23,1.55,0.2771428571428572,1.93
2021-09-07,35.57,0.07,50.8,0.09,51.68,0.11,0.89,6.22,61.27,44.91,32.69,1.38,1.8228571428571427,1.49
2021-09-07,154.76,0.07,204.39,0.1,270.78,0.11,0.75,31.83,105.05,47.69,76.82,2.13,0.0014285714285714286,1.68
2021-09-07,457.97,0.1,426.63,0.1,370.79,0.1,1.07,76.57,289.16,56.52,62.31,3.37,0.0,4.9
2021-09-07,249.2,0.02,296.86,0.03,335.44,0.03,0.83,33.8,163.98,43.46,72.45,1.55,1.3403571428571428,1.09
2021-09-07,44.38,0.01,33.44,0.0,19.7,0.0,1.35,6.68,38.51,71.76,46.96,0.12,0.10750000000000001,0.28
2021-09-07,173.68,0.06,168.27,0.05,164.87,0.04,1.09,16.47,57.22,47.22,72.82,0.44,0.35035714285714287,0.45
2021-09-07,176.26,0.18,194.16,0.21,164.8,0.21,0.83,29.17,210.92,51.85,15.72,5.46,0.06607142857142857,4.31
2021-09-07,621.72,0.15,618.42,0.14,586.16,0.13,0.98,41.81,372.44,69.62,59.7,6.83,0.0,8.78
2021-09-07,202.68,0.18,146.76,0.17,90.03,0.14,1.34,13.68,68.87,41.94,48.28,0.61,0.0,0.54
2021-09-08,311.83,0.18,207.07,0.14,125.84,0.1,1.42,12.66,190.35,36.11,42.66,0.9,0.0,2.12
2021-09-08,109.27,0.03,104.67,0.03,106.21,0.03,0.95,9.15,80.81,58.31,72.76,0.76,0.9428571428571428,0.98
2021-09-08,154.76,0.07,204.39,0.1,270.78,0.11,0.75,31.35,100.86,47.69,76.99,2.13,0.002857142857142857,1.68
2021-09-08,35.57,0.07,50.8,0.09,51.68,0.09,0.88,6.63,59.47,44.91,32.82,1.38,1.7846428571428572,1.49
2021-09-08,512.96,0.04,487.54,0.04,425.68,0.04,1.04,15.26,110.83,43.98,71.3,1.55,0.28321428571428575,1.93
2021-09-08,202.68,0.19,146.76,0.17,90.03,0.14,1.35,16.04,75.01,41.92,48.42,0.61,0.0,0.54
2021-09-08,959.32,0.07,803.02,0.06,597.36,0.06,1.14,21.8,150.6,52.21,63.85,2.56,1.2850000000000001,3.26
2021-09-08,294.61,0.1,291.98,0.12,219.32,0.13,1.16,31.46,101.82,44.44,57.86,0.39,0.0,0.8
2021-09-08,138.63,0.02,109.99,0.02,80.91,0.01,1.15,12.35,41.69,37.96,62.88,0.22,0.0075,0.44
2021-09-08,206.98,0.01,261.06,0.01,334.13,0.01,0.81,25.67,152.9,52.86,64.26,2.47,2.3310714285714282,1.93
2021-09-08,621.72,0.15,618.42,0.14,586.16,0.13,0.97,40.84,373.8,69.6,60.3,6.83,0.0,8.78
2021-09-08,173.68,0.05,168.27,0.05,164.87,0.04,1.09,16.56,56.71,43.06,72.88,0.44,0.35714285714285715,0.45
2021-09-08,18.67,0.0,17.69,0.0,18.15,0.0,1.17,1.14,6.0,40.46,56.98,0.17,0.08607142857142858,0.04
2021-09-08,75.69,0.04,58.93,0.04,44.71,0.03,1.22,11.23,36.88,68.06,72.93,0.34,0.2560714285714286,0.42
2021-09-08,176.26,0.17,194.16,0.2,164.8,0.22,0.82,28.53,207.17,51.85,16.0,5.46,0.11464285714285714,4.31
2021-09-08,457.97,0.1,426.63,0.1,370.79,0.1,1.05,76.75,289.67,52.48,62.44,3.37,0.0,4.9
2021-09-08,249.2,0.02,296.86,0.03,335.44,0.03,0.84,33.83,163.97,44.94,72.65,1.55,1.3489285714285715,1.09
2021-09-08,44.38,0.01,33.44,0.0,19.7,0.0,1.34,7.03,40.03,71.76,47.68,0.12,0.11,0.28
2021-09-08,176.02,0.16,178.07,0.19,129.43,0.18,0.84,24.48,196.2,52.31,61.19,0.26,0.0,0.47
2021-09-09,206.98,0.01,261.06,0.01,334.13,0.01,0.81,25.67,149.55,52.83,64.36,2.47,2.3232142857142857,1.93
2021-09-09,621.72,0.14,618.42,0.14,586.16,0.13,0.96,39.92,364.46,69.58,60.9,6.83,0.0,8.78
2021-09-09,176.26,0.17,194.16,0.2,164.8,0.21,0.81,28.68,205.7,51.85,16.26,5.46,0.16321428571428573,4.31
2021-09-09,173.68,0.05,168.27,0.05,164.87,0.04,1.09,16.73,56.37,43.06,72.93,0.44,0.36392857142857143,0.45
2021-09-09,109.27,0.02,104.67,0.03,106.21,0.03,0.94,9.4,80.63,58.23,72.97,0.76,0.9485714285714286,0.98
2021-09-09,959.32,0.07,803.02,0.06,597.36,0.06,1.12,21.06,146.05,52.2,63.94,2.56,1.3360714285714284,3.26
2021-09-09,75.69,0.05,58.93,0.04,44.71,0.03,1.21,11.55,37.81,69.9,73.03,0.34,0.26321428571428573,0.42
2021-09-09,249.2,0.02,296.86,0.03,335.44,0.03,0.82,33.55,161.24,44.78,72.82,1.55,1.3575,1.09
2021-09-09,311.83,0.19,207.07,0.15,125.84,0.11,1.43,11.5,196.03,36.11,42.72,0.9,0.0,2.12
2021-09-09,202.68,0.19,146.76,0.18,90.03,0.15,1.35,18.4,76.42,41.89,48.6,0.61,0.0,0.54
2021-09-09,35.57,0.07,50.8,0.1,51.68,0.09,0.88,6.46,57.18,44.91,32.93,1.38,1.7464285714285714,1.49
2021-09-09,512.96,0.04,487.54,0.04,425.68,0.04,1.04,15.38,109.96,43.98,71.36,1.55,0.28928571428571426,1.93
2021-09-09,44.38,0.01,33.44,0.0,19.7,0.0,1.33,6.84,40.91,71.76,48.29,0.12,0.1125,0.28
2021-09-09,294.61,0.1,291.98,0.12,219.32,0.13,1.17,32.72,99.08,44.44,58.07,0.39,0.0,0.8
2021-09-09,457.97,0.09,426.63,0.1,370.79,0.1,1.03,76.99,289.13,52.47,62.56,3.37,0.0,4.9
2021-09-09,154.76,0.07,204.39,0.09,270.78,0.11,0.74,30.7,100.61,47.69,77.16,2.13,0.004285714285714286,1.68
2021-09-09,18.67,0.0,17.69,0.0,18.15,0.0,1.19,1.33,6.29,40.45,57.04,0.17,0.0882142857142857,0.04
2021-09-09,138.63,0.02,109.99,0.02,80.91,0.01,1.14,13.9,50.96,37.96,62.96,0.22,0.0075,0.44
2021-09-10,202.68,0.19,146.76,0.18,90.03,0.15,1.35,19.81,84.91,41.87,48.77,0.61,0.0,0.54
2021-09-10,959.32,0.08,803.02,0.06,597.36,0.06,1.08,19.9,142.13,52.2,63.98,2.56,1.387142857142857,3.26
2021-09-10,75.69,0.05,58.93,0.04,44.71,0.04,1.2,11.78,39.86,69.9,73.15,0.34,0.27035714285714285,0.42
2021-09-10,140.28,0.11,134.7,0.14,132.44,0.14,1.0,10.02,19.81,41.67,66.96,0.27,0.0,0.34
2021-09-10,249.2,0.02,296.86,0.02,335.44,0.03,0.81,33.31,159.5,44.58,72.99,1.55,1.352142857142857,1.09
2021-09-10,173.68,0.05,168.27,0.05,164.87,0.05,1.09,17.16,58.6,43.06,73.0,0.44,0.37071428571428566,0.45
2021-09-10,18.67,0.0,17.69,0.0,18.15,0.0,1.21,1.33,6.1,40.45,57.13,0.17,0.09035714285714287,0.04
2021-09-10,35.57,0.07,50.8,0.08,51.68,0.08,0.88,6.05,56.04,44.91,33.04,1.38,1.7082142857142857,1.49
2021-09-10,621.72,0.14,618.42,0.14,586.16,0.13,0.96,39.34,343.27,69.55,61.38,6.83,0.0,8.78
2021-09-10,457.97,0.09,426.63,0.1,370.79,0.1,1.01,76.74,286.25,52.46,62.69,3.37,0.0,4.9
2021-09-10,221.72,0.04,223.49,0.04,226.69,0.04,0.84,13.24,66.3,50.2,86.54,0.96,1.1607142857142858,1.1
2021-09-10,159.85,0.01,165.03,0.01,168.49,0.01,0.82,4.42,23.29,28.65,73.04,0.12,0.16464285714285715,0.32
2021-09-10,512.96,0.04,487.54,0.04,425.68,0.04,1.04,15.32,110.8,43.98,71.41,1.55,0.2953571428571428,1.93
2021-09-10,109.27,0.02,104.67,0.03,106.21,0.03,0.93,9.42,79.95,58.15,73.17,0.76,0.9542857142857143,0.98
2021-09-10,143.34,0.0,119.92,0.0,83.04,0.0,1.19,17.11,61.41,52.45,63.03,0.22,0.2942857142857143,0.6
2021-09-10,44.38,0.01,33.44,0.0,19.7,0.0,1.32,7.56,43.74,71.76,48.94,0.12,0.11499999999999999,0.28
2021-09-10,206.98,0.01,261.06,0.01,334.13,0.01,0.81,24.55,148.44,52.78,64.56,2.47,2.3153571428571427,1.93
2021-09-10,138.63,0.02,109.99,0.02,80.91,0.02,1.13,15.44,47.87,37.96,63.07,0.22,0.0075,0.44
2021-09-10,294.61,0.1,291.98,0.11,219.32,0.13,1.18,33.06,96.91,44.44,58.32,0.39,0.0,0.8
2021-09-11,202.68,0.19,146.76,0.18,90.03,0.16,1.35,19.81,89.16,41.87,48.79,0.61,0.0,0.54
2021-09-11,249.2,0.02,296.86,0.02,335.44,0.03,0.8,32.78,157.11,44.44,73.13,1.55,1.3467857142857143,1.09
2021-09-11,44.38,0.01,33.44,0.0,19.7,0.0,1.29,7.64,43.43,71.76,49.43,0.12,0.11750000000000001,0.28
2021-09-11,75.69,0.05,58.93,0.04,44.71,0.03,1.19,12.07,41.17,69.9,73.23,0.34,0.27749999999999997,0.42
2021-09-11,294.61,0.1,291.98,0.11,219.32,0.13,1.21,32.84,93.47,44.44,58.46,0.39,0.0,0.8
2021-09-11,173.68,0.05,168.27,0.05,164.87,0.05,1.09,18.7,57.4,43.06,73.09,0.44,0.3775,0.45
2021-09-11,959.32,0.07,803.02,0.07,597.36,0.06,1.04,21.38,140.23,52.2,64.01,2.56,1.4382142857142857,3.26
2021-09-11,35.57,0.07,50.8,0.08,51.68,0.1,0.89,6.22,55.3,44.91,33.14,1.38,1.67,1.49
2021-09-11,138.63,0.02,109.99,0.02,80.91,0.02,1.12,16.99,49.41,37.96,63.13,0.22,0.0075,0.44
2021-09-11,621.72,0.14,618.42,0.14,586.16,0.13,0.96,38.92,360.33,69.53,61.84,6.83,0.0,8.78
2021-09-11,512.96,0.04,487.54,0.04,425.68,0.04,1.03,15.09,109.01,43.98,71.47,1.55,0.30142857142857143,1.93
2021-09-11,457.97,0.09,426.63,0.1,370.79,0.1,0.99,75.7,281.07,52.45,62.77,3.37,0.0,4.9
2021-09-11,18.67,0.0,17.69,0.0,18.15,0.0,1.23,1.52,5.81,40.44,57.15,0.17,0.0925,0.04
2021-09-11,109.27,0.02,104.67,0.03,106.21,0.03,0.92,9.64,80.85,58.1,73.34,0.76,0.9600000000000001,0.98
2021-09-12,130.13,0.15,176.26,0.19,194.16,0.21,0.77,27.48,196.38,51.85,16.63,5.06,0.30892857142857144,3.22
2021-09-12,23.3,0.0,18.67,0.0,17.69,0.0,1.25,1.52,6.58,40.44,57.17,0.09,0.09107142857142858,0.08
2021-09-12,60.49,0.01,44.38,0.0,33.44,0.0,1.27,7.79,45.5,71.76,49.75,0.11,0.12428571428571429,0.3
2021-09-12,190.65,0.02,249.2,0.02,296.86,0.03,0.79,32.69,156.96,44.4,73.16,1.03,1.3414285714285714,0.97
2021-09-12,143.22,0.02,138.63,0.02,109.99,0.02,1.11,15.44,60.22,37.96,63.14,0.44,0.0075,0.0
2021-09-12,98.55,0.03,91.08,0.04,88.15,0.05,1.17,5.4,30.62,33.91,64.73,0.23,0.0,0.64
2021-09-12,541.04,0.03,512.96,0.04,487.54,0.04,1.03,15.08,111.93,43.98,71.5,1.78,0.3075,2.31
2021-09-12,571.28,0.14,621.72,0.14,618.42,0.14,0.96,38.42,354.2,69.51,62.29,7.9,0.0,10.26
2021-09-12,100.24,0.02,109.27,0.03,104.67,0.03,0.91,9.69,81.1,58.06,73.44,0.79,0.9453571428571429,1.0
2021-09-12,77.29,0.02,83.08,0.02,110.27,0.03,0.89,3.61,16.42,33.8,73.25,0.33,2.7478571428571428,0.36
2021-09-12,38.88,0.06,35.57,0.08,50.8,0.09,0.89,6.54,54.07,44.91,33.21,1.21,1.6585714285714286,0.84
2021-09-12,304.64,0.1,294.61,0.11,291.98,0.13,1.26,32.84,94.96,44.44,58.48,0.65,0.0,0.88
2021-09-12,478.62,0.09,457.97,0.1,426.63,0.1,0.98,75.76,281.65,52.45,62.82,4.26,0.0,5.06
2021-09-12,34.92,0.01,17.23,0.01,14.43,0.01,1.59,6.91,29.42,32.72,42.71,0.03,0.0,0.24
2021-09-12,442.34,0.21,311.83,0.16,207.07,0.12,1.45,15.72,215.24,36.11,42.83,1.07,0.0,3.41
2021-09-12,102.07,0.06,154.76,0.08,204.39,0.1,0.73,29.08,91.7,47.69,77.42,1.92,0.008571428571428572,1.32
2021-09-12,91.17,0.05,75.69,0.04,58.93,0.03,1.18,12.38,42.08,69.89,73.3,0.37,0.2839285714285714,0.6
2021-09-12,66.19,0.03,40.82,0.02,26.15,0.02,1.46,16.38,172.84,57.24,26.82,0.79,3.2625,2.11
2021-09-12,254.48,0.08,261.99,0.08,208.45,0.07,1.13,9.05,109.35,27.32,55.24,0.74,0.7360714285714286,1.16
2021-09-12,171.74,0.06,173.68,0.05,168.27,0.05,1.08,19.65,58.94,43.06,73.1,0.49,0.38285714285714284,0.69
2021-09-12,1035.94,0.07,959.32,0.07,803.02,0.06,1.01,21.8,147.32,52.19,64.08,3.03,1.4892857142857143,2.68
2021-09-13,143.22,0.02,138.63,0.02,109.99,0.02,1.1,15.44,61.77,37.96,63.21,0.44,0.0075,0.0
2021-09-13,60.49,0.01,44.38,0.01,33.44,0.0,1.25,8.52,49.16,71.76,50.27,0.11,0.13107142857142856,0.3
2021-09-13,190.65,0.02,249.2,0.02,296.86,0.03,0.79,33.16,158.63,44.28,73.27,1.03,1.3360714285714288,0.97
2021-09-13,541.04,0.03,512.96,0.04,487.54,0.04,1.02,15.73,116.19,43.98,71.54,1.78,0.3207142857142857,2.31
2021-09-13,38.88,0.06,35.57,0.07,50.8,0.1,0.89,6.79,53.5,44.91,33.31,1.21,1.647142857142857,0.84
2021-09-13,442.34,0.22,311.83,0.17,207.07,0.13,1.45,16.01,228.62,36.11,42.89,1.07,0.0,3.41
2021-09-13,91.17,0.04,75.69,0.04,58.93,0.04,1.18,12.85,42.83,69.89,73.33,0.37,0.29035714285714287,0.6
2021-09-13,304.64,0.1,294.61,0.1,291.98,0.12,1.31,33.29,94.73,44.44,58.66,0.65,0.0,0.88
2021-09-13,100.24,0.02,109.27,0.03,104.67,0.03,0.9,9.65,82.52,57.98,73.63,0.79,0.9307142857142857,1.0
2021-09-13,102.07,0.06,154.76,0.08,204.39,0.1,0.72,28.34,88.75,47.69,77.57,1.92,0.01,1.32
2021-09-13,23.3,0.0,18.67,0.0,17.69,0.0,1.26,2.19,8.77,40.44,57.23,0.09,0.08964285714285715,0.08
2021-09-13,478.62,0.09,457.97,0.1,426.63,0.1,0.97,76.27,283.51,52.45,62.84,4.26,0.0,5.06
2021-09-13,171.74,0.06,173.68,0.05,168.27,0.05,1.08,20.33,62.2,43.06,73.13,0.49,0.38821428571428573,0.69
2021-09-13,1035.94,0.07,959.32,0.07,803.02,0.06,0.99,22.33,142.45,52.18,64.11,3.03,1.540357142857143,2.68
2021-09-13,262.65,0.2,202.68,0.18,146.76,0.17,1.36,22.17,101.42,41.86,48.91,0.68,0.0,1.42
2021-09-13,196.36,0.0,206.98,0.01,261.06,0.01,0.8,24.55,155.13,52.75,64.89,2.36,2.3075,1.61
2021-09-13,571.28,0.14,621.72,0.14,618.42,0.13,0.96,38.04,354.03,69.49,62.72,7.9,0.0,10.26
2021-09-14,23.3,0.0,18.67,0.0,17.69,0.0,1.27,2.48,9.24,40.43,57.27,0.09,0.08821428571428572,0.08
2021-09-14,102.07,0.06,154.76,0.07,204.39,0.1,0.72,27.5,84.55,47.69,77.82,1.92,0.027142857142857142,1.32
2021-09-14,478.62,0.09,457.97,0.1,426.63,0.1,1.0,77.15,286.18,52.44,62.95,4.26,0.0,5.06
2021-09-14,91.17,0.05,75.69,0.04,58.93,0.04,1.2,13.34,45.4,66.15,73.44,0.37,0.2967857142857143,0.6
2021-09-14,171.74,0.06,173.68,0.06,168.27,0.05,1.08,19.39,60.23,43.06,73.16,0.49,0.39357142857142857,0.69
2021-09-14,442.34,0.23,311.83,0.18,207.07,0.13,1.46,17.61,247.54,36.11,42.95,1.07,0.0,3.41
2021-09-14,38.88,0.06,35.57,0.07,50.8,0.09,0.9,6.71,51.37,44.91,33.42,1.21,1.6357142857142857,0.84
2021-09-14,130.13,0.15,176.26,0.18,194.16,0.21,0.75,26.13,190.82,51.85,17.06,5.06,0.6167857142857143,3.22
2021-09-14,571.28,0.13,621.72,0.15,618.42,0.14,0.95,37.66,351.67,69.47,63.15,7.9,0.0,10.26
2021-09-14,262.65,0.2,202.68,0.18,146.76,0.17,1.37,23.59,108.03,41.84,49.13,0.68,0.0007142857142857143,1.42
2021-09-14,541.04,0.03,512.96,0.04,487.54,0.04,1.02,15.51,115.26,43.98,71.57,1.78,0.3339285714285714,2.31
2021-09-14,304.64,0.09,294.61,0.1,291.98,0.12,1.41,32.95,96.1,44.44,58.85,0.65,0.0,0.88
2021-09-14,1035.94,0.07,959.32,0.07,803.02,0.06,1.02,23.39,133.14,52.18,64.12,3.03,1.5914285714285712,2.68
2021-09-14,60.49,0.01,44.38,0.01,33.44,0.0,1.23,8.75,48.9,71.76,50.86,0.11,0.13785714285714284,0.3
2021-09-14,190.65,0.02,249.2,0.02,296.86,0.03,0.78,33.31,156.99,44.16,73.39,1.03,1.3307142857142857,0.97
2021-09-14,143.22,0.02,138.63,0.02,109.99,0.02,1.09,15.44,58.68,37.96,63.31,0.44,0.0075,0.0
2021-09-14,100.24,0.02,109.27,0.03,104.67,0.03,0.89,9.54,82.49,57.9,73.79,0.79,0.9160714285714285,1.0
2021-09-15,442.34,0.24,311.83,0.18,207.07,0.14,1.46,17.61,277.67,36.11,43.02,1.07,0.0,3.41
2021-09-15,133.73,0.11,176.02,0.16,178.07,0.19,0.64,24.48,181.98,52.31,65.02,0.36,0.34500000000000003,0.51
2021-09-15,541.04,0.03,512.96,0.04,487.54,0.04,1.01,15.7,117.66,43.98,71.61,1.78,0.3471428571428571,2.31
2021-09-15,171.74,0.05,173.68,0.05,168.27,0.05,1.08,18.88,60.4,43.06,73.26,0.49,0.3989285714285714,0.69
2021-09-15,91.17,0.05,75.69,0.04,58.93,0.04,1.19,13.63,47.67,66.14,73.54,0.37,0.3032142857142857,0.6
2021-09-15,100.24,0.02,109.27,0.03,104.67,0.03,0.89,9.55,81.29,57.82,73.95,0.79,0.9014285714285715,1.0
2021-09-15,23.3,0.0,18.67,0.0,17.69,0.0,1.28,2.29,9.72,40.43,57.33,0.09,0.08678571428571429,0.08
2021-09-15,196.36,0.0,206.98,0.01,261.06,0.01,0.79,21.2,146.2,52.7,65.15,2.36,2.3075,1.61
2021-09-15,571.28,0.13,621.72,0.15,618.42,0.14,0.95,36.92,348.37,69.45,63.57,7.9,0.0,10.26
2021-09-15,1035.94,0.07,959.32,0.07,803.02,0.06,1.09,24.13,135.99,52.18,64.14,3.03,1.6424999999999998,2.68
2021-09-15,143.22,0.02,138.63,0.02,109.99,0.02,1.08,15.44,57.13,37.96,63.38,0.44,0.0075,0.0
2021-09-15,102.07,0.06,154.76,0.07,204.39,0.1,0.72,26.43,80.83,47.69,77.94,1.92,0.04428571428571428,1.32
2021-09-15,262.65,0.2,202.68,0.19,146.76,0.17,1.38,27.36,114.63,41.81,49.36,0.68,0.0014285714285714286,1.42
2021-09-15,190.65,0.02,249.2,0.02,296.86,0.03,0.77,32.8,153.92,44.02,73.52,1.03,1.325357142857143,0.97
2021-09-15,38.88,0.06,35.57,0.07,50.8,0.09,0.91,6.38,50.88,44.91,33.54,1.21,1.6242857142857143,0.84
2021-09-15,60.49,0.01,44.38,0.01,33.44,0.0,1.21,9.02,51.5,71.76,51.5,0.11,0.14464285714285713,0.3
2021-09-15,478.62,0.09,457.97,0.1,426.63,0.1,1.01,76.85,285.21,52.43,63.06,4.26,0.0,5.06
2021-09-15,304.64,0.09,294.61,0.1,291.98,0.12,1.36,33.64,94.16,44.44,59.1,0.65,0.0,0.88
2021-09-16,60.49,0.01,44.38,0.01,33.44,0.0,1.19,9.32,50.35,71.76,52.13,0.11,0.15142857142857144,0.3
2021-09-16,143.22,0.02,138.63,0.02,109.99,0.02,1.08,15.44,61.77,37.96,63.47,0.44,0.007142857142857143,0.0
2021-09-16,100.24,0.02,109.27,0.02,104.67,0.03,0.88,9.45,81.1,57.73,74.1,0.79,0.8867857142857144,1.0
2021-09-16,38.88,0.06,35.57,0.07,50.8,0.1,0.91,6.3,51.54,44.91,33.65,1.21,1.6128571428571428,0.84
2021-09-16,541.04,0.03,512.96,0.04,487.54,0.04,1.0,15.57,117.94,43.98,71.65,1.78,0.36035714285714293,2.31
2021-09-16,130.13,0.14,176.26,0.17,194.16,0.2,0.72,26.36,187.13,51.85,17.3,5.06,1.1353571428571427,3.22
2021-09-16,171.74,0.05,173.68,0.05,168.27,0.05,1.08,18.62,60.83,43.06,73.29,0.49,0.4042857142857143,0.69
2021-09-16,262.65,0.2,202.68,0.19,146.76,0.18,1.37,28.3,126.9,41.78,49.66,0.68,0.002142857142857143,1.42
2021-09-16,196.36,0.0,206.98,0.01,261.06,0.01,0.79,20.09,132.81,52.68,65.22,2.36,2.3075,1.61
2021-09-16,571.28,0.13,621.72,0.14,618.42,0.14,0.95,37.45,342.89,66.64,64.01,7.9,0.0,10.26
2021-09-16,304.64,0.09,294.61,0.1,291.98,0.12,1.29,32.15,95.53,44.44,59.38,0.65,0.0,0.88
2021-09-16,442.34,0.25,311.83,0.19,207.07,0.15,1.45,18.77,325.11,36.11,43.08,1.07,0.0,3.41
2021-09-16,190.65,0.02,249.2,0.02,296.86,0.03,0.77,32.37,152.23,43.91,73.63,1.03,1.32,0.97
2021-09-16,23.3,0.0,18.67,0.0,17.69,0.0,1.27,2.1,10.77,40.42,57.39,0.09,0.08535714285714287,0.08
2021-09-16,478.62,0.09,457.97,0.09,426.63,0.1,1.01,76.64,282.85,52.42,63.17,4.26,0.0,5.06
2021-09-16,91.17,0.05,75.69,0.05,58.93,0.04,1.18,13.84,48.16,63.35,73.65,0.37,0.30964285714285716,0.6
2021-09-16,1035.94,0.06,959.32,0.07,803.02,0.06,1.07,24.87,146.15,52.17,64.21,3.03,1.7089285714285711,2.68
2021-09-16,102.07,0.05,154.76,0.07,204.39,0.09,0.72,25.8,78.72,47.69,78.07,1.92,0.06142857142857143,1.32
2021-09-17,478.62,0.09,457.97,0.09,426.63,0.1,1.01,76.11,279.52,52.41,63.31,4.26,0.0,5.06
2021-09-17,541.04,0.03,512.96,0.04,487.54,0.04,0.99,15.64,120.49,41.2,71.69,1.78,0.3735714285714286,2.31
2021-09-17,100.24,0.02,109.27,0.02,104.67,0.03,0.87,9.28,79.81,57.65,74.25,0.79,0.8721428571428572,1.0
2021-09-17,169.2,0.01,143.34,0.0,119.92,0.0,1.19,20.25,75.84,46.25,63.64,0.43,0.3539285714285714,0.93
2021-09-17,130.13,0.13,176.26,0.16,194.16,0.2,0.71,25.34,179.08,51.85,17.81,5.06,1.394642857142857,3.22
2021-09-17,38.88,0.07,35.57,0.07,50.8,0.08,0.92,6.3,51.95,44.91,33.73,1.21,1.6014285714285712,0.84
2021-09-17,171.74,0.05,173.68,0.05,168.27,0.05,1.08,19.56,60.31,43.06,73.36,0.49,0.4096428571428571,0.69
2021-09-17,91.17,0.05,75.69,0.05,58.93,0.04,1.17,14.36,50.32,63.34,73.76,0.37,0.31607142857142856,0.6
2021-09-17,262.65,0.2,202.68,0.19,146.76,0.18,1.36,27.36,131.14,41.76,49.9,0.68,0.002857142857142857,1.42
2021-09-17,60.49,0.01,44.38,0.01,33.44,0.0,1.17,9.86,51.08,71.76,52.72,0.11,0.15821428571428572,0.3
2021-09-17,172.38,0.03,221.72,0.04,223.49,0.04,0.8,11.49,55.4,49.86,87.25,1.14,1.7285714285714284,0.77
2021-09-17,190.65,0.02,249.2,0.02,296.86,0.02,0.77,31.72,149.16,43.77,73.78,1.03,1.295,0.97
2021-09-17,304.64,0.09,294.61,0.1,291.98,0.11,1.23,32.38,94.5,44.44,59.72,0.65,0.0,0.88
2021-09-17,571.28,0.14,621.72,0.14,618.42,0.14,0.95,37.72,338.62,66.62,64.38,7.9,0.0,10.26
2021-09-17,23.3,0.0,18.67,0.0,17.69,0.0,1.26,2.29,11.15,40.41,57.47,0.09,0.08392857142857144,0.08
2021-09-17,120.91,0.01,159.85,0.01,165.03,0.01,0.78,4.93,22.44,21.43,73.27,0.32,0.2235714285714286,0.51
2021-09-17,1035.94,0.06,959.32,0.08,803.02,0.06,1.07,25.72,142.66,52.16,64.25,3.03,1.7753571428571426,2.68
2021-09-17,143.22,0.02,138.63,0.02,109.99,0.02,1.08,15.44,63.31,37.96,63.57,0.44,0.0067857142857142855,0.0
2021-09-17,139.75,0.09,140.28,0.11,134.7,0.14,0.91,10.25,20.44,41.67,67.21,0.4,0.0,0.3
2021-09-18,478.62,0.09,457.97,0.09,426.63,0.1,1.0,74.86,271.89,52.41,63.39,4.26,0.0,5.06
2021-09-18,262.65,0.2,202.68,0.19,146.76,0.18,1.35,28.3,129.26,41.75,49.96,0.68,0.0035714285714285718,1.42
2021-09-18,196.36,0.0,206.98,0.0,261.06,0.01,0.79,20.09,118.3,52.63,65.42,2.36,2.3075,1.61
2021-09-18,60.49,0.01,44.38,0.01,33.44,0.0,1.15,9.82,52.6,71.76,53.13,0.11,0.165,0.3
2021-09-18,171.74,0.05,173.68,0.05,168.27,0.05,1.09,18.79,57.91,43.06,73.44,0.49,0.41500000000000004,0.69
2021-09-18,91.17,0.05,75.69,0.05,58.93,0.04,1.16,9.78,41.95,63.33,73.83,0.37,0.32250000000000006,0.6
2021-09-18,130.13,0.12,176.26,0.16,194.16,0.19,0.7,25.21,177.46,51.85,17.88,5.06,1.6539285714285714,3.22
2021-09-18,23.3,0.0,18.67,0.0,17.69,0.0,1.26,2.57,10.96,40.41,57.48,0.09,0.08250000000000002,0.08
2021-09-18,100.24,0.02,109.27,0.02,104.67,0.03,0.87,9.26,79.0,57.59,74.37,0.79,0.8574999999999999,1.0
2021-09-18,541.04,0.03,512.96,0.04,487.54,0.04,0.99,15.21,117.94,41.2,71.73,1.78,0.38678571428571434,2.31
2021-09-18,571.28,0.14,621.72,0.14,618.42,0.14,0.94,36.33,333.7,66.6,64.69,7.9,0.0,10.26
2021-09-18,38.88,0.06,35.57,0.07,50.8,0.08,0.92,6.22,52.6,44.91,33.75,1.21,1.59,0.84
2021-09-18,304.64,0.09,294.61,0.1,291.98,0.11,1.17,32.15,92.44,44.44,59.96,0.65,0.0,0.88
2021-09-18,1035.94,0.06,959.32,0.07,803.02,0.07,1.06,25.72,138.96,52.16,64.27,3.03,1.8417857142857144,2.68
2021-09-18,190.65,0.02,249.2,0.02,296.86,0.02,0.77,31.42,147.73,43.66,73.88,1.03,1.27,0.97
2021-09-18,143.22,0.02,138.63,0.02,109.99,0.02,1.08,15.44,61.77,37.96,63.66,0.44,0.0064285714285714285,0.0
2021-09-19,98.92,0.05,91.17,0.05,75.69,0.04,1.16,15.0,52.19,63.32,73.88,0.42,0.33821428571428575,0.73
2021-09-19,299.62,0.09,304.64,0.1,294.61,0.11,1.11,32.03,94.73,44.44,60.0,0.8,0.0,0.75
2021-09-19,144.06,0.02,190.65,0.02,249.2,0.02,0.77,31.4,147.64,43.64,73.89,1.09,1.2449999999999999,0.86
2021-09-19,314.9,0.08,254.48,0.08,261.99,0.08,1.14,9.8,130.46,27.29,55.8,1.16,0.7632142857142857,1.48
2021-09-19,735.95,0.27,442.34,0.21,311.83,0.16,1.4,20.08,404.57,36.11,43.22,2.12,0.0,4.48
2021-09-19,864.14,0.06,1035.94,0.07,959.32,0.07,1.04,25.72,150.81,52.15,64.33,3.26,1.9082142857142856,2.29
2021-09-19,92.11,0.12,130.13,0.15,176.26,0.19,0.69,24.24,174.31,48.15,17.9,4.31,1.9132142857142858,3.13
2021-09-19,427.72,0.09,478.62,0.09,457.97,0.1,1.0,74.76,270.6,52.4,63.43,4.9,0.0,5.68
2021-09-19,68.12,0.02,34.92,0.01,17.23,0.01,1.53,7.97,47.84,32.65,42.99,0.03,0.0,0.29
2021-09-19,400.29,0.2,262.65,0.19,202.68,0.18,1.33,30.66,137.75,41.75,49.96,0.54,0.004285714285714286,2.43
2021-09-19,73.13,0.02,77.29,0.02,83.08,0.02,0.89,3.97,17.15,33.8,73.72,0.28,2.48,0.54
2021-09-19,28.91,0.06,38.88,0.06,35.57,0.08,0.93,6.05,51.46,44.91,33.76,1.49,1.5385714285714285,0.95
2021-09-19,108.76,0.03,98.55,0.03,91.08,0.04,1.11,4.74,30.81,33.8,65.35,0.33,0.0,0.74
2021-09-19,168.79,0.05,171.74,0.06,173.68,0.05,1.09,18.7,58.42,43.06,73.44,0.45,0.4296428571428571,0.52
2021-09-19,69.14,0.05,102.07,0.06,154.76,0.08,0.72,24.64,73.13,47.69,78.25,1.68,0.11285714285714286,1.11
2021-09-19,102.73,0.05,66.19,0.03,40.82,0.02,1.58,26.6,272.14,57.22,27.03,1.26,3.2625,3.69
2021-09-19,85.36,0.02,100.24,0.02,109.27,0.03,0.87,9.47,79.14,57.55,74.45,0.98,0.8410714285714286,0.96
2021-09-19,132.29,0.02,143.22,0.02,138.63,0.02,1.08,13.9,57.13,37.96,63.67,0.44,0.0060714285714285705,0.66
2021-09-19,515.81,0.03,541.04,0.03,512.96,0.04,0.98,15.63,119.45,41.2,71.75,1.93,0.4,2.28
2021-09-19,35.79,0.0,23.3,0.0,18.67,0.0,1.25,2.95,12.1,40.41,57.49,0.04,0.08428571428571428,0.21
2021-09-19,555.29,0.14,571.28,0.14,621.72,0.14,0.94,36.45,338.62,66.58,64.96,8.78,0.0,11.25
2021-09-19,68.68,0.01,60.49,0.01,44.38,0.0,1.13,10.05,52.45,71.76,53.43,0.28,0.17035714285714287,0.42
2021-09-20,98.92,0.06,91.17,0.04,75.69,0.04,1.15,15.68,53.34,63.31,73.99,0.42,0.3539285714285714,0.73
2021-09-20,85.36,0.02,100.24,0.02,109.27,0.03,0.87,9.54,80.68,57.47,74.58,0.98,0.8246428571428572,0.96
2021-09-20,168.79,0.05,171.74,0.06,173.68,0.05,1.09,19.22,60.23,43.06,73.47,0.45,0.4442857142857143,0.52
2021-09-20,299.62,0.08,304.64,0.1,294.61,0.1,1.05,31.58,95.3,50.0,60.27,0.8,0.0,0.75
2021-09-20,864.14,0.06,1035.94,0.07,959.32,0.07,1.01,26.25,147.95,52.13,64.39,3.26,1.9746428571428571,2.29
2021-09-20,515.81,0.03,541.04,0.03,512.96,0.04,0.98,15.64,122.62,41.2,71.78,1.93,0.41035714285714286,2.28
2021-09-20,144.06,0.02,190.65,0.02,249.2,0.02,0.77,31.01,147.26,43.55,73.99,1.09,1.2200000000000002,0.86
2021-09-20,69.14,0.05,102.07,0.06,154.76,0.08,0.72,23.84,68.63,47.69,78.31,1.68,0.12999999999999998,1.11
2021-09-20,92.11,0.12,130.13,0.15,176.26,0.19,0.68,23.46,169.3,45.37,18.13,4.31,2.1725,3.13
2021-09-20,35.79,0.0,23.3,0.0,18.67,0.0,1.24,3.34,14.96,40.41,57.55,0.04,0.08607142857142858,0.21
2021-09-20,427.72,0.09,478.62,0.09,457.97,0.1,1.0,75.42,272.42,52.4,63.54,4.9,0.0,5.68
2021-09-20,68.68,0.01,60.49,0.01,44.38,0.01,1.11,10.66,55.01,71.76,54.17,0.28,0.1757142857142857,0.42
2021-09-20,129.83,0.0,196.36,0.0,206.98,0.01,0.79,22.32,119.42,52.6,65.56,1.93,2.2460714285714287,1.07
2021-09-20,28.91,0.06,38.88,0.06,35.57,0.07,0.93,5.81,50.64,44.91,33.85,1.49,1.487142857142857,0.95
2021-09-20,132.29,0.02,143.22,0.02,138.63,0.02,1.08,13.9,57.13,37.96,63.68,0.44,0.005714285714285714,0.66
2021-09-20,400.29,0.21,262.65,0.2,202.68,0.18,1.31,31.13,147.18,41.73,50.28,0.54,0.005,2.43
2021-09-20,555.29,0.14,571.28,0.14,621.72,0.14,0.93,35.18,331.54,66.56,65.2,8.78,0.0,11.25
2021-09-21,28.91,0.07,38.88,0.06,35.57,0.07,0.94,5.73,49.16,44.91,33.94,1.49,1.4357142857142855,0.95
2021-09-21,69.14,0.04,102.07,0.06,154.76,0.07,0.72,23.07,64.22,47.69,78.44,1.68,0.2092857142857143,1.11
2021-09-21,735.95,0.28,442.34,0.23,311.83,0.18,1.35,22.7,467.29,36.11,43.39,2.12,0.0,4.48
2021-09-21,400.29,0.21,262.65,0.2,202.68,0.18,1.3,33.49,157.09,41.7,50.87,0.54,0.007857142857142858,2.43
2021-09-21,144.06,0.02,190.65,0.02,249.2,0.02,0.76,29.49,143.62,43.46,74.1,1.09,1.1949999999999998,0.86
2021-09-21,132.29,0.02,143.22,0.02,138.63,0.02,1.08,12.35,49.41,37.96,63.8,0.44,0.005357142857142857,0.66
2021-09-21,555.29,0.14,571.28,0.13,621.72,0.15,0.92,35.12,324.38,66.54,65.45,8.78,0.0,11.25
2021-09-21,427.72,0.08,478.62,0.09,457.97,0.1,0.98,74.55,267.92,52.39,63.63,4.9,0.0,5.68
2021-09-21,864.14,0.06,1035.94,0.07,959.32,0.07,0.97,26.67,146.47,52.13,64.45,3.26,2.0410714285714286,2.29
2021-09-21,85.36,0.02,100.24,0.02,109.27,0.03,0.86,9.38,79.93,57.4,74.7,0.98,0.8082142857142857,0.96
2021-09-21,35.79,0.0,23.3,0.0,18.67,0.0,1.24,3.91,15.63,40.4,57.6,0.04,0.08785714285714286,0.21
2021-09-21,515.81,0.03,541.04,0.03,512.96,0.04,0.98,15.7,121.5,41.2,71.81,1.93,0.42071428571428576,2.28
2021-09-21,92.11,0.11,130.13,0.15,176.26,0.18,0.67,23.24,166.08,45.37,18.42,4.31,2.7767857142857144,3.13
2021-09-21,98.92,0.05,91.17,0.05,75.69,0.04,1.13,16.12,55.52,67.0,74.08,0.42,0.3696428571428571,0.73
2021-09-21,129.83,0.0,196.36,0.0,206.98,0.01,0.79,22.32,114.95,52.58,65.64,1.93,2.215357142857143,1.07
2021-09-21,168.79,0.05,171.74,0.06,173.68,0.06,1.09,18.79,59.97,43.06,73.49,0.45,0.45892857142857146,0.52
2021-09-21,68.68,0.01,60.49,0.01,44.38,0.01,1.09,10.66,55.05,71.76,54.77,0.28,0.18107142857142858,0.42
2021-09-21,299.62,0.08,304.64,0.09,294.61,0.1,0.98,30.55,94.27,50.0,60.56,0.8,0.0,0.75
2021-09-22,515.81,0.03,541.04,0.03,512.96,0.04,0.98,16.01,121.5,41.2,71.84,1.93,0.4310714285714286,2.28
2021-09-22,69.14,0.04,102.07,0.06,154.76,0.07,0.73,22.25,60.75,42.13,78.52,1.68,0.2885714285714286,1.11
2021-09-22,132.29,0.02,143.22,0.02,138.63,0.02,1.08,13.9,41.69,37.96,63.87,0.44,0.004999999999999999,0.66
2021-09-22,85.36,0.02,100.24,0.02,109.27,0.03,0.86,9.15,79.07,57.33,74.81,0.98,0.7917857142857143,0.96
2021-09-22,28.91,0.07,38.88,0.06,35.57,0.07,0.94,5.15,47.94,44.91,34.04,1.49,1.3842857142857141,0.95
2021-09-22,129.83,0.0,196.36,0.0,206.98,0.01,0.8,23.44,120.54,52.56,65.69,1.93,2.1846428571428573,1.07
2021-09-22,864.14,0.06,1035.94,0.07,959.32,0.07,0.93,25.29,137.48,52.12,64.46,3.26,2.1075,2.29
2021-09-22,400.29,0.2,262.65,0.2,202.68,0.19,1.27,33.49,163.69,43.66,51.45,0.54,0.010714285714285714,2.43
2021-09-22,555.29,0.14,571.28,0.13,621.72,0.15,0.91,36.48,316.37,66.52,65.68,8.78,0.0,11.25
2021-09-22,299.62,0.07,304.64,0.09,294.61,0.1,0.96,30.09,91.76,50.0,60.89,0.8,0.00035714285714285714,0.75
2021-09-22,68.68,0.01,60.49,0.01,44.38,0.01,1.08,10.81,55.12,71.76,55.36,0.28,0.18642857142857142,0.42
2021-09-22,168.79,0.05,171.74,0.05,173.68,0.05,1.09,18.45,58.6,43.06,73.54,0.45,0.4735714285714286,0.52
2021-09-22,427.72,0.08,478.62,0.09,457.97,0.1,0.97,73.54,264.68,52.38,63.73,4.9,0.0,5.68
2021-09-22,92.11,0.1,130.13,0.14,176.26,0.17,0.66,22.44,161.17,45.37,18.71,4.31,3.3810714285714285,3.13
2021-09-22,77.91,0.07,133.73,0.11,176.02,0.16,0.53,19.81,141.03,50.46,68.42,0.47,0.6900000000000001,0.46
2021-09-22,144.06,0.01,190.65,0.02,249.2,0.02,0.75,28.89,140.9,43.35,74.21,1.09,1.17,0.86
2021-09-22,35.79,0.01,23.3,0.0,18.67,0.0,1.24,3.62,16.01,40.4,57.65,0.04,0.08964285714285715,0.21
2021-09-22,98.92,0.05,91.17,0.05,75.69,0.04,1.12,15.94,56.46,66.99,74.17,0.42,0.3853571428571429,0.73
2021-09-23,98.92,0.05,91.17,0.05,75.69,0.05,1.11,15.89,56.43,66.98,74.28,0.42,0.4010714285714286,0.73
2021-09-23,69.14,0.04,102.07,0.05,154.76,0.07,0.73,21.64,58.48,42.13,78.61,1.68,0.3678571428571429,1.11
2021-09-23,85.36,0.02,100.24,0.02,109.27,0.02,0.86,8.99,77.05,57.26,74.92,0.98,0.7753571428571427,0.96
2021-09-23,735.95,0.29,442.34,0.25,311.83,0.19,1.29,22.7,567.7,36.11,43.52,2.12,0.0,4.48
2021-09-23,864.14,0.06,1035.94,0.06,959.32,0.07,0.9,24.55,130.49,52.12,64.47,3.26,2.1489285714285713,2.29
2021-09-23,35.79,0.01,23.3,0.0,18.67,0.0,1.23,4.1,15.82,40.39,57.7,0.04,0.09142857142857143,0.21
2021-09-23,68.68,0.01,60.49,0.01,44.38,0.01,1.06,10.66,56.65,71.76,55.96,0.28,0.19178571428571425,0.42
2021-09-23,299.62,0.07,304.64,0.09,294.61,0.1,0.94,29.98,88.1,50.0,61.18,0.8,0.0007142857142857143,0.75
2021-09-23,92.11,0.1,130.13,0.14,176.26,0.17,0.65,22.06,156.68,45.37,18.98,4.31,3.985357142857143,3.13
2021-09-23,168.79,0.05,171.74,0.05,173.68,0.05,1.09,18.88,60.31,43.06,73.59,0.45,0.4882142857142857,0.52
2021-09-23,28.91,0.06,38.88,0.06,35.57,0.07,0.94,4.5,47.86,44.91,34.1,1.49,1.332857142857143,0.95
2021-09-23,555.29,0.15,571.28,0.13,621.72,0.14,0.91,34.83,310.48,66.5,65.88,8.78,0.0,11.25
2021-09-23,144.06,0.01,190.65,0.02,249.2,0.02,0.76,28.78,137.1,43.27,74.31,1.09,1.1449999999999998,0.86
2021-09-23,132.29,0.02,143.22,0.02,138.63,0.02,1.08,13.9,38.6,37.96,63.94,0.44,0.004642857142857143,0.66
2021-09-23,427.72,0.08,478.62,0.09,457.97,0.09,0.95,73.11,260.87,52.37,63.82,4.9,0.0,5.68
2021-09-23,129.83,0.0,196.36,0.0,206.98,0.01,0.81,20.09,108.26,52.54,65.75,1.93,2.1539285714285716,1.07
2021-09-23,400.29,0.2,262.65,0.2,202.68,0.19,1.24,36.8,160.86,43.59,52.16,0.54,0.013571428571428571,2.43
2021-09-23,515.81,0.03,541.04,0.03,512.96,0.04,0.98,15.11,117.36,41.2,71.88,1.93,0.44142857142857145,2.28
2021-09-24,217.83,0.01,169.2,0.01,143.34,0.0,1.06,23.16,95.19,46.71,64.3,0.6,0.5189285714285714,1.07
2021-09-24,555.29,0.15,571.28,0.14,621.72,0.14,0.9,34.18,306.85,66.48,66.13,8.78,0.0,11.25
2021-09-24,85.36,0.02,100.24,0.02,109.27,0.02,0.85,8.89,76.46,57.2,75.05,0.98,0.7589285714285714,0.96
2021-09-24,68.68,0.01,60.49,0.01,44.38,0.01,1.05,11.12,55.58,71.76,56.6,0.28,0.19714285714285715,0.42
2021-09-24,168.79,0.05,171.74,0.05,173.68,0.05,1.09,18.27,61.17,43.06,73.65,0.45,0.5028571428571428,0.52
2021-09-24,123.46,0.02,172.38,0.03,221.72,0.04,0.78,9.44,46.15,49.58,87.75,1.1,2.12,0.66
2021-09-24,98.92,0.05,91.17,0.05,75.69,0.05,1.1,15.97,57.89,66.97,74.42,0.42,0.41678571428571426,0.73
2021-09-24,28.91,0.07,38.88,0.07,35.57,0.07,0.95,6.05,50.06,44.91,34.16,1.49,1.2814285714285716,0.95
2021-09-24,427.72,0.08,478.62,0.09,457.97,0.09,0.94,72.23,256.53,52.36,63.93,4.9,0.0,5.68
2021-09-24,400.29,0.2,262.65,0.2,202.68,0.19,1.21,39.63,164.16,43.54,52.7,0.54,0.016428571428571428,2.43
2021-09-24,864.14,0.06,1035.94,0.06,959.32,0.08,0.89,25.4,143.72,52.11,64.51,3.26,2.1903571428571427,2.29
2021-09-24,129.17,0.08,139.75,0.09,140.28,0.11,0.88,8.77,15.66,41.67,67.59,0.34,0.0,0.34
2021-09-24,86.93,0.01,120.91,0.01,159.85,0.01,0.81,4.08,17.85,20.37,73.45,0.32,0.3053571428571429,0.34
2021-09-24,299.62,0.06,304.64,0.09,294.61,0.1,0.92,30.66,82.15,50.0,61.49,0.8,0.0010714285714285715,0.75
2021-09-24,35.79,0.01,23.3,0.0,18.67,0.0,1.23,4.38,17.34,40.39,57.76,0.04,0.09321428571428572,0.21
2021-09-24,132.29,0.02,143.22,0.02,138.63,0.02,1.08,15.44,43.24,37.96,64.05,0.44,0.004285714285714286,0.66
2021-09-24,515.81,0.03,541.04,0.03,512.96,0.04,0.98,14.98,114.25,41.2,71.91,1.93,0.4517857142857143,2.28
2021-09-24,144.06,0.01,190.65,0.02,249.2,0.02,0.77,27.89,133.75,43.17,74.42,1.09,1.1225,0.86
2021-09-25,98.92,0.05,91.17,0.05,75.69,0.05,1.09,11.96,49.12,65.11,74.49,0.42,0.4325,0.73
2021-09-25,427.72,0.08,478.62,0.09,457.97,0.09,0.93,70.88,249.71,52.36,63.99,4.9,0.0,5.68
2021-09-25,28.91,0.06,38.88,0.06,35.57,0.07,0.95,5.81,49.49,44.91,34.23,1.49,1.23,0.95
2021-09-25,735.95,0.29,442.34,0.26,311.83,0.21,1.22,25.76,611.07,36.11,43.62,2.12,0.0,4.48
2021-09-25,85.36,0.02,100.24,0.02,109.27,0.02,0.85,8.79,75.83,57.15,75.2,0.98,0.7425,0.96
2021-09-25,68.68,0.01,60.49,0.01,44.38,0.01,1.04,11.12,56.16,71.76,57.07,0.28,0.20249999999999999,0.42
2021-09-25,132.29,0.02,143.22,0.02,138.63,0.02,1.08,13.9,44.78,37.96,64.1,0.44,0.003928571428571429,0.66
2021-09-25,515.81,0.03,541.04,0.03,512.96,0.04,0.99,14.87,111.1,41.2,71.95,1.93,0.4621428571428572,2.28
2021-09-25,144.06,0.01,190.65,0.02,249.2,0.02,0.77,27.09,131.42,43.07,74.49,1.09,1.0999999999999999,0.86
2021-09-25,555.29,0.15,571.28,0.14,621.72,0.14,0.89,33.71,298.78,66.46,66.38,8.78,0.0,11.25
2021-09-25,35.79,0.01,23.3,0.0,18.67,0.0,1.22,4.1,15.34,40.39,57.78,0.04,0.09499999999999999,0.21
2021-09-25,864.14,0.06,1035.94,0.06,959.32,0.07,0.89,25.72,143.93,52.11,64.53,3.26,2.231785714285714,2.29
2021-09-25,299.62,0.06,304.64,0.09,294.61,0.1,0.9,29.98,82.03,50.0,61.67,0.8,0.0014285714285714286,0.75
2021-09-25,168.79,0.05,171.74,0.05,173.68,0.05,1.1,18.27,59.71,43.06,73.72,0.45,0.5175,0.52
2021-09-25,400.29,0.2,262.65,0.2,202.68,0.19,1.17,41.51,169.82,43.52,53.0,0.54,0.019285714285714288,2.43
2021-09-26,95.65,0.03,73.13,0.02,77.29,0.02,0.93,3.61,17.69,33.8,74.14,0.36,2.1853571428571428,0.74
2021-09-26,344.74,0.07,314.9,0.08,254.48,0.08,1.16,11.31,141.02,27.25,56.36,1.16,0.6714285714285715,2.33
2021-09-26,103.87,0.01,144.06,0.02,190.65,0.02,0.77,27.02,131.05,43.06,74.5,0.97,1.0775,0.74
2021-09-26,73.14,0.02,85.36,0.02,100.24,0.02,0.85,8.98,75.53,57.11,75.29,1.0,0.7278571428571429,0.88
2021-09-26,196.35,0.09,102.73,0.05,66.19,0.03,1.59,37.69,414.05,58.1,27.3,2.11,3.2625,5.77
2021-09-26,41.55,0.01,35.79,0.0,23.3,0.0,1.21,3.81,15.63,40.38,57.79,0.08,0.09642857142857143,0.2
2021-09-26,53.13,0.04,69.14,0.05,102.07,0.06,0.75,20.48,56.35,42.13,78.79,1.32,0.6057142857142858,0.76
2021-09-26,425.96,0.03,515.81,0.03,541.04,0.03,1.0,14.9,111.81,41.2,71.97,2.31,0.47250000000000003,2.13
2021-09-26,486.4,0.14,555.29,0.14,571.28,0.14,0.88,33.71,296.36,66.45,66.59,10.26,0.0,8.21
2021-09-26,126.83,0.02,132.29,0.02,143.22,0.02,1.08,13.9,44.78,37.96,64.12,0.0,0.0035714285714285718,0.0
2021-09-26,178.58,0.05,168.79,0.05,171.74,0.06,1.1,18.45,60.83,43.06,73.72,0.69,0.5203571428571429,0.69
2021-09-26,67.07,0.01,68.68,0.01,60.49,0.01,1.04,11.35,55.09,71.76,57.47,0.3,0.21321428571428572,0.52
2021-09-26,85.38,0.04,108.76,0.03,98.55,0.03,0.96,3.89,29.01,33.71,65.89,0.64,0.0,0.6
2021-09-26,24.08,0.06,28.91,0.06,38.88,0.06,0.96,5.56,48.59,44.91,34.3,0.84,1.2146428571428571,0.57
2021-09-26,59.81,0.09,92.11,0.12,130.13,0.15,0.63,20.4,145.96,45.37,19.33,3.22,5.798214285714287,2.03
2021-09-26,853.91,0.06,864.14,0.06,1035.94,0.07,0.87,25.82,151.02,52.09,64.59,2.68,2.273214285714286,2.24
2021-09-26,213.24,0.06,299.62,0.09,304.64,0.1,0.87,29.06,82.26,50.0,61.71,0.88,0.0017857142857142859,0.67
2021-09-26,107.48,0.03,68.12,0.02,34.92,0.01,1.47,14.53,70.52,32.58,43.32,0.24,0.0,0.7
2021-09-26,433.95,0.08,427.72,0.09,478.62,0.09,0.91,70.29,246.81,52.35,64.03,5.06,0.0,5.6
2021-09-26,1020.69,0.29,735.95,0.27,442.34,0.21,1.18,26.63,640.47,36.11,43.64,3.41,0.0,5.78
2021-09-26,494.44,0.2,400.29,0.2,262.65,0.19,1.14,44.34,169.82,43.52,53.13,1.42,0.02214285714285714,3.04
2021-09-26,114.42,0.05,98.92,0.05,91.17,0.05,1.08,12.25,49.44,65.1,74.54,0.6,0.44642857142857145,0.91
2021-09-27,433.95,0.08,427.72,0.09,478.62,0.09,0.9,70.02,247.35,52.35,64.11,5.06,0.0,5.6
2021-09-27,126.83,0.02,132.29,0.02,143.22,0.02,1.08,12.35,46.32,37.96,64.13,0.0,0.0032142857142857147,0.0
2021-09-27,494.44,0.2,400.29,0.21,262.65,0.2,1.11,46.23,171.71,43.5,53.36,1.42,0.024999999999999998,3.04
2021-09-27,425.96,0.03,515.81,0.03,541.04,0.03,1.0,14.55,112.67,41.2,72.0,2.31,0.46357142857142863,2.13
2021-09-27,73.14,0.01,85.36,0.02,100.24,0.02,0.84,8.86,76.31,57.04,75.43,1.0,0.7132142857142857,0.88
2021-09-27,103.87,0.01,144.06,0.02,190.65,0.02,0.77,26.62,130.43,43.0,74.56,0.97,1.055,0.74
2021-09-27,853.91,0.06,864.14,0.06,1035.94,0.07,0.84,26.25,143.19,52.09,64.63,2.68,2.3146428571428572,2.24
2021-09-27,213.24,0.05,299.62,0.08,304.64,0.1,0.84,27.12,81.12,50.0,61.91,0.88,0.002142857142857143,0.67
2021-09-27,178.58,0.05,168.79,0.05,171.74,0.06,1.1,19.05,62.37,43.06,73.75,0.69,0.5232142857142856,0.69
2021-09-27,114.42,0.04,98.92,0.06,91.17,0.04,1.07,16.75,60.7,65.08,74.72,0.6,0.46035714285714285,0.91
2021-09-27,67.07,0.01,68.68,0.01,60.49,0.01,1.04,11.69,58.79,71.76,58.11,0.3,0.22392857142857145,0.52
2021-09-27,486.4,0.13,555.29,0.14,571.28,0.14,0.88,32.38,298.48,66.42,66.89,10.26,0.0,8.21
2021-09-27,41.55,0.01,35.79,0.0,23.3,0.0,1.21,4.0,17.63,40.38,57.83,0.08,0.09785714285714286,0.2
2021-09-27,24.08,0.07,28.91,0.06,38.88,0.06,0.96,5.32,48.43,44.91,34.38,0.84,1.1992857142857143,0.57
2021-09-28,425.96,0.03,515.81,0.03,541.04,0.03,1.01,13.97,109.96,41.2,72.03,2.31,0.45464285714285724,2.13
2021-09-28,114.42,0.04,98.92,0.05,91.17,0.05,1.06,17.01,62.05,65.07,74.83,0.6,0.47428571428571425,0.91
2021-09-28,433.95,0.08,427.72,0.08,478.62,0.09,0.89,69.57,243.45,52.34,64.19,5.06,0.0,5.6
2021-09-28,486.4,0.13,555.29,0.14,571.28,0.13,0.87,31.7,280.54,66.41,67.28,10.26,0.0,8.21
2021-09-28,213.24,0.05,299.62,0.08,304.64,0.09,0.82,26.09,81.23,50.0,62.14,0.88,0.0025,0.67
2021-09-28,178.58,0.05,168.79,0.05,171.74,0.06,1.1,18.36,58.68,43.06,73.79,0.69,0.5260714285714285,0.69
2021-09-28,494.44,0.2,400.29,0.21,262.65,0.2,1.08,47.64,178.32,43.48,53.59,1.42,0.032857142857142856,3.04
2021-09-28,73.14,0.01,85.36,0.02,100.24,0.02,0.83,8.74,75.43,56.97,75.59,1.0,0.6985714285714286,0.88
2021-09-28,126.83,0.03,132.29,0.02,143.22,0.02,1.08,12.35,41.69,37.96,64.22,0.0,0.002857142857142857,0.0
2021-09-28,1020.69,0.3,735.95,0.28,442.34,0.23,1.12,27.36,703.92,36.11,43.75,3.41,0.24214285714285716,5.78
2021-09-28,24.08,0.06,28.91,0.07,38.88,0.06,0.97,5.07,48.43,39.35,34.51,0.84,1.1839285714285714,0.57
2021-09-28,110.73,0.0,129.83,0.0,196.36,0.0,0.83,20.09,104.91,52.45,66.09,1.61,1.9425000000000001,0.54
2021-09-28,59.81,0.08,92.11,0.11,130.13,0.15,0.62,19.64,136.12,45.37,19.78,3.22,7.023214285714286,2.03
2021-09-28,853.91,0.06,864.14,0.06,1035.94,0.07,0.81,26.99,135.78,52.09,64.64,2.68,2.3560714285714286,2.24
2021-09-28,67.07,0.01,68.68,0.01,60.49,0.01,1.04,11.54,57.99,71.76,58.75,0.3,0.23464285714285715,0.52
2021-09-28,103.87,0.01,144.06,0.02,190.65,0.02,0.77,25.72,126.73,42.93,74.63,0.97,1.0325,0.74
2021-09-28,41.55,0.01,35.79,0.0,23.3,0.0,1.2,3.81,17.25,40.38,57.87,0.08,0.0992857142857143,0.2
2021-09-28,53.13,0.03,69.14,0.04,102.07,0.06,0.76,18.8,49.08,42.13,78.87,1.32,0.8814285714285715,0.76
2021-09-29,103.87,0.01,144.06,0.01,190.65,0.02,0.78,24.42,124.08,42.83,74.7,0.97,1.01,0.74
2021-09-29,178.58,0.05,168.79,0.05,171.74,0.05,1.1,18.62,59.03,43.06,73.85,0.69,0.5289285714285714,0.69
2021-09-29,59.81,0.08,92.11,0.1,130.13,0.14,0.61,19.37,130.96,45.37,20.01,3.22,7.643928571428573,2.03
2021-09-29,433.95,0.07,427.72,0.08,478.62,0.09,0.88,68.36,238.98,52.33,64.26,5.06,0.0,5.6
2021-09-29,126.83,0.04,132.29,0.02,143.22,0.02,1.08,12.35,37.06,37.96,64.27,0.0,0.0025,0.0
2021-09-29,486.4,0.12,555.29,0.14,571.28,0.13,0.86,31.62,268.75,66.38,67.67,10.26,0.0,8.21
2021-09-29,1020.69,0.3,735.95,0.28,442.34,0.24,1.1,28.38,729.68,47.22,43.82,3.41,0.4842857142857143,5.78
2021-09-29,110.73,0.0,129.83,0.0,196.36,0.0,0.83,18.97,99.33,52.43,66.11,1.61,1.8925,0.54
2021-09-29,67.07,0.01,68.68,0.01,60.49,0.01,1.04,11.27,58.45,71.76,59.4,0.3,0.24535714285714286,0.52
2021-09-29,425.96,0.03,515.81,0.03,541.04,0.03,1.01,13.91,106.96,41.2,72.06,2.31,0.4457142857142858,2.13
2021-09-29,42.48,0.05,77.91,0.07,133.73,0.11,0.43,14.59,103.2,52.31,71.15,0.51,1.3800000000000001,0.32
2021-09-29,53.13,0.03,69.14,0.04,102.07,0.06,0.76,18.23,45.96,42.13,78.93,1.32,1.0778571428571428,0.76
2021-09-29,213.24,0.05,299.62,0.07,304.64,0.09,0.82,26.09,77.91,50.0,62.38,0.88,0.0035714285714285718,0.67
2021-09-29,853.91,0.06,864.14,0.06,1035.94,0.07,0.78,27.52,138.64,52.08,64.69,2.68,2.3975,2.24
2021-09-29,41.55,0.01,35.79,0.01,23.3,0.0,1.21,3.62,17.34,40.37,57.91,0.08,0.10071428571428573,0.2
2021-09-29,494.44,0.2,400.29,0.2,262.65,0.2,1.05,48.59,183.03,43.46,53.8,1.42,0.04071428571428572,3.04
2021-09-29,73.14,0.01,85.36,0.02,100.24,0.02,0.83,8.69,72.99,56.9,75.74,1.0,0.6839285714285713,0.88
2021-09-29,114.42,0.04,98.92,0.05,91.17,0.05,1.05,17.22,63.17,65.06,74.95,0.6,0.4882142857142857,0.91
2021-09-29,24.08,0.06,28.91,0.07,38.88,0.06,0.97,5.15,47.28,39.35,34.65,0.84,1.1685714285714286,0.57
2021-09-30,178.58,0.05,168.79,0.05,171.74,0.05,1.1,18.53,59.28,43.06,73.89,0.69,0.5317857142857143,0.69
2021-09-30,486.4,0.11,555.29,0.15,571.28,0.13,0.85,31.62,260.15,66.36,68.09,10.26,0.0,8.21
2021-09-30,494.44,0.2,400.29,0.2,262.65,0.2,1.03,47.64,184.45,43.42,54.09,1.42,0.04857142857142858,3.04
2021-09-30,1020.69,0.3,735.95,0.29,442.34,0.25,1.09,27.8,756.31,47.22,43.87,3.41,0.7264285714285714,5.78
2021-09-30,213.24,0.05,299.62,0.07,304.64,0.09,0.82,23.68,77.68,50.0,62.61,0.88,0.004642857142857143,0.67
2021-09-30,73.14,0.01,85.36,0.02,100.24,0.02,0.82,8.55,70.38,56.84,75.9,1.0,0.6692857142857144,0.88
2021-09-30,433.95,0.07,427.72,0.08,478.62,0.09,0.89,66.76,234.24,52.33,64.34,5.06,0.0,5.6
2021-09-30,425.96,0.03,515.81,0.03,541.04,0.03,1.01,13.57,103.42,41.2,72.1,2.31,0.4367857142857143,2.13
2021-09-30,103.87,0.01,144.06,0.01,190.65,0.02,0.78,23.73,121.47,42.77,74.77,0.97,0.9874999999999999,0.74
2021-09-30,114.42,0.04,98.92,0.05,91.17,0.05,1.05,17.66,63.84,65.05,75.08,0.6,0.5021428571428571,0.91
2021-09-30,126.83,0.05,132.29,0.02,143.22,0.02,1.09,12.35,37.06,37.96,64.32,0.0,0.002142857142857143,0.0
2021-09-30,67.07,0.01,68.68,0.01,60.49,0.01,1.05,11.5,57.61,71.76,60.07,0.3,0.25607142857142856,0.52
2021-09-30,853.91,0.05,864.14,0.06,1035.94,0.06,0.77,28.57,135.36,52.07,64.73,2.68,2.4089285714285715,2.24
2021-09-30,53.13,0.03,69.14,0.04,102.07,0.05,0.77,17.6,44.39,42.13,79.0,1.32,1.2742857142857142,0.76
2021-09-30,110.73,0.0,129.83,0.0,196.36,0.0,0.84,17.86,89.28,52.42,66.15,1.61,1.8425,0.54
2021-09-30,41.55,0.01,35.79,0.01,23.3,0.0,1.21,3.62,17.44,40.37,57.95,0.08,0.10214285714285716,0.2
2021-09-30,59.81,0.07,92.11,0.1,130.13,0.14,0.6,18.45,124.64,45.37,20.23,3.22,8.264642857142857,2.03
2021-10-01,94.45,0.01,123.46,0.02,172.38,0.03,0.81,7.4,39.92,49.46,88.12,0.77,2.2478571428571428,0.55
2021-10-01,213.24,0.04,299.62,0.06,304.64,0.09,0.83,24.37,71.28,50.0,62.82,0.88,0.005714285714285714,0.67
2021-10-01,24.08,0.05,28.91,0.07,38.88,0.07,0.99,4.74,42.87,39.35,34.73,0.84,1.137857142857143,0.57
2021-10-01,103.87,0.01,144.06,0.01,190.65,0.02,0.78,23.39,119.55,42.68,74.84,0.97,0.9692857142857143,0.74
2021-10-01,59.81,0.07,92.11,0.1,130.13,0.13,0.59,18.11,121.56,45.37,20.26,3.22,8.885357142857144,2.03
2021-10-01,59.39,0.01,86.93,0.01,120.91,0.01,0.95,2.89,14.79,20.37,73.6,0.51,0.36464285714285716,0.36
2021-10-01,853.91,0.05,864.14,0.06,1035.94,0.06,0.75,29.21,130.7,52.06,64.77,2.68,2.4203571428571427,2.24
2021-10-01,224.31,0.0,217.83,0.01,169.2,0.01,0.97,25.17,96.98,54.95,64.92,0.93,0.7271428571428571,1.23
2021-10-01,178.58,0.04,168.79,0.05,171.74,0.05,1.11,17.93,56.8,43.06,73.95,0.69,0.5346428571428571,0.69
2021-10-01,108.79,0.07,129.17,0.08,139.75,0.09,0.88,8.37,11.67,41.67,67.94,0.3,0.0,0.19
2021-10-01,126.83,0.05,132.29,0.02,143.22,0.02,1.09,12.35,32.43,34.26,64.39,0.0,0.0017857142857142859,0.0
2021-10-01,73.14,0.01,85.36,0.02,100.24,0.02,0.82,8.28,68.46,56.78,76.06,1.0,0.6546428571428571,0.88
2021-10-01,494.44,0.19,400.29,0.2,262.65,0.2,1.02,48.59,190.58,43.37,54.36,1.42,0.05642857142857143,3.04
2021-10-01,67.07,0.01,68.68,0.01,60.49,0.01,1.05,11.38,58.41,71.76,60.62,0.3,0.2667857142857143,0.52
2021-10-01,433.95,0.07,427.72,0.08,478.62,0.09,0.89,65.58,228.76,52.32,64.44,5.06,0.0,5.6
2021-10-01,41.55,0.01,35.79,0.01,23.3,0.0,1.22,4.0,17.92,40.36,58.01,0.08,0.10357142857142856,0.2
2021-10-01,114.42,0.04,98.92,0.05,91.17,0.05,1.04,17.97,64.54,65.03,75.21,0.6,0.5160714285714286,0.91
2021-10-01,1020.69,0.3,735.95,0.29,442.34,0.25,1.08,29.25,786.0,47.22,43.93,3.41,0.9685714285714286,5.78
2021-10-01,425.96,0.03,515.81,0.03,541.04,0.03,1.02,13.01,99.74,41.2,72.14,2.31,0.4278571428571429,2.13
2021-10-01,486.4,0.1,555.29,0.15,571.28,0.14,0.85,30.38,257.26,66.34,68.45,10.26,0.0,8.21
2021-10-02,494.44,0.19,400.29,0.2,262.65,0.2,1.01,48.12,179.73,43.37,54.42,1.42,0.0642857142857143,3.04
2021-10-02,114.42,0.04,98.92,0.05,91.17,0.05,1.04,13.84,54.9,65.02,75.28,0.6,0.5299999999999999,0.91
2021-10-02,853.91,0.05,864.14,0.06,1035.94,0.06,0.74,30.27,123.08,52.06,64.79,2.68,2.4317857142857138,2.24
2021-10-02,126.83,0.04,132.29,0.02,143.22,0.02,1.09,10.81,35.52,34.26,64.46,0.0,0.0014285714285714286,0.0
2021-10-02,103.87,0.01,144.06,0.01,190.65,0.02,0.79,23.17,117.68,42.61,74.9,0.97,0.9510714285714286,0.74
2021-10-02,433.95,0.07,427.72,0.08,478.62,0.09,0.9,64.23,221.13,52.32,64.5,5.06,0.0,5.6
2021-10-02,486.4,0.1,555.29,0.15,571.28,0.14,0.84,30.32,252.75,66.32,68.82,10.26,0.0,8.21
2021-10-02,213.24,0.04,299.62,0.06,304.64,0.09,0.82,23.68,66.47,50.0,62.95,0.88,0.0067857142857142855,0.67
2021-10-02,425.96,0.03,515.81,0.03,541.04,0.03,1.02,12.95,100.36,41.2,72.18,2.31,0.41892857142857143,2.13
2021-10-02,24.08,0.06,28.91,0.06,38.88,0.06,1.0,4.99,40.66,39.35,34.76,0.84,1.1225,0.57
2021-10-02,41.55,0.01,35.79,0.01,23.3,0.0,1.23,4.38,17.92,40.36,58.02,0.08,0.105,0.2
2021-10-02,178.58,0.04,168.79,0.05,171.74,0.05,1.11,16.82,55.42,43.06,74.03,0.69,0.5375,0.69
2021-10-02,73.14,0.01,85.36,0.02,100.24,0.02,0.82,8.15,67.38,56.73,76.21,1.0,0.64,0.88
2021-10-02,67.07,0.01,68.68,0.01,60.49,0.01,1.06,11.42,57.03,71.76,61.02,0.3,0.27749999999999997,0.52
2021-10-03,153.11,0.04,213.24,0.06,299.62,0.09,0.82,24.03,67.04,50.0,62.97,0.75,0.007857142857142858,0.63
2021-10-03,58.63,0.03,85.38,0.04,108.76,0.03,0.93,3.98,24.84,33.64,66.31,0.74,0.0,0.49
2021-10-03,167.19,0.04,178.58,0.05,168.79,0.05,1.11,17.33,57.22,43.06,74.03,0.52,0.5446428571428571,0.71
2021-10-03,418.06,0.19,494.44,0.2,400.29,0.2,1.01,49.06,187.28,43.36,54.45,2.43,0.07214285714285715,3.65
2021-10-03,68.14,0.01,67.07,0.01,68.68,0.01,1.07,11.16,58.75,71.76,61.31,0.42,0.29214285714285715,0.6
2021-10-03,43.07,0.03,53.13,0.04,69.14,0.05,0.8,16.93,43.08,42.13,79.09,1.11,1.8635714285714287,0.57
2021-10-03,632.89,0.05,853.91,0.06,864.14,0.06,0.72,29.63,128.37,52.05,64.85,2.29,2.443214285714286,2.02
2021-10-03,319.6,0.11,196.35,0.09,102.73,0.05,1.51,54.28,574.28,60.32,27.77,3.69,1.3982142857142859,8.68
2021-10-03,135.79,0.04,126.83,0.02,132.29,0.02,1.09,12.35,30.88,34.26,64.47,0.66,0.0010714285714285715,0.22
2021-10-03,44.7,0.01,41.55,0.01,35.79,0.0,1.25,4.29,18.77,40.36,58.03,0.21,0.10892857142857142,0.15
2021-10-03,35.79,0.07,59.81,0.09,92.11,0.12,0.59,17.31,119.74,45.37,20.32,3.13,10.126785714285715,1.72
2021-10-03,356.5,0.07,433.95,0.08,427.72,0.09,0.9,63.68,219.22,52.31,64.53,5.68,0.0,5.43
2021-10-03,59.76,0.01,73.14,0.02,85.36,0.02,0.83,8.18,66.36,56.71,76.3,0.96,0.64,0.83
2021-10-03,951.78,0.31,1020.69,0.29,735.95,0.27,1.08,31.58,845.66,47.22,43.99,4.48,1.4528571428571428,6.79
2021-10-03,109.0,0.04,114.42,0.05,98.92,0.05,1.04,13.96,54.79,65.02,75.34,0.73,0.5492857142857143,1.1
2021-10-03,413.41,0.1,486.4,0.14,555.29,0.14,0.84,29.55,248.19,66.31,69.18,11.25,0.0,5.13
2021-10-03,507.19,0.03,425.96,0.03,515.81,0.03,1.02,12.43,98.33,41.2,72.2,2.28,0.41000000000000003,1.88
2021-10-03,80.26,0.01,103.87,0.01,144.06,0.02,0.8,23.26,117.88,42.59,74.91,0.86,0.9328571428571429,0.61
2021-10-03,22.42,0.06,24.08,0.06,28.91,0.06,1.01,4.99,39.02,39.35,34.79,0.95,1.0996428571428571,0.64
2021-10-03,400.4,0.09,344.74,0.07,314.9,0.08,1.19,13.57,155.35,27.2,56.89,1.48,0.6100000000000001,2.43
2021-10-03,148.26,0.04,107.48,0.03,68.12,0.02,1.34,19.14,92.5,32.53,43.62,0.29,0.004285714285714286,1.88
2021-10-03,106.02,0.03,95.65,0.03,73.13,0.02,1.07,3.79,18.77,33.8,74.51,0.54,2.034642857142857,0.8
2021-10-04,413.41,0.1,486.4,0.13,555.29,0.14,0.83,27.43,241.35,66.29,69.7,11.25,0.0,5.13
2021-10-04,507.19,0.03,425.96,0.03,515.81,0.03,1.03,12.31,101.79,41.2,72.24,2.28,0.41000000000000003,1.88
2021-10-04,88.63,0.0,110.73,0.0,129.83,0.0,0.87,17.86,90.4,52.33,66.35,1.07,1.6125,0.32
2021-10-04,135.79,0.04,126.83,0.02,132.29,0.02,1.09,13.9,33.97,37.96,64.48,0.66,0.0007142857142857142,0.22
2021-10-04,43.07,0.03,53.13,0.04,69.14,0.05,0.81,16.15,41.88,42.13,79.13,1.11,2.06,0.57
2021-10-04,44.7,0.01,41.55,0.01,35.79,0.0,1.26,4.67,21.82,40.36,58.07,0.21,0.11285714285714286,0.15
2021-10-04,35.79,0.06,59.81,0.08,92.11,0.12,0.59,16.9,115.72,45.37,20.48,3.13,10.7475,1.72
2021-10-04,632.89,0.05,853.91,0.06,864.14,0.06,0.7,29.42,127.53,52.05,64.9,2.29,2.4546428571428573,2.02
2021-10-04,109.0,0.04,114.42,0.04,98.92,0.06,1.04,17.97,65.66,65.0,75.47,0.73,0.5685714285714286,1.1
2021-10-04,153.11,0.04,213.24,0.05,299.62,0.08,0.81,22.88,67.04,50.0,63.11,0.75,0.008928571428571428,0.63
2021-10-04,356.5,0.07,433.95,0.08,427.72,0.09,0.9,62.83,218.41,52.31,64.62,5.68,0.0,5.43
2021-10-04,167.19,0.05,178.58,0.05,168.79,0.05,1.12,17.67,60.06,43.06,74.06,0.52,0.5517857142857142,0.71
2021-10-04,22.42,0.06,24.08,0.07,28.91,0.06,1.02,4.99,37.3,39.35,34.91,0.95,1.0767857142857142,0.64
2021-10-04,68.14,0.01,67.07,0.01,68.68,0.01,1.09,11.35,59.25,71.76,61.87,0.42,0.3067857142857143,0.6
2021-10-04,80.26,0.01,103.87,0.01,144.06,0.02,0.81,23.17,117.68,42.54,74.96,0.86,0.9146428571428571,0.61
2021-10-04,418.06,0.19,494.44,0.2,400.29,0.21,1.01,50.0,200.96,43.34,54.58,2.43,0.08,3.65
2021-10-04,59.76,0.01,73.14,0.01,85.36,0.02,0.84,8.27,67.33,56.65,76.44,0.96,0.64,0.83
2021-10-05,44.7,0.01,41.55,0.01,35.79,0.0,1.28,5.05,21.54,40.36,58.07,0.21,0.11678571428571428,0.15
2021-10-05,418.06,0.19,494.44,0.2,400.29,0.21,1.0,49.06,197.66,43.31,54.76,2.43,0.0975,3.65
2021-10-05,507.19,0.03,425.96,0.03,515.81,0.03,1.03,12.24,101.54,41.2,72.28,2.28,0.41000000000000003,1.88
2021-10-05,153.11,0.04,213.24,0.05,299.62,0.08,0.8,21.62,66.7,50.0,63.26,0.75,0.009999999999999998,0.63
2021-10-05,109.0,0.04,114.42,0.04,98.92,0.05,1.03,18.2,65.79,64.99,75.56,0.73,0.5878571428571429,1.1
2021-10-05,59.76,0.01,73.14,0.01,85.36,0.02,0.85,7.78,65.67,56.6,76.58,0.96,0.6399999999999999,0.83
2021-10-05,22.42,0.06,24.08,0.06,28.91,0.07,1.03,5.73,36.16,31.02,35.01,0.95,1.0539285714285715,0.64
2021-10-05,951.78,0.32,1020.69,0.3,735.95,0.28,1.07,36.53,895.72,47.22,44.13,4.48,2.5421428571428573,6.79
2021-10-05,356.5,0.07,433.95,0.08,427.72,0.08,0.89,61.73,214.39,52.3,64.71,5.68,0.0,5.43
2021-10-05,632.89,0.04,853.91,0.06,864.14,0.06,0.69,29.42,120.65,52.05,64.91,2.29,2.466071428571429,2.02
2021-10-05,43.07,0.03,53.13,0.03,69.14,0.04,0.82,15.31,39.42,42.13,79.18,1.11,2.375714285714286,0.57
2021-10-05,167.19,0.05,178.58,0.05,168.79,0.05,1.12,17.76,60.23,43.06,74.1,0.52,0.5589285714285713,0.71
2021-10-05,413.41,0.09,486.4,0.13,555.29,0.14,0.82,28.79,232.86,66.27,70.22,11.25,0.0,5.13
2021-10-05,68.14,0.01,67.07,0.01,68.68,0.01,1.1,11.31,56.5,71.76,62.45,0.42,0.32142857142857145,0.6
2021-10-05,80.26,0.01,103.87,0.01,144.06,0.02,0.81,22.47,115.04,42.49,75.01,0.86,0.8964285714285715,0.61
2021-10-05,135.79,0.04,126.83,0.03,132.29,0.02,1.09,13.9,38.6,37.96,64.55,0.66,0.00035714285714285714,0.22
2021-10-06,167.19,0.05,178.58,0.05,168.79,0.05,1.13,18.62,59.97,43.06,74.16,0.52,0.5660714285714286,0.71
2021-10-06,632.89,0.04,853.91,0.06,864.14,0.06,0.68,27.94,123.08,52.04,65.02,2.29,2.4775,2.02
2021-10-06,59.76,0.01,73.14,0.01,85.36,0.02,0.86,7.62,63.81,56.55,76.72,0.96,0.64,0.83
2021-10-06,418.06,0.19,494.44,0.2,400.29,0.2,1.0,52.83,190.11,43.29,54.87,2.43,0.11499999999999999,3.65
2021-10-06,43.07,0.02,53.13,0.03,69.14,0.04,0.82,14.76,38.1,42.13,79.23,1.11,2.6914285714285713,0.57
2021-10-06,44.7,0.01,41.55,0.01,35.79,0.01,1.29,4.86,24.11,40.35,58.11,0.21,0.1207142857142857,0.15
2021-10-06,507.19,0.03,425.96,0.03,515.81,0.03,1.03,12.04,99.99,41.2,72.33,2.28,0.41000000000000003,1.88
2021-10-06,20.53,0.03,42.48,0.05,77.91,0.07,0.44,9.21,60.24,50.46,73.45,0.46,1.3800000000000001,0.28
2021-10-06,88.63,0.0,110.73,0.0,129.83,0.0,0.9,18.97,90.4,46.74,66.41,1.07,1.4825,0.32
2021-10-06,68.14,0.01,67.07,0.01,68.68,0.01,1.11,11.58,57.84,71.76,63.0,0.42,0.3360714285714286,0.6
2021-10-06,109.0,0.04,114.42,0.04,98.92,0.05,1.01,18.07,66.94,64.98,75.66,0.73,0.6071428571428571,1.1
2021-10-06,413.41,0.09,486.4,0.12,555.29,0.14,0.82,28.58,230.21,66.25,70.81,11.25,0.0,5.13
2021-10-06,22.42,0.06,24.08,0.06,28.91,0.07,1.04,5.07,36.81,31.02,35.12,0.95,1.0310714285714284,0.64
2021-10-06,80.26,0.01,103.87,0.01,144.06,0.01,0.82,21.62,113.93,42.42,75.07,0.86,0.8782142857142857,0.61
2021-10-06,153.11,0.04,213.24,0.05,299.62,0.07,0.81,21.17,64.07,50.0,63.42,0.75,0.01107142857142857,0.63
2021-10-06,356.5,0.07,433.95,0.07,427.72,0.08,0.88,60.3,209.0,52.3,64.8,5.68,0.0,5.43
2021-10-06,951.78,0.32,1020.69,0.3,735.95,0.28,1.06,35.36,908.24,47.22,44.19,4.48,3.3892857142857147,6.79
2021-10-06,135.79,0.04,126.83,0.04,132.29,0.02,1.1,12.35,40.15,37.96,64.59,0.66,0.0,0.22
2021-10-07,356.5,0.06,433.95,0.07,427.72,0.08,0.88,58.54,203.72,52.29,64.88,5.68,0.0,5.43
2021-10-07,80.26,0.01,103.87,0.01,144.06,0.01,0.83,20.85,111.56,42.38,75.13,0.86,0.86,0.61
2021-10-07,44.7,0.01,41.55,0.01,35.79,0.01,1.32,4.76,23.92,40.35,58.15,0.21,0.12464285714285715,0.15
2021-10-07,59.76,0.01,73.14,0.01,85.36,0.02,0.87,7.45,61.62,56.51,76.87,0.96,0.6399999999999999,0.83
2021-10-07,167.19,0.05,178.58,0.05,168.79,0.05,1.14,18.27,61.26,43.06,74.2,0.52,0.5732142857142858,0.71
2021-10-07,507.19,0.03,425.96,0.03,515.81,0.03,1.03,12.07,97.76,41.2,72.38,2.28,0.41000000000000003,1.88
2021-10-07,418.06,0.19,494.44,0.2,400.29,0.2,1.0,50.48,198.13,43.25,54.99,2.43,0.1325,3.65
2021-10-07,951.78,0.32,1020.69,0.3,735.95,0.29,1.05,35.07,917.41,47.22,44.24,4.48,4.236428571428571,6.79
2021-10-07,43.07,0.02,53.13,0.03,69.14,0.04,0.83,14.17,36.31,42.13,79.28,1.11,3.007142857142857,0.57
2021-10-07,135.79,0.04,126.83,0.05,132.29,0.02,1.11,13.9,40.15,37.96,64.64,0.66,0.0,0.22
2021-10-07,109.0,0.04,114.42,0.04,98.92,0.05,1.0,14.51,56.64,64.97,75.76,0.73,0.6264285714285716,1.1
2021-10-07,35.79,0.05,59.81,0.07,92.11,0.1,0.61,16.41,109.79,45.37,21.03,3.13,12.1275,1.72
2021-10-07,68.14,0.01,67.07,0.01,68.68,0.01,1.11,11.46,56.65,71.76,63.6,0.42,0.35071428571428565,0.6
2021-10-07,632.89,0.04,853.91,0.05,864.14,0.06,0.68,28.04,119.7,52.02,65.13,2.29,2.453928571428571,2.02
2021-10-07,413.41,0.09,486.4,0.11,555.29,0.15,0.81,27.02,224.26,66.23,71.32,11.25,0.0,5.13
2021-10-07,153.11,0.04,213.24,0.05,299.62,0.07,0.82,20.25,57.89,50.0,63.55,0.75,0.012142857142857141,0.63
2021-10-07,22.42,0.06,24.08,0.07,28.91,0.06,1.04,4.74,36.57,31.02,35.18,0.95,1.0082142857142855,0.64
2021-10-08,59.76,0.01,73.14,0.01,85.36,0.02,0.87,7.27,60.08,56.47,76.98,0.96,0.64,0.83
2021-10-08,356.5,0.06,433.95,0.07,427.72,0.08,0.89,56.97,198.42,52.28,64.98,5.68,0.0,5.43
2021-10-08,135.79,0.04,126.83,0.05,132.29,0.02,1.12,12.35,35.52,37.96,64.69,0.66,0.0,0.22
2021-10-08,167.19,0.05,178.58,0.04,168.79,0.05,1.15,17.5,60.31,32.18,74.26,0.52,0.5803571428571429,0.71
2021-10-08,632.89,0.04,853.91,0.05,864.14,0.06,0.68,25.82,114.62,52.02,65.19,2.29,2.430357142857143,2.02
2021-10-08,84.93,0.01,94.45,0.01,123.46,0.02,0.87,6.52,34.76,48.31,88.37,0.66,2.0835714285714286,0.62
2021-10-08,184.97,0.01,224.31,0.0,217.83,0.01,1.01,24.61,94.86,46.53,65.42,1.07,0.9289285714285714,1.21
2021-10-08,153.11,0.04,213.24,0.04,299.62,0.06,0.83,20.02,57.2,50.0,63.69,0.75,0.013214285714285715,0.63
2021-10-08,418.06,0.2,494.44,0.19,400.29,0.2,1.0,53.78,197.66,43.22,55.07,2.43,0.15,3.65
2021-10-08,80.26,0.01,103.87,0.01,144.06,0.01,0.84,19.98,109.27,42.3,75.22,0.86,0.839642857142857,0.61
2021-10-08,55.44,0.01,59.39,0.01,86.93,0.01,1.08,2.55,14.11,20.37,73.71,0.34,0.3810714285714286,0.56
2021-10-08,44.7,0.01,41.55,0.01,35.79,0.01,1.35,4.29,23.25,40.35,58.19,0.21,0.1285714285714286,0.15
2021-10-08,507.19,0.03,425.96,0.03,515.81,0.03,1.03,11.92,95.45,39.97,72.44,2.28,0.41000000000000003,1.88
2021-10-08,92.82,0.08,108.79,0.07,129.17,0.08,1.0,6.15,11.9,41.33,68.26,0.34,0.0,0.22
2021-10-08,109.0,0.04,114.42,0.04,98.92,0.05,0.99,17.81,65.43,64.96,75.84,0.73,0.6457142857142857,1.1
2021-10-08,413.41,0.09,486.4,0.1,555.29,0.15,0.81,26.31,216.86,66.22,71.64,11.25,0.0,5.13
2021-10-08,22.42,0.06,24.08,0.05,28.91,0.07,1.05,4.99,36.48,31.02,35.23,0.95,0.9853571428571427,0.64
2021-10-08,68.14,0.01,67.07,0.01,68.68,0.01,1.11,11.54,56.08,71.76,64.14,0.42,0.3653571428571429,0.6
2021-10-09,413.41,0.09,486.4,0.1,555.29,0.15,0.8,26.02,211.32,66.2,71.92,11.25,0.0,5.13
2021-10-09,951.78,0.32,1020.69,0.31,735.95,0.29,1.02,36.82,932.83,47.22,44.33,4.48,5.930714285714286,6.79
2021-10-09,135.79,0.04,126.83,0.04,132.29,0.02,1.13,12.35,37.06,37.96,64.75,0.66,0.0,0.22
2021-10-09,418.06,0.2,494.44,0.19,400.29,0.2,1.0,56.61,199.07,43.22,55.09,2.43,0.16749999999999998,3.65
2021-10-09,356.5,0.06,433.95,0.07,427.72,0.08,0.89,55.99,191.65,52.28,65.03,5.68,0.0,5.43
2021-10-09,59.76,0.01,73.14,0.01,85.36,0.02,0.87,7.32,59.1,56.44,77.09,0.96,0.6399999999999999,0.83
2021-10-09,80.26,0.01,103.87,0.01,144.06,0.01,0.85,19.54,107.56,42.25,75.28,0.86,0.8192857142857143,0.61
2021-10-09,88.63,0.0,110.73,0.0,129.83,0.0,0.95,18.97,81.47,46.7,66.54,1.07,1.2875,0.32
2021-10-09,167.19,0.05,178.58,0.04,168.79,0.05,1.16,17.42,59.8,32.17,74.32,0.52,0.5875,0.71
2021-10-09,153.11,0.04,213.24,0.04,299.62,0.06,0.84,19.45,55.72,50.0,63.77,0.75,0.014285714285714285,0.63
2021-10-09,507.19,0.03,425.96,0.03,515.81,0.03,1.03,11.32,93.32,39.97,72.48,2.28,0.41000000000000003,1.88
2021-10-09,632.89,0.04,853.91,0.05,864.14,0.06,0.66,26.99,108.8,52.02,65.22,2.29,2.4067857142857148,2.02
2021-10-09,109.0,0.04,114.42,0.04,98.92,0.05,0.98,14.2,56.64,64.95,75.89,0.73,0.6649999999999999,1.1
2021-10-09,22.42,0.06,24.08,0.06,28.91,0.06,1.06,5.15,36.08,31.02,35.25,0.95,0.9625,0.64
2021-10-09,44.7,0.01,41.55,0.01,35.79,0.01,1.37,4.19,22.3,40.35,58.2,0.21,0.1325,0.15
2021-10-09,68.14,0.01,67.07,0.01,68.68,0.01,1.11,11.42,57.15,71.76,64.49,0.42,0.38,0.6
2021-10-10,326.64,0.08,413.41,0.1,486.4,0.14,0.8,25.13,219.25,66.19,72.21,8.21,0.0,2.66
2021-10-10,126.43,0.04,153.11,0.04,213.24,0.06,0.85,18.53,55.15,50.0,63.79,0.67,0.015357142857142857,0.49
2021-10-10,525.89,0.12,400.4,0.09,344.74,0.07,1.21,17.34,180.99,27.18,57.31,2.33,0.5639285714285714,2.86
2021-10-10,60.56,0.01,44.7,0.01,41.55,0.01,1.38,4.96,23.54,40.35,58.21,0.2,0.13642857142857143,0.35
2021-10-10,391.62,0.03,632.89,0.05,853.91,0.06,0.66,26.14,110.28,52.01,65.34,2.24,2.3832142857142857,1.58
2021-10-10,68.71,0.01,80.26,0.01,103.87,0.01,0.87,19.55,107.77,42.24,75.29,0.74,0.7989285714285713,0.42
2021-10-10,164.97,0.05,167.19,0.04,178.58,0.05,1.17,16.9,60.4,32.17,74.32,0.69,0.5967857142857144,0.81
2021-10-10,316.09,0.06,356.5,0.07,433.95,0.08,0.89,55.48,190.31,52.28,65.06,5.6,0.0,4.89
2021-10-10,414.34,0.2,418.06,0.19,494.44,0.2,1.0,57.08,200.02,43.22,55.09,3.04,0.185,3.38
2021-10-10,52.36,0.01,59.76,0.01,73.14,0.02,0.87,7.3,57.96,56.42,77.15,0.88,0.6489285714285714,0.66
2021-10-10,22.07,0.04,35.79,0.07,59.81,0.09,0.61,15.16,104.7,48.15,21.44,2.03,13.507499999999999,1.23
2021-10-10,57.81,0.03,58.63,0.03,85.38,0.04,1.0,3.51,23.32,15.99,66.63,0.6,0.0,0.72
2021-10-10,26.35,0.06,22.42,0.06,24.08,0.06,1.07,5.48,34.93,31.02,35.27,0.57,0.932142857142857,0.46
2021-10-10,83.97,0.01,68.14,0.01,67.07,0.01,1.12,11.31,57.15,71.76,64.73,0.52,0.3914285714285714,0.65
2021-10-10,136.88,0.04,135.79,0.04,126.83,0.02,1.14,12.35,38.6,37.96,64.76,0.0,0.0,0.66
2021-10-10,100.45,0.05,106.02,0.03,95.65,0.03,1.11,4.33,22.02,24.07,74.84,0.74,2.0846428571428572,0.46
2021-10-10,195.89,0.04,148.26,0.04,107.48,0.03,1.29,24.81,119.78,32.49,43.87,0.7,0.013571428571428571,1.64
2021-10-10,36.1,0.02,43.07,0.03,53.13,0.04,0.85,13.35,36.25,43.98,79.33,0.76,3.954285714285714,0.45
2021-10-10,111.63,0.04,109.0,0.04,114.42,0.05,0.97,14.2,56.38,64.94,75.94,0.91,0.6892857142857143,0.96
2021-10-10,274.5,0.11,222.62,0.09,227.98,0.08,1.16,66.2,759.66,46.3,20.76,9.71,9.250714285714286,13.0
2021-10-10,493.0,0.03,507.19,0.03,425.96,0.03,1.03,11.52,95.56,39.97,72.52,2.13,0.41000000000000003,1.76
2021-10-11,493.0,0.03,507.19,0.03,425.96,0.03,1.04,11.39,98.45,39.97,72.57,2.13,0.3935714285714286,1.76
2021-10-11,126.43,0.04,153.11,0.04,213.24,0.05,0.85,17.96,55.72,50.0,63.88,0.67,0.016428571428571428,0.49
2021-10-11,111.63,0.04,109.0,0.04,114.42,0.04,0.96,17.76,66.31,64.93,76.04,0.91,0.7135714285714286,0.96
2021-10-11,391.62,0.03,632.89,0.05,853.91,0.06,0.64,25.72,106.15,52.0,65.45,2.24,2.3596428571428576,1.58
2021-10-11,60.56,0.01,44.7,0.01,41.55,0.01,1.4,5.53,28.78,40.34,58.24,0.2,0.14035714285714287,0.35
2021-10-11,36.1,0.02,43.07,0.03,53.13,0.04,0.86,12.66,35.12,43.98,79.36,0.76,4.2700000000000005,0.45
2021-10-11,68.71,0.01,80.26,0.01,103.87,0.01,0.89,19.58,107.63,42.21,75.34,0.74,0.7785714285714286,0.42
2021-10-11,326.64,0.08,413.41,0.1,486.4,0.13,0.8,25.43,207.17,66.18,72.6,8.21,0.0,2.66
2021-10-11,316.09,0.06,356.5,0.07,433.95,0.08,0.89,55.2,190.63,52.27,65.13,5.6,0.0,4.89
2021-10-11,164.97,0.05,167.19,0.05,178.58,0.05,1.18,18.1,62.97,32.17,74.34,0.69,0.6060714285714287,0.81
2021-10-11,414.34,0.2,418.06,0.19,494.44,0.2,1.0,56.61,203.32,43.19,55.13,3.04,0.20249999999999999,3.38
2021-10-11,136.88,0.04,135.79,0.04,126.83,0.02,1.15,10.81,35.52,37.96,64.76,0.0,0.0,0.66
2021-10-11,83.97,0.01,68.14,0.01,67.07,0.01,1.12,11.38,58.64,71.76,65.04,0.52,0.40285714285714286,0.65
2021-10-11,52.36,0.01,59.76,0.01,73.14,0.01,0.87,7.4,58.76,56.38,77.25,0.88,0.6578571428571429,0.66
2021-10-11,26.35,0.07,22.42,0.06,24.08,0.07,1.08,4.99,35.58,31.02,35.42,0.57,0.9017857142857143,0.46
2021-10-12,164.97,0.05,167.19,0.05,178.58,0.05,1.19,18.02,64.17,32.16,74.38,0.69,0.6153571428571427,0.81
2021-10-12,22.07,0.04,35.79,0.06,59.81,0.08,0.6,14.66,100.78,48.15,21.81,2.03,14.089642857142858,1.23
2021-10-12,26.35,0.07,22.42,0.06,24.08,0.06,1.08,4.66,36.4,31.02,35.5,0.57,0.8714285714285713,0.46
2021-10-12,414.34,0.19,418.06,0.19,494.44,0.2,1.0,56.61,200.96,43.15,55.19,3.04,0.22892857142857143,3.38
2021-10-12,83.97,0.01,68.14,0.01,67.07,0.01,1.1,11.12,58.3,71.76,65.56,0.52,0.41428571428571426,0.65
2021-10-12,52.36,0.01,59.76,0.01,73.14,0.01,0.86,7.33,57.61,56.35,77.34,0.88,0.6667857142857143,0.66
2021-10-12,136.88,0.05,135.79,0.04,126.83,0.03,1.15,10.81,30.88,37.96,64.83,0.0,0.0,0.66
2021-10-12,493.0,0.03,507.19,0.03,425.96,0.03,1.04,11.85,99.59,39.97,72.64,2.13,0.37714285714285717,1.76
2021-10-12,111.63,0.04,109.0,0.04,114.42,0.04,0.95,17.6,67.25,64.92,76.12,0.91,0.7378571428571429,0.96
2021-10-12,36.1,0.02,43.07,0.03,53.13,0.03,0.87,12.07,34.06,43.98,79.39,0.76,4.577500000000001,0.45
2021-10-12,126.43,0.03,153.11,0.04,213.24,0.05,0.85,18.88,52.97,50.0,63.98,0.67,0.017499999999999998,0.49
2021-10-12,68.71,0.01,80.26,0.01,103.87,0.01,0.9,18.86,104.64,42.16,75.39,0.74,0.7582142857142857,0.42
2021-10-12,326.64,0.08,413.41,0.09,486.4,0.13,0.79,24.78,203.1,66.17,72.98,8.21,0.0,2.66
2021-10-12,316.09,0.06,356.5,0.07,433.95,0.08,0.88,53.98,187.73,52.27,65.21,5.6,0.0,4.89
2021-10-12,391.62,0.03,632.89,0.04,853.91,0.06,0.63,24.87,98.74,51.99,65.54,2.24,2.336071428571429,1.58
2021-10-12,60.56,0.01,44.7,0.01,41.55,0.01,1.41,6.86,28.78,43.12,58.27,0.2,0.1442857142857143,0.35
2021-10-12,1051.67,0.32,951.78,0.32,1020.69,0.3,0.98,39.15,948.7,40.74,44.44,5.78,7.625,7.4
2021-10-12,77.9,0.0,88.63,0.0,110.73,0.0,1.01,15.62,68.08,46.66,66.62,0.54,1.115,0.43
2021-10-13,326.64,0.07,413.41,0.09,486.4,0.12,0.79,24.84,200.39,66.16,73.33,8.21,0.0,2.66
2021-10-13,126.43,0.03,153.11,0.04,213.24,0.05,0.86,18.31,49.65,50.0,64.1,0.67,0.018214285714285714,0.49
2021-10-13,391.62,0.03,632.89,0.04,853.91,0.06,0.62,24.76,91.44,51.99,65.62,2.24,2.3125,1.58
2021-10-13,83.97,0.01,68.14,0.01,67.07,0.01,1.1,11.69,58.06,71.76,66.04,0.52,0.4257142857142857,0.65
2021-10-13,52.36,0.01,59.76,0.01,73.14,0.01,0.86,7.03,55.68,56.32,77.44,0.88,0.6757142857142858,0.66
2021-10-13,68.71,0.01,80.26,0.01,103.87,0.01,0.92,18.32,103.78,42.11,75.45,0.74,0.7378571428571429,0.42
2021-10-13,26.35,0.07,22.42,0.06,24.08,0.06,1.09,5.56,39.1,31.02,35.58,0.57,0.8410714285714286,0.46
2021-10-13,1051.67,0.32,951.78,0.32,1020.69,0.3,0.98,40.46,950.3,40.74,44.49,5.78,7.625,7.4
2021-10-13,316.09,0.06,356.5,0.07,433.95,0.07,0.88,52.95,184.39,52.26,65.28,5.6,0.0,4.89
2021-10-13,22.07,0.05,35.79,0.05,59.81,0.08,0.6,14.31,98.07,48.15,22.01,2.03,14.211785714285714,1.23
2021-10-13,164.97,0.05,167.19,0.05,178.58,0.05,1.2,17.93,62.63,32.15,74.42,0.69,0.624642857142857,0.81
2021-10-13,136.88,0.05,135.79,0.04,126.83,0.04,1.16,9.26,29.34,37.96,64.86,0.0,0.0,0.66
2021-10-13,414.34,0.19,418.06,0.19,494.44,0.2,1.0,53.31,188.69,43.1,55.25,3.04,0.2553571428571429,3.38
2021-10-13,11.85,0.02,20.53,0.03,42.48,0.05,0.45,6.19,37.7,47.22,75.79,0.32,1.035,0.24
2021-10-13,60.56,0.01,44.7,0.01,41.55,0.01,1.45,8.2,31.16,43.12,58.3,0.2,0.14821428571428572,0.35
2021-10-13,493.0,0.03,507.19,0.03,425.96,0.03,1.05,11.95,99.25,39.96,72.68,2.13,0.36071428571428577,1.76
2021-10-13,36.1,0.02,43.07,0.02,53.13,0.03,0.88,11.56,32.26,43.98,79.42,0.76,4.885,0.45
2021-10-13,111.63,0.04,109.0,0.04,114.42,0.04,0.94,17.42,68.42,64.91,76.2,0.91,0.7621428571428571,0.96
2021-10-14,52.36,0.01,59.76,0.01,73.14,0.01,0.85,6.83,54.66,56.29,77.54,0.88,0.6846428571428572,0.66
2021-10-14,68.71,0.01,80.26,0.01,103.87,0.01,0.91,17.7,101.8,42.07,75.5,0.74,0.7175,0.42
2021-10-14,414.34,0.19,418.06,0.19,494.44,0.2,1.0,53.31,194.83,43.03,55.33,3.04,0.2817857142857143,3.38
2021-10-14,391.62,0.03,632.89,0.04,853.91,0.05,0.62,23.5,88.05,51.98,65.69,2.24,2.2646428571428574,1.58
2021-10-14,326.64,0.07,413.41,0.09,486.4,0.11,0.79,24.49,195.38,66.15,73.66,8.21,0.0,2.66
2021-10-14,164.97,0.05,167.19,0.05,178.58,0.05,1.21,16.73,62.89,32.15,74.46,0.69,0.6339285714285714,0.81
2021-10-14,77.9,0.0,88.63,0.0,110.73,0.0,1.05,14.51,66.96,46.64,66.68,0.54,1.0000000000000002,0.43
2021-10-14,493.0,0.04,507.19,0.03,425.96,0.03,1.05,11.97,98.5,39.96,72.73,2.13,0.3442857142857143,1.76
2021-10-14,316.09,0.06,356.5,0.06,433.95,0.07,0.88,51.68,180.6,52.26,65.36,5.6,0.0,4.89
2021-10-14,26.35,0.06,22.42,0.06,24.08,0.07,1.09,5.64,38.61,31.02,35.65,0.57,0.8107142857142857,0.46
2021-10-14,36.1,0.02,43.07,0.02,53.13,0.03,0.89,11.25,30.82,43.98,79.46,0.76,5.192500000000001,0.45
2021-10-14,136.88,0.04,135.79,0.04,126.83,0.05,1.16,7.72,32.43,37.96,64.9,0.0,0.0,0.66
2021-10-14,111.63,0.04,109.0,0.04,114.42,0.04,0.93,17.27,68.5,64.9,76.29,0.91,0.7864285714285716,0.96
2021-10-14,1051.67,0.31,951.78,0.32,1020.69,0.3,0.98,41.04,957.43,40.74,44.55,5.78,7.625,7.4
2021-10-14,83.97,0.01,68.14,0.01,67.07,0.01,1.09,11.19,58.14,71.76,66.5,0.52,0.43714285714285717,0.65
2021-10-14,60.56,0.01,44.7,0.01,41.55,0.01,1.47,7.15,30.11,43.11,58.33,0.2,0.15214285714285714,0.35
2021-10-14,126.43,0.03,153.11,0.04,213.24,0.05,0.88,18.19,50.11,50.0,64.2,0.67,0.01892857142857143,0.49
2021-10-15,83.97,0.01,68.14,0.01,67.07,0.01,1.09,10.96,54.9,74.54,66.93,0.52,0.44857142857142857,0.65
2021-10-15,414.34,0.19,418.06,0.2,494.44,0.19,1.01,53.78,194.83,42.96,55.37,3.04,0.30821428571428566,3.38
2021-10-15,65.18,0.01,84.93,0.01,94.45,0.01,0.95,5.06,32.32,42.73,88.53,0.55,1.8617857142857144,0.67
2021-10-15,316.09,0.06,356.5,0.06,433.95,0.07,0.88,50.28,175.77,52.25,65.44,5.6,0.0,4.89
2021-10-15,164.97,0.05,167.19,0.05,178.58,0.04,1.23,17.5,62.2,32.14,74.5,0.69,0.6432142857142857,0.81
2021-10-15,136.88,0.04,135.79,0.04,126.83,0.05,1.15,6.18,29.34,37.64,64.99,0.0,0.0,0.66
2021-10-15,111.63,0.04,109.0,0.04,114.42,0.04,0.93,17.4,67.48,64.89,76.37,0.91,0.8107142857142857,0.96
2021-10-15,493.0,0.04,507.19,0.03,425.96,0.03,1.05,11.55,98.46,39.96,72.78,2.13,0.32785714285714285,1.76
2021-10-15,52.36,0.01,59.76,0.01,73.14,0.01,0.86,6.49,52.93,56.25,77.65,0.88,0.6935714285714285,0.66
2021-10-15,68.71,0.01,80.26,0.01,103.87,0.01,0.92,17.16,100.35,42.0,75.57,0.74,0.7007142857142856,0.42
2021-10-15,196.07,0.01,184.97,0.01,224.31,0.0,1.05,24.72,94.52,46.44,65.81,1.23,1.0882142857142856,1.21
2021-10-15,60.56,0.01,44.7,0.01,41.55,0.01,1.5,7.43,32.78,43.11,58.38,0.2,0.15607142857142858,0.35
2021-10-15,26.35,0.06,22.42,0.06,24.08,0.05,1.1,5.32,40.82,31.02,35.71,0.57,0.7803571428571427,0.46
2021-10-15,326.64,0.07,413.41,0.09,486.4,0.1,0.8,23.31,195.59,66.13,73.89,8.21,0.0,2.66
2021-10-15,391.62,0.02,632.89,0.04,853.91,0.05,0.63,23.81,83.71,51.98,65.72,2.24,2.2167857142857144,1.58
2021-10-15,126.43,0.03,153.11,0.04,213.24,0.04,0.89,17.16,47.48,50.0,64.31,0.67,0.01964285714285714,0.49
2021-10-15,94.72,0.1,92.82,0.08,108.79,0.07,1.27,5.81,14.01,35.75,68.49,0.19,0.005357142857142857,0.18
2021-10-15,22.07,0.03,35.79,0.05,59.81,0.07,0.61,13.94,94.12,48.15,22.21,2.03,14.45607142857143,1.23
2021-10-15,72.1,0.01,55.44,0.01,59.39,0.01,1.2,2.38,14.96,20.37,73.82,0.36,0.43392857142857144,0.14
2021-10-16,316.09,0.06,356.5,0.06,433.95,0.07,0.88,51.36,171.27,52.25,65.49,5.6,0.0,4.89
2021-10-16,493.0,0.04,507.19,0.03,425.96,0.03,1.06,11.38,97.51,39.96,72.83,2.13,0.31142857142857144,1.76
2021-10-16,52.36,0.01,59.76,0.01,73.14,0.01,0.86,6.22,51.82,54.83,77.75,0.88,0.7024999999999999,0.66
2021-10-16,26.35,0.07,22.42,0.06,24.08,0.06,1.11,5.15,35.91,31.02,35.73,0.57,0.75,0.46
2021-10-16,83.97,0.01,68.14,0.01,67.07,0.01,1.08,11.19,55.24,74.54,67.21,0.52,0.45999999999999996,0.65
2021-10-16,391.62,0.02,632.89,0.04,853.91,0.05,0.62,23.5,80.96,51.98,65.74,2.24,2.1689285714285718,1.58
2021-10-16,136.88,0.04,135.79,0.04,126.83,0.04,1.16,4.63,26.25,37.64,65.05,0.0,0.0,0.66
2021-10-16,414.34,0.19,418.06,0.2,494.44,0.19,1.03,54.25,199.54,42.95,55.39,3.04,0.3346428571428572,3.38
2021-10-16,164.97,0.05,167.19,0.05,178.58,0.04,1.25,16.82,59.37,32.12,74.54,0.69,0.6525,0.81
2021-10-16,68.71,0.01,80.26,0.01,103.87,0.01,0.92,16.62,98.89,41.96,75.62,0.74,0.6839285714285716,0.42
2021-10-16,326.64,0.07,413.41,0.09,486.4,0.1,0.79,22.9,192.73,66.12,74.01,8.21,0.0,2.66
2021-10-16,60.56,0.01,44.7,0.01,41.55,0.01,1.54,7.34,31.73,43.11,58.39,0.2,0.15999999999999998,0.35
2021-10-16,111.63,0.04,109.0,0.04,114.42,0.04,0.92,17.27,65.84,64.88,76.43,0.91,0.8350000000000001,0.96
2021-10-16,126.43,0.03,153.11,0.04,213.24,0.04,0.91,16.93,45.76,50.0,64.38,0.67,0.020357142857142855,0.49
2021-10-17,96.49,0.04,111.63,0.04,109.0,0.04,0.91,17.29,65.87,64.88,76.48,1.1,0.847857142857143,1.04
2021-10-17,91.98,0.05,100.45,0.05,106.02,0.03,1.05,5.23,30.86,24.07,75.17,0.8,2.3757142857142854,1.05
2021-10-17,683.02,0.14,525.89,0.12,400.4,0.09,1.21,18.1,220.2,27.15,57.68,2.43,0.5142857142857142,3.28
2021-10-17,533.74,0.04,493.0,0.03,507.19,0.03,1.06,11.02,99.93,39.96,72.86,1.88,0.295,1.98
2021-10-17,249.94,0.05,195.89,0.04,148.26,0.04,1.26,34.2,158.06,32.45,44.08,1.88,0.027857142857142858,3.0
2021-10-17,255.4,0.07,326.64,0.08,413.41,0.1,0.8,22.36,191.29,66.11,74.11,5.13,0.0,2.44
2021-10-17,91.74,0.0,77.9,0.0,88.63,0.0,1.11,13.39,66.96,46.6,66.82,0.32,0.8428571428571429,0.54
2021-10-17,178.22,0.05,164.97,0.05,167.19,0.04,1.27,16.56,60.57,32.12,74.54,0.71,0.6567857142857143,1.01
2021-10-17,30.86,0.07,26.35,0.06,22.42,0.06,1.12,5.73,36.98,31.02,35.75,0.64,0.7364285714285714,0.41
2021-10-17,103.39,0.03,126.43,0.04,153.11,0.04,0.92,16.02,44.62,50.0,64.39,0.63,0.02107142857142857,0.52
2021-10-17,159.19,0.04,136.88,0.04,135.79,0.04,1.16,4.63,29.34,37.64,65.05,0.22,0.0,1.09
2021-10-17,82.2,0.01,60.56,0.01,44.7,0.01,1.58,7.34,33.35,43.11,58.4,0.15,0.16964285714285715,0.63
2021-10-17,30.81,0.02,36.1,0.02,43.07,0.03,0.92,10.6,30.07,41.2,79.52,0.57,6.115000000000001,0.38
2021-10-17,253.37,0.02,391.62,0.03,632.89,0.05,0.62,23.39,83.4,51.97,65.79,2.02,2.1210714285714287,1.29
2021-10-17,58.55,0.01,68.71,0.01,80.26,0.01,0.93,16.69,99.35,41.96,75.62,0.61,0.6671428571428571,0.39
2021-10-17,45.46,0.01,52.36,0.01,59.76,0.01,0.87,6.17,51.07,54.81,77.8,0.83,0.7042857142857144,0.58
2021-10-17,56.29,0.03,57.81,0.03,58.63,0.03,1.06,3.13,22.28,15.95,66.95,0.49,0.0,0.44
2021-10-17,285.26,0.06,316.09,0.06,356.5,0.07,0.88,52.88,169.96,52.24,65.51,5.43,0.0,4.38
2021-10-17,83.32,0.01,83.97,0.01,68.14,0.01,1.07,11.31,57.0,74.54,67.4,0.6,0.47250000000000003,0.57
2021-10-17,375.51,0.19,414.34,0.2,418.06,0.19,1.05,55.19,196.71,42.95,55.39,3.65,0.3610714285714286,2.36
2021-10-18,253.37,0.02,391.62,0.03,632.89,0.05,0.62,22.86,82.12,51.97,65.83,2.02,2.0732142857142857,1.29
2021-10-18,91.74,0.0,77.9,0.0,88.63,0.0,1.13,12.28,64.73,46.59,66.86,0.32,0.8007142857142858,0.54
2021-10-18,30.86,0.07,26.35,0.07,22.42,0.06,1.12,6.71,42.62,31.02,35.83,0.64,0.722857142857143,0.41
2021-10-18,178.22,0.05,164.97,0.05,167.19,0.05,1.28,16.9,63.83,32.12,74.56,0.71,0.6610714285714285,1.01
2021-10-18,96.49,0.03,111.63,0.04,109.0,0.04,0.9,17.11,65.84,64.87,76.51,1.1,0.8607142857142857,1.04
2021-10-18,533.74,0.04,493.0,0.03,507.19,0.03,1.06,11.06,102.06,43.66,72.9,1.88,0.2832142857142857,1.98
2021-10-18,159.19,0.04,136.88,0.04,135.79,0.04,1.16,4.63,33.97,37.64,65.05,0.22,0.0,1.09
2021-10-18,103.39,0.03,126.43,0.04,153.11,0.04,0.93,16.36,47.48,50.0,64.47,0.63,0.021785714285714287,0.52
2021-10-18,255.4,0.07,326.64,0.08,413.41,0.1,0.8,22.28,190.46,65.24,74.28,5.13,0.0,2.44
2021-10-18,13.48,0.03,22.07,0.04,35.79,0.06,0.63,13.32,89.84,48.15,22.48,1.72,14.8225,0.68
2021-10-18,285.26,0.06,316.09,0.06,356.5,0.07,0.88,52.92,170.32,52.24,65.58,5.43,0.0,4.38
2021-10-18,82.2,0.01,60.56,0.01,44.7,0.01,1.63,9.43,40.5,43.11,58.43,0.15,0.17928571428571427,0.63
2021-10-18,375.51,0.2,414.34,0.2,418.06,0.19,1.07,55.19,199.07,42.92,55.42,3.65,0.3875,2.36
2021-10-18,83.32,0.01,83.97,0.01,68.14,0.01,1.05,11.8,56.77,74.54,67.78,0.6,0.485,0.57
2021-10-18,58.55,0.01,68.71,0.01,80.26,0.01,0.94,16.89,99.23,41.93,75.67,0.61,0.6503571428571429,0.39
2021-10-18,45.46,0.01,52.36,0.01,59.76,0.01,0.89,6.34,51.86,54.78,77.9,0.83,0.7060714285714286,0.58
2021-10-19,159.19,0.04,136.88,0.05,135.79,0.04,1.17,3.09,32.43,45.81,65.16,0.22,0.0,1.09
2021-10-19,253.37,0.02,391.62,0.03,632.89,0.04,0.61,22.86,76.83,51.96,65.88,2.02,2.025357142857143,1.29
2021-10-19,30.81,0.02,36.1,0.02,43.07,0.03,0.95,10.2,29.25,41.2,79.54,0.57,6.6153571428571425,0.38
2021-10-19,178.22,0.06,164.97,0.05,167.19,0.05,1.3,17.24,65.72,32.11,74.6,0.71,0.6653571428571429,1.01
2021-10-19,375.51,0.2,414.34,0.19,418.06,0.19,1.1,53.78,201.9,42.89,55.47,3.65,0.42428571428571427,2.36
2021-10-19,533.74,0.04,493.0,0.03,507.19,0.03,1.07,11.55,102.36,43.66,72.96,1.88,0.2714285714285714,1.98
2021-10-19,940.14,0.3,1051.67,0.32,951.78,0.32,0.98,39.15,959.17,40.74,44.6,6.79,7.987857142857143,7.76
2021-10-19,96.49,0.03,111.63,0.04,109.0,0.04,0.92,17.4,65.58,64.86,76.62,1.1,0.8735714285714286,1.04
2021-10-19,82.2,0.02,60.56,0.01,44.7,0.01,1.68,10.77,42.31,43.1,58.46,0.15,0.1889285714285714,0.63
2021-10-19,45.46,0.01,52.36,0.01,59.76,0.01,0.9,6.27,51.41,54.74,78.01,0.83,0.7078571428571429,0.58
2021-10-19,103.39,0.03,126.43,0.03,153.11,0.04,0.95,15.22,45.88,50.0,64.56,0.63,0.0225,0.52
2021-10-19,30.86,0.07,26.35,0.07,22.42,0.06,1.13,6.05,35.42,31.02,35.89,0.64,0.7092857142857143,0.41
2021-10-19,91.74,0.0,77.9,0.0,88.63,0.0,1.14,12.28,66.96,46.58,66.89,0.32,0.7585714285714287,0.54
2021-10-19,83.32,0.01,83.97,0.01,68.14,0.01,1.05,11.69,55.85,74.54,68.17,0.6,0.4975,0.57
2021-10-19,58.55,0.01,68.71,0.01,80.26,0.01,0.95,16.38,97.75,41.89,75.72,0.61,0.6335714285714286,0.39
2021-10-19,285.26,0.06,316.09,0.06,356.5,0.07,0.89,52.48,168.45,52.23,65.65,5.43,0.0,4.38
2021-10-19,255.4,0.07,326.64,0.08,413.41,0.09,0.8,21.74,185.46,65.2,74.45,5.13,0.0,2.44
2021-10-20,45.46,0.01,52.36,0.01,59.76,0.01,0.91,6.22,49.44,54.71,78.13,0.83,0.7096428571428571,0.58
2021-10-20,375.51,0.2,414.34,0.19,418.06,0.19,1.13,57.08,198.13,42.86,55.51,3.65,0.4610714285714286,2.36
2021-10-20,83.32,0.01,83.97,0.01,68.14,0.01,1.04,11.31,55.7,74.54,68.52,0.6,0.51,0.57
2021-10-20,285.26,0.06,316.09,0.06,356.5,0.07,0.89,51.83,165.2,52.23,65.72,5.43,0.0,4.38
2021-10-20,30.81,0.02,36.1,0.02,43.07,0.02,0.97,9.46,29.37,41.2,79.58,0.57,6.8082142857142856,0.38
2021-10-20,253.37,0.02,391.62,0.03,632.89,0.04,0.61,22.01,74.93,51.96,65.91,2.02,1.9774999999999998,1.29
2021-10-20,255.4,0.06,326.64,0.07,413.41,0.09,0.8,21.27,186.69,65.16,74.62,5.13,0.0,2.44
2021-10-20,96.49,0.03,111.63,0.04,109.0,0.04,0.91,17.11,65.95,64.85,76.66,1.1,0.8864285714285715,1.04
2021-10-20,178.22,0.06,164.97,0.05,167.19,0.05,1.32,17.24,67.09,32.1,74.64,0.71,0.6696428571428571,1.01
2021-10-20,6.77,0.01,11.85,0.02,20.53,0.03,0.51,4.33,23.46,47.22,77.64,0.28,1.035,0.18
2021-10-20,13.48,0.03,22.07,0.05,35.79,0.05,0.64,12.76,86.79,48.15,23.22,1.72,14.123214285714287,0.68
2021-10-20,159.19,0.04,136.88,0.05,135.79,0.04,1.18,6.18,30.88,45.81,65.23,0.22,0.0,1.09
2021-10-20,58.55,0.01,68.71,0.01,80.26,0.01,0.96,16.09,97.34,41.85,75.78,0.61,0.6167857142857143,0.39
2021-10-20,533.74,0.04,493.0,0.03,507.19,0.03,1.07,11.57,102.36,43.66,73.02,1.88,0.2596428571428571,1.98
2021-10-20,30.86,0.07,26.35,0.07,22.42,0.06,1.13,6.54,35.91,46.3,35.96,0.64,0.6957142857142857,0.41
2021-10-20,103.39,0.03,126.43,0.03,153.11,0.04,0.97,14.99,44.73,50.0,64.66,0.63,0.0225,0.52
2021-10-20,82.2,0.02,60.56,0.01,44.7,0.01,1.66,10.86,44.79,43.1,58.49,0.15,0.1985714285714286,0.63
2021-10-21,178.22,0.06,164.97,0.05,167.19,0.05,1.34,16.56,68.03,32.1,74.68,0.71,0.6739285714285713,1.01
2021-10-21,253.37,0.02,391.62,0.03,632.89,0.04,0.62,21.27,71.86,51.96,65.95,2.02,1.9292857142857145,1.29
2021-10-21,83.32,0.01,83.97,0.01,68.14,0.01,1.03,11.88,54.02,74.54,68.88,0.6,0.5225,0.57
2021-10-21,285.26,0.06,316.09,0.06,356.5,0.06,0.89,50.46,161.29,52.23,65.79,5.43,0.0,4.38
2021-10-21,159.19,0.04,136.88,0.04,135.79,0.04,1.19,4.63,29.34,45.81,65.3,0.22,0.0,1.09
2021-10-21,533.74,0.04,493.0,0.04,507.19,0.03,1.07,11.6,103.17,43.65,73.08,1.88,0.24785714285714286,1.98
2021-10-21,96.49,0.03,111.63,0.04,109.0,0.04,0.91,17.11,65.87,64.84,76.74,1.1,0.8992857142857144,1.04
2021-10-21,91.74,0.0,77.9,0.0,88.63,0.0,1.14,11.16,66.96,46.57,66.94,0.32,0.6742857142857144,0.54
2021-10-21,255.4,0.06,326.64,0.07,413.41,0.09,0.8,20.68,184.63,65.11,74.75,5.13,0.00035714285714285714,2.44
2021-10-21,82.2,0.02,60.56,0.01,44.7,0.01,1.65,11.05,47.26,43.1,58.53,0.15,0.2082142857142857,0.63
2021-10-21,103.39,0.04,126.43,0.03,153.11,0.04,1.0,14.19,42.1,50.0,64.75,0.63,0.0225,0.52
2021-10-21,30.81,0.02,36.1,0.02,43.07,0.02,0.99,9.32,29.27,41.2,79.62,0.57,7.001071428571429,0.38
2021-10-21,58.55,0.01,68.71,0.01,80.26,0.01,0.99,15.85,96.19,41.81,75.82,0.61,0.6,0.39
2021-10-21,375.51,0.21,414.34,0.19,418.06,0.19,1.17,54.72,191.52,42.81,55.56,3.65,0.49785714285714283,2.36
2021-10-21,30.86,0.07,26.35,0.06,22.42,0.06,1.14,5.89,36.57,46.3,36.03,0.64,0.6821428571428572,0.41
2021-10-21,45.46,0.01,52.36,0.01,59.76,0.01,0.92,6.08,48.07,54.67,78.27,0.83,0.7114285714285715,0.58
2021-10-22,285.26,0.06,316.09,0.06,356.5,0.06,0.88,49.44,157.73,52.22,65.86,5.43,0.0,4.38
2021-10-22,96.49,0.03,111.63,0.04,109.0,0.04,0.91,17.06,65.04,64.83,76.83,1.1,0.9121428571428571,1.04
2021-10-22,255.4,0.06,326.64,0.07,413.41,0.09,0.8,20.71,175.91,65.07,74.86,5.13,0.0007142857142857143,2.44
2021-10-22,30.86,0.09,26.35,0.06,22.42,0.06,1.15,5.32,35.5,46.3,36.1,0.64,0.6685714285714285,0.41
2021-10-22,82.2,0.02,60.56,0.01,44.7,0.01,1.65,10.96,50.22,43.1,58.58,0.15,0.21785714285714283,0.63
2021-10-22,159.19,0.05,136.88,0.04,135.79,0.04,1.2,6.18,24.71,45.81,65.37,0.22,0.0,1.09
2021-10-22,533.74,0.04,493.0,0.04,507.19,0.03,1.07,11.72,103.23,43.65,73.14,1.88,0.23607142857142857,1.98
2021-10-22,103.39,0.04,126.43,0.03,153.11,0.04,1.03,13.73,41.42,50.0,64.86,0.63,0.0225,0.52
2021-10-22,13.48,0.03,22.07,0.03,35.79,0.05,0.65,12.5,84.8,48.15,23.26,1.72,13.423928571428572,0.68
2021-10-22,375.51,0.22,414.34,0.19,418.06,0.2,1.2,54.72,190.11,42.78,55.6,3.65,0.5346428571428571,2.36
2021-10-22,202.04,0.01,196.07,0.01,184.97,0.01,1.15,24.5,98.21,46.36,66.15,1.21,1.17,1.39
2021-10-22,45.46,0.01,52.36,0.01,59.76,0.01,0.95,6.05,47.46,50.67,78.4,0.83,0.7132142857142858,0.58
2021-10-22,58.55,0.01,68.71,0.01,80.26,0.01,1.0,15.5,95.41,41.76,75.89,0.61,0.5921428571428571,0.39
2021-10-22,62.26,0.01,65.18,0.01,84.93,0.01,1.02,5.36,29.31,42.71,88.71,0.62,1.5274999999999999,0.7
2021-10-22,178.22,0.06,164.97,0.05,167.19,0.05,1.35,16.3,70.69,32.08,74.72,0.71,0.6782142857142858,1.01
2021-10-22,83.32,0.01,83.97,0.01,68.14,0.01,1.02,11.92,57.03,74.54,69.21,0.6,0.535,0.57
2021-10-22,253.37,0.02,391.62,0.02,632.89,0.04,0.62,20.32,67.31,51.96,65.97,2.02,1.8810714285714287,1.29
2021-10-22,89.38,0.01,72.1,0.01,55.44,0.01,1.26,2.38,17.85,20.37,73.92,0.56,0.3632142857142857,0.27
2021-10-22,137.88,0.12,94.72,0.1,92.82,0.08,1.33,6.49,17.93,35.72,68.66,0.22,0.0075,0.39
2021-10-23,533.74,0.04,493.0,0.04,507.19,0.03,1.07,11.92,103.72,43.65,73.18,1.88,0.22428571428571428,1.98
2021-10-23,159.19,0.05,136.88,0.04,135.79,0.04,1.21,10.81,27.8,45.81,65.51,0.22,0.0,1.09
2021-10-23,82.2,0.02,60.56,0.01,44.7,0.01,1.64,10.67,49.08,43.1,58.59,0.15,0.2275,0.63
2021-10-23,255.4,0.06,326.64,0.07,413.41,0.09,0.8,20.45,164.3,65.04,74.91,5.13,0.0010714285714285715,2.44
2021-10-23,30.86,0.08,26.35,0.07,22.42,0.06,1.15,4.99,35.99,46.3,36.11,0.64,0.6549999999999999,0.41
2021-10-23,285.26,0.05,316.09,0.06,356.5,0.06,0.88,47.89,153.23,52.22,65.91,5.43,0.0,4.38
2021-10-23,103.39,0.04,126.43,0.03,153.11,0.04,1.06,13.62,43.25,50.0,64.92,0.63,0.0225,0.52
2021-10-23,58.55,0.01,68.71,0.01,80.26,0.01,1.01,15.47,94.92,41.73,75.93,0.61,0.5842857142857143,0.39
2021-10-23,96.49,0.03,111.63,0.04,109.0,0.04,0.91,16.95,64.0,64.82,76.87,1.1,0.9249999999999999,1.04
2021-10-23,253.37,0.02,391.62,0.02,632.89,0.04,0.63,19.9,65.19,51.95,65.98,2.02,1.832857142857143,1.29
2021-10-23,178.22,0.07,164.97,0.05,167.19,0.05,1.37,17.33,71.38,32.07,74.75,0.71,0.6825,1.01
2021-10-23,45.46,0.01,52.36,0.01,59.76,0.01,0.98,5.96,46.12,50.62,78.49,0.83,0.715,0.58
2021-10-23,375.51,0.22,414.34,0.19,418.06,0.2,1.24,54.72,187.75,42.78,55.61,3.65,0.5714285714285714,2.36
2021-10-23,83.32,0.01,83.97,0.01,68.14,0.01,1.01,11.38,55.05,74.54,69.41,0.6,0.5475,0.57
2021-10-24,55.62,0.03,56.29,0.03,57.81,0.03,1.11,2.75,19.34,15.91,67.68,0.72,0.002142857142857143,0.37
2021-10-24,101.1,0.04,103.39,0.03,126.43,0.04,1.09,13.5,42.79,50.0,64.93,0.49,0.022499999999999996,0.54
2021-10-24,83.68,0.01,83.32,0.01,83.97,0.01,1.0,11.35,57.38,74.54,69.58,0.65,0.5528571428571428,0.59
2021-10-24,10.72,0.02,13.48,0.03,22.07,0.04,0.66,12.1,83.25,48.15,23.54,1.23,12.724642857142857,0.75
2021-10-24,173.91,0.02,253.37,0.02,391.62,0.03,0.63,19.26,67.1,51.95,66.01,1.58,1.7846428571428574,0.71
2021-10-24,462.97,0.23,375.51,0.19,414.34,0.2,1.27,57.08,193.88,42.78,55.61,3.38,0.6082142857142857,3.51
2021-10-24,846.4,0.16,683.02,0.14,525.89,0.12,1.19,27.9,318.24,27.14,58.12,2.86,0.6435714285714286,3.92
2021-10-24,104.84,0.04,91.98,0.05,100.45,0.05,0.99,6.5,35.01,24.07,75.59,0.46,2.924285714285714,1.03
2021-10-24,639.29,0.04,533.74,0.04,493.0,0.03,1.07,12.13,107.64,43.65,73.21,1.76,0.2125,2.18
2021-10-24,69.11,0.01,58.55,0.01,68.71,0.01,1.01,15.51,95.08,41.73,75.94,0.42,0.5764285714285714,0.4
2021-10-24,243.54,0.05,285.26,0.06,316.09,0.06,0.88,47.41,152.25,52.22,65.93,4.89,0.0,4.64
2021-10-24,41.76,0.01,45.46,0.01,52.36,0.01,1.02,5.91,46.33,50.6,78.55,0.66,0.7132142857142858,0.68
2021-10-24,261.04,0.07,178.22,0.05,164.97,0.05,1.39,17.93,73.44,32.07,74.76,0.81,0.7000000000000001,1.2
2021-10-24,32.15,0.08,30.86,0.07,26.35,0.06,1.16,5.32,36.08,46.3,36.13,0.46,0.6357142857142856,0.85
2021-10-24,210.37,0.06,255.4,0.07,326.64,0.08,0.8,20.27,169.72,65.01,74.97,2.66,0.0014285714285714286,1.97
2021-10-24,308.39,0.06,249.94,0.05,195.89,0.04,1.32,36.5,192.26,32.4,44.28,1.64,0.047142857142857146,1.49
2021-10-24,79.05,0.03,96.49,0.04,111.63,0.04,0.9,17.08,63.45,64.82,76.91,0.96,0.9360714285714286,0.96
2021-10-24,31.61,0.02,30.81,0.02,36.1,0.02,1.05,9.34,29.46,41.2,79.67,0.45,7.579642857142858,0.37
2021-10-24,125.78,0.02,82.2,0.01,60.56,0.01,1.64,11.05,51.74,43.1,58.6,0.35,0.2425,1.06
2021-10-25,41.76,0.01,45.46,0.01,52.36,0.01,1.06,6.06,47.19,50.55,78.64,0.66,0.7114285714285715,0.68
2021-10-25,210.37,0.06,255.4,0.07,326.64,0.08,0.8,20.01,174.82,64.96,75.07,2.66,0.0017857142857142859,1.97
2021-10-25,186.74,0.05,159.19,0.04,136.88,0.04,1.24,10.81,33.97,45.81,65.66,0.66,0.0,1.09
2021-10-25,69.11,0.01,58.55,0.01,68.71,0.01,1.02,15.47,95.38,41.7,75.98,0.42,0.5685714285714286,0.4
2021-10-25,639.29,0.04,533.74,0.04,493.0,0.03,1.06,12.24,113.11,43.65,73.27,1.76,0.20642857142857143,2.18
2021-10-25,79.05,0.04,96.49,0.03,111.63,0.04,0.9,17.34,63.76,64.8,76.98,0.96,0.9471428571428573,0.96
2021-10-25,261.04,0.07,178.22,0.05,164.97,0.05,1.41,19.9,78.84,32.07,74.78,0.81,0.7175,1.2
2021-10-25,125.78,0.02,82.2,0.01,60.56,0.01,1.65,12.67,63.46,43.09,58.64,0.35,0.2575,1.06
2021-10-25,462.97,0.24,375.51,0.2,414.34,0.2,1.31,56.14,197.18,42.77,55.64,3.38,0.6449999999999999,3.51
2021-10-25,173.91,0.02,253.37,0.02,391.62,0.03,0.62,19.58,64.03,51.95,66.04,1.58,1.7364285714285717,0.71
2021-10-25,243.54,0.05,285.26,0.06,316.09,0.06,0.88,47.93,152.9,52.21,66.0,4.89,0.0,4.64
2021-10-25,32.15,0.08,30.86,0.07,26.35,0.07,1.16,5.07,36.32,46.3,36.22,0.46,0.6164285714285713,0.85
2021-10-25,31.61,0.02,30.81,0.02,36.1,0.02,1.07,9.08,29.69,41.2,79.69,0.45,7.7725,0.37
2021-10-25,83.68,0.01,83.32,0.01,83.97,0.01,0.99,11.0,54.09,74.54,69.88,0.65,0.5582142857142857,0.59
2021-10-25,101.1,0.05,103.39,0.03,126.43,0.04,1.12,12.93,43.59,50.0,65.0,0.49,0.022499999999999996,0.54
2021-10-26,173.91,0.02,253.37,0.02,391.62,0.03,0.61,18.94,60.01,51.95,66.06,1.58,1.6882142857142857,0.71
2021-10-26,41.76,0.01,45.46,0.01,52.36,0.01,1.11,6.01,47.06,48.66,78.71,0.66,0.7096428571428571,0.68
2021-10-26,32.15,0.07,30.86,0.07,26.35,0.07,1.16,4.58,35.34,46.3,36.3,0.46,0.5971428571428571,0.85
2021-10-26,186.74,0.05,159.19,0.04,136.88,0.05,1.23,10.81,35.52,45.65,65.77,0.66,0.0,1.09
2021-10-26,69.11,0.01,58.55,0.01,68.71,0.01,1.03,15.42,95.6,41.67,76.02,0.42,0.5607142857142857,0.4
2021-10-26,243.54,0.05,285.26,0.06,316.09,0.06,0.89,47.24,149.56,52.21,66.06,4.89,0.0,4.64
2021-10-26,210.37,0.06,255.4,0.07,326.64,0.08,0.8,19.92,160.41,58.21,75.12,2.66,0.002142857142857143,1.97
2021-10-26,101.1,0.05,103.39,0.03,126.43,0.03,1.15,12.47,44.39,50.0,65.07,0.49,0.0225,0.54
2021-10-26,31.61,0.02,30.81,0.02,36.1,0.02,1.07,9.4,29.0,41.2,79.71,0.45,7.839642857142858,0.37
2021-10-26,639.29,0.05,533.74,0.04,493.0,0.03,1.06,12.61,115.36,43.64,73.33,1.76,0.20035714285714287,2.18
2021-10-26,79.05,0.03,96.49,0.03,111.63,0.04,0.89,16.43,63.01,64.8,77.03,0.96,0.9582142857142858,0.96
2021-10-26,912.8,0.31,940.14,0.3,1051.67,0.32,1.03,39.88,971.98,40.74,44.7,7.4,10.043928571428571,8.33
2021-10-26,10.72,0.02,13.48,0.03,22.07,0.04,0.67,11.84,80.36,48.15,23.9,1.23,11.917142857142858,0.75
2021-10-26,462.97,0.26,375.51,0.2,414.34,0.19,1.35,56.61,198.6,42.75,55.68,3.38,0.7085714285714285,3.51
2021-10-26,125.78,0.02,82.2,0.02,60.56,0.01,1.65,13.91,69.94,43.09,58.68,0.35,0.2725,1.06
2021-10-26,106.55,0.0,91.74,0.0,77.9,0.0,1.16,13.39,68.08,46.53,67.12,0.43,0.5332142857142858,0.75
2021-10-26,83.68,0.01,83.32,0.01,83.97,0.01,0.98,10.7,52.64,74.54,70.19,0.65,0.5635714285714285,0.59
2021-10-26,261.04,0.08,178.22,0.06,164.97,0.05,1.42,19.73,81.25,32.06,74.81,0.81,0.7350000000000001,1.2
2021-10-27,31.61,0.02,30.81,0.02,36.1,0.02,1.08,9.13,27.52,41.2,79.77,0.45,7.906785714285715,0.37
2021-10-27,210.37,0.05,255.4,0.06,326.64,0.07,0.81,19.62,158.29,58.18,75.21,2.66,0.0025,1.97
2021-10-27,83.68,0.01,83.32,0.01,83.97,0.01,0.97,10.54,51.3,74.54,70.49,0.65,0.5689285714285715,0.59
2021-10-27,186.74,0.05,159.19,0.04,136.88,0.05,1.25,7.72,32.43,45.65,65.92,0.66,0.0,1.09
2021-10-27,79.05,0.03,96.49,0.03,111.63,0.04,0.89,16.3,62.07,64.79,77.09,0.96,0.9692857142857143,0.96
2021-10-27,32.15,0.08,30.86,0.07,26.35,0.07,1.17,5.73,42.95,46.3,36.37,0.46,0.5778571428571428,0.85
2021-10-27,261.04,0.08,178.22,0.06,164.97,0.05,1.42,20.59,85.54,32.06,74.86,0.81,0.7525000000000001,1.2
2021-10-27,639.29,0.05,533.74,0.04,493.0,0.03,1.05,12.92,119.02,43.64,73.4,1.76,0.1942857142857143,2.18
2021-10-27,41.76,0.01,45.46,0.01,52.36,0.01,1.15,6.01,47.75,48.62,78.77,0.66,0.7078571428571429,0.68
2021-10-27,243.54,0.05,285.26,0.06,316.09,0.06,0.89,46.34,145.77,52.2,66.12,4.89,0.0,4.64
2021-10-27,4.28,0.01,6.77,0.01,11.85,0.02,0.48,2.39,15.64,47.22,79.03,0.24,0.34500000000000003,0.11
2021-10-27,462.97,0.27,375.51,0.2,414.34,0.19,1.37,56.14,201.43,42.74,55.71,3.38,0.7721428571428571,3.51
2021-10-27,173.91,0.01,253.37,0.02,391.62,0.03,0.62,18.84,58.74,51.94,66.09,1.58,1.6400000000000001,0.71
2021-10-27,101.1,0.05,103.39,0.03,126.43,0.03,1.17,12.93,41.87,50.0,65.15,0.49,0.021785714285714287,0.54
2021-10-27,125.78,0.03,82.2,0.02,60.56,0.01,1.66,13.15,75.76,43.09,58.72,0.35,0.28750000000000003,1.06
2021-10-27,69.11,0.01,58.55,0.01,68.71,0.01,1.04,15.13,95.34,41.64,76.07,0.42,0.5528571428571428,0.4
2021-10-27,106.55,0.0,91.74,0.0,77.9,0.0,1.16,13.39,71.43,46.52,67.15,0.43,0.5142857142857143,0.75
2021-10-28,41.76,0.01,45.46,0.01,52.36,0.01,1.18,6.03,47.34,48.58,78.83,0.66,0.7060714285714286,0.68
2021-10-28,173.91,0.01,253.37,0.02,391.62,0.03,0.63,18.52,57.36,51.94,66.12,1.58,1.593214285714286,0.71
2021-10-28,462.97,0.28,375.51,0.21,414.34,0.19,1.38,55.66,198.6,42.71,55.77,3.38,0.8357142857142856,3.51
2021-10-28,210.37,0.05,255.4,0.06,326.64,0.07,0.82,19.62,150.6,58.14,75.31,2.66,0.002857142857142857,1.97
2021-10-28,83.68,0.01,83.32,0.01,83.97,0.01,0.96,10.77,50.0,74.54,70.79,0.65,0.5742857142857142,0.59
2021-10-28,32.15,0.1,30.86,0.07,26.35,0.06,1.17,7.12,47.61,46.3,36.45,0.46,0.5585714285714285,0.85
2021-10-28,101.1,0.05,103.39,0.04,126.43,0.03,1.2,11.78,41.87,50.0,65.22,0.49,0.02107142857142857,0.54
2021-10-28,31.61,0.02,30.81,0.02,36.1,0.02,1.09,9.15,27.23,41.2,79.8,0.45,7.973928571428572,0.37
2021-10-28,639.29,0.05,533.74,0.04,493.0,0.04,1.04,13.21,120.46,43.64,73.48,1.76,0.18821428571428572,2.18
2021-10-28,79.05,0.03,96.49,0.03,111.63,0.04,0.89,15.92,60.88,64.78,77.16,0.96,0.9803571428571428,0.96
2021-10-28,69.11,0.02,58.55,0.01,68.71,0.01,1.05,14.88,95.16,41.6,76.11,0.42,0.545,0.4
2021-10-28,125.78,0.03,82.2,0.02,60.56,0.01,1.66,13.53,81.09,43.09,58.8,0.35,0.30250000000000005,1.06
2021-10-28,261.04,0.08,178.22,0.06,164.97,0.05,1.43,19.9,89.05,32.05,74.9,0.81,0.7700000000000001,1.2
2021-10-28,243.54,0.05,285.26,0.06,316.09,0.06,0.9,45.26,143.09,52.2,66.18,4.89,0.0,4.64
2021-10-28,186.74,0.05,159.19,0.04,136.88,0.04,1.25,7.72,33.97,45.65,66.02,0.66,0.0,1.09
2021-10-29,221.87,0.01,202.04,0.01,196.07,0.01,1.32,24.61,113.54,54.61,66.56,1.21,1.2485714285714287,1.75
2021-10-29,113.84,0.02,89.38,0.01,72.1,0.01,1.38,2.72,24.48,20.37,74.03,0.14,0.33499999999999996,0.41
2021-10-29,261.04,0.08,178.22,0.06,164.97,0.05,1.44,21.53,95.66,32.04,74.93,0.81,0.7874999999999999,1.2
2021-10-29,125.78,0.03,82.2,0.02,60.56,0.01,1.66,14.58,87.86,42.6,58.9,0.35,0.31749999999999995,1.06
2021-10-29,462.97,0.29,375.51,0.22,414.34,0.19,1.39,57.08,207.56,42.69,55.81,3.38,0.8992857142857142,3.51
2021-10-29,186.74,0.06,159.19,0.05,136.88,0.04,1.26,10.81,38.6,45.65,66.16,0.66,0.0,1.09
2021-10-29,32.15,0.08,30.86,0.09,26.35,0.06,1.17,6.95,39.27,46.3,36.53,0.46,0.5392857142857143,0.85
2021-10-29,79.05,0.03,96.49,0.03,111.63,0.04,0.89,15.73,60.2,64.77,77.23,0.96,0.9914285714285714,0.96
2021-10-29,101.1,0.06,103.39,0.04,126.43,0.03,1.22,11.44,41.99,50.0,65.3,0.49,0.020357142857142855,0.54
2021-10-29,41.76,0.01,45.46,0.01,52.36,0.01,1.2,5.81,47.19,48.54,78.89,0.66,0.7042857142857144,0.68
2021-10-29,201.94,0.15,137.88,0.12,94.72,0.1,1.41,8.43,25.11,35.69,68.85,0.18,0.021785714285714287,0.65
2021-10-29,173.91,0.01,253.37,0.02,391.62,0.02,0.64,18.31,54.29,51.94,66.14,1.58,1.5464285714285713,0.71
2021-10-29,68.38,0.02,62.26,0.01,65.18,0.01,1.08,5.84,27.65,42.69,88.85,0.67,1.2825,0.52
2021-10-29,639.29,0.05,533.74,0.04,493.0,0.04,1.04,13.17,120.32,43.64,73.54,1.76,0.18214285714285716,2.18
2021-10-29,83.68,0.01,83.32,0.01,83.97,0.01,0.94,10.66,49.05,65.28,71.07,0.65,0.5796428571428571,0.59
2021-10-29,210.37,0.05,255.4,0.06,326.64,0.07,0.83,18.95,159.2,58.12,75.4,2.66,0.0032142857142857142,1.97
2021-10-29,69.11,0.02,58.55,0.01,68.71,0.01,1.07,14.89,94.38,41.56,76.17,0.42,0.5382142857142858,0.4
2021-10-29,243.54,0.05,285.26,0.06,316.09,0.06,0.9,44.57,140.28,52.19,66.27,4.89,0.0,4.64
2021-10-30,41.76,0.01,45.46,0.01,52.36,0.01,1.21,5.72,47.31,48.51,78.93,0.66,0.7024999999999999,0.68
2021-10-30,912.8,0.31,940.14,0.3,1051.67,0.31,1.02,41.04,978.82,40.74,45.38,7.4,9.559642857142858,8.33
2021-10-30,10.72,0.02,13.48,0.02,22.07,0.03,0.69,9.83,72.18,48.15,24.61,1.23,10.085714285714285,0.75
2021-10-30,462.97,0.3,375.51,0.22,414.34,0.19,1.39,55.19,214.64,42.69,55.82,3.38,0.9628571428571429,3.51
2021-10-30,101.1,0.06,103.39,0.04,126.43,0.03,1.25,11.56,43.93,50.0,65.35,0.49,0.019642857142857146,0.54
2021-10-30,83.68,0.01,83.32,0.01,83.97,0.01,0.93,10.54,50.12,65.28,71.25,0.65,0.585,0.59
2021-10-30,261.04,0.09,178.22,0.07,164.97,0.05,1.44,21.1,96.17,32.03,74.96,0.81,0.8049999999999999,1.2
2021-10-30,79.05,0.03,96.49,0.03,111.63,0.04,0.9,15.58,58.51,61.06,77.26,0.96,1.0025,0.96
2021-10-30,173.91,0.01,253.37,0.02,391.62,0.02,0.65,17.78,51.65,51.94,66.14,1.58,1.499642857142857,0.71
2021-10-30,32.15,0.09,30.86,0.08,26.35,0.07,1.17,7.12,50.47,46.3,36.55,0.46,0.5199999999999999,0.85
2021-10-30,210.37,0.05,255.4,0.06,326.64,0.07,0.84,18.24,148.83,58.11,75.44,2.66,0.0035714285714285718,1.97
2021-10-30,186.74,0.06,159.19,0.05,136.88,0.04,1.27,10.81,38.6,45.65,66.24,0.66,0.0,1.09
2021-10-30,125.78,0.04,82.2,0.02,60.56,0.01,1.65,14.39,88.53,42.6,58.93,0.35,0.3325,1.06
2021-10-30,639.29,0.05,533.74,0.04,493.0,0.04,1.03,12.87,120.3,43.64,73.6,1.76,0.17607142857142857,2.18
2021-10-30,69.11,0.02,58.55,0.01,68.71,0.01,1.08,14.85,93.61,41.54,76.21,0.42,0.5314285714285715,0.4
2021-10-30,243.54,0.05,285.26,0.05,316.09,0.06,0.91,43.4,137.16,52.19,66.32,4.89,0.0,4.64
2021-10-31,228.72,0.06,186.74,0.05,159.19,0.04,1.28,12.35,41.69,45.65,66.25,1.09,0.0,1.31
2021-10-31,75.02,0.01,83.68,0.01,83.32,0.01,0.91,10.62,50.31,65.28,71.41,0.57,0.5875,0.61
2021-10-31,76.1,0.02,69.11,0.01,58.55,0.01,1.08,15.01,94.04,41.53,76.21,0.39,0.5246428571428572,0.39
2021-10-31,281.4,0.04,125.78,0.02,82.2,0.01,1.63,15.53,94.63,42.6,58.96,0.63,0.3632142857142857,2.09
2021-10-31,595.51,0.13,405.56,0.16,308.91,0.12,1.25,82.28,940.29,49.22,22.6,12.87,12.004999999999999,18.52
2021-10-31,37.04,0.02,31.61,0.02,30.81,0.02,1.11,9.04,28.49,41.2,79.86,0.38,8.175357142857143,0.32
2021-10-31,36.98,0.08,32.15,0.08,30.86,0.07,1.17,7.36,51.54,46.3,36.57,0.41,0.5299999999999999,0.33
2021-10-31,458.63,0.09,261.04,0.07,178.22,0.05,1.45,21.96,100.81,32.03,74.97,1.01,0.8232142857142858,1.89
2021-10-31,497.33,0.09,308.39,0.06,249.94,0.05,1.39,39.69,236.03,26.8,44.49,3.0,0.06285714285714286,3.42
2021-10-31,52.71,0.01,41.76,0.01,45.46,0.01,1.23,5.78,47.66,48.49,78.95,0.58,0.7132142857142857,0.65
2021-10-31,123.25,0.05,104.84,0.04,91.98,0.05,1.05,5.6,37.0,24.07,76.01,1.05,3.514642857142857,1.41
2021-10-31,1056.86,0.16,846.4,0.16,683.02,0.14,1.17,27.15,397.42,30.82,58.92,3.28,0.8507142857142858,7.62
2021-10-31,690.24,0.05,639.29,0.04,533.74,0.04,1.02,13.11,122.61,43.64,73.64,1.98,0.16999999999999998,2.57
2021-10-31,66.53,0.03,55.62,0.03,56.29,0.03,1.22,3.03,20.29,15.89,68.46,0.44,0.0067857142857142855,0.37
2021-10-31,113.34,0.01,173.91,0.02,253.37,0.02,0.66,17.46,51.43,51.93,66.17,1.29,1.4528571428571428,0.74
2021-10-31,70.17,0.03,79.05,0.03,96.49,0.04,0.9,15.24,58.17,61.05,77.3,1.04,1.0042857142857142,0.82
2021-10-31,168.94,0.05,210.37,0.06,255.4,0.07,0.85,17.77,151.13,58.09,75.48,2.44,0.003928571428571429,2.11
2021-10-31,212.71,0.05,243.54,0.05,285.26,0.06,0.92,42.7,136.32,52.19,66.35,4.38,0.0,3.73
2021-10-31,140.53,0.06,101.1,0.04,103.39,0.03,1.27,11.9,46.45,50.0,65.36,0.52,0.01892857142857143,0.72
2021-10-31,1024.81,0.31,912.8,0.3,940.14,0.3,1.01,42.06,978.53,40.74,45.41,7.76,9.438571428571427,9.3
2021-11-01,70.17,0.03,79.05,0.04,96.49,0.03,0.89,15.14,57.08,61.04,77.35,1.04,1.0060714285714285,0.82
2021-11-01,228.72,0.06,186.74,0.05,159.19,0.04,1.3,13.9,46.32,45.65,66.37,1.09,0.0,1.31
2021-11-01,819.16,0.31,462.97,0.24,375.51,0.2,1.37,58.5,232.56,42.69,55.86,2.36,1.09,5.07
2021-11-01,168.94,0.05,210.37,0.06,255.4,0.07,0.86,17.74,150.3,58.07,75.55,2.44,0.004285714285714286,2.11
2021-11-01,212.71,0.05,243.54,0.05,285.26,0.06,0.94,43.19,137.1,52.19,66.44,4.38,0.0,3.73
2021-11-01,76.1,0.02,69.11,0.01,58.55,0.01,1.09,15.09,94.45,41.5,76.25,0.39,0.5178571428571428,0.39
2021-11-01,36.98,0.07,32.15,0.08,30.86,0.07,1.18,7.85,52.76,46.3,36.71,0.41,0.54,0.33
2021-11-01,7.22,0.02,10.72,0.02,13.48,0.03,0.71,8.97,67.94,48.15,24.82,0.68,9.17,0.57
2021-11-01,458.63,0.09,261.04,0.07,178.22,0.05,1.46,22.65,111.7,32.03,74.99,1.01,0.8414285714285714,1.89
2021-11-01,52.71,0.01,41.76,0.01,45.46,0.01,1.24,5.72,49.41,50.32,79.0,0.58,0.7239285714285714,0.65
2021-11-01,107.84,0.0,106.55,0.0,91.74,0.0,1.18,10.04,65.85,46.5,67.36,0.54,0.47250000000000003,0.75
2021-11-01,140.53,0.06,101.1,0.05,103.39,0.03,1.29,11.33,47.14,50.0,65.41,0.52,0.018214285714285714,0.72
2021-11-01,281.4,0.04,125.78,0.02,82.2,0.01,1.61,16.3,111.97,42.59,59.06,0.63,0.3939285714285714,2.09
2021-11-01,37.04,0.02,31.61,0.02,30.81,0.02,1.12,9.04,27.44,41.2,79.88,0.38,8.242500000000001,0.32
2021-11-01,75.02,0.01,83.68,0.01,83.32,0.01,0.9,10.12,50.0,63.43,71.67,0.57,0.59,0.61
2021-11-01,690.24,0.05,639.29,0.04,533.74,0.04,1.01,13.52,127.32,43.63,73.7,1.98,0.15785714285714286,2.57
2021-11-01,113.34,0.01,173.91,0.02,253.37,0.02,0.67,16.51,49.21,51.93,66.2,1.29,1.4060714285714284,0.74
2021-11-02,281.4,0.04,125.78,0.02,82.2,0.02,1.6,18.49,123.5,42.58,59.17,0.63,0.42464285714285716,2.09
2021-11-02,228.72,0.06,186.74,0.05,159.19,0.04,1.36,13.9,57.13,45.65,66.5,1.09,0.0,1.31
2021-11-02,76.1,0.02,69.11,0.01,58.55,0.01,1.1,15.47,95.04,41.48,76.29,0.39,0.5110714285714285,0.39
2021-11-02,70.17,0.03,79.05,0.03,96.49,0.03,0.9,15.16,56.33,61.03,77.4,1.04,1.0078571428571428,0.82
2021-11-02,168.94,0.05,210.37,0.06,255.4,0.07,0.87,17.21,145.76,58.04,75.63,2.44,0.004642857142857143,2.11
2021-11-02,113.34,0.01,173.91,0.02,253.37,0.02,0.67,15.98,45.51,51.93,66.22,1.29,1.3592857142857144,0.74
2021-11-02,140.53,0.06,101.1,0.05,103.39,0.03,1.32,11.21,46.22,50.0,65.46,0.52,0.017499999999999998,0.72
2021-11-02,819.16,0.33,462.97,0.26,375.51,0.2,1.37,60.38,240.58,42.67,55.91,2.36,1.1592857142857143,5.07
2021-11-02,690.24,0.05,639.29,0.05,533.74,0.04,1.0,14.1,129.08,43.63,73.76,1.98,0.1457142857142857,2.57
2021-11-02,36.98,0.09,32.15,0.07,30.86,0.07,1.19,5.97,41.72,46.3,36.82,0.41,0.55,0.33
2021-11-02,212.71,0.05,243.54,0.05,285.26,0.06,0.95,42.99,135.45,52.18,66.53,4.38,0.0,3.73
2021-11-02,75.02,0.01,83.68,0.01,83.32,0.01,0.88,9.21,45.54,63.43,71.91,0.57,0.5925,0.61
2021-11-02,1024.81,0.31,912.8,0.31,940.14,0.3,0.98,38.86,987.99,40.74,45.59,7.76,8.7125,9.3
2021-11-02,458.63,0.09,261.04,0.08,178.22,0.06,1.45,22.31,113.68,32.02,75.03,1.01,0.859642857142857,1.89
2021-11-02,37.04,0.03,31.61,0.02,30.81,0.02,1.12,8.83,26.7,41.2,79.9,0.38,8.173928571428572,0.32
2021-11-02,52.71,0.01,41.76,0.01,45.46,0.01,1.25,5.78,49.88,50.29,79.04,0.58,0.7346428571428572,0.65
2021-11-03,168.94,0.05,210.37,0.05,255.4,0.06,0.88,16.56,145.91,58.02,75.69,2.44,0.005,2.11
2021-11-03,36.98,0.09,32.15,0.08,30.86,0.07,1.19,5.15,37.38,46.3,36.96,0.41,0.5599999999999999,0.33
2021-11-03,52.71,0.01,41.76,0.01,45.46,0.01,1.24,5.78,50.07,50.26,79.08,0.58,0.7453571428571429,0.65
2021-11-03,75.02,0.01,83.68,0.01,83.32,0.01,0.86,8.63,43.97,63.43,72.14,0.57,0.595,0.61
2021-11-03,107.84,0.0,106.55,0.0,91.74,0.0,1.19,12.28,62.5,46.48,67.43,0.54,0.4875,0.75
2021-11-03,37.04,0.02,31.61,0.02,30.81,0.02,1.13,8.68,25.97,41.2,79.93,0.38,8.105357142857143,0.32
2021-11-03,76.1,0.02,69.11,0.01,58.55,0.01,1.1,15.31,95.69,41.45,76.33,0.39,0.5042857142857142,0.39
2021-11-03,2.54,0.01,4.28,0.01,6.77,0.01,0.63,1.58,10.21,47.22,79.93,0.18,0.6900000000000001,0.08
2021-11-03,140.53,0.07,101.1,0.05,103.39,0.03,1.36,11.67,43.48,50.0,65.53,0.52,0.016428571428571428,0.72
2021-11-03,819.16,0.34,462.97,0.27,375.51,0.2,1.36,61.32,248.13,42.66,55.95,2.36,1.2285714285714284,5.07
2021-11-03,281.4,0.04,125.78,0.03,82.2,0.02,1.59,20.58,133.41,42.56,59.31,0.63,0.45535714285714285,2.09
2021-11-03,228.72,0.06,186.74,0.05,159.19,0.04,1.33,15.44,55.59,45.65,66.62,1.09,0.0,1.31
2021-11-03,458.63,0.1,261.04,0.08,178.22,0.06,1.44,21.96,119.42,32.01,75.09,1.01,0.8778571428571429,1.89
2021-11-03,212.71,0.05,243.54,0.05,285.26,0.06,0.97,42.56,133.03,52.18,66.62,4.38,0.0,3.73
2021-11-03,113.34,0.01,173.91,0.01,253.37,0.02,0.7,16.3,43.5,51.92,66.25,1.29,1.3125,0.74
2021-11-03,690.24,0.05,639.29,0.05,533.74,0.04,1.0,14.0,130.75,43.63,73.82,1.98,0.1335714285714286,2.57
2021-11-03,70.17,0.03,79.05,0.03,96.49,0.03,0.91,14.98,55.47,61.02,77.45,1.04,1.009642857142857,0.82
2021-11-04,690.24,0.05,639.29,0.05,533.74,0.04,0.99,13.98,131.83,43.63,73.89,1.98,0.12142857142857143,2.57
2021-11-04,819.16,0.35,462.97,0.28,375.51,0.21,1.34,60.38,258.04,42.65,56.03,2.36,1.2978571428571428,5.07
2021-11-04,37.04,0.03,31.61,0.02,30.81,0.02,1.14,8.64,25.84,41.2,79.98,0.38,8.036785714285715,0.32
2021-11-04,458.63,0.1,261.04,0.08,178.22,0.06,1.45,22.05,123.11,32.0,75.13,1.01,0.8960714285714285,1.89
2021-11-04,36.98,0.08,32.15,0.1,30.86,0.07,1.19,5.4,37.38,46.3,37.05,0.41,0.57,0.33
2021-11-04,212.71,0.05,243.54,0.05,285.26,0.06,0.97,41.68,130.64,52.17,66.7,4.38,0.0,3.73
2021-11-04,168.94,0.05,210.37,0.05,255.4,0.06,0.89,16.62,142.85,58.0,75.75,2.44,0.0064285714285714285,2.11
2021-11-04,281.4,0.04,125.78,0.03,82.2,0.02,1.58,20.01,132.93,42.56,59.34,0.63,0.4860714285714286,2.09
2021-11-04,76.1,0.02,69.11,0.02,58.55,0.01,1.11,15.29,96.46,41.43,76.37,0.39,0.4975,0.39
2021-11-04,52.71,0.01,41.76,0.01,45.46,0.01,1.23,5.88,50.07,50.23,79.12,0.58,0.7560714285714286,0.65
2021-11-04,113.34,0.01,173.91,0.01,253.37,0.02,0.73,15.66,40.85,51.92,66.27,1.29,1.2864285714285715,0.74
2021-11-04,228.72,0.06,186.74,0.05,159.19,0.04,1.31,16.99,50.96,45.65,66.75,1.09,0.0,1.31
2021-11-04,140.53,0.07,101.1,0.05,103.39,0.04,1.37,12.81,47.48,50.0,65.58,0.52,0.01535714285714286,0.72
2021-11-04,75.02,0.01,83.68,0.01,83.32,0.01,0.84,8.25,43.01,63.43,72.37,0.57,0.5975,0.61
2021-11-04,70.17,0.03,79.05,0.03,96.49,0.03,0.92,14.82,55.18,61.02,77.51,1.04,1.0114285714285713,0.82
2021-11-05,74.77,0.02,68.38,0.02,62.26,0.01,1.13,6.33,32.23,38.98,88.99,0.7,1.1889285714285713,0.34
2021-11-05,690.24,0.05,639.29,0.05,533.74,0.04,0.99,14.25,133.11,43.63,73.95,1.98,0.10928571428571429,2.57
2021-11-05,819.16,0.37,462.97,0.29,375.51,0.22,1.32,61.32,263.23,40.78,56.07,2.36,1.3671428571428572,5.07
2021-11-05,52.71,0.01,41.76,0.01,45.46,0.01,1.22,5.91,50.93,50.19,79.16,0.58,0.7667857142857143,0.65
2021-11-05,113.34,0.01,173.91,0.01,253.37,0.02,0.77,15.88,39.58,51.92,66.28,1.29,1.2603571428571427,0.74
2021-11-05,1024.81,0.3,912.8,0.31,940.14,0.3,0.95,40.31,987.84,40.74,45.84,7.76,6.8975,9.3
2021-11-05,36.98,0.08,32.15,0.08,30.86,0.09,1.19,5.07,37.79,46.3,37.18,0.41,0.58,0.33
2021-11-05,169.53,0.02,113.84,0.02,89.38,0.01,1.35,4.76,37.57,20.37,74.19,0.27,0.3432142857142857,0.39
2021-11-05,140.53,0.07,101.1,0.06,103.39,0.04,1.38,12.93,47.71,50.0,65.65,0.52,0.014285714285714287,0.72
2021-11-05,70.17,0.03,79.05,0.03,96.49,0.03,0.92,14.62,54.61,61.01,77.57,1.04,1.0132142857142858,0.82
2021-11-05,212.71,0.05,243.54,0.05,285.26,0.06,0.98,36.82,128.63,52.17,66.8,4.38,0.0,3.73
2021-11-05,341.14,0.01,221.87,0.01,202.04,0.01,1.38,31.21,154.37,54.55,67.16,1.39,1.3714285714285717,2.16
2021-11-05,228.72,0.06,186.74,0.06,159.19,0.05,1.3,18.53,50.96,45.65,66.88,1.09,0.0,1.31
2021-11-05,301.43,0.17,201.94,0.15,137.88,0.12,1.35,11.33,40.25,35.66,69.09,0.39,0.06321428571428571,1.13
2021-11-05,75.02,0.01,83.68,0.01,83.32,0.01,0.83,8.44,42.52,63.43,72.57,0.57,0.6,0.61
2021-11-05,76.1,0.02,69.11,0.02,58.55,0.01,1.13,15.25,96.35,41.4,76.41,0.39,0.5017857142857143,0.39
2021-11-05,281.4,0.05,125.78,0.03,82.2,0.02,1.56,22.3,150.66,42.55,59.48,0.63,0.5167857142857143,2.09
2021-11-05,458.63,0.1,261.04,0.08,178.22,0.06,1.45,23.76,132.46,32.0,75.18,1.01,0.9142857142857144,1.89
2021-11-05,168.94,0.05,210.37,0.05,255.4,0.06,0.89,16.71,141.49,57.99,75.8,2.44,0.007857142857142858,2.11
2021-11-06,1024.81,0.29,912.8,0.31,940.14,0.3,0.95,41.04,986.68,40.74,45.89,7.76,6.2924999999999995,9.3
2021-11-06,212.71,0.05,243.54,0.05,285.26,0.05,0.98,35.92,126.42,52.17,66.85,4.38,0.0,3.73
2021-11-06,168.94,0.05,210.37,0.05,255.4,0.06,0.89,16.8,139.52,57.98,75.82,2.44,0.009285714285714286,2.11
2021-11-06,113.34,0.01,173.91,0.01,253.37,0.02,0.81,14.92,37.78,51.92,66.29,1.29,1.2342857142857144,0.74
2021-11-06,52.71,0.01,41.76,0.01,45.46,0.01,1.2,5.86,51.71,50.17,79.19,0.58,0.7775000000000001,0.65
2021-11-06,140.53,0.07,101.1,0.06,103.39,0.04,1.39,12.36,48.85,50.0,65.68,0.52,0.013214285714285715,0.72
2021-11-06,228.72,0.05,186.74,0.06,159.19,0.05,1.29,16.99,58.68,45.65,66.98,1.09,0.0,1.31
2021-11-06,75.02,0.01,83.68,0.01,83.32,0.01,0.82,8.06,40.65,63.43,72.69,0.57,0.6025,0.61
2021-11-06,107.84,0.0,106.55,0.0,91.74,0.0,1.21,10.04,64.73,46.46,67.56,0.54,0.51,0.75
2021-11-06,76.1,0.02,69.11,0.02,58.55,0.01,1.14,15.32,96.21,41.37,76.44,0.39,0.5060714285714285,0.39
2021-11-06,458.63,0.1,261.04,0.09,178.22,0.07,1.44,25.57,134.18,31.99,75.22,1.01,0.9325,1.89
2021-11-06,690.24,0.05,639.29,0.05,533.74,0.04,0.98,14.34,133.69,43.63,74.0,1.98,0.09714285714285716,2.57
2021-11-06,37.04,0.03,31.61,0.02,30.81,0.02,1.17,8.7,25.36,41.2,79.98,0.38,7.899642857142857,0.32
2021-11-06,70.17,0.03,79.05,0.03,96.49,0.03,0.93,14.36,53.28,61.74,77.6,1.04,1.0150000000000001,0.82
2021-11-06,819.16,0.38,462.97,0.3,375.51,0.22,1.31,60.38,267.47,40.78,56.08,2.36,1.4364285714285714,5.07
2021-11-06,36.98,0.1,32.15,0.09,30.86,0.08,1.2,5.4,36.24,46.3,37.3,0.41,0.59,0.33
2021-11-06,7.22,0.01,10.72,0.02,13.48,0.02,0.76,8.7,64.4,48.15,25.57,0.68,7.196785714285714,0.57
2021-11-06,281.4,0.05,125.78,0.04,82.2,0.02,1.55,22.68,152.37,42.54,59.53,0.63,0.5475,2.09
2021-11-07,54.77,0.01,75.02,0.01,83.68,0.01,0.82,8.25,40.8,63.43,72.78,0.59,0.6028571428571429,0.53
2021-11-07,59.66,0.03,70.17,0.03,79.05,0.03,0.94,13.99,52.87,61.73,77.63,0.96,1.0050000000000001,0.66
2021-11-07,597.46,0.05,690.24,0.05,639.29,0.04,0.98,14.52,135.97,43.63,74.05,2.18,0.08499999999999999,2.59
2021-11-07,85.4,0.02,76.1,0.02,69.11,0.01,1.16,15.42,96.91,41.37,76.45,0.4,0.5103571428571428,0.47
2021-11-07,459.15,0.05,281.4,0.04,125.78,0.02,1.54,25.35,164.95,42.54,59.56,1.06,0.6167857142857143,3.99
2021-11-07,73.02,0.01,113.34,0.01,173.91,0.02,0.85,15.56,39.79,51.92,66.31,0.71,1.2082142857142857,0.34
2021-11-07,146.85,0.05,123.25,0.05,104.84,0.04,1.11,5.6,39.71,24.07,76.4,1.03,4.199642857142857,1.26
2021-11-07,181.7,0.07,140.53,0.06,101.1,0.04,1.4,11.67,50.23,50.0,65.68,0.54,0.012142857142857141,0.47
2021-11-07,713.48,0.12,497.33,0.09,308.39,0.06,1.34,58.83,311.51,26.76,44.75,1.49,0.08642857142857142,5.09
2021-11-07,1114.1,0.39,819.16,0.3,462.97,0.23,1.29,64.16,272.19,40.78,56.08,3.51,1.5057142857142856,7.02
2021-11-07,1277.06,0.21,1056.86,0.16,846.4,0.16,1.08,35.44,456.99,30.8,59.99,3.92,1.1178571428571429,0.0
2021-11-07,45.38,0.09,36.98,0.08,32.15,0.08,1.2,5.24,36.48,46.3,37.32,0.85,0.5789285714285715,0.43
2021-11-07,5.85,0.01,7.22,0.02,10.72,0.02,0.77,8.6,64.38,48.15,25.59,0.75,6.802142857142856,0.36
2021-11-07,655.03,0.1,458.63,0.09,261.04,0.07,1.44,26.17,139.5,31.99,75.22,1.2,0.9746428571428571,1.79
2021-11-07,80.82,0.04,66.53,0.03,55.62,0.03,1.25,2.28,22.47,15.86,69.1,0.37,0.009642857142857144,0.46
2021-11-07,71.83,0.01,52.71,0.01,41.76,0.01,1.18,5.79,52.44,50.16,79.2,0.68,0.7614285714285715,0.7
2021-11-07,164.39,0.05,168.94,0.05,210.37,0.06,0.9,16.56,142.58,57.97,75.84,1.97,0.010714285714285714,1.56
2021-11-07,220.09,0.05,212.71,0.05,243.54,0.05,0.99,35.74,125.67,52.17,66.88,4.64,0.0,3.1
2021-11-08,459.15,0.05,281.4,0.04,125.78,0.02,1.53,29.54,200.78,42.53,59.71,1.06,0.6860714285714286,3.99
2021-11-08,220.09,0.05,212.71,0.05,243.54,0.05,0.99,35.79,126.0,52.16,66.96,4.64,0.0,3.1
2021-11-08,85.4,0.02,76.1,0.02,69.11,0.01,1.17,15.76,97.9,41.36,76.46,0.4,0.5146428571428572,0.47
2021-11-08,71.83,0.01,52.71,0.01,41.76,0.01,1.17,6.17,54.66,50.15,79.21,0.68,0.7453571428571429,0.7
2021-11-08,73.02,0.01,113.34,0.01,173.91,0.02,0.91,14.71,39.16,51.91,66.33,0.71,1.1821428571428572,0.34
2021-11-08,164.39,0.05,168.94,0.05,210.37,0.06,0.9,16.77,137.16,57.96,75.87,1.97,0.012142857142857144,1.56
2021-11-08,655.03,0.1,458.63,0.09,261.04,0.07,1.45,27.8,145.68,31.99,75.22,1.2,1.0167857142857142,1.79
2021-11-08,257.15,0.05,228.72,0.06,186.74,0.05,1.27,18.53,60.22,45.65,66.98,1.09,0.0,1.09
2021-11-08,953.84,0.29,1024.81,0.31,912.8,0.3,0.93,42.2,983.77,40.74,45.98,8.33,5.0825000000000005,9.38
2021-11-08,597.46,0.05,690.24,0.05,639.29,0.04,0.98,15.26,139.58,43.62,74.1,2.18,0.0775,2.59
2021-11-08,59.66,0.03,70.17,0.03,79.05,0.04,0.94,13.76,52.82,64.49,77.66,0.96,0.995,0.66
2021-11-08,1114.1,0.39,819.16,0.31,462.97,0.24,1.27,66.99,284.46,40.78,56.08,3.51,1.5750000000000004,7.02
2021-11-08,54.77,0.01,75.02,0.01,83.68,0.01,0.82,7.76,38.89,59.89,72.97,0.59,0.6032142857142856,0.53
2021-11-08,181.7,0.08,140.53,0.06,101.1,0.05,1.42,12.7,53.66,50.0,65.72,0.54,0.011071428571428574,0.47
2021-11-08,45.38,0.1,36.98,0.07,32.15,0.08,1.2,5.15,38.12,46.3,37.41,0.85,0.5678571428571428,0.43
2021-11-09,59.66,0.03,70.17,0.03,79.05,0.03,0.95,13.42,53.99,64.48,77.68,0.96,0.9850000000000001,0.66
2021-11-09,40.02,0.03,37.04,0.03,31.61,0.02,1.26,8.62,29.65,41.2,80.03,0.37,7.632857142857143,0.29
2021-11-09,1114.1,0.4,819.16,0.33,462.97,0.26,1.26,73.12,299.08,40.77,56.15,3.51,1.6639285714285716,7.02
2021-11-09,655.03,0.1,458.63,0.09,261.04,0.08,1.48,28.91,154.68,31.98,75.26,1.2,1.0589285714285714,1.79
2021-11-09,164.39,0.05,168.94,0.05,210.37,0.06,0.9,16.47,138.04,57.95,75.91,1.97,0.013571428571428571,1.56
2021-11-09,54.77,0.01,75.02,0.01,83.68,0.01,0.82,7.14,37.55,59.87,73.11,0.59,0.6035714285714285,0.53
2021-11-09,181.7,0.08,140.53,0.06,101.1,0.05,1.43,12.36,55.26,50.0,65.77,0.54,0.01,0.47
2021-11-09,45.38,0.09,36.98,0.09,32.15,0.07,1.2,5.4,39.35,30.09,37.42,0.85,0.5567857142857143,0.43
2021-11-09,73.02,0.01,113.34,0.01,173.91,0.02,0.96,14.39,36.51,51.91,66.35,0.71,1.1560714285714286,0.34
2021-11-09,597.46,0.04,690.24,0.05,639.29,0.05,0.97,15.17,139.37,43.62,74.17,2.18,0.06999999999999999,2.59
2021-11-09,71.83,0.01,52.71,0.01,41.76,0.01,1.16,6.52,57.2,50.11,79.24,0.68,0.7292857142857143,0.7
2021-11-09,953.84,0.29,1024.81,0.31,912.8,0.31,0.92,41.04,986.82,40.74,46.04,8.33,5.0825000000000005,9.38
2021-11-09,114.17,0.0,107.84,0.0,106.55,0.0,1.26,8.93,78.12,46.45,67.59,0.75,0.5560714285714285,0.22
2021-11-09,257.15,0.05,228.72,0.06,186.74,0.05,1.31,20.07,58.68,45.65,67.14,1.09,0.0,1.09
2021-11-09,459.15,0.06,281.4,0.04,125.78,0.02,1.52,30.21,218.98,42.51,59.85,1.06,0.7553571428571428,3.99
2021-11-09,85.4,0.02,76.1,0.02,69.11,0.01,1.18,16.09,98.51,41.34,76.5,0.4,0.5189285714285715,0.47
2021-11-09,220.09,0.05,212.71,0.05,243.54,0.05,1.0,35.32,125.01,52.16,67.05,4.64,0.0,3.1
2021-11-09,5.85,0.01,7.22,0.02,10.72,0.02,0.79,8.46,63.11,48.15,25.78,0.75,6.091428571428572,0.36
2021-11-10,71.83,0.01,52.71,0.01,41.76,0.01,1.2,6.45,57.76,50.08,79.28,0.68,0.7132142857142857,0.7
2021-11-10,54.77,0.01,75.02,0.01,83.68,0.01,0.84,6.88,37.36,59.84,73.26,0.59,0.6039285714285715,0.53
2021-11-10,59.66,0.03,70.17,0.03,79.05,0.03,0.96,13.24,52.09,64.47,77.72,0.96,0.975,0.66
2021-11-10,85.4,0.02,76.1,0.02,69.11,0.01,1.22,16.16,99.74,41.3,76.54,0.4,0.5232142857142857,0.47
2021-11-10,6.77,0.01,2.54,0.01,4.28,0.01,0.68,1.13,7.78,47.22,80.46,0.11,1.035,0.05
2021-11-10,164.39,0.05,168.94,0.05,210.37,0.05,0.91,16.09,137.81,53.78,75.93,1.97,0.015000000000000001,1.56
2021-11-10,5.85,0.01,7.22,0.01,10.72,0.02,0.81,8.46,63.38,48.15,25.98,0.75,5.7753571428571435,0.36
2021-11-10,181.7,0.08,140.53,0.07,101.1,0.05,1.43,11.56,54.12,50.0,65.83,0.54,0.009285714285714286,0.47
2021-11-10,40.02,0.03,37.04,0.02,31.61,0.02,1.28,8.41,29.46,41.2,80.05,0.37,7.503214285714286,0.29
2021-11-10,953.84,0.29,1024.81,0.3,912.8,0.31,0.91,40.6,985.22,40.74,46.1,8.33,5.0825000000000005,9.38
2021-11-10,655.03,0.1,458.63,0.1,261.04,0.08,1.52,29.43,160.09,31.97,75.32,1.2,1.1010714285714285,1.79
2021-11-10,73.02,0.01,113.34,0.01,173.91,0.01,0.9,13.76,34.82,51.91,66.37,0.71,1.1300000000000001,0.34
2021-11-10,1114.1,0.42,819.16,0.34,462.97,0.27,1.28,72.65,316.06,40.76,56.21,3.51,1.7528571428571431,7.02
2021-11-10,45.38,0.08,36.98,0.09,32.15,0.08,1.22,5.4,39.35,30.09,37.49,0.85,0.5457142857142857,0.43
2021-11-10,597.46,0.04,690.24,0.05,639.29,0.05,0.97,15.09,136.23,43.62,74.23,2.18,0.0625,2.59
2021-11-10,257.15,0.06,228.72,0.06,186.74,0.05,1.31,20.07,67.94,45.65,67.25,1.09,0.0,1.09
2021-11-10,459.15,0.07,281.4,0.04,125.78,0.03,1.51,32.78,238.23,42.5,60.02,1.06,0.8246428571428571,3.99
2021-11-10,220.09,0.05,212.71,0.05,243.54,0.05,1.0,34.78,124.1,52.15,67.14,4.64,0.0,3.1
2021-11-10,114.17,0.0,107.84,0.0,106.55,0.0,1.27,8.93,74.78,46.44,67.64,0.75,0.5714285714285714,0.22
2021-11-11,45.38,0.1,36.98,0.08,32.15,0.1,1.23,5.81,41.39,30.09,37.6,0.85,0.5346428571428571,0.43
2021-11-11,257.15,0.07,228.72,0.06,186.74,0.05,1.33,21.62,66.4,45.65,67.37,1.09,0.0,1.09
2021-11-11,114.17,0.0,107.84,0.0,106.55,0.0,1.27,10.04,81.47,46.43,67.69,0.75,0.5867857142857142,0.22
2021-11-11,459.15,0.08,281.4,0.04,125.78,0.03,1.5,32.78,253.96,42.49,60.19,1.06,0.8939285714285713,3.99
2021-11-11,655.03,0.11,458.63,0.1,261.04,0.08,1.51,31.14,163.78,31.97,75.36,1.2,1.1432142857142857,1.79
2021-11-11,40.02,0.03,37.04,0.03,31.61,0.02,1.3,8.12,29.56,41.2,80.08,0.37,7.373571428571429,0.29
2021-11-11,59.66,0.03,70.17,0.03,79.05,0.03,0.97,12.72,51.78,64.46,77.77,0.96,0.965,0.66
2021-11-11,85.4,0.03,76.1,0.02,69.11,0.02,1.24,16.21,99.07,41.28,76.58,0.4,0.5275,0.47
2021-11-11,5.85,0.01,7.22,0.01,10.72,0.02,0.83,8.43,63.71,48.15,26.14,0.75,5.459285714285714,0.36
2021-11-11,1114.1,0.42,819.16,0.35,462.97,0.28,1.31,77.84,346.72,40.75,56.3,3.51,1.8417857142857146,7.02
2021-11-11,164.39,0.05,168.94,0.05,210.37,0.05,0.91,16.35,134.95,53.77,75.94,1.97,0.015714285714285715,1.56
2021-11-11,54.77,0.01,75.02,0.01,83.68,0.01,0.85,6.53,35.56,59.81,73.42,0.59,0.6042857142857143,0.53
2021-11-11,181.7,0.09,140.53,0.07,101.1,0.05,1.45,11.9,55.83,50.0,65.88,0.54,0.008571428571428572,0.47
2021-11-11,71.83,0.01,52.71,0.01,41.76,0.01,1.24,6.49,58.06,50.05,79.31,0.68,0.6971428571428573,0.7
2021-11-11,220.09,0.05,212.71,0.05,243.54,0.05,1.02,34.16,122.25,52.15,67.24,4.64,0.0,3.1
2021-11-11,597.46,0.04,690.24,0.05,639.29,0.05,0.97,15.32,134.04,43.62,74.3,2.18,0.055,2.59
2021-11-11,73.02,0.01,113.34,0.01,173.91,0.01,0.85,12.91,33.23,51.9,66.39,0.71,1.102142857142857,0.34
2021-11-12,426.96,0.17,301.43,0.17,201.94,0.15,1.38,14.86,53.69,35.64,69.47,0.65,0.10785714285714287,1.39
2021-11-12,597.46,0.04,690.24,0.05,639.29,0.05,0.97,15.2,130.86,43.62,74.36,2.18,0.0475,2.59
2021-11-12,71.83,0.01,52.71,0.01,41.76,0.01,1.28,6.69,59.61,50.02,79.34,0.68,0.6810714285714285,0.7
2021-11-12,459.15,0.08,281.4,0.05,125.78,0.03,1.47,36.5,267.49,42.47,60.41,1.06,0.9632142857142857,3.99
2021-11-12,220.09,0.05,212.71,0.05,243.54,0.05,1.02,33.52,121.04,52.15,67.38,4.64,0.0,3.1
2021-11-12,257.15,0.07,228.72,0.06,186.74,0.06,1.32,21.62,75.66,45.65,67.49,1.09,0.0,1.09
2021-11-12,45.38,0.13,36.98,0.08,32.15,0.08,1.23,5.97,40.98,30.09,37.72,0.85,0.5235714285714285,0.43
2021-11-12,1114.1,0.42,819.16,0.37,462.97,0.29,1.29,81.14,358.99,40.74,56.39,3.51,1.9307142857142858,7.02
2021-11-12,181.7,0.09,140.53,0.07,101.1,0.06,1.46,12.01,54.57,50.0,65.94,0.54,0.007857142857142858,0.47
2021-11-12,270.71,0.02,169.53,0.02,113.84,0.02,1.32,5.95,44.71,18.32,74.39,0.41,0.3085714285714286,0.53
2021-11-12,953.84,0.29,1024.81,0.3,912.8,0.31,0.87,39.29,979.26,40.74,46.23,8.33,5.0825000000000005,9.38
2021-11-12,59.66,0.03,70.17,0.03,79.05,0.03,0.98,12.56,51.0,64.45,77.81,0.96,0.9550000000000001,0.66
2021-11-12,164.39,0.05,168.94,0.05,210.37,0.05,0.92,16.18,135.92,53.77,75.96,1.97,0.016428571428571428,1.56
2021-11-12,80.66,0.03,74.77,0.02,68.38,0.02,1.22,6.43,33.59,38.97,89.1,0.52,1.404642857142857,0.62
2021-11-12,655.03,0.11,458.63,0.1,261.04,0.08,1.49,32.94,166.35,31.96,75.41,1.2,1.1853571428571428,1.79
2021-11-12,73.02,0.01,113.34,0.01,173.91,0.01,0.82,12.49,30.69,51.9,66.4,0.71,1.0742857142857143,0.34
2021-11-12,480.12,0.02,341.14,0.01,221.87,0.01,1.45,40.94,206.83,51.69,68.06,1.75,1.5935714285714286,3.03
2021-11-12,54.77,0.01,75.02,0.01,83.68,0.01,0.87,6.19,35.68,59.78,73.58,0.59,0.6046428571428571,0.53
2021-11-12,85.4,0.03,76.1,0.02,69.11,0.02,1.27,16.06,99.32,41.25,76.63,0.4,0.5442857142857143,0.47
2021-11-13,597.46,0.04,690.24,0.05,639.29,0.05,0.97,15.08,127.27,43.62,74.42,2.18,0.04,2.59
2021-11-13,45.38,0.1,36.98,0.1,32.15,0.09,1.23,5.97,41.23,30.09,37.77,0.85,0.5125,0.43
2021-11-13,1114.1,0.42,819.16,0.38,462.97,0.3,1.27,82.08,352.86,52.02,56.42,3.51,2.0196428571428573,7.02
2021-11-13,73.02,0.01,113.34,0.01,173.91,0.01,0.79,12.7,30.06,51.9,66.4,0.71,1.0464285714285713,0.34
2021-11-13,459.15,0.08,281.4,0.05,125.78,0.04,1.45,37.07,267.2,42.46,60.47,1.06,1.0325,3.99
2021-11-13,71.83,0.01,52.71,0.01,41.76,0.01,1.3,6.64,60.38,50.0,79.37,0.68,0.665,0.7
2021-11-13,181.7,0.09,140.53,0.07,101.1,0.06,1.46,13.16,58.01,50.0,65.97,0.54,0.0071428571428571435,0.47
2021-11-13,85.4,0.03,76.1,0.02,69.11,0.02,1.28,16.21,98.31,41.22,76.66,0.4,0.5610714285714286,0.47
2021-11-13,59.66,0.03,70.17,0.03,79.05,0.03,1.0,12.43,49.88,64.45,77.83,0.96,0.945,0.66
2021-11-13,220.09,0.05,212.71,0.05,243.54,0.05,1.03,33.2,118.76,52.14,67.5,4.64,0.0,3.1
2021-11-13,164.39,0.05,168.94,0.05,210.37,0.05,0.93,16.03,129.71,53.76,75.98,1.97,0.017142857142857144,1.56
2021-11-13,257.15,0.07,228.72,0.05,186.74,0.06,1.31,18.53,66.4,45.65,67.56,1.09,0.0,1.09
2021-11-13,655.03,0.12,458.63,0.1,261.04,0.09,1.48,32.52,161.46,31.95,75.44,1.2,1.2274999999999998,1.79
2021-11-13,54.77,0.01,75.02,0.01,83.68,0.01,0.88,5.69,32.51,59.77,73.67,0.59,0.6049999999999999,0.53
2021-11-13,5.85,0.01,7.22,0.01,10.72,0.02,0.88,8.18,63.9,48.15,26.33,0.75,4.827142857142857,0.36
2021-11-14,526.92,0.04,597.46,0.05,690.24,0.05,0.98,14.99,127.63,43.62,74.45,2.57,0.0325,2.35
2021-11-14,272.47,0.1,181.7,0.07,140.53,0.06,1.47,13.5,60.75,50.0,65.97,0.72,0.0064285714285714285,1.02
2021-11-14,52.7,0.01,54.77,0.01,75.02,0.01,0.89,5.35,31.9,59.76,73.74,0.61,0.6007142857142858,0.36
2021-11-14,106.81,0.03,85.4,0.02,76.1,0.02,1.3,16.24,98.93,41.22,76.66,0.39,0.5778571428571428,0.52
2021-11-14,869.13,0.28,953.84,0.29,1024.81,0.31,0.84,38.71,970.09,40.74,46.31,9.3,5.0825000000000005,9.36
2021-11-14,679.3,0.12,655.03,0.1,458.63,0.09,1.47,33.54,167.73,31.95,75.44,1.89,1.2625,2.42
2021-11-14,213.41,0.05,220.09,0.05,212.71,0.05,1.04,33.14,119.64,52.14,67.57,3.73,0.0,3.15
2021-11-14,1362.43,0.42,1114.1,0.39,819.16,0.3,1.24,84.91,375.97,52.01,56.43,5.07,2.108571428571429,8.64
2021-11-14,142.74,0.04,164.39,0.05,168.94,0.05,0.95,16.32,115.77,53.76,75.99,2.11,0.017857142857142856,1.58
2021-11-14,83.35,0.01,71.83,0.01,52.71,0.01,1.32,6.74,61.2,49.98,79.39,0.65,0.6703571428571429,0.9
2021-11-14,69.31,0.06,80.82,0.04,66.53,0.03,1.2,3.51,23.51,15.85,69.27,0.37,0.01,0.42
2021-11-14,285.58,0.07,257.15,0.05,228.72,0.06,1.31,18.53,61.77,45.65,67.56,1.31,0.0,0.66
2021-11-14,732.31,0.09,459.15,0.05,281.4,0.04,1.44,40.4,281.78,42.46,60.51,2.09,1.1624999999999999,5.9
2021-11-14,47.94,0.03,40.02,0.03,37.04,0.02,1.36,8.35,30.49,41.2,80.11,0.32,6.984642857142857,0.48
2021-11-14,57.24,0.02,59.66,0.03,70.17,0.03,1.01,12.22,50.34,64.44,77.85,0.82,0.9342857142857142,0.64
2021-11-14,178.86,0.06,146.85,0.05,123.25,0.05,1.16,5.6,44.4,20.37,76.67,1.41,4.742142857142857,1.54
2021-11-14,59.24,0.01,73.02,0.01,113.34,0.01,0.77,12.59,30.37,51.9,66.42,0.74,1.0185714285714287,0.39
2021-11-14,4.27,0.01,5.85,0.01,7.22,0.02,0.9,8.18,63.5,48.15,26.35,0.57,4.511071428571428,0.36
2021-11-14,48.7,0.12,45.38,0.09,36.98,0.08,1.23,5.73,41.8,30.09,37.79,0.33,0.5114285714285715,0.52
2021-11-15,48.7,0.12,45.38,0.1,36.98,0.07,1.22,5.32,42.46,29.2,37.89,0.33,0.5103571428571428,0.52
2021-11-15,142.74,0.04,164.39,0.05,168.94,0.05,0.97,15.73,130.27,53.75,76.01,2.11,0.018571428571428572,1.58
2021-11-15,59.24,0.01,73.02,0.01,113.34,0.01,0.75,12.59,29.84,51.9,66.44,0.74,0.9907142857142858,0.39
2021-11-15,285.58,0.07,257.15,0.05,228.72,0.06,1.3,21.62,66.4,45.65,67.64,1.31,0.0,0.66
2021-11-15,4.27,0.01,5.85,0.01,7.22,0.02,0.93,8.03,62.44,48.15,26.45,0.57,4.195,0.36
2021-11-15,869.13,0.28,953.84,0.29,1024.81,0.31,0.82,39.29,969.36,40.74,46.4,9.3,5.0825000000000005,9.36
2021-11-15,159.02,0.0,114.17,0.0,107.84,0.0,1.3,10.04,74.78,46.41,67.85,0.75,0.6025,0.22
2021-11-15,732.31,0.09,459.15,0.05,281.4,0.04,1.43,44.88,325.71,42.45,60.66,2.09,1.2925,5.9
2021-11-15,1362.43,0.42,1114.1,0.39,819.16,0.31,1.22,86.8,397.67,52.01,56.52,5.07,2.1975000000000002,8.64
2021-11-15,83.35,0.01,71.83,0.01,52.71,0.01,1.32,7.03,63.98,49.96,79.42,0.65,0.6757142857142858,0.9
2021-11-15,272.47,0.1,181.7,0.08,140.53,0.06,1.47,13.62,63.38,50.0,66.03,0.72,0.005714285714285714,1.02
2021-11-15,106.81,0.03,85.4,0.02,76.1,0.02,1.31,16.83,101.23,41.2,76.69,0.39,0.5946428571428571,0.52
2021-11-15,213.41,0.05,220.09,0.05,212.71,0.05,1.04,33.5,122.23,49.92,67.71,3.73,0.0,3.15
2021-11-15,52.7,0.01,54.77,0.01,75.02,0.01,0.89,5.08,32.51,59.74,73.87,0.61,0.5964285714285714,0.36
2021-11-15,679.3,0.12,655.03,0.1,458.63,0.09,1.45,35.86,178.28,31.95,75.47,1.89,1.2974999999999999,2.42
2021-11-15,526.92,0.04,597.46,0.05,690.24,0.05,0.98,15.2,129.89,43.61,74.5,2.57,0.030714285714285715,2.35
2021-11-15,57.24,0.03,59.66,0.03,70.17,0.03,1.02,12.04,49.88,64.43,77.9,0.82,0.9235714285714286,0.64
2021-11-16,52.7,0.01,54.77,0.01,75.02,0.01,0.89,4.78,27.66,59.72,74.01,0.61,0.5921428571428571,0.36
2021-11-16,213.41,0.05,220.09,0.05,212.71,0.05,1.05,33.57,123.36,49.92,67.86,3.73,0.0,3.15
2021-11-16,869.13,0.27,953.84,0.29,1024.81,0.31,0.8,40.31,968.78,40.74,46.49,9.3,4.7196428571428575,9.36
2021-11-16,1362.43,0.42,1114.1,0.4,819.16,0.33,1.2,88.21,412.3,52.01,56.62,5.07,2.29,8.64
2021-11-16,526.92,0.04,597.46,0.04,690.24,0.05,0.99,15.15,129.06,43.61,74.56,2.57,0.028928571428571432,2.35
2021-11-16,272.47,0.1,181.7,0.08,140.53,0.06,1.48,14.3,65.56,50.0,66.09,0.72,0.005,1.02
2021-11-16,679.3,0.13,655.03,0.1,458.63,0.09,1.44,37.23,184.63,31.94,75.51,1.89,1.3324999999999998,2.42
2021-11-16,142.74,0.04,164.39,0.05,168.94,0.05,0.99,15.97,129.47,53.75,76.03,2.11,0.019285714285714288,1.58
2021-11-16,4.27,0.01,5.85,0.01,7.22,0.02,0.96,7.98,62.36,48.15,26.58,0.57,3.9885714285714284,0.36
2021-11-16,57.24,0.03,59.66,0.03,70.17,0.03,1.02,12.33,49.67,64.43,77.93,0.82,0.9128571428571428,0.64
2021-11-16,285.58,0.08,257.15,0.05,228.72,0.06,1.28,23.16,63.31,45.65,67.76,1.31,0.0,0.66
2021-11-16,83.35,0.01,71.83,0.01,52.71,0.01,1.33,7.13,65.33,49.93,79.46,0.65,0.6810714285714285,0.9
2021-11-16,48.7,0.13,45.38,0.09,36.98,0.09,1.22,5.4,42.7,29.2,38.01,0.33,0.5092857142857142,0.52
2021-11-16,47.94,0.04,40.02,0.03,37.04,0.03,1.38,8.47,31.48,41.2,80.15,0.32,6.761785714285715,0.48
2021-11-16,106.81,0.03,85.4,0.02,76.1,0.02,1.32,16.81,101.03,41.16,76.73,0.39,0.6114285714285714,0.52
2021-11-16,59.24,0.01,73.02,0.01,113.34,0.01,0.73,12.28,30.9,51.9,66.45,0.74,0.9628571428571429,0.39
2021-11-16,732.31,0.1,459.15,0.06,281.4,0.04,1.42,46.41,345.34,42.43,60.81,2.09,1.4224999999999999,5.9
2021-11-17,47.94,0.04,40.02,0.03,37.04,0.02,1.42,8.33,32.26,41.2,80.18,0.32,6.668571428571428,0.48
2021-11-17,213.41,0.06,220.09,0.05,212.71,0.05,1.07,33.37,123.58,49.91,68.04,3.73,0.0,3.15
2021-11-17,106.81,0.03,85.4,0.02,76.1,0.02,1.33,17.02,101.84,41.13,76.77,0.39,0.6282142857142857,0.52
2021-11-17,1.53,0.0,6.77,0.01,2.54,0.01,0.84,1.08,6.09,47.22,80.83,0.08,0.6899999999999998,0.02
2021-11-17,285.58,0.07,257.15,0.06,228.72,0.06,1.27,23.16,58.68,45.65,67.83,1.31,0.0,0.66
2021-11-17,4.27,0.01,5.85,0.01,7.22,0.01,0.99,7.6,62.21,48.15,26.71,0.57,3.7821428571428575,0.36
2021-11-17,59.24,0.01,73.02,0.01,113.34,0.01,0.75,11.75,29.1,51.89,66.47,0.74,0.9349999999999999,0.39
2021-11-17,48.7,0.12,45.38,0.08,36.98,0.09,1.22,5.81,44.67,29.19,38.13,0.33,0.5082142857142857,0.52
2021-11-17,272.47,0.1,181.7,0.08,140.53,0.07,1.48,13.96,65.44,50.0,66.17,0.72,0.004642857142857143,1.02
2021-11-17,679.3,0.13,655.03,0.1,458.63,0.1,1.43,38.69,195.52,31.93,75.57,1.89,1.3675,2.42
2021-11-17,57.24,0.03,59.66,0.03,70.17,0.03,1.02,12.25,48.37,64.42,77.99,0.82,0.902142857142857,0.64
2021-11-17,732.31,0.1,459.15,0.07,281.4,0.04,1.42,48.7,359.06,42.42,60.96,2.09,1.5525,5.9
2021-11-17,52.7,0.01,54.77,0.01,75.02,0.01,0.89,4.55,26.82,59.7,74.18,0.61,0.5878571428571429,0.36
2021-11-17,526.92,0.04,597.46,0.04,690.24,0.05,1.0,14.93,128.0,43.61,74.74,2.57,0.027142857142857142,2.35
2021-11-17,83.35,0.01,71.83,0.01,52.71,0.01,1.32,7.16,65.55,49.91,79.49,0.65,0.6864285714285714,0.9
2021-11-17,1362.43,0.41,1114.1,0.42,819.16,0.34,1.17,87.74,419.37,52.0,56.71,5.07,2.3825,8.64
2021-11-17,142.74,0.04,164.39,0.05,168.94,0.05,1.0,16.03,131.62,53.74,76.06,2.11,0.02,1.58
2021-11-18,83.35,0.01,71.83,0.01,52.71,0.01,1.31,7.15,66.58,49.89,79.52,0.65,0.6917857142857143,0.9
2021-11-18,159.02,0.0,114.17,0.0,107.84,0.0,1.31,13.39,89.28,46.39,67.99,0.75,0.5800000000000001,0.22
2021-11-18,106.81,0.03,85.4,0.03,76.1,0.02,1.33,16.89,102.52,41.12,76.78,0.39,0.6449999999999999,0.52
2021-11-18,1362.43,0.41,1114.1,0.42,819.16,0.35,1.15,97.18,433.99,51.99,56.84,5.07,2.475,8.64
2021-11-18,59.24,0.01,73.02,0.01,113.34,0.01,0.76,11.75,28.15,49.11,66.48,0.74,0.9149999999999999,0.39
2021-11-18,526.92,0.04,597.46,0.04,690.24,0.05,1.01,14.8,125.88,43.61,74.79,2.57,0.025357142857142856,2.35
2021-11-18,48.7,0.15,45.38,0.1,36.98,0.08,1.23,6.3,46.63,29.19,38.36,0.33,0.5071428571428571,0.52
2021-11-18,47.94,0.04,40.02,0.03,37.04,0.03,1.43,8.28,32.61,41.2,80.21,0.32,6.575357142857143,0.48
2021-11-18,285.58,0.07,257.15,0.07,228.72,0.06,1.26,20.07,61.77,45.65,67.92,1.31,0.0,0.66
2021-11-18,732.31,0.1,459.15,0.08,281.4,0.04,1.41,49.46,371.64,42.41,61.1,2.09,1.6824999999999999,5.9
2021-11-18,679.3,0.13,655.03,0.11,458.63,0.1,1.41,40.41,198.01,31.93,75.58,1.89,1.4025,2.42
2021-11-18,272.47,0.11,181.7,0.09,140.53,0.07,1.48,13.84,66.36,50.0,66.23,0.72,0.004285714285714286,1.02
2021-11-18,142.74,0.04,164.39,0.05,168.94,0.05,1.01,15.85,132.0,53.74,76.09,2.11,0.02142857142857143,1.58
2021-11-18,57.24,0.03,59.66,0.03,70.17,0.03,1.02,11.81,47.74,64.41,78.01,0.82,0.8914285714285713,0.64
2021-11-18,213.41,0.06,220.09,0.05,212.71,0.05,1.08,33.34,123.32,49.9,68.2,3.73,0.0,3.15
2021-11-18,52.7,0.01,54.77,0.01,75.02,0.01,0.89,4.43,26.02,59.67,74.36,0.61,0.5835714285714285,0.36
2021-11-19,285.58,0.08,257.15,0.07,228.72,0.06,1.26,18.53,64.86,45.65,68.02,1.31,0.0,0.66
2021-11-19,679.3,0.13,655.03,0.11,458.63,0.1,1.41,41.78,206.5,31.93,75.62,1.89,1.4375,2.42
2021-11-19,272.47,0.11,181.7,0.09,140.53,0.07,1.48,14.3,70.93,50.0,66.31,0.72,0.003928571428571429,1.02
2021-11-19,799.34,0.02,480.12,0.02,341.14,0.01,1.37,47.88,259.97,43.27,69.61,2.16,2.0175,4.52
2021-11-19,57.24,0.03,59.66,0.03,70.17,0.03,1.03,11.78,47.54,64.4,78.06,0.82,0.8807142857142857,0.64
2021-11-19,142.74,0.04,164.39,0.05,168.94,0.05,1.01,15.97,133.54,53.73,76.11,2.11,0.022857142857142857,1.58
2021-11-19,526.92,0.04,597.46,0.04,690.24,0.05,1.02,14.65,124.38,43.61,74.84,2.57,0.023571428571428573,2.35
2021-11-19,1362.43,0.41,1114.1,0.42,819.16,0.37,1.14,98.59,450.03,51.98,56.96,5.07,2.5675,8.64
2021-11-19,605.25,0.19,426.96,0.17,301.43,0.17,1.35,18.28,70.48,35.62,69.82,1.13,0.13071428571428573,1.61
2021-11-19,106.81,0.03,85.4,0.03,76.1,0.02,1.35,17.43,103.9,41.09,76.82,0.39,0.6692857142857144,0.52
2021-11-19,52.7,0.01,54.77,0.01,75.02,0.01,0.9,6.57,24.98,59.65,74.55,0.61,0.5792857142857143,0.36
2021-11-19,95.35,0.03,80.66,0.03,74.77,0.02,1.28,6.33,40.02,38.96,89.23,0.34,1.5050000000000001,0.82
2021-11-19,83.35,0.01,71.83,0.01,52.71,0.01,1.29,7.54,67.24,49.86,79.56,0.65,0.6971428571428572,0.9
2021-11-19,336.25,0.02,270.71,0.02,169.53,0.02,1.31,7.31,53.72,29.38,74.84,0.39,0.38607142857142857,0.6
2021-11-19,4.27,0.01,5.85,0.01,7.22,0.01,1.05,6.88,60.54,48.15,26.99,0.57,3.3692857142857138,0.36
2021-11-19,213.41,0.06,220.09,0.05,212.71,0.05,1.12,33.32,123.07,49.89,68.39,3.73,0.0,3.15
2021-11-19,59.24,0.01,73.02,0.01,113.34,0.01,0.77,11.54,26.99,49.11,66.49,0.74,0.8950000000000001,0.39
2021-11-19,732.31,0.1,459.15,0.08,281.4,0.05,1.4,50.12,387.17,42.38,61.29,2.09,1.8125,5.9
2021-11-19,48.7,0.14,45.38,0.13,36.98,0.08,1.22,6.63,48.35,29.19,38.58,0.33,0.5060714285714286,0.52
2021-11-20,106.81,0.04,85.4,0.03,76.1,0.02,1.38,17.73,103.96,41.06,76.85,0.39,0.6935714285714286,0.52
2021-11-20,142.74,0.04,164.39,0.05,168.94,0.05,1.01,15.53,135.54,53.73,76.12,2.11,0.024285714285714282,1.58
2021-11-20,4.27,0.01,5.85,0.01,7.22,0.01,1.08,6.91,60.59,48.15,27.08,0.57,3.162857142857143,0.36
2021-11-20,285.58,0.08,257.15,0.07,228.72,0.05,1.26,23.16,83.38,45.65,68.09,1.31,0.0,0.66
2021-11-20,83.35,0.01,71.83,0.01,52.71,0.01,1.28,7.67,68.6,49.85,79.59,0.65,0.7025,0.9
2021-11-20,159.02,0.0,114.17,0.0,107.84,0.0,1.32,13.39,91.52,46.37,68.11,0.75,0.5650000000000001,0.22
2021-11-20,526.92,0.04,597.46,0.04,690.24,0.05,1.02,14.43,122.3,43.6,74.89,2.57,0.021785714285714287,2.35
2021-11-20,272.47,0.11,181.7,0.09,140.53,0.07,1.48,14.76,72.42,50.0,66.37,0.72,0.0035714285714285718,1.02
2021-11-20,57.24,0.03,59.66,0.03,70.17,0.03,1.04,11.81,47.28,64.39,78.09,0.82,0.87,0.64
2021-11-20,679.3,0.14,655.03,0.12,458.63,0.1,1.4,41.95,206.5,31.92,75.66,1.89,1.4725000000000001,2.42
2021-11-20,52.7,0.01,54.77,0.01,75.02,0.01,0.9,6.84,24.37,59.64,74.65,0.61,0.575,0.36
2021-11-20,48.7,0.14,45.38,0.1,36.98,0.1,1.21,6.54,48.67,29.19,38.69,0.33,0.505,0.52
2021-11-20,59.24,0.01,73.02,0.01,113.34,0.01,0.79,11.64,26.78,49.11,66.49,0.74,0.875,0.39
2021-11-20,213.41,0.06,220.09,0.05,212.71,0.05,1.12,33.39,122.3,49.89,68.55,3.73,0.0,3.15
2021-11-20,732.31,0.11,459.15,0.08,281.4,0.05,1.38,53.36,381.17,42.38,61.34,2.09,1.9425000000000001,5.9
2021-11-20,1362.43,0.41,1114.1,0.42,819.16,0.38,1.12,103.31,462.77,51.98,57.01,5.07,2.66,8.64
2021-11-21,487.91,0.1,637.72,0.1,689.86,0.15,0.82,110.14,1257.16,49.12,26.34,22.75,18.156785714285714,20.7
2021-11-21,233.06,0.06,213.41,0.05,220.09,0.05,1.11,33.3,123.78,49.89,68.63,3.1,0.0,4.3
2021-11-21,164.7,0.04,142.74,0.04,164.39,0.05,1.01,15.44,136.63,53.72,76.14,1.56,0.025714285714285714,1.34
2021-11-21,48.71,0.01,59.24,0.01,73.02,0.01,0.8,11.54,28.36,49.11,66.51,0.34,0.8550000000000001,0.34
2021-11-21,62.7,0.14,48.7,0.12,45.38,0.09,1.21,5.81,47.2,29.19,38.75,0.43,0.5089285714285714,0.56
2021-11-21,75.98,0.04,47.94,0.03,40.02,0.03,1.47,8.94,36.78,41.2,80.25,0.29,6.2957142857142845,0.46
2021-11-21,341.99,0.08,285.58,0.07,257.15,0.05,1.27,18.53,88.02,45.65,68.09,1.09,0.0,1.75
2021-11-21,204.0,0.06,178.86,0.06,146.85,0.05,1.18,5.6,46.2,20.37,76.91,1.26,4.932857142857143,1.49
2021-11-21,615.27,0.25,869.13,0.28,953.84,0.29,0.77,40.02,939.38,40.74,46.76,9.38,2.905357142857143,8.1
2021-11-21,1021.06,0.11,732.31,0.09,459.15,0.05,1.37,57.18,395.08,42.37,61.38,3.99,2.130714285714286,8.59
2021-11-21,78.9,0.05,69.31,0.06,80.82,0.04,1.27,3.41,23.98,15.82,69.68,0.46,0.007857142857142858,0.41
2021-11-21,65.01,0.03,57.24,0.02,59.66,0.03,1.04,11.83,47.74,64.39,78.11,0.66,0.8557142857142858,0.63
2021-11-21,47.44,0.01,52.7,0.01,54.77,0.01,0.91,6.91,23.49,59.63,74.73,0.53,0.5675,0.44
2021-11-21,863.54,0.14,679.3,0.12,655.03,0.1,1.39,43.5,214.14,31.92,75.66,1.79,1.522857142857143,2.94
2021-11-21,1532.69,0.42,1362.43,0.42,1114.1,0.39,1.11,104.72,467.02,51.98,57.02,7.02,2.7525000000000004,9.59
2021-11-21,711.7,0.15,18.31,0.2,1277.06,0.21,0.83,42.23,387.61,37.95,61.5,0.0,1.5924999999999998,5.61
2021-11-21,120.46,0.02,83.35,0.01,71.83,0.01,1.27,7.76,69.53,49.84,79.6,0.7,0.7060714285714286,0.94
2021-11-21,557.56,0.04,526.92,0.04,597.46,0.05,1.03,14.5,123.6,43.6,74.93,2.59,0.019999999999999997,2.14
2021-11-21,4.41,0.01,4.27,0.01,5.85,0.01,1.12,6.9,60.31,48.15,27.14,0.36,2.9564285714285714,0.22
2021-11-21,147.49,0.04,106.81,0.03,85.4,0.02,1.41,17.84,104.86,41.06,76.86,0.47,0.7178571428571429,0.7
2021-11-21,394.07,0.12,272.47,0.1,181.7,0.07,1.49,14.76,77.8,50.0,66.37,0.47,0.0032142857142857142,1.22
2021-11-22,48.71,0.01,59.24,0.01,73.02,0.01,0.82,10.9,27.2,49.11,66.52,0.34,0.835,0.34
2021-11-22,120.46,0.02,83.35,0.01,71.83,0.01,1.27,8.05,72.55,49.82,79.64,0.7,0.7096428571428571,0.94
2021-11-22,1021.06,0.11,732.31,0.09,459.15,0.05,1.36,61.18,457.98,42.35,61.52,3.99,2.3189285714285717,8.59
2021-11-22,65.01,0.03,57.24,0.03,59.66,0.03,1.04,11.86,47.74,64.38,78.15,0.66,0.8414285714285714,0.63
2021-11-22,147.49,0.04,106.81,0.03,85.4,0.02,1.43,18.54,108.55,41.04,76.89,0.47,0.7421428571428572,0.7
2021-11-22,233.06,0.06,213.41,0.05,220.09,0.05,1.11,34.1,127.96,49.88,68.76,3.1,0.0,4.3
2021-11-22,341.99,0.07,285.58,0.07,257.15,0.05,1.28,18.53,83.38,45.65,68.17,1.09,0.0,1.75
2021-11-22,62.7,0.15,48.7,0.12,45.38,0.1,1.2,6.54,49.33,29.19,38.9,0.43,0.5128571428571428,0.56
2021-11-22,4.41,0.01,4.27,0.01,5.85,0.01,1.16,6.68,59.46,48.15,27.26,0.36,2.75,0.22
2021-11-22,1532.69,0.42,1362.43,0.42,1114.1,0.39,1.09,107.56,475.51,51.98,57.12,7.02,2.8449999999999998,9.59
2021-11-22,164.7,0.04,142.74,0.04,164.39,0.05,1.01,15.5,135.84,53.72,76.16,1.56,0.027142857142857142,1.34
2021-11-22,863.54,0.14,679.3,0.12,655.03,0.1,1.38,46.33,228.81,31.92,75.68,1.79,1.5732142857142857,2.94
2021-11-22,75.98,0.04,47.94,0.04,40.02,0.03,1.48,8.87,36.29,41.2,80.26,0.29,6.202500000000001,0.46
2021-11-22,557.56,0.04,526.92,0.04,597.46,0.05,1.03,14.34,126.12,43.6,74.97,2.59,0.019999999999999997,2.14
2021-11-22,394.07,0.12,272.47,0.1,181.7,0.08,1.49,14.76,80.43,50.0,66.42,0.47,0.002857142857142857,1.22
2021-11-22,47.44,0.01,52.7,0.01,54.77,0.01,0.92,6.34,24.14,71.65,74.9,0.53,0.5599999999999999,0.44
2021-11-23,233.06,0.06,213.41,0.05,220.09,0.05,1.11,34.29,130.1,51.55,68.91,3.1,0.0,4.3
2021-11-23,4.41,0.01,4.27,0.01,5.85,0.01,1.2,6.6,60.09,48.15,27.39,0.36,2.6207142857142856,0.22
2021-11-23,1021.06,0.11,732.31,0.1,459.15,0.06,1.36,62.13,465.98,42.33,61.69,3.99,2.507142857142857,8.59
2021-11-23,863.54,0.14,679.3,0.13,655.03,0.1,1.37,47.79,232.41,31.91,75.72,1.79,1.6235714285714287,2.94
2021-11-23,164.7,0.04,142.74,0.04,164.39,0.05,1.01,16.06,138.81,53.72,76.18,1.56,0.02857142857142857,1.34
2021-11-23,147.49,0.04,106.81,0.03,85.4,0.02,1.45,18.83,111.11,41.01,76.92,0.47,0.7664285714285715,0.7
2021-11-23,178.44,0.0,159.02,0.0,114.17,0.0,1.37,18.97,98.21,46.36,68.24,0.22,0.5307142857142857,0.22
2021-11-23,75.98,0.05,47.94,0.04,40.02,0.03,1.48,9.4,38.08,41.2,80.27,0.29,6.070357142857143,0.46
2021-11-23,47.44,0.01,52.7,0.01,54.77,0.01,0.93,6.0,22.84,71.63,75.05,0.53,0.5525,0.44
2021-11-23,1532.69,0.42,1362.43,0.42,1114.1,0.4,1.07,111.33,506.64,46.42,57.24,7.02,2.9139285714285714,9.59
2021-11-23,341.99,0.08,285.58,0.08,257.15,0.05,1.27,15.44,69.49,45.65,68.25,1.09,0.0,1.75
2021-11-23,120.46,0.02,83.35,0.01,71.83,0.01,1.27,8.15,75.39,49.81,79.67,0.7,0.7132142857142857,0.94
2021-11-23,557.56,0.04,526.92,0.04,597.46,0.04,1.04,13.89,122.01,43.6,75.02,2.59,0.019999999999999997,2.14
2021-11-23,62.7,0.16,48.7,0.13,45.38,0.09,1.2,6.54,52.44,29.18,39.15,0.43,0.5167857142857143,0.56
2021-11-23,65.01,0.03,57.24,0.03,59.66,0.03,1.05,11.36,47.25,64.37,78.18,0.66,0.8271428571428572,0.63
2021-11-23,48.71,0.01,59.24,0.01,73.02,0.01,0.84,10.27,26.04,49.1,66.54,0.34,0.8150000000000001,0.34
2021-11-23,394.07,0.12,272.47,0.1,181.7,0.08,1.49,16.13,82.03,50.0,66.47,0.47,0.0025,1.22
2021-11-24,75.98,0.05,47.94,0.04,40.02,0.03,1.49,9.52,38.88,41.2,80.32,0.29,5.9382142857142854,0.46
2021-11-24,4.41,0.01,4.27,0.01,5.85,0.01,1.24,6.53,60.07,48.15,27.51,0.36,2.4914285714285715,0.22
2021-11-24,120.46,0.02,83.35,0.01,71.83,0.01,1.27,8.23,77.0,49.79,79.7,0.7,0.7167857142857142,0.94
2021-11-24,164.7,0.04,142.74,0.04,164.39,0.05,1.01,15.79,136.6,53.71,76.2,1.56,0.030000000000000002,1.34
2021-11-24,48.71,0.01,59.24,0.01,73.02,0.01,0.87,10.8,25.5,49.1,66.55,0.34,0.795,0.34
2021-11-24,62.7,0.16,48.7,0.12,45.38,0.08,1.2,6.71,53.26,29.18,39.4,0.43,0.5207142857142857,0.56
2021-11-24,147.49,0.04,106.81,0.03,85.4,0.02,1.46,19.17,113.0,40.97,76.97,0.47,0.7907142857142856,0.7
2021-11-24,341.99,0.08,285.58,0.07,257.15,0.06,1.28,13.9,74.12,45.65,68.32,1.09,0.0,1.75
2021-11-24,65.01,0.03,57.24,0.03,59.66,0.03,1.05,11.23,46.78,64.36,78.23,0.66,0.812857142857143,0.63
2021-11-24,47.44,0.01,52.7,0.01,54.77,0.01,0.95,6.04,21.93,71.62,75.2,0.53,0.545,0.44
2021-11-24,863.54,0.15,679.3,0.13,655.03,0.1,1.35,48.73,243.57,36.88,75.79,1.79,1.6739285714285714,2.94
2021-11-24,1532.69,0.43,1362.43,0.41,1114.1,0.42,1.04,116.05,516.55,49.86,57.35,7.02,2.982857142857143,9.59
2021-11-24,1.45,0.0,1.53,0.0,6.77,0.01,0.82,0.77,5.05,47.22,81.04,0.05,1.035,0.02
2021-11-24,233.06,0.06,213.41,0.06,220.09,0.05,1.11,34.48,131.15,51.54,69.06,3.1,0.0,4.3
2021-11-24,557.56,0.04,526.92,0.04,597.46,0.04,1.04,13.85,118.53,43.6,75.07,2.59,0.019999999999999997,2.14
2021-11-24,1021.06,0.12,732.31,0.1,459.15,0.07,1.35,65.94,459.98,42.33,61.73,3.99,2.695357142857143,8.59
2021-11-24,394.07,0.13,272.47,0.1,181.7,0.08,1.49,16.59,84.89,50.0,66.52,0.47,0.002142857142857143,1.22
2021-11-25,164.7,0.04,142.74,0.04,164.39,0.05,1.01,15.94,136.93,53.71,76.22,1.56,0.03071428571428572,1.34
2021-11-25,1532.69,0.43,1362.43,0.41,1114.1,0.42,1.02,119.35,520.79,55.4,57.48,7.02,3.0517857142857143,9.59
2021-11-25,233.06,0.06,213.41,0.06,220.09,0.05,1.12,34.86,133.3,51.53,69.21,3.1,0.0,4.3
2021-11-25,47.44,0.01,52.7,0.01,54.77,0.01,0.97,5.5,21.35,71.6,75.35,0.53,0.5375,0.44
2021-11-25,557.56,0.04,526.92,0.04,597.46,0.04,1.05,13.67,117.18,43.6,75.11,2.59,0.019999999999999997,2.14
2021-11-25,65.01,0.03,57.24,0.03,59.66,0.03,1.06,11.03,45.95,64.35,78.27,0.66,0.7985714285714286,0.63
2021-11-25,75.98,0.05,47.94,0.04,40.02,0.03,1.5,9.63,40.79,41.2,80.34,0.29,5.806071428571428,0.46
2021-11-25,120.46,0.02,83.35,0.01,71.83,0.01,1.26,8.52,77.76,49.78,79.74,0.7,0.7203571428571429,0.94
2021-11-25,48.71,0.01,59.24,0.01,73.02,0.01,0.9,10.48,26.56,49.1,66.56,0.34,0.7928571428571428,0.34
2021-11-25,863.54,0.15,679.3,0.13,655.03,0.11,1.35,49.5,248.54,36.87,75.83,1.79,1.7242857142857144,2.94
2021-11-25,394.07,0.13,272.47,0.11,181.7,0.09,1.49,17.16,87.07,50.0,66.57,0.47,0.0017857142857142859,1.22
2021-11-25,147.49,0.04,106.81,0.03,85.4,0.03,1.47,19.66,114.83,40.94,77.0,0.47,0.8149999999999998,0.7
2021-11-25,1021.06,0.12,732.31,0.1,459.15,0.08,1.34,68.42,495.52,42.31,61.92,3.99,2.883571428571429,8.59
2021-11-25,4.41,0.01,4.27,0.01,5.85,0.01,1.28,5.41,51.39,48.15,27.63,0.36,2.3621428571428567,0.22
2021-11-25,178.44,0.01,159.02,0.0,114.17,0.0,1.37,17.86,95.98,46.35,68.36,0.22,0.5078571428571428,0.22
2021-11-25,341.99,0.08,285.58,0.07,257.15,0.07,1.28,13.9,78.75,45.65,68.39,1.09,0.0,1.75
2021-11-25,615.27,0.22,869.13,0.26,953.84,0.29,0.76,37.69,960.34,38.89,47.0,9.38,2.1792857142857143,8.1
2021-11-25,62.7,0.14,48.7,0.15,45.38,0.1,1.19,6.87,53.34,29.17,39.69,0.43,0.5246428571428572,0.56
2021-11-26,147.49,0.04,106.81,0.03,85.4,0.03,1.48,19.95,117.09,40.9,77.05,0.47,0.8371428571428571,0.7
2021-11-26,863.54,0.16,679.3,0.13,655.03,0.11,1.34,51.73,256.52,36.87,75.87,1.79,1.774642857142857,2.94
2021-11-26,1021.06,0.13,732.31,0.1,459.15,0.08,1.33,70.99,506.96,42.28,62.15,3.99,3.0717857142857143,8.59
2021-11-26,1532.69,0.44,1362.43,0.41,1114.1,0.42,1.0,119.35,531.64,55.38,57.58,7.02,3.120714285714286,9.59
2021-11-26,233.06,0.06,213.41,0.06,220.09,0.05,1.1,34.95,133.49,51.53,69.39,3.1,0.0,4.3
2021-11-26,615.27,0.21,869.13,0.26,953.84,0.29,0.76,34.93,918.86,38.89,47.07,9.38,2.058214285714286,8.1
2021-11-26,136.56,0.04,95.35,0.03,80.66,0.03,1.31,7.69,51.41,38.95,89.43,0.62,1.820714285714286,1.08
2021-11-26,1138.17,0.03,799.34,0.02,480.12,0.02,1.23,57.5,321.94,49.59,70.91,3.03,2.7532142857142854,6.08
2021-11-26,120.46,0.02,83.35,0.01,71.83,0.01,1.26,8.67,78.88,49.76,79.78,0.7,0.7239285714285714,0.94
2021-11-26,341.99,0.08,285.58,0.08,257.15,0.07,1.29,15.44,77.21,45.65,68.47,1.09,0.0,1.75
2021-11-26,47.44,0.01,52.7,0.01,54.77,0.01,0.99,5.46,20.55,71.59,75.48,0.53,0.53,0.44
2021-11-26,394.07,0.14,272.47,0.11,181.7,0.09,1.48,17.62,89.24,50.0,66.63,0.47,0.0014285714285714286,1.22
2021-11-26,65.01,0.03,57.24,0.03,59.66,0.03,1.06,10.92,46.21,64.35,78.3,0.66,0.7842857142857141,0.63
2021-11-26,557.56,0.04,526.92,0.04,597.46,0.04,1.05,13.5,116.58,43.6,75.15,2.59,0.019999999999999997,2.14
2021-11-26,915.14,0.22,605.25,0.19,426.96,0.17,1.31,22.09,86.03,46.7,70.09,1.39,0.12607142857142858,2.77
2021-11-26,482.91,0.02,336.25,0.02,270.71,0.02,1.23,8.16,64.26,29.33,75.25,0.53,0.47071428571428575,1.14
2021-11-26,48.71,0.01,59.24,0.01,73.02,0.01,0.93,9.42,25.29,49.1,66.57,0.34,0.7907142857142857,0.34
2021-11-26,62.7,0.11,48.7,0.14,45.38,0.13,1.19,7.44,53.83,29.17,39.96,0.43,0.5285714285714286,0.56
2021-11-26,164.7,0.05,142.74,0.04,164.39,0.05,1.0,15.97,134.18,53.71,76.24,1.56,0.03142857142857143,1.34
2021-11-27,863.54,0.16,679.3,0.14,655.03,0.12,1.32,53.02,257.81,36.86,75.91,1.79,1.825,2.94
2021-11-27,1532.69,0.44,1362.43,0.41,1114.1,0.42,0.98,124.54,521.74,55.38,57.63,7.02,3.1896428571428572,9.59
2021-11-27,164.7,0.05,142.74,0.04,164.39,0.05,1.0,15.68,133.45,53.7,76.25,1.56,0.03214285714285715,1.34
2021-11-27,4.41,0.02,4.27,0.01,5.85,0.01,1.32,4.41,44.83,48.15,27.78,0.36,2.1035714285714286,0.22
2021-11-27,557.56,0.04,526.92,0.04,597.46,0.04,1.06,13.45,114.86,43.59,75.19,2.59,0.019999999999999997,2.14
2021-11-27,47.44,0.01,52.7,0.01,54.77,0.01,1.0,5.58,20.9,71.58,75.56,0.53,0.5225,0.44
2021-11-27,48.71,0.01,59.24,0.01,73.02,0.01,0.95,9.31,24.55,49.1,66.57,0.34,0.7885714285714285,0.34
2021-11-27,341.99,0.08,285.58,0.08,257.15,0.07,1.29,15.44,71.03,45.65,68.54,1.09,0.0,1.75
2021-11-27,233.06,0.06,213.41,0.06,220.09,0.05,1.07,34.84,132.5,51.52,69.52,3.1,0.0,4.3
2021-11-27,394.07,0.14,272.47,0.11,181.7,0.09,1.48,17.16,92.33,50.0,66.66,0.47,0.0010714285714285715,1.22
2021-11-27,1021.06,0.13,732.31,0.11,459.15,0.08,1.32,71.76,496.19,42.27,62.23,3.99,3.2600000000000002,8.59
2021-11-27,147.49,0.05,106.81,0.04,85.4,0.03,1.48,19.66,117.59,40.88,77.09,0.47,0.8592857142857143,0.7
2021-11-27,62.7,0.13,48.7,0.14,45.38,0.1,1.19,7.44,54.24,29.17,40.1,0.43,0.5325,0.56
2021-11-27,65.01,0.03,57.24,0.03,59.66,0.03,1.07,11.08,44.96,58.09,78.33,0.66,0.7699999999999999,0.63
2021-11-27,120.46,0.02,83.35,0.01,71.83,0.01,1.26,8.67,80.66,49.75,79.81,0.7,0.7275,0.94
2021-11-28,1493.66,0.44,1532.69,0.42,1362.43,0.42,0.96,125.01,531.17,55.38,57.64,8.64,3.258571428571429,10.0
2021-11-28,1442.18,0.14,1021.06,0.11,732.31,0.09,1.3,74.52,516.68,42.26,62.3,5.9,3.5289285714285716,10.28
2021-11-28,165.9,0.05,164.7,0.04,142.74,0.04,0.99,15.94,131.09,53.7,76.26,1.58,0.032857142857142856,1.26
2021-11-28,258.59,0.01,178.44,0.0,159.02,0.0,1.34,20.09,117.19,46.3,68.68,0.22,0.4660714285714285,0.22
2021-11-28,69.52,0.12,62.7,0.14,48.7,0.12,1.19,7.69,54.4,29.17,40.13,0.52,0.5221428571428571,1.02
2021-11-28,62.87,0.03,65.01,0.03,57.24,0.02,1.08,11.39,45.35,58.08,78.35,0.64,0.7582142857142856,0.5
2021-11-28,592.9,0.14,394.07,0.12,272.47,0.1,1.47,18.65,102.86,50.0,66.67,1.02,0.0007142857142857143,1.76
2021-11-28,437.11,0.08,341.99,0.08,285.58,0.07,1.29,15.44,71.03,45.65,68.54,0.66,0.0,2.84
2021-11-28,94.41,0.05,78.9,0.05,69.31,0.06,1.43,2.84,24.84,15.78,70.09,0.42,0.0032142857142857147,0.22
2021-11-28,50.87,0.01,47.44,0.01,52.7,0.01,1.01,4.97,21.54,71.57,75.59,0.36,0.5171428571428571,0.3
2021-11-28,1338.01,0.16,863.54,0.14,679.3,0.12,1.31,54.22,272.22,36.86,75.91,2.42,1.887142857142857,3.45
2021-11-28,548.22,0.13,711.7,0.15,18.31,0.2,0.81,36.95,304.66,37.86,61.95,7.62,1.51,5.82
2021-11-28,228.93,0.06,204.0,0.06,178.86,0.06,1.17,6.86,50.72,27.82,77.16,1.54,5.022857142857143,1.13
2021-11-28,266.04,0.05,147.49,0.04,106.81,0.03,1.48,19.74,118.53,40.87,77.09,0.52,0.8814285714285715,1.01
2021-11-28,121.31,0.06,75.98,0.04,47.94,0.03,1.51,10.98,49.48,41.2,80.4,0.48,5.409642857142857,0.58
2021-11-28,8.01,0.02,4.41,0.01,4.27,0.01,1.32,4.39,45.16,48.15,27.8,0.36,1.9742857142857144,0.5
2021-11-28,618.87,0.04,557.56,0.04,526.92,0.04,1.06,13.52,116.24,43.59,75.22,2.35,0.019999999999999997,1.97
2021-11-28,283.12,0.06,233.06,0.06,213.41,0.05,1.05,35.39,134.12,51.52,69.59,3.15,0.0,2.38
2021-11-28,152.12,0.02,120.46,0.02,83.35,0.01,1.25,8.81,82.4,49.75,79.82,0.9,0.7167857142857142,1.19
2021-11-28,50.08,0.01,48.71,0.01,59.24,0.01,0.98,9.1,24.98,49.1,66.59,0.39,0.7864285714285714,0.19
2021-11-29,62.87,0.03,65.01,0.03,57.24,0.03,1.09,11.08,45.51,64.33,78.38,0.64,0.7464285714285716,0.5
2021-11-29,1493.66,0.43,1532.69,0.42,1362.43,0.42,0.93,130.2,548.15,46.12,57.7,8.64,3.3275,10.0
2021-11-29,475.19,0.2,615.27,0.24,869.13,0.28,0.76,31.0,816.41,38.89,47.17,9.36,1.695,7.8
2021-11-29,618.87,0.04,557.56,0.04,526.92,0.04,1.06,13.75,117.69,43.59,75.25,2.35,0.022857142857142857,1.97
2021-11-29,1442.18,0.14,1021.06,0.11,732.31,0.09,1.29,77.95,575.0,42.24,62.47,5.9,3.797857142857143,10.28
2021-11-29,283.12,0.06,233.06,0.06,213.41,0.05,1.02,36.35,138.44,51.51,69.73,3.15,0.0,2.38
2021-11-29,592.9,0.15,394.07,0.12,272.47,0.1,1.47,19.56,106.63,50.0,66.71,1.02,0.00035714285714285714,1.76
2021-11-29,152.12,0.02,120.46,0.02,83.35,0.01,1.25,9.3,85.64,49.74,79.86,0.9,0.7060714285714286,1.19
2021-11-29,50.87,0.01,47.44,0.01,52.7,0.01,1.01,5.12,21.01,71.56,75.75,0.36,0.5117857142857143,0.3
2021-11-29,50.08,0.01,48.71,0.01,59.24,0.01,1.0,9.63,26.25,49.09,66.6,0.39,0.7842857142857141,0.19
2021-11-29,165.9,0.05,164.7,0.04,142.74,0.04,0.98,16.18,130.97,53.7,76.28,1.58,0.03357142857142857,1.26
2021-11-29,437.11,0.08,341.99,0.07,285.58,0.07,1.3,20.07,75.66,45.65,68.6,0.66,0.0,2.84
2021-11-29,266.04,0.05,147.49,0.04,106.81,0.03,1.48,20.73,122.96,40.85,77.12,0.52,0.9035714285714286,1.01
2021-11-29,121.31,0.06,75.98,0.04,47.94,0.04,1.52,11.44,51.58,41.2,80.43,0.48,5.277499999999999,0.58
2021-11-29,8.01,0.02,4.41,0.01,4.27,0.01,1.31,4.22,45.33,48.15,27.9,0.36,1.8450000000000002,0.5
2021-11-29,69.52,0.13,62.7,0.15,48.7,0.12,1.2,7.69,54.56,27.32,40.24,0.52,0.5117857142857143,1.02
2021-11-29,1338.01,0.16,863.54,0.14,679.3,0.12,1.3,56.11,285.26,36.86,75.94,2.42,1.9492857142857143,3.45
2021-11-30,1338.01,0.16,863.54,0.14,679.3,0.13,1.28,56.37,288.87,36.85,75.97,2.42,2.0114285714285716,3.45
2021-11-30,121.31,0.06,75.98,0.05,47.94,0.04,1.51,11.78,54.8,41.2,80.46,0.48,5.155,0.58
2021-11-30,437.11,0.08,341.99,0.08,285.58,0.08,1.29,16.99,74.12,45.65,68.67,0.66,0.0,2.84
2021-11-30,69.52,0.13,62.7,0.16,48.7,0.13,1.2,7.44,55.14,27.31,40.51,0.52,0.5014285714285714,1.02
2021-11-30,1442.18,0.14,1021.06,0.11,732.31,0.1,1.24,81.86,584.72,42.22,62.65,5.9,4.0667857142857144,10.28
2021-11-30,258.59,0.01,178.44,0.0,159.02,0.0,1.32,21.2,128.35,46.28,68.89,0.22,0.4282142857142857,0.22
2021-11-30,1493.66,0.42,1532.69,0.42,1362.43,0.42,0.9,133.5,543.91,46.11,57.77,8.64,3.3935714285714282,10.0
2021-11-30,475.19,0.19,615.27,0.24,869.13,0.27,0.76,29.25,785.41,38.89,47.23,9.36,1.4528571428571428,7.8
2021-11-30,152.12,0.02,120.46,0.02,83.35,0.01,1.25,9.49,87.35,49.72,79.9,0.9,0.6953571428571429,1.19
2021-11-30,62.87,0.03,65.01,0.03,57.24,0.03,1.1,11.23,46.11,64.32,78.41,0.64,0.7346428571428572,0.5
2021-11-30,283.12,0.06,233.06,0.06,213.41,0.05,1.0,36.44,141.01,51.51,69.88,3.15,0.0,2.38
2021-11-30,618.87,0.04,557.56,0.04,526.92,0.04,1.06,13.61,114.52,43.59,75.29,2.35,0.025714285714285714,1.97
2021-11-30,165.9,0.05,164.7,0.04,142.74,0.04,0.98,15.68,131.47,53.7,76.29,1.58,0.03428571428571429,1.26
2021-11-30,50.08,0.01,48.71,0.01,59.24,0.01,1.02,9.42,26.35,49.09,66.7,0.39,0.7821428571428573,0.19
2021-11-30,592.9,0.15,394.07,0.12,272.47,0.1,1.46,19.34,114.18,50.0,66.75,1.02,0.0,1.76
2021-11-30,50.87,0.01,47.44,0.01,52.7,0.01,1.02,5.46,20.28,71.54,75.87,0.36,0.5064285714285715,0.3
2021-11-30,266.04,0.05,147.49,0.04,106.81,0.03,1.48,21.46,125.71,40.82,77.16,0.52,0.9257142857142858,1.01
2021-12-01,152.12,0.02,120.46,0.02,83.35,0.01,1.24,9.71,88.11,49.71,79.94,0.9,0.6846428571428571,1.19
2021-12-01,1493.66,0.42,1532.69,0.43,1362.43,0.41,0.87,132.08,550.98,46.1,57.84,8.64,3.4596428571428572,10.0
2021-12-01,50.08,0.01,48.71,0.01,59.24,0.01,1.04,8.78,26.04,49.09,66.79,0.39,0.78,0.19
2021-12-01,8.01,0.02,4.41,0.01,4.27,0.01,1.3,3.86,35.21,48.15,28.15,0.36,1.6685714285714286,0.5
2021-12-01,283.12,0.07,233.06,0.06,213.41,0.06,0.97,36.8,141.6,51.5,70.0,3.15,0.0,2.38
2021-12-01,1.15,0.0,1.45,0.0,1.53,0.0,0.63,0.64,4.27,47.22,81.19,0.02,1.3799999999999997,0.01
2021-12-01,121.31,0.07,75.98,0.05,47.94,0.04,1.51,11.96,56.73,41.2,80.49,0.48,5.0325,0.58
2021-12-01,618.87,0.04,557.56,0.04,526.92,0.04,1.06,13.75,110.9,43.59,75.33,2.35,0.028571428571428574,1.97
2021-12-01,69.52,0.11,62.7,0.16,48.7,0.12,1.19,7.44,55.55,27.31,40.71,0.52,0.49107142857142855,1.02
2021-12-01,592.9,0.16,394.07,0.13,272.47,0.1,1.45,20.71,119.9,50.0,66.81,1.02,0.0,1.76
2021-12-01,1338.01,0.16,863.54,0.15,679.3,0.13,1.26,56.54,295.04,36.84,76.04,2.42,2.0735714285714284,3.45
2021-12-01,475.19,0.18,615.27,0.23,869.13,0.27,0.75,29.83,744.52,38.89,47.28,9.36,1.2107142857142856,7.8
2021-12-01,437.11,0.08,341.99,0.08,285.58,0.07,1.29,16.99,81.84,45.65,68.73,0.66,0.0,2.84
2021-12-01,1442.18,0.14,1021.06,0.12,732.31,0.1,1.23,83.0,594.53,42.19,62.84,5.9,4.335714285714286,10.28
2021-12-01,50.87,0.01,47.44,0.01,52.7,0.01,1.02,4.97,21.51,71.53,75.99,0.36,0.5010714285714285,0.3
2021-12-01,62.87,0.03,65.01,0.03,57.24,0.03,1.11,11.16,44.31,64.32,78.41,0.64,0.7228571428571428,0.5
2021-12-01,165.9,0.05,164.7,0.04,142.74,0.04,0.97,14.91,130.41,53.7,76.31,1.58,0.034999999999999996,1.26
2021-12-01,266.04,0.05,147.49,0.04,106.81,0.03,1.48,21.87,129.25,40.78,77.21,0.52,0.9478571428571428,1.01
2021-12-02,592.9,0.16,394.07,0.13,272.47,0.11,1.44,21.62,126.2,50.0,66.85,1.02,0.0,1.76
2021-12-02,618.87,0.04,557.56,0.04,526.92,0.04,1.07,13.7,111.04,43.59,75.36,2.35,0.03142857142857143,1.97
2021-12-02,437.11,0.08,341.99,0.08,285.58,0.07,1.28,15.44,81.84,45.65,68.79,0.66,0.0,2.84
2021-12-02,62.87,0.03,65.01,0.03,57.24,0.03,1.12,11.08,42.88,64.31,78.45,0.64,0.7110714285714286,0.5
2021-12-02,152.12,0.02,120.46,0.02,83.35,0.01,1.24,9.96,89.38,49.7,79.98,0.9,0.6739285714285714,1.19
2021-12-02,266.04,0.05,147.49,0.04,106.81,0.03,1.47,22.1,132.44,40.75,77.25,0.52,0.97,1.01
2021-12-02,283.12,0.07,233.06,0.06,213.41,0.06,0.95,36.86,139.81,51.5,70.0,3.15,0.0,2.38
2021-12-02,1442.18,0.16,1021.06,0.12,732.31,0.1,1.21,85.29,604.35,42.17,63.02,5.9,4.604642857142857,10.28
2021-12-02,50.08,0.01,48.71,0.01,59.24,0.01,1.06,8.36,24.55,49.09,66.9,0.39,0.7889285714285714,0.19
2021-12-02,1493.66,0.41,1532.69,0.43,1362.43,0.41,0.85,135.86,540.13,51.63,57.91,8.64,3.525714285714286,10.0
2021-12-02,165.9,0.05,164.7,0.04,142.74,0.04,0.96,15.2,132.89,53.7,76.33,1.58,0.036071428571428574,1.26
2021-12-02,69.52,0.13,62.7,0.14,48.7,0.15,1.2,7.69,55.79,27.31,40.9,0.52,0.48071428571428576,1.02
2021-12-02,121.31,0.07,75.98,0.05,47.94,0.04,1.52,12.53,58.6,41.2,80.51,0.48,4.909999999999999,0.58
2021-12-02,50.87,0.01,47.44,0.01,52.7,0.01,1.03,4.97,21.28,71.52,76.1,0.36,0.49571428571428566,0.3
2021-12-02,1338.01,0.16,863.54,0.15,679.3,0.13,1.25,57.4,299.33,36.83,76.07,2.42,2.1357142857142857,3.45
2021-12-02,258.59,0.01,178.44,0.01,159.02,0.0,1.33,21.2,122.77,46.26,69.1,0.22,0.39035714285714285,0.22
2021-12-03,1229.27,0.22,915.14,0.22,605.25,0.19,1.09,27.96,103.96,46.67,70.26,1.61,0.08678571428571429,3.34
2021-12-03,50.87,0.01,47.44,0.01,52.7,0.01,1.03,4.62,20.48,71.51,76.21,0.36,0.4903571428571429,0.3
2021-12-03,165.9,0.05,164.7,0.05,142.74,0.04,0.95,15.12,132.56,53.7,76.34,1.58,0.037142857142857144,1.26
2021-12-03,1338.01,0.16,863.54,0.16,679.3,0.13,1.24,58.51,299.68,36.83,76.1,2.42,2.197857142857143,3.45
2021-12-03,152.12,0.02,120.46,0.02,83.35,0.01,1.24,10.26,90.69,49.68,80.03,0.9,0.6632142857142858,1.19
2021-12-03,1480.28,0.03,1138.17,0.03,799.34,0.02,0.98,68.46,365.79,49.48,71.92,4.52,3.7928571428571423,7.36
2021-12-03,69.52,0.16,62.7,0.11,48.7,0.14,1.2,7.69,55.63,27.3,41.07,0.52,0.4703571428571429,1.02
2021-12-03,266.04,0.05,147.49,0.04,106.81,0.03,1.47,23.05,135.39,40.7,77.3,0.52,0.9803571428571428,1.01
2021-12-03,618.87,0.04,557.56,0.04,526.92,0.04,1.07,13.7,109.64,43.59,75.39,2.35,0.03428571428571429,1.97
2021-12-03,50.08,0.01,48.71,0.01,59.24,0.01,1.07,8.47,24.76,49.09,66.96,0.39,0.7978571428571428,0.19
2021-12-03,643.2,0.02,482.91,0.02,336.25,0.02,1.18,9.01,72.42,32.03,75.58,0.6,0.6389285714285714,1.36
2021-12-03,283.12,0.07,233.06,0.06,213.41,0.06,0.98,37.41,142.45,51.5,70.09,3.15,0.0,2.38
2021-12-03,592.9,0.16,394.07,0.14,272.47,0.11,1.42,22.65,126.2,50.0,66.9,1.02,0.0,1.76
2021-12-03,1493.66,0.4,1532.69,0.44,1362.43,0.41,0.84,136.33,536.36,51.62,57.98,8.64,3.5917857142857144,10.0
2021-12-03,205.01,0.04,136.56,0.04,95.35,0.03,1.29,9.74,68.64,38.94,89.64,0.82,2.0560714285714283,1.26
2021-12-03,62.87,0.03,65.01,0.03,57.24,0.03,1.12,11.03,42.78,68.5,78.54,0.64,0.6992857142857144,0.5
2021-12-03,8.01,0.03,4.41,0.01,4.27,0.01,1.36,3.79,36.75,48.15,28.37,0.36,1.4921428571428572,0.5
2021-12-03,437.11,0.08,341.99,0.08,285.58,0.08,1.28,16.99,84.93,45.65,68.84,0.66,0.0,2.84
2021-12-03,1442.18,0.16,1021.06,0.13,732.31,0.1,1.2,86.91,613.4,45.49,63.22,5.9,4.873571428571429,10.28
2021-12-04,258.59,0.0,178.44,0.01,159.02,0.0,1.36,20.09,131.7,46.24,69.39,0.22,0.3525,0.22
2021-12-04,1493.66,0.4,1532.69,0.44,1362.43,0.41,0.83,133.5,528.34,54.39,58.01,8.64,3.657857142857143,10.0
2021-12-04,165.9,0.04,164.7,0.05,142.74,0.04,0.95,15.03,125.23,53.69,76.35,1.58,0.038214285714285715,1.26
2021-12-04,618.87,0.04,557.56,0.04,526.92,0.04,1.07,13.5,107.42,43.58,75.43,2.35,0.037142857142857144,1.97
2021-12-04,8.01,0.04,4.41,0.02,4.27,0.01,1.4,3.81,37.22,48.15,28.42,0.36,1.4039285714285714,0.5
2021-12-04,50.08,0.01,48.71,0.01,59.24,0.01,1.08,8.36,24.76,49.09,67.01,0.39,0.8067857142857143,0.19
2021-12-04,266.04,0.05,147.49,0.05,106.81,0.04,1.46,23.84,136.71,40.67,77.33,0.52,0.9907142857142858,1.01
2021-12-04,1442.18,0.16,1021.06,0.13,732.31,0.11,1.17,88.53,592.62,45.49,63.3,5.9,5.1425,10.28
2021-12-04,69.52,0.14,62.7,0.13,48.7,0.14,1.19,8.18,57.18,27.3,41.14,0.52,0.45999999999999996,1.02
2021-12-04,283.12,0.07,233.06,0.06,213.41,0.06,1.06,37.98,145.05,54.86,70.16,3.15,0.0,2.38
2021-12-04,152.12,0.02,120.46,0.02,83.35,0.01,1.23,10.57,92.31,49.68,80.08,0.9,0.6525,1.19
2021-12-04,1338.01,0.16,863.54,0.16,679.3,0.14,1.22,59.71,295.21,36.82,76.13,2.42,2.26,3.45
2021-12-04,437.11,0.09,341.99,0.08,285.58,0.08,1.28,15.44,89.56,45.65,68.89,0.66,0.0,2.84
2021-12-04,62.87,0.03,65.01,0.03,57.24,0.03,1.12,10.53,42.31,68.5,78.66,0.64,0.6875,0.5
2021-12-04,50.87,0.01,47.44,0.01,52.7,0.01,1.03,4.81,19.56,73.48,76.27,0.36,0.485,0.3
2021-12-04,592.9,0.16,394.07,0.14,272.47,0.11,1.41,24.14,134.89,50.0,66.93,1.02,0.0,1.76
2021-12-04,475.19,0.17,615.27,0.2,869.13,0.25,0.76,30.85,663.75,38.89,47.39,9.36,0.4842857142857143,7.8
2021-12-05,176.82,0.07,121.31,0.06,75.98,0.04,1.53,14.02,64.76,39.74,80.53,0.46,4.5424999999999995,0.88
2021-12-05,557.38,0.09,437.11,0.08,341.99,0.08,1.28,15.44,92.65,45.65,68.89,1.75,0.0,2.84
2021-12-05,156.96,0.04,94.41,0.05,78.9,0.05,1.52,3.32,28.53,15.74,70.52,0.41,0.00035714285714285714,0.34
2021-12-05,373.23,0.17,475.19,0.2,615.27,0.25,0.76,30.42,622.42,38.89,47.41,8.1,0.24214285714285716,7.13
2021-12-05,55.93,0.01,50.08,0.01,48.71,0.01,1.09,8.36,24.98,49.09,67.12,0.34,0.8157142857142856,0.24
2021-12-05,189.08,0.02,152.12,0.02,120.46,0.02,1.23,10.81,94.89,49.67,80.11,0.94,0.665,1.26
2021-12-05,630.78,0.04,618.87,0.04,557.56,0.04,1.07,13.61,107.78,43.58,75.46,2.14,0.04,1.97
2021-12-05,53.13,0.01,50.87,0.01,47.44,0.01,1.03,4.81,20.7,73.48,76.31,0.44,0.4739285714285715,0.28
2021-12-05,247.79,0.08,283.12,0.06,233.06,0.06,1.14,38.74,148.29,54.86,70.2,4.3,0.0,3.47
2021-12-05,1536.84,0.16,1338.01,0.16,863.54,0.14,1.21,61.94,304.22,36.82,76.13,2.94,2.315714285714286,4.25
2021-12-05,153.23,0.04,165.9,0.05,164.7,0.04,0.95,15.29,111.91,53.69,76.36,1.34,0.03928571428571429,1.26
2021-12-05,1102.75,0.39,1493.66,0.44,1532.69,0.42,0.83,133.97,537.78,54.39,58.01,9.59,3.723928571428572,9.12
2021-12-05,72.63,0.03,62.87,0.03,65.01,0.03,1.13,10.53,43.4,68.49,78.82,0.63,0.6760714285714285,0.51
2021-12-05,1754.46,0.16,1442.18,0.14,1021.06,0.11,1.14,89.67,611.78,45.48,63.33,8.59,5.435,11.35
2021-12-05,79.35,0.16,69.52,0.12,62.7,0.14,1.2,7.77,57.76,27.3,41.17,0.56,0.48464285714285715,0.8
2021-12-05,433.88,0.05,266.04,0.05,147.49,0.04,1.44,24.07,138.34,40.66,77.34,0.7,1.0010714285714286,1.38
2021-12-05,431.4,0.11,548.22,0.13,711.7,0.15,0.83,31.67,225.48,37.77,62.31,5.61,1.3439285714285716,2.86
2021-12-05,816.55,0.16,592.9,0.14,394.07,0.12,1.4,24.71,142.44,50.0,66.93,1.22,0.0,2.73
2021-12-06,557.38,0.09,437.11,0.08,341.99,0.07,1.28,18.53,98.83,45.65,68.93,1.75,0.0,2.84
2021-12-06,55.93,0.01,50.08,0.01,48.71,0.01,1.1,8.26,25.08,49.08,67.21,0.34,0.8246428571428571,0.24
2021-12-06,72.63,0.03,62.87,0.03,65.01,0.03,1.13,11.23,44.13,68.49,79.0,0.63,0.6646428571428571,0.51
2021-12-06,1754.46,0.16,1442.18,0.14,1021.06,0.11,1.11,93.96,677.24,45.47,63.47,8.59,5.727499999999999,11.35
2021-12-06,79.35,0.13,69.52,0.13,62.7,0.15,1.2,8.02,59.64,27.3,41.35,0.56,0.5092857142857143,0.8
2021-12-06,247.79,0.08,283.12,0.06,233.06,0.06,1.22,39.55,153.16,54.85,70.3,4.3,0.0,3.47
2021-12-06,816.55,0.16,592.9,0.15,394.07,0.12,1.39,25.63,150.56,50.0,66.97,1.22,0.0,2.73
2021-12-06,53.13,0.01,50.87,0.01,47.44,0.01,1.04,4.74,20.74,73.48,76.41,0.44,0.4628571428571428,0.28
2021-12-06,373.23,0.16,475.19,0.2,615.27,0.24,0.76,29.54,601.61,38.89,47.46,8.1,0.0,7.13
2021-12-06,67.27,0.05,8.01,0.02,4.41,0.01,1.51,3.86,38.87,57.41,28.62,0.22,1.2274999999999998,0.4
2021-12-06,1536.84,0.16,1338.01,0.16,863.54,0.14,1.19,65.2,317.26,36.81,76.15,2.94,2.3714285714285714,4.25
2021-12-06,433.88,0.06,266.04,0.05,147.49,0.04,1.43,25.79,145.4,40.62,77.37,0.7,1.0114285714285713,1.38
2021-12-06,1102.75,0.38,1493.66,0.43,1532.69,0.42,0.82,131.61,545.32,54.38,58.06,9.59,3.79,9.12
2021-12-06,189.08,0.02,152.12,0.02,120.46,0.02,1.23,11.33,98.31,49.66,80.17,0.94,0.6775,1.26
2021-12-06,153.23,0.04,165.9,0.05,164.7,0.04,0.95,14.94,124.05,51.84,76.37,1.34,0.040357142857142855,1.26
2021-12-06,630.78,0.04,618.87,0.04,557.56,0.04,1.08,13.57,111.14,43.58,75.49,2.14,0.04,1.97
2021-12-06,176.82,0.08,121.31,0.06,75.98,0.04,1.53,14.87,65.46,42.52,80.62,0.46,4.42,0.88
2021-12-07,630.78,0.04,618.87,0.04,557.56,0.04,1.08,13.79,111.39,43.58,75.54,2.14,0.04,1.97
2021-12-07,79.35,0.13,69.52,0.13,62.7,0.16,1.2,7.77,57.59,27.3,41.51,0.56,0.5339285714285714,0.8
2021-12-07,1102.75,0.37,1493.66,0.42,1532.69,0.42,0.8,130.67,532.12,54.36,58.11,9.59,3.837857142857143,9.12
2021-12-07,53.13,0.01,50.87,0.01,47.44,0.01,1.05,4.55,20.32,73.47,76.5,0.44,0.4517857142857143,0.28
2021-12-07,189.08,0.02,152.12,0.02,120.46,0.02,1.23,11.57,100.11,49.65,80.22,0.94,0.6899999999999998,1.26
2021-12-07,557.38,0.08,437.11,0.08,341.99,0.08,1.26,20.07,98.83,45.65,69.0,1.75,0.0,2.84
2021-12-07,72.63,0.03,62.87,0.03,65.01,0.03,1.15,10.97,44.21,68.49,79.18,0.63,0.6532142857142856,0.51
2021-12-07,55.93,0.01,50.08,0.01,48.71,0.01,1.1,8.04,26.25,49.08,67.32,0.34,0.8335714285714285,0.24
2021-12-07,1536.84,0.16,1338.01,0.16,863.54,0.14,1.17,66.92,321.73,36.81,76.18,2.94,2.4271428571428575,4.25
2021-12-07,433.88,0.06,266.04,0.05,147.49,0.04,1.42,26.9,151.14,40.58,77.4,0.7,1.0217857142857143,1.38
2021-12-07,153.23,0.04,165.9,0.05,164.7,0.04,0.95,15.09,120.6,51.84,76.39,1.34,0.041428571428571426,1.26
2021-12-07,1754.46,0.16,1442.18,0.14,1021.06,0.11,1.08,94.24,669.72,45.45,63.6,8.59,6.0200000000000005,11.35
2021-12-07,373.23,0.15,475.19,0.19,615.27,0.24,0.75,28.96,581.53,38.89,47.5,8.1,0.0,7.13
2021-12-07,816.55,0.17,592.9,0.15,394.07,0.12,1.37,26.43,152.28,50.0,67.02,1.22,0.0,2.73
2021-12-07,247.79,0.08,283.12,0.06,233.06,0.06,1.24,40.04,155.62,48.68,70.42,4.3,0.0,3.47
2021-12-07,176.82,0.08,121.31,0.06,75.98,0.05,1.52,15.48,67.62,42.52,80.65,0.46,4.341785714285715,0.88
2021-12-08,433.88,0.06,266.04,0.05,147.49,0.04,1.41,27.81,155.69,40.53,77.44,0.7,1.032142857142857,1.38
2021-12-08,0.76,0.0,1.15,0.0,1.45,0.0,0.91,0.44,3.4,47.22,81.34,0.02,1.035,0.01
2021-12-08,816.55,0.17,592.9,0.16,394.07,0.13,1.36,26.31,152.97,50.0,67.07,1.22,0.0,2.73
2021-12-08,189.08,0.02,152.12,0.02,120.46,0.02,1.22,11.62,100.51,49.64,80.28,0.94,0.7025,1.26
2021-12-08,67.27,0.11,8.01,0.02,4.41,0.01,1.64,3.89,42.58,57.41,29.01,0.22,1.1310714285714287,0.4
2021-12-08,79.35,0.16,69.52,0.11,62.7,0.16,1.21,8.02,59.14,25.9,41.66,0.56,0.5585714285714286,0.8
2021-12-08,153.23,0.04,165.9,0.05,164.7,0.04,0.95,14.73,119.92,54.62,76.4,1.34,0.0425,1.26
2021-12-08,55.93,0.01,50.08,0.01,48.71,0.01,1.09,7.73,25.29,49.08,67.41,0.34,0.8425,0.24
2021-12-08,1102.75,0.37,1493.66,0.42,1532.69,0.43,0.79,130.2,522.21,54.35,58.15,9.59,3.8857142857142857,9.12
2021-12-08,247.79,0.08,283.12,0.07,233.06,0.06,1.25,40.41,157.59,48.66,70.56,4.3,0.0,3.47
2021-12-08,72.63,0.03,62.87,0.03,65.01,0.03,1.16,10.61,44.26,68.49,79.32,0.63,0.6417857142857143,0.51
2021-12-08,1536.84,0.16,1338.01,0.16,863.54,0.15,1.15,68.03,319.92,36.8,76.22,2.94,2.4828571428571427,4.25
2021-12-08,1754.46,0.16,1442.18,0.14,1021.06,0.12,1.06,93.58,665.05,45.44,63.73,8.59,6.3125,11.35
2021-12-08,176.82,0.08,121.31,0.07,75.98,0.05,1.53,16.21,69.6,42.52,80.7,0.46,4.263571428571429,0.88
2021-12-08,557.38,0.09,437.11,0.08,341.99,0.08,1.25,18.53,97.28,45.65,69.12,1.75,0.0,2.84
2021-12-08,53.13,0.01,50.87,0.01,47.44,0.01,1.06,4.51,19.6,73.46,76.58,0.44,0.4407142857142857,0.28
2021-12-08,327.16,0.01,258.59,0.01,178.44,0.01,1.36,23.44,129.46,44.35,69.77,0.22,0.2767857142857143,0.97
2021-12-08,630.78,0.04,618.87,0.04,557.56,0.04,1.09,13.26,106.56,43.58,75.58,2.14,0.04,1.97
2021-12-09,189.08,0.02,152.12,0.02,120.46,0.02,1.22,11.82,101.56,49.62,80.33,0.94,0.715,1.26
2021-12-09,53.13,0.01,50.87,0.01,47.44,0.01,1.07,4.39,19.52,73.46,76.66,0.44,0.4296428571428571,0.28
2021-12-09,1754.46,0.15,1442.18,0.16,1021.06,0.12,1.04,92.72,673.72,45.43,63.83,8.59,6.6049999999999995,11.35
2021-12-09,816.55,0.17,592.9,0.16,394.07,0.13,1.34,27.34,151.48,50.0,67.12,1.22,0.0,2.73
2021-12-09,55.93,0.01,50.08,0.01,48.71,0.01,1.1,7.83,25.19,49.08,67.51,0.34,0.865,0.24
2021-12-09,433.88,0.06,266.04,0.05,147.49,0.04,1.39,28.52,159.11,40.48,77.47,0.7,1.0425,1.38
2021-12-09,373.23,0.15,475.19,0.18,615.27,0.22,0.75,25.76,552.71,33.33,47.57,8.1,0.0,7.13
2021-12-09,1102.75,0.36,1493.66,0.41,1532.69,0.43,0.79,129.26,512.77,54.32,58.2,9.59,3.9335714285714287,9.12
2021-12-09,153.23,0.04,165.9,0.05,164.7,0.04,0.95,15.03,117.04,54.62,76.42,1.34,0.043928571428571435,1.26
2021-12-09,247.79,0.08,283.12,0.07,233.06,0.06,1.25,40.71,158.41,48.65,70.69,4.3,0.0,3.47
2021-12-09,176.82,0.08,121.31,0.07,75.98,0.05,1.53,17.01,71.93,42.52,80.76,0.46,4.185357142857143,0.88
2021-12-09,1536.84,0.17,1338.01,0.16,863.54,0.15,1.13,70.44,318.12,36.8,76.24,2.94,2.5385714285714287,4.25
2021-12-09,557.38,0.09,437.11,0.08,341.99,0.08,1.25,26.25,101.92,45.65,69.23,1.75,0.0,2.84
2021-12-09,72.63,0.03,62.87,0.03,65.01,0.03,1.17,10.61,42.54,68.48,79.5,0.63,0.6303571428571428,0.51
2021-12-09,630.78,0.04,618.87,0.04,557.56,0.04,1.1,13.26,107.54,43.57,75.61,2.14,0.04,1.97
2021-12-09,67.27,0.14,8.01,0.02,4.41,0.01,1.68,4.29,48.49,57.41,29.49,0.22,1.082857142857143,0.4
2021-12-09,79.35,0.13,69.52,0.13,62.7,0.14,1.21,8.1,58.98,25.9,41.8,0.56,0.5832142857142858,0.8
2021-12-10,1233.12,0.2,1229.27,0.22,915.14,0.22,1.01,31.54,101.29,50.35,70.39,2.77,0.03678571428571429,3.46
2021-12-10,55.93,0.01,50.08,0.01,48.71,0.01,1.11,7.83,25.19,49.08,67.57,0.34,0.8875000000000001,0.24
2021-12-10,153.23,0.04,165.9,0.05,164.7,0.05,0.95,14.67,117.04,54.62,76.43,1.34,0.04535714285714286,1.26
2021-12-10,53.13,0.01,50.87,0.01,47.44,0.01,1.08,4.43,19.75,73.45,76.74,0.44,0.4185714285714286,0.28
2021-12-10,79.35,0.12,69.52,0.16,62.7,0.11,1.22,7.61,59.64,25.89,41.93,0.56,0.6078571428571429,0.8
2021-12-10,1429.08,0.03,1480.28,0.03,1138.17,0.03,0.74,71.82,354.82,52.11,72.8,6.08,5.061785714285714,7.61
2021-12-10,630.78,0.04,618.87,0.04,557.56,0.04,1.1,13.33,106.33,43.57,75.65,2.14,0.04,1.97
2021-12-10,1536.84,0.17,1338.01,0.16,863.54,0.16,1.12,68.98,309.97,36.79,76.27,2.94,2.5942857142857143,4.25
2021-12-10,1102.75,0.36,1493.66,0.4,1532.69,0.44,0.79,127.37,499.56,54.3,58.25,9.59,3.9814285714285718,9.12
2021-12-10,816.55,0.17,592.9,0.16,394.07,0.14,1.33,27.69,152.4,50.0,67.17,1.22,0.0,2.73
2021-12-10,557.38,0.09,437.11,0.08,341.99,0.08,1.24,26.25,108.09,45.65,69.34,1.75,0.0,2.84
2021-12-10,189.08,0.02,152.12,0.02,120.46,0.02,1.21,11.99,103.21,49.62,80.39,0.94,0.7275,1.26
2021-12-10,72.63,0.03,62.87,0.03,65.01,0.03,1.19,10.38,41.63,64.78,79.68,0.63,0.6189285714285714,0.51
2021-12-10,277.96,0.03,205.01,0.04,136.56,0.04,1.27,12.56,87.82,38.94,89.91,1.08,1.7764285714285715,1.67
2021-12-10,676.69,0.02,643.2,0.02,482.91,0.02,1.2,9.69,76.33,31.95,76.26,1.14,0.8728571428571429,1.84
2021-12-10,1754.46,0.15,1442.18,0.16,1021.06,0.13,1.02,92.24,670.19,45.41,63.92,8.59,6.8975,11.35
2021-12-10,373.23,0.14,475.19,0.17,615.27,0.21,0.75,25.03,535.69,33.33,47.63,8.1,0.0,7.13
2021-12-10,433.88,0.06,266.04,0.05,147.49,0.04,1.38,30.35,163.73,40.42,77.51,0.7,1.0410714285714284,1.38
2021-12-10,247.79,0.07,283.12,0.07,233.06,0.06,1.23,41.05,160.78,48.63,70.84,4.3,0.0,3.47
2021-12-11,55.93,0.01,50.08,0.01,48.71,0.01,1.12,7.51,24.66,49.08,67.6,0.34,0.9099999999999999,0.24
2021-12-11,247.79,0.07,283.12,0.07,233.06,0.06,1.2,41.21,161.32,48.61,70.93,4.3,0.0,3.47
2021-12-11,557.38,0.09,437.11,0.09,341.99,0.08,1.23,26.25,101.92,45.65,69.43,1.75,0.0,2.84
2021-12-11,1102.75,0.35,1493.66,0.4,1532.69,0.44,0.79,124.54,485.41,54.3,58.26,9.59,4.029285714285714,9.12
2021-12-11,153.23,0.04,165.9,0.04,164.7,0.05,0.94,14.44,116.27,54.62,76.45,1.34,0.046785714285714285,1.26
2021-12-11,1536.84,0.17,1338.01,0.16,863.54,0.16,1.1,68.98,303.19,36.78,76.29,2.94,2.65,4.25
2021-12-11,630.78,0.04,618.87,0.04,557.56,0.04,1.11,13.26,104.18,43.57,75.69,2.14,0.04,1.97
2021-12-11,79.35,0.16,69.52,0.14,62.7,0.13,1.23,7.85,59.47,25.89,41.97,0.56,0.6325000000000001,0.8
2021-12-11,67.27,0.19,8.01,0.04,4.41,0.02,1.68,4.64,54.35,57.41,29.75,0.22,0.9864285714285714,0.4
2021-12-11,327.16,0.01,258.59,0.0,178.44,0.01,1.3,21.2,128.35,44.31,70.16,0.22,0.22,0.97
2021-12-11,189.08,0.02,152.12,0.02,120.46,0.02,1.21,12.4,104.34,49.6,80.45,0.94,0.74,1.26
2021-12-11,816.55,0.17,592.9,0.16,394.07,0.14,1.31,28.14,158.92,50.0,67.22,1.22,0.0,2.73
2021-12-11,1754.46,0.15,1442.18,0.16,1021.06,0.13,0.99,89.38,625.12,45.4,63.95,8.59,7.1899999999999995,11.35
2021-12-11,53.13,0.01,50.87,0.01,47.44,0.01,1.1,4.28,20.67,73.45,76.78,0.44,0.40750000000000003,0.28
2021-12-11,72.63,0.03,62.87,0.03,65.01,0.03,1.21,10.45,41.11,64.78,79.83,0.63,0.6075,0.51
2021-12-11,433.88,0.06,266.04,0.05,147.49,0.05,1.36,30.04,167.22,42.33,77.54,0.7,1.039642857142857,1.38
2021-12-12,703.6,0.04,630.78,0.04,618.87,0.04,1.12,13.06,105.6,43.57,75.72,1.97,0.04,1.97
2021-12-12,68.06,0.14,79.35,0.16,69.52,0.12,1.23,7.69,57.92,25.89,41.99,1.02,0.6457142857142858,1.18
2021-12-12,1479.53,0.17,1536.84,0.16,1338.01,0.16,1.08,69.41,307.05,36.78,76.29,3.45,2.7378571428571425,4.03
2021-12-12,363.68,0.09,431.4,0.11,548.22,0.13,0.89,25.64,174.95,37.66,62.62,5.82,1.1517857142857142,4.02
2021-12-12,314.14,0.07,247.79,0.08,283.12,0.06,1.17,41.82,164.56,48.6,70.97,2.38,0.0,3.59
2021-12-12,143.93,0.04,153.23,0.04,165.9,0.05,0.94,13.88,101.74,54.62,76.45,1.26,0.048214285714285716,1.09
2021-12-12,1613.09,0.14,1754.46,0.16,1442.18,0.14,0.98,92.05,635.51,45.4,63.96,10.28,7.452857142857142,10.68
2021-12-12,1013.35,0.17,816.55,0.16,592.9,0.14,1.3,29.29,170.7,50.0,67.23,1.76,0.0,3.01
2021-12-12,641.86,0.06,433.88,0.05,266.04,0.05,1.34,30.47,169.97,42.32,77.55,1.01,1.0382142857142858,2.01
2021-12-12,187.44,0.05,156.96,0.04,94.41,0.05,1.49,4.36,30.52,15.71,70.96,0.22,0.0,0.56
2021-12-12,289.36,0.07,336.39,0.07,371.19,0.07,0.86,105.72,954.0,46.07,28.08,18.06,21.339642857142856,14.25
2021-12-12,57.39,0.01,53.13,0.01,50.87,0.01,1.11,4.51,21.47,73.45,76.81,0.3,0.3985714285714286,0.2
2021-12-12,57.06,0.01,55.93,0.01,50.08,0.01,1.14,7.62,26.04,49.08,67.69,0.19,0.9324999999999999,0.25
2021-12-12,629.75,0.09,557.38,0.09,437.11,0.08,1.22,33.97,108.09,45.65,69.43,2.84,0.0,0.88
2021-12-12,142.04,0.2,67.27,0.04,8.01,0.02,1.66,4.56,54.56,57.41,29.79,0.5,0.9382142857142858,0.35
2021-12-12,237.65,0.03,189.08,0.02,152.12,0.02,1.2,12.47,107.27,49.6,80.49,1.19,0.7132142857142857,1.47
2021-12-12,837.94,0.35,1102.75,0.39,1493.66,0.44,0.8,127.84,487.77,54.3,58.27,10.0,4.077142857142857,7.7
2021-12-12,74.29,0.03,72.63,0.03,62.87,0.03,1.23,10.69,42.1,64.78,80.0,0.5,0.6021428571428572,0.52
2021-12-13,237.65,0.03,189.08,0.02,152.12,0.02,1.18,12.58,112.17,49.59,80.57,1.19,0.6864285714285714,1.47
2021-12-13,1613.09,0.14,1754.46,0.16,1442.18,0.14,0.96,94.24,680.29,45.39,64.04,10.28,7.715714285714285,10.68
2021-12-13,1013.35,0.17,816.55,0.16,592.9,0.15,1.29,30.09,178.59,50.0,67.28,1.76,0.0,3.01
2021-12-13,837.94,0.34,1102.75,0.38,1493.66,0.43,0.79,125.48,495.32,54.28,58.3,10.0,4.125,7.7
2021-12-13,641.86,0.06,433.88,0.06,266.04,0.05,1.32,32.31,178.37,42.27,77.59,1.01,1.0367857142857144,2.01
2021-12-13,142.04,0.21,67.27,0.05,8.01,0.02,1.63,5.11,58.72,57.41,29.96,0.5,0.89,0.35
2021-12-13,314.14,0.07,247.79,0.08,283.12,0.06,1.14,42.73,169.82,48.59,71.09,2.38,0.0,3.59
2021-12-13,268.5,0.09,176.82,0.08,121.31,0.06,1.57,18.69,80.64,42.51,80.84,0.58,3.8725,1.06
2021-12-13,629.75,0.09,557.38,0.09,437.11,0.08,1.21,35.52,111.18,45.65,69.54,2.84,0.0,0.88
2021-12-13,143.93,0.04,153.23,0.04,165.9,0.05,0.94,13.64,111.2,54.61,76.47,1.26,0.04964285714285715,1.09
2021-12-13,1479.53,0.17,1536.84,0.16,1338.01,0.16,1.07,70.09,314.18,36.78,76.3,3.45,2.825714285714286,4.03
2021-12-13,57.39,0.01,53.13,0.01,50.87,0.01,1.13,5.08,20.74,73.44,76.88,0.3,0.3896428571428571,0.2
2021-12-13,57.06,0.01,55.93,0.01,50.08,0.01,1.15,7.51,26.99,49.08,67.76,0.19,0.955,0.25
2021-12-13,68.06,0.17,79.35,0.13,69.52,0.13,1.24,8.1,57.1,25.89,42.11,1.02,0.6589285714285715,1.18
2021-12-13,288.19,0.13,373.23,0.16,475.19,0.2,0.76,25.9,501.92,33.33,47.71,7.8,0.0,5.72
2021-12-13,74.29,0.03,72.63,0.03,62.87,0.03,1.24,10.74,42.49,59.66,80.22,0.5,0.5967857142857144,0.52
2021-12-13,703.6,0.04,630.78,0.04,618.87,0.04,1.13,13.35,107.16,43.57,75.75,1.97,0.037142857142857144,1.97
2021-12-14,384.99,0.01,327.16,0.01,258.59,0.01,1.24,25.67,131.7,44.27,70.38,0.22,0.3003571428571429,0.75
2021-12-14,314.14,0.07,247.79,0.08,283.12,0.06,1.13,43.66,174.22,48.58,71.21,2.38,0.0,3.59
2021-12-14,288.19,0.13,373.23,0.15,475.19,0.19,0.76,26.2,493.48,33.33,47.74,7.8,0.0,5.72
2021-12-14,1613.09,0.14,1754.46,0.16,1442.18,0.14,0.94,94.72,658.76,45.37,64.11,10.28,7.978571428571429,10.68
2021-12-14,68.06,0.18,79.35,0.13,69.52,0.13,1.24,7.61,59.96,25.88,42.24,1.02,0.6721428571428573,1.18
2021-12-14,143.93,0.04,153.23,0.04,165.9,0.05,0.94,13.11,111.17,54.61,76.48,1.26,0.051071428571428566,1.09
2021-12-14,57.06,0.01,55.93,0.01,50.08,0.01,1.16,7.09,27.09,49.07,67.82,0.19,0.9774999999999999,0.25
2021-12-14,237.65,0.03,189.08,0.02,152.12,0.02,1.17,13.14,116.1,49.57,80.64,1.19,0.6596428571428572,1.47
2021-12-14,1013.35,0.17,816.55,0.17,592.9,0.15,1.27,29.63,182.26,50.0,67.34,1.76,0.0,3.01
2021-12-14,629.75,0.09,557.38,0.08,437.11,0.08,1.19,32.43,111.18,45.65,69.68,2.84,0.0,0.88
2021-12-14,837.94,0.34,1102.75,0.37,1493.66,0.42,0.79,125.95,474.09,54.26,58.33,10.0,4.159642857142857,7.7
2021-12-14,57.39,0.01,53.13,0.01,50.87,0.01,1.15,4.78,20.21,73.44,76.95,0.3,0.3807142857142857,0.2
2021-12-14,703.6,0.04,630.78,0.04,618.87,0.04,1.13,13.04,107.02,43.56,75.79,1.97,0.03428571428571429,1.97
2021-12-14,1479.53,0.17,1536.84,0.16,1338.01,0.16,1.05,69.92,304.91,36.77,76.32,3.45,2.9135714285714287,4.03
2021-12-14,641.86,0.06,433.88,0.06,266.04,0.05,1.3,34.67,187.49,42.22,77.62,1.01,1.0353571428571429,2.01
2021-12-14,74.29,0.03,72.63,0.03,62.87,0.03,1.26,10.35,42.41,59.66,80.37,0.5,0.5914285714285715,0.52
2021-12-15,1013.35,0.17,816.55,0.17,592.9,0.16,1.25,30.09,187.4,50.0,67.39,1.76,0.0,3.01
2021-12-15,0.91,0.0,0.76,0.0,1.15,0.0,1.06,0.32,2.92,47.22,81.45,0.01,1.035,0.01
2021-12-15,384.99,0.01,327.16,0.01,258.59,0.01,1.24,22.32,142.86,44.26,70.47,0.22,0.3271428571428571,0.75
2021-12-15,142.04,0.25,67.27,0.11,8.01,0.02,1.59,6.09,70.99,57.41,30.32,0.5,0.817857142857143,0.35
2021-12-15,268.5,0.1,176.82,0.08,121.31,0.07,1.65,21.8,92.62,42.51,80.88,0.58,3.7139285714285717,1.06
2021-12-15,57.06,0.01,55.93,0.01,50.08,0.01,1.16,6.56,26.25,49.07,67.87,0.19,1.0,0.25
2021-12-15,629.75,0.09,557.38,0.09,437.11,0.08,1.18,32.43,117.36,45.65,69.79,2.84,0.0,0.88
2021-12-15,314.14,0.07,247.79,0.08,283.12,0.07,1.12,44.05,176.54,48.57,71.33,2.38,0.0,3.59
2021-12-15,74.29,0.03,72.63,0.03,62.87,0.03,1.29,10.17,40.96,59.66,80.52,0.5,0.5860714285714286,0.52
2021-12-15,57.39,0.01,53.13,0.01,50.87,0.01,1.16,4.7,20.59,73.43,77.02,0.3,0.3717857142857143,0.2
2021-12-15,641.86,0.06,433.88,0.06,266.04,0.05,1.28,35.78,192.35,42.16,77.66,1.01,1.0339285714285715,2.01
2021-12-15,837.94,0.32,1102.75,0.37,1493.66,0.42,0.78,122.18,454.28,54.25,58.36,10.0,4.194285714285715,7.7
2021-12-15,1479.53,0.17,1536.84,0.16,1338.01,0.16,1.04,70.78,301.39,36.76,76.35,3.45,3.001428571428572,4.03
2021-12-15,143.93,0.04,153.23,0.04,165.9,0.05,0.93,12.82,110.32,54.61,76.5,1.26,0.0525,1.09
2021-12-15,288.19,0.12,373.23,0.15,475.19,0.18,0.75,28.23,480.82,33.33,47.78,7.8,0.0,5.72
2021-12-15,1613.09,0.14,1754.46,0.16,1442.18,0.14,0.92,94.72,644.46,45.37,64.19,10.28,8.241428571428571,10.68
2021-12-15,703.6,0.04,630.78,0.04,618.87,0.04,1.14,13.18,107.36,43.56,75.82,1.97,0.03142857142857143,1.97
2021-12-15,68.06,0.15,79.35,0.16,69.52,0.11,1.24,7.04,60.04,25.87,42.37,1.02,0.6853571428571429,1.18
2021-12-15,237.65,0.03,189.08,0.02,152.12,0.02,1.15,13.4,116.71,49.57,80.68,1.19,0.6328571428571428,1.47
2021-12-16,314.14,0.07,247.79,0.08,283.12,0.07,1.12,44.32,178.46,48.55,71.45,2.38,0.0,3.59
2021-12-16,57.39,0.01,53.13,0.01,50.87,0.01,1.2,4.97,20.78,73.43,77.09,0.3,0.3628571428571429,0.2
2021-12-16,641.86,0.06,433.88,0.06,266.04,0.05,1.27,36.29,197.06,44.72,77.7,1.01,1.0325,2.01
2021-12-16,143.93,0.04,153.23,0.04,165.9,0.05,0.92,12.58,109.46,54.61,76.52,1.26,0.05392857142857143,1.09
2021-12-16,1479.53,0.17,1536.84,0.17,1338.01,0.16,1.02,70.95,295.82,36.76,76.37,3.45,3.0892857142857144,4.03
2021-12-16,1613.09,0.14,1754.46,0.15,1442.18,0.16,0.91,95.67,628.26,45.35,64.26,10.28,8.504285714285714,10.68
2021-12-16,74.29,0.04,72.63,0.03,62.87,0.03,1.32,10.12,40.65,59.65,80.67,0.5,0.5807142857142856,0.52
2021-12-16,703.6,0.04,630.78,0.04,618.87,0.04,1.15,13.33,108.44,43.56,75.85,1.97,0.028571428571428574,1.97
2021-12-16,237.65,0.03,189.08,0.02,152.12,0.02,1.15,13.74,121.01,49.56,80.74,1.19,0.6060714285714285,1.47
2021-12-16,268.5,0.11,176.82,0.08,121.31,0.07,1.66,22.18,94.43,42.51,80.93,0.58,3.634642857142857,1.06
2021-12-16,57.06,0.01,55.93,0.01,50.08,0.01,1.16,6.46,26.46,49.07,67.94,0.19,1.0253571428571429,0.25
2021-12-16,288.19,0.12,373.23,0.15,475.19,0.18,0.76,28.67,466.56,33.33,47.8,7.8,0.0,5.72
2021-12-16,837.94,0.32,1102.75,0.36,1493.66,0.41,0.78,118.4,447.2,54.22,58.4,10.0,4.228928571428572,7.7
2021-12-16,68.06,0.16,79.35,0.13,69.52,0.13,1.25,7.85,63.32,25.87,42.49,1.02,0.6985714285714285,1.18
2021-12-16,629.75,0.09,557.38,0.09,437.11,0.08,1.18,35.52,123.53,45.65,69.91,2.84,0.0,0.88
2021-12-16,1013.35,0.17,816.55,0.17,592.9,0.16,1.23,33.06,187.18,50.0,67.45,1.76,0.0,3.01
2021-12-17,57.06,0.01,55.93,0.01,50.08,0.01,1.17,6.24,26.25,49.07,67.97,0.19,1.0507142857142857,0.25
2021-12-17,74.29,0.03,72.63,0.03,62.87,0.03,1.34,9.96,41.24,59.65,80.79,0.5,0.5753571428571428,0.52
2021-12-17,237.65,0.03,189.08,0.02,152.12,0.02,1.19,13.82,123.63,49.54,80.81,1.19,0.5792857142857143,1.47
2021-12-17,68.06,0.17,79.35,0.12,69.52,0.16,1.26,8.43,63.4,25.86,42.66,1.02,0.7117857142857142,1.18
2021-12-17,629.75,0.08,557.38,0.09,437.11,0.08,1.17,37.06,120.44,45.65,70.04,2.84,0.0,0.88
2021-12-17,327.07,0.03,277.96,0.03,205.01,0.04,1.27,13.34,92.2,38.93,90.15,1.26,1.7228571428571426,1.67
2021-12-17,314.14,0.07,247.79,0.07,283.12,0.07,1.12,45.04,180.8,48.54,71.57,2.38,0.0,3.59
2021-12-17,142.04,0.25,67.27,0.16,8.01,0.03,1.53,6.66,89.22,57.41,30.63,0.5,0.7457142857142858,0.35
2021-12-17,57.39,0.01,53.13,0.01,50.87,0.01,1.24,5.31,20.67,73.42,77.15,0.3,0.3539285714285714,0.2
2021-12-17,1613.09,0.13,1754.46,0.15,1442.18,0.16,0.89,92.91,610.06,45.33,64.33,10.28,8.767142857142856,10.68
2021-12-17,837.94,0.31,1102.75,0.36,1493.66,0.4,0.79,113.69,431.16,54.2,58.43,10.0,4.263571428571429,7.7
2021-12-17,641.86,0.06,433.88,0.06,266.04,0.05,1.26,36.84,200.98,44.65,77.74,1.01,1.0282142857142857,2.01
2021-12-17,143.93,0.04,153.23,0.04,165.9,0.05,0.91,11.88,109.32,54.61,76.53,1.26,0.05535714285714286,1.09
2021-12-17,1013.35,0.17,816.55,0.17,592.9,0.16,1.21,31.35,185.12,50.0,67.52,1.76,0.0,3.01
2021-12-17,761.08,0.03,676.69,0.02,643.2,0.02,1.27,11.05,80.24,31.86,77.47,1.36,1.188214285714286,1.6
2021-12-17,926.63,0.02,1429.08,0.03,1480.28,0.03,0.61,65.78,294.98,51.94,73.55,7.36,6.228928571428571,6.98
2021-12-17,703.6,0.04,630.78,0.04,618.87,0.04,1.17,13.35,107.84,43.56,75.89,1.97,0.025714285714285714,1.97
2021-12-17,1479.53,0.16,1536.84,0.17,1338.01,0.16,1.01,71.9,288.61,36.75,76.39,3.45,3.1771428571428575,4.03
2021-12-17,1156.04,0.24,1233.12,0.2,1229.27,0.22,0.85,32.45,101.17,54.02,70.49,3.34,0.017142857142857144,3.3
2021-12-18,629.75,0.08,557.38,0.09,437.11,0.09,1.17,37.06,126.62,45.65,70.14,2.84,0.0,0.88
2021-12-18,1479.53,0.16,1536.84,0.17,1338.01,0.16,1.0,71.98,281.49,36.75,76.41,3.45,3.265,4.03
2021-12-18,641.86,0.06,433.88,0.06,266.04,0.05,1.25,37.44,204.31,44.61,77.77,1.01,1.0239285714285713,2.01
2021-12-18,314.14,0.07,247.79,0.07,283.12,0.07,1.12,45.3,180.08,48.53,71.65,2.38,0.0,3.59
2021-12-18,1613.09,0.13,1754.46,0.15,1442.18,0.16,0.87,91.0,559.75,45.33,64.34,10.28,9.03,10.68
2021-12-18,74.29,0.04,72.63,0.03,62.87,0.03,1.38,9.49,40.54,59.65,80.9,0.5,0.57,0.52
2021-12-18,837.94,0.31,1102.75,0.35,1493.66,0.4,0.8,114.16,428.8,54.19,58.43,10.0,4.298214285714286,7.7
2021-12-18,68.06,0.17,79.35,0.16,69.52,0.14,1.27,7.69,62.99,25.86,42.72,1.02,0.725,1.18
2021-12-18,703.6,0.04,630.78,0.04,618.87,0.04,1.18,13.08,107.23,43.55,75.92,1.97,0.022857142857142857,1.97
2021-12-18,1013.35,0.17,816.55,0.17,592.9,0.16,1.2,30.78,188.89,50.0,67.56,1.76,0.0,3.01
2021-12-18,143.93,0.04,153.23,0.04,165.9,0.04,0.9,11.9,107.34,54.61,76.53,1.26,0.05678571428571429,1.09
2021-12-18,57.06,0.01,55.93,0.01,50.08,0.01,1.17,5.93,27.3,49.07,67.98,0.19,1.0760714285714286,0.25
2021-12-18,57.39,0.01,53.13,0.01,50.87,0.01,1.3,5.35,20.44,73.42,77.19,0.3,0.34500000000000003,0.2
2021-12-18,384.99,0.01,327.16,0.01,258.59,0.0,1.23,24.55,161.83,44.21,70.75,0.22,0.4074999999999999,0.75
2021-12-18,237.65,0.03,189.08,0.02,152.12,0.02,1.24,13.86,124.62,49.53,80.86,1.19,0.5525,1.47
2021-12-19,349.25,0.07,314.14,0.07,247.79,0.08,1.11,46.1,182.45,48.52,71.7,3.47,0.0,3.79
2021-12-19,268.93,0.03,237.65,0.03,189.08,0.02,1.27,14.04,127.48,49.53,80.9,1.26,0.5292857142857142,1.87
2021-12-19,1149.96,0.16,1479.53,0.17,1536.84,0.16,0.99,70.95,282.09,36.75,76.41,4.25,3.3225000000000002,3.35
2021-12-19,73.08,0.01,57.39,0.01,53.13,0.01,1.37,5.42,21.74,73.42,77.2,0.28,0.3392857142857143,0.29
2021-12-19,595.86,0.08,629.75,0.09,557.38,0.09,1.17,38.6,134.34,45.65,70.16,2.84,0.0,1.75
2021-12-19,125.94,0.19,68.06,0.14,79.35,0.16,1.28,7.61,61.35,25.86,42.74,0.8,0.7485714285714286,1.22
2021-12-19,1284.84,0.13,1613.09,0.14,1754.46,0.16,0.87,92.53,562.13,45.32,64.35,11.35,9.200714285714286,10.37
2021-12-19,659.3,0.3,837.94,0.35,1102.75,0.39,0.81,113.22,416.54,54.19,58.43,9.12,4.332857142857143,5.74
2021-12-19,1053.71,0.17,1013.35,0.17,816.55,0.16,1.18,33.29,195.41,50.0,67.58,2.73,0.0,3.17
2021-12-19,224.74,0.11,288.19,0.13,373.23,0.17,0.79,25.76,438.62,33.33,47.86,7.13,0.0,4.54
2021-12-19,349.71,0.08,363.68,0.09,431.4,0.11,0.99,21.87,194.56,37.53,62.86,2.86,1.1257142857142857,2.43
2021-12-19,749.62,0.06,641.86,0.06,433.88,0.05,1.25,38.37,207.19,44.6,77.78,1.38,1.019642857142857,2.3
2021-12-19,93.45,0.04,74.29,0.03,72.63,0.03,1.41,9.93,41.89,59.65,81.01,0.51,0.5657142857142857,0.49
2021-12-19,135.33,0.04,143.93,0.04,153.23,0.04,0.9,11.99,105.01,54.61,76.54,1.26,0.05821428571428572,0.88
2021-12-19,249.75,0.28,142.04,0.2,67.27,0.04,1.47,6.64,91.88,57.41,30.69,0.4,0.6735714285714286,0.52
2021-12-19,67.39,0.01,57.06,0.01,55.93,0.01,1.19,5.72,28.04,49.07,68.06,0.24,1.1014285714285714,0.2
2021-12-19,346.52,0.12,268.5,0.09,176.82,0.07,1.69,24.26,107.66,43.44,80.98,0.88,3.396785714285714,1.5
2021-12-19,762.91,0.04,703.6,0.04,630.78,0.04,1.19,13.23,108.99,43.55,75.96,1.97,0.02,1.84
2021-12-19,246.72,0.05,187.44,0.05,156.96,0.04,1.47,5.12,38.01,15.67,71.41,0.34,0.0,0.63
2021-12-20,659.3,0.3,837.94,0.34,1102.75,0.38,0.82,110.86,412.3,54.18,58.45,9.12,4.367500000000001,5.74
2021-12-20,249.75,0.29,142.04,0.21,67.27,0.05,1.41,6.91,101.93,57.41,30.81,0.4,0.6375000000000001,0.52
2021-12-20,268.93,0.03,237.65,0.03,189.08,0.02,1.28,14.5,132.24,49.51,80.95,1.26,0.5060714285714286,1.87
2021-12-20,67.39,0.01,57.06,0.01,55.93,0.01,1.21,5.93,27.2,49.07,68.13,0.24,1.1267857142857143,0.2
2021-12-20,762.91,0.04,703.6,0.04,630.78,0.04,1.21,13.33,112.18,43.55,75.99,1.97,0.02,1.84
2021-12-20,749.62,0.06,641.86,0.06,433.88,0.06,1.24,40.58,214.22,44.54,77.81,1.38,1.0153571428571428,2.3
2021-12-20,1149.96,0.16,1479.53,0.17,1536.84,0.16,0.98,71.9,290.15,36.74,76.42,4.25,3.38,3.35
2021-12-20,1053.71,0.17,1013.35,0.17,816.55,0.16,1.16,34.67,201.13,50.0,67.63,2.73,0.0,3.17
2021-12-20,346.52,0.13,268.5,0.09,176.82,0.08,1.7,25.08,106.84,43.44,81.04,0.88,3.3174999999999994,1.5
2021-12-20,93.45,0.04,74.29,0.03,72.63,0.03,1.44,10.3,42.36,59.64,81.2,0.51,0.5614285714285715,0.49
2021-12-20,595.86,0.09,629.75,0.09,557.38,0.09,1.17,40.15,134.34,45.65,70.25,2.84,0.0,1.75
2021-12-20,349.25,0.07,314.14,0.07,247.79,0.08,1.11,47.04,186.48,48.51,71.8,3.47,0.0,3.79
2021-12-20,1284.84,0.13,1613.09,0.14,1754.46,0.16,0.86,94.34,608.44,45.31,64.42,11.35,9.37142857142857,10.37
2021-12-20,125.94,0.16,68.06,0.17,79.35,0.13,1.28,8.59,67.74,25.86,42.93,0.8,0.7721428571428571,1.22
2021-12-20,73.08,0.01,57.39,0.01,53.13,0.01,1.43,5.39,23.3,73.41,77.28,0.28,0.33357142857142863,0.29
2021-12-20,135.33,0.04,143.93,0.04,153.23,0.04,0.89,12.02,103.9,54.61,76.55,1.26,0.05964285714285714,0.88
2021-12-21,659.3,0.3,837.94,0.34,1102.75,0.37,0.82,111.33,385.41,54.17,58.48,9.12,4.3925,5.74
2021-12-21,135.33,0.04,143.93,0.04,153.23,0.04,0.88,11.26,102.16,54.61,76.56,1.26,0.06107142857142857,0.88
2021-12-21,749.62,0.06,641.86,0.06,433.88,0.06,1.23,41.17,218.53,44.48,77.85,1.38,1.0110714285714286,2.3
2021-12-21,1284.84,0.12,1613.09,0.14,1754.46,0.16,0.85,91.77,581.19,39.74,64.47,11.35,9.542142857142855,10.37
2021-12-21,125.94,0.16,68.06,0.18,79.35,0.13,1.29,8.43,67.74,25.85,43.15,0.8,0.7957142857142857,1.22
2021-12-21,1053.71,0.17,1013.35,0.17,816.55,0.17,1.15,33.06,192.55,50.0,67.68,2.73,0.0,3.17
2021-12-21,422.01,0.01,384.99,0.01,327.16,0.01,1.24,24.55,177.45,44.16,70.93,0.97,0.46428571428571425,1.18
2021-12-21,224.74,0.1,288.19,0.13,373.23,0.15,0.79,21.25,426.4,28.7,47.91,7.13,0.0,4.54
2021-12-21,762.91,0.04,703.6,0.04,630.78,0.04,1.23,13.27,112.22,43.55,76.04,1.97,0.02,1.84
2021-12-21,93.45,0.04,74.29,0.03,72.63,0.03,1.47,10.56,41.87,59.64,81.29,0.51,0.5571428571428572,0.49
2021-12-21,1149.96,0.15,1479.53,0.17,1536.84,0.16,0.98,69.92,279.86,36.74,76.44,4.25,3.4375,3.35
2021-12-21,595.86,0.09,629.75,0.09,557.38,0.08,1.17,40.15,126.62,45.65,70.35,2.84,0.0,1.75
2021-12-21,73.08,0.01,57.39,0.01,53.13,0.01,1.5,5.84,23.88,58.59,77.35,0.28,0.32785714285714285,0.29
2021-12-21,349.25,0.07,314.14,0.07,247.79,0.08,1.12,47.28,186.95,48.5,71.91,3.47,0.0,3.79
2021-12-21,249.75,0.3,142.04,0.23,67.27,0.07,1.35,7.71,115.12,57.41,30.94,0.4,0.6074999999999999,0.52
2021-12-21,346.52,0.13,268.5,0.1,176.82,0.08,1.69,25.9,108.58,43.44,81.1,0.88,3.2528571428571427,1.5
2021-12-21,268.93,0.03,237.65,0.03,189.08,0.02,1.28,14.62,135.95,49.5,81.01,1.26,0.4828571428571428,1.87
2021-12-21,67.39,0.01,57.06,0.01,55.93,0.01,1.24,5.93,28.04,49.06,68.2,0.24,1.1521428571428571,0.2
2021-12-22,1.0,0.0,0.91,0.0,0.76,0.0,1.14,0.28,3.36,47.22,81.49,0.01,0.6900000000000001,0.01
2021-12-22,1149.96,0.15,1479.53,0.17,1536.84,0.16,0.97,68.98,267.68,36.73,76.47,4.25,3.4950000000000006,3.35
2021-12-22,762.91,0.04,703.6,0.04,630.78,0.04,1.24,13.15,110.92,40.76,76.08,1.97,0.02,1.84
2021-12-22,125.94,0.19,68.06,0.15,79.35,0.16,1.3,9.0,69.54,25.85,43.37,0.8,0.8192857142857143,1.22
2021-12-22,93.45,0.05,74.29,0.03,72.63,0.03,1.5,9.99,41.66,59.64,81.42,0.51,0.5528571428571428,0.49
2021-12-22,73.08,0.01,57.39,0.01,53.13,0.01,1.55,5.69,25.67,47.32,77.43,0.28,0.3221428571428571,0.29
2021-12-22,422.01,0.01,384.99,0.01,327.16,0.01,1.25,24.55,175.22,44.14,71.02,0.97,0.4832142857142857,1.18
2021-12-22,135.33,0.03,143.93,0.04,153.23,0.04,0.88,11.32,100.86,54.61,76.58,1.26,0.0625,0.88
2021-12-22,349.25,0.08,314.14,0.07,247.79,0.08,1.15,46.99,186.9,48.49,72.02,3.47,0.0,3.79
2021-12-22,659.3,0.3,837.94,0.32,1102.75,0.37,0.82,108.97,379.27,54.16,58.51,9.12,4.4174999999999995,5.74
2021-12-22,595.86,0.09,629.75,0.09,557.38,0.09,1.17,37.06,121.99,45.65,70.46,2.84,0.0,1.75
2021-12-22,1284.84,0.12,1613.09,0.14,1754.46,0.16,0.84,88.53,557.65,39.72,64.53,11.35,9.712857142857143,10.37
2021-12-22,1053.71,0.17,1013.35,0.17,816.55,0.17,1.14,33.86,188.78,50.0,67.74,2.73,0.0,3.17
2021-12-22,67.39,0.01,57.06,0.01,55.93,0.01,1.27,5.72,27.83,49.05,68.28,0.24,1.1775,0.2
2021-12-22,346.52,0.14,268.5,0.1,176.82,0.08,1.71,27.02,112.05,43.44,81.13,0.88,3.1882142857142854,1.5
2021-12-22,268.93,0.03,237.65,0.03,189.08,0.02,1.29,14.74,138.54,49.49,81.06,1.26,0.45964285714285713,1.87
2021-12-22,749.62,0.06,641.86,0.06,433.88,0.06,1.23,41.92,222.11,44.41,77.89,1.38,1.0067857142857144,2.3
2021-12-22,249.75,0.31,142.04,0.25,67.27,0.11,1.29,7.71,115.12,57.41,31.06,0.4,0.5774999999999999,0.52
2021-12-23,249.75,0.31,142.04,0.26,67.27,0.14,1.23,8.4,127.12,57.41,31.15,0.4,0.5475,0.52
2021-12-23,659.3,0.29,837.94,0.32,1102.75,0.36,0.83,110.39,366.06,54.14,58.55,9.12,4.4425,5.74
2021-12-23,349.25,0.08,314.14,0.07,247.79,0.08,1.19,47.03,186.54,48.49,72.14,3.47,0.0,3.79
2021-12-23,1053.71,0.17,1013.35,0.17,816.55,0.17,1.15,33.64,186.15,50.0,67.8,2.73,0.0,3.17
2021-12-23,762.91,0.05,703.6,0.04,630.78,0.04,1.26,12.96,111.17,40.76,76.13,1.97,0.02,1.84
2021-12-23,346.52,0.14,268.5,0.11,176.82,0.08,1.71,27.46,113.73,43.44,81.18,0.88,3.1235714285714287,1.5
2021-12-23,268.93,0.03,237.65,0.03,189.08,0.02,1.3,15.53,139.83,49.48,81.14,1.26,0.43642857142857144,1.87
2021-12-23,93.45,0.05,74.29,0.04,72.63,0.03,1.54,10.09,42.18,59.64,81.54,0.51,0.5485714285714286,0.49
2021-12-23,1149.96,0.14,1479.53,0.17,1536.84,0.17,0.97,67.69,254.81,36.72,76.49,4.25,3.5524999999999998,3.35
2021-12-23,125.94,0.19,68.06,0.16,79.35,0.13,1.31,9.33,69.86,25.84,43.59,0.8,0.8428571428571429,1.22
2021-12-23,595.86,0.09,629.75,0.09,557.38,0.09,1.17,33.97,125.08,45.65,70.56,2.84,0.0,1.75
2021-12-23,135.33,0.03,143.93,0.04,153.23,0.04,0.87,11.32,97.12,54.61,76.59,1.26,0.0642857142857143,0.88
2021-12-23,1284.84,0.11,1613.09,0.14,1754.46,0.15,0.83,83.67,538.4,39.7,64.6,11.35,9.883571428571429,10.37
2021-12-23,749.62,0.06,641.86,0.06,433.88,0.06,1.24,41.76,223.29,44.34,77.93,1.38,1.0025,2.3
2021-12-23,73.08,0.01,57.39,0.01,53.13,0.01,1.6,5.42,27.35,47.3,77.51,0.28,0.31642857142857145,0.29
2021-12-23,67.39,0.01,57.06,0.01,55.93,0.01,1.31,5.61,28.68,49.04,68.36,0.24,1.1953571428571428,0.2
2021-12-24,659.3,0.29,837.94,0.31,1102.75,0.36,0.85,111.33,351.91,54.13,58.58,9.12,4.467499999999999,5.74
2021-12-24,1149.96,0.13,1479.53,0.16,1536.84,0.17,0.97,65.29,243.05,36.71,76.52,4.25,3.61,3.35
2021-12-24,67.39,0.01,57.06,0.01,55.93,0.01,1.36,5.5,29.1,49.03,68.41,0.24,1.2132142857142856,0.2
2021-12-24,93.45,0.06,74.29,0.03,72.63,0.03,1.57,9.88,44.08,59.64,81.64,0.51,0.5442857142857143,0.49
2021-12-24,125.94,0.19,68.06,0.17,79.35,0.12,1.32,9.49,71.25,25.84,43.77,0.8,0.8664285714285714,1.22
2021-12-24,1053.71,0.16,1013.35,0.17,816.55,0.17,1.15,34.21,181.34,50.0,67.86,2.73,0.0,3.17
2021-12-24,1024.07,0.04,761.08,0.03,676.69,0.02,1.34,10.71,88.06,31.77,78.87,1.84,1.4492857142857143,1.5
2021-12-24,73.08,0.01,57.39,0.01,53.13,0.01,1.65,5.65,27.39,47.28,77.58,0.28,0.31071428571428567,0.29
2021-12-24,507.26,0.01,926.63,0.02,1429.08,0.03,0.62,56.49,217.57,51.76,74.36,7.61,6.919642857142857,4.78
2021-12-24,926.92,0.24,1156.04,0.24,1233.12,0.2,0.83,31.88,79.99,54.01,70.57,3.46,0.009642857142857144,2.33
2021-12-24,762.91,0.05,703.6,0.04,630.78,0.04,1.27,13.02,109.33,40.76,76.18,1.97,0.02,1.84
2021-12-24,349.25,0.08,314.14,0.07,247.79,0.07,1.24,47.12,186.5,48.48,72.26,3.47,0.0,3.79
2021-12-24,749.62,0.06,641.86,0.06,433.88,0.06,1.25,42.78,227.24,44.27,77.98,1.38,0.9992857142857143,2.3
2021-12-24,1284.84,0.11,1613.09,0.13,1754.46,0.15,0.82,81.76,508.67,39.68,64.68,11.35,10.054285714285713,10.37
2021-12-24,268.93,0.04,237.65,0.03,189.08,0.02,1.32,15.63,143.01,49.46,81.21,1.26,0.4132142857142857,1.87
2021-12-24,375.89,0.03,327.07,0.03,277.96,0.03,1.34,14.31,91.81,38.92,91.22,1.67,1.481785714285714,1.71
2021-12-24,595.86,0.09,629.75,0.08,557.38,0.09,1.18,29.34,121.99,45.65,70.69,2.84,0.0,1.75
2021-12-24,135.33,0.03,143.93,0.04,153.23,0.04,0.87,11.79,94.05,54.6,76.6,1.26,0.06607142857142857,0.88
2021-12-25,1053.71,0.16,1013.35,0.17,816.55,0.17,1.15,34.21,180.88,50.0,67.9,2.73,0.0,3.17
2021-12-25,349.25,0.09,314.14,0.07,247.79,0.07,1.27,47.02,183.29,48.47,72.35,3.47,0.0,3.79
2021-12-25,135.33,0.03,143.93,0.04,153.23,0.04,0.87,11.52,91.99,54.6,76.6,1.26,0.06785714285714287,0.88
2021-12-25,749.62,0.06,641.86,0.06,433.88,0.06,1.26,43.25,226.65,44.22,78.01,1.38,0.9960714285714286,2.3
2021-12-25,73.08,0.01,57.39,0.01,53.13,0.01,1.69,5.58,28.99,47.27,77.63,0.28,0.30500000000000005,0.29
2021-12-25,1149.96,0.13,1479.53,0.16,1536.84,0.17,0.98,65.72,227.18,36.71,76.54,4.25,3.6675,3.35
2021-12-25,268.93,0.04,237.65,0.03,189.08,0.02,1.35,16.14,144.47,49.45,81.3,1.26,0.39,1.87
2021-12-25,93.45,0.06,74.29,0.04,72.63,0.03,1.6,9.93,43.43,59.63,81.72,0.51,0.54,0.49
2021-12-25,762.91,0.05,703.6,0.04,630.78,0.04,1.27,12.66,108.48,40.76,76.23,1.97,0.02,1.84
2021-12-25,659.3,0.29,837.94,0.31,1102.75,0.35,0.87,103.78,331.63,54.12,58.59,9.12,4.492500000000001,5.74
2021-12-25,1284.84,0.11,1613.09,0.13,1754.46,0.15,0.81,76.42,459.22,39.68,64.7,11.35,10.225,10.37
2021-12-25,595.86,0.09,629.75,0.08,557.38,0.09,1.19,26.25,117.36,45.65,70.78,2.84,0.0,1.75
2021-12-25,67.39,0.01,57.06,0.01,55.93,0.01,1.4,5.08,29.95,49.03,68.45,0.24,1.2310714285714286,0.2
2021-12-25,125.94,0.21,68.06,0.17,79.35,0.16,1.33,10.23,71.91,25.84,43.83,0.8,0.8899999999999999,1.22
2021-12-26,414.05,0.09,349.71,0.08,363.68,0.09,1.1,12.07,174.95,37.41,63.1,4.02,1.1099999999999999,3.07
2021-12-26,947.89,0.1,1284.84,0.13,1613.09,0.14,0.82,77.0,457.4,39.67,64.72,10.68,10.288571428571428,7.05
2021-12-26,373.27,0.31,249.75,0.28,142.04,0.2,1.09,8.88,132.75,57.41,31.18,0.35,0.4575,0.98
2021-12-26,744.68,0.13,1149.96,0.16,1479.53,0.17,0.98,63.74,224.69,36.71,76.54,4.03,3.6821428571428574,3.12
2021-12-26,801.55,0.06,749.62,0.06,641.86,0.06,1.28,43.3,228.98,44.21,78.03,2.01,0.9928571428571429,2.57
2021-12-26,171.69,0.01,73.08,0.01,57.39,0.01,1.73,5.77,28.8,47.26,77.66,0.2,0.29964285714285716,0.38
2021-12-26,379.9,0.04,268.93,0.03,237.65,0.03,1.38,16.36,147.23,49.45,81.36,1.47,0.3628571428571429,2.36
2021-12-26,131.56,0.2,125.94,0.19,68.06,0.14,1.33,10.55,72.97,25.84,43.91,1.18,0.9135714285714286,1.44
2021-12-26,575.22,0.29,659.3,0.3,837.94,0.35,0.88,101.42,330.68,54.12,58.61,7.7,4.5175,4.12
2021-12-26,146.99,0.06,93.45,0.04,74.29,0.03,1.62,9.99,44.94,57.51,81.8,0.52,0.535,0.4
2021-12-26,376.08,0.09,349.25,0.07,314.14,0.07,1.3,47.25,184.89,48.47,72.4,3.59,0.0,4.6
2021-12-26,985.24,0.16,1053.71,0.17,1013.35,0.17,1.14,35.92,190.26,50.0,67.91,3.01,0.0,2.47
2021-12-26,641.34,0.09,595.86,0.08,629.75,0.09,1.2,27.8,109.64,45.65,70.78,0.88,0.0,1.31
2021-12-26,112.47,0.03,135.33,0.04,143.93,0.04,0.86,11.46,90.05,54.6,76.61,1.09,0.06964285714285715,1.0
2021-12-26,1270.52,0.05,762.91,0.04,703.6,0.04,1.27,12.71,110.71,40.75,76.28,1.97,0.02,1.79
2021-12-26,76.69,0.01,67.39,0.01,57.06,0.01,1.45,5.08,31.11,49.02,68.53,0.25,1.2489285714285714,0.09
2021-12-26,691.76,0.15,346.52,0.12,268.5,0.09,1.74,29.94,125.76,43.44,82.03,1.06,2.929642857142857,1.74
2021-12-26,326.35,0.05,246.72,0.05,187.44,0.05,1.45,7.77,48.72,15.64,71.81,0.56,0.0,0.64
2021-12-27,76.69,0.01,67.39,0.01,57.06,0.01,1.49,4.87,32.7,49.01,68.61,0.25,1.2667857142857142,0.09
2021-12-27,171.69,0.02,73.08,0.01,57.39,0.01,1.77,5.96,29.57,47.24,77.72,0.2,0.2942857142857143,0.38
2021-12-27,131.56,0.2,125.94,0.16,68.06,0.17,1.34,10.47,75.59,25.83,44.09,1.18,0.9371428571428572,1.44
2021-12-27,641.34,0.09,595.86,0.09,629.75,0.09,1.21,29.34,108.09,45.65,70.87,0.88,0.0,1.31
2021-12-27,112.47,0.03,135.33,0.04,143.93,0.04,0.86,11.17,86.07,54.6,76.62,1.09,0.07142857142857142,1.0
2021-12-27,947.89,0.1,1284.84,0.13,1613.09,0.14,0.82,82.52,491.71,39.66,64.78,10.68,10.352142857142857,7.05
2021-12-27,379.9,0.04,268.93,0.03,237.65,0.03,1.4,16.72,153.94,49.43,81.44,1.47,0.33571428571428574,2.36
2021-12-27,376.08,0.1,349.25,0.07,314.14,0.07,1.32,47.92,188.49,48.46,72.53,3.59,0.0,4.6
2021-12-27,575.22,0.29,659.3,0.3,837.94,0.34,0.89,101.42,328.33,54.1,58.67,7.7,4.5424999999999995,4.12
2021-12-27,801.55,0.06,749.62,0.06,641.86,0.06,1.3,44.61,234.73,44.15,78.07,2.01,0.9896428571428572,2.57
2021-12-27,456.56,0.01,422.01,0.01,384.99,0.01,1.33,26.79,199.78,44.08,71.45,0.75,0.6085714285714285,1.07
2021-12-27,1270.52,0.05,762.91,0.04,703.6,0.04,1.28,12.72,114.36,40.75,76.34,1.97,0.023214285714285715,1.79
2021-12-27,744.68,0.12,1149.96,0.16,1479.53,0.17,0.98,62.63,226.92,36.71,76.55,4.03,3.6967857142857143,3.12
2021-12-27,691.76,0.16,346.52,0.13,268.5,0.09,1.75,30.8,127.4,43.44,82.22,1.06,2.8649999999999998,1.74
2021-12-27,146.99,0.07,93.45,0.04,74.29,0.03,1.64,10.17,46.03,57.51,81.94,0.52,0.53,0.4
2021-12-27,985.24,0.16,1053.71,0.17,1013.35,0.17,1.13,35.81,195.76,52.78,67.97,3.01,0.0,2.47
2021-12-28,379.9,0.04,268.93,0.03,237.65,0.03,1.42,17.14,159.1,49.42,81.5,1.47,0.3085714285714286,2.36
2021-12-28,171.69,0.02,73.08,0.01,57.39,0.01,1.81,5.96,30.33,47.23,77.79,0.2,0.2889285714285714,0.38
2021-12-28,112.47,0.03,135.33,0.04,143.93,0.04,0.86,10.4,83.03,51.82,76.63,1.09,0.0732142857142857,1.0
2021-12-28,131.56,0.23,125.94,0.16,68.06,0.18,1.35,9.82,76.41,25.83,44.28,1.18,0.9607142857142856,1.44
2021-12-28,691.76,0.16,346.52,0.13,268.5,0.1,1.77,30.68,130.72,43.44,82.57,1.06,2.7935714285714286,1.74
2021-12-28,641.34,0.08,595.86,0.09,629.75,0.09,1.22,29.34,111.18,45.65,70.99,0.88,0.0,1.31
2021-12-28,373.27,0.3,249.75,0.3,142.04,0.23,1.02,9.95,150.65,57.41,31.34,0.35,0.4067857142857143,0.98
2021-12-28,985.24,0.16,1053.71,0.17,1013.35,0.17,1.15,35.81,191.87,52.78,68.02,3.01,0.0,2.47
2021-12-28,76.69,0.01,67.39,0.01,57.06,0.01,1.53,4.44,32.28,48.99,68.71,0.25,1.2846428571428572,0.09
2021-12-28,947.89,0.1,1284.84,0.12,1613.09,0.14,0.82,81.47,467.7,39.64,64.84,10.68,10.415714285714285,7.05
2021-12-28,146.99,0.08,93.45,0.04,74.29,0.03,1.66,10.01,47.15,57.51,82.05,0.52,0.525,0.4
2021-12-28,376.08,0.11,349.25,0.07,314.14,0.07,1.37,47.73,189.44,48.45,72.67,3.59,0.0,4.6
2021-12-28,801.55,0.07,749.62,0.06,641.86,0.06,1.32,45.66,237.06,44.09,78.13,2.01,0.9864285714285713,2.57
2021-12-28,744.68,0.12,1149.96,0.15,1479.53,0.17,0.99,60.83,210.36,36.7,76.58,4.03,3.7114285714285713,3.12
2021-12-28,456.56,0.01,422.01,0.01,384.99,0.01,1.36,31.25,196.43,44.05,71.53,0.75,0.6428571428571427,1.07
2021-12-28,1270.52,0.05,762.91,0.04,703.6,0.04,1.28,12.58,117.38,40.75,76.4,1.97,0.02642857142857143,1.79
2021-12-28,575.22,0.28,659.3,0.3,837.94,0.34,0.9,97.18,313.7,54.09,58.73,7.7,4.560357142857143,4.12
2021-12-29,1270.52,0.06,762.91,0.04,703.6,0.04,1.28,12.47,120.72,41.3,76.46,1.97,0.02964285714285714,1.79
2021-12-29,744.68,0.11,1149.96,0.15,1479.53,0.17,1.01,59.37,199.21,36.69,76.61,4.03,3.7260714285714287,3.12
2021-12-29,171.69,0.02,73.08,0.01,57.39,0.01,1.86,6.15,32.85,47.21,77.86,0.2,0.2835714285714286,0.38
2021-12-29,1.31,0.0,1.0,0.0,0.91,0.0,1.42,0.56,4.86,47.22,81.59,0.01,0.0,0.01
2021-12-29,379.9,0.04,268.93,0.03,237.65,0.03,1.46,17.11,161.83,49.4,81.58,1.47,0.2814285714285714,2.36
2021-12-29,179.98,0.09,224.74,0.1,288.19,0.12,0.97,14.99,321.32,28.7,48.06,5.72,0.0,4.29
2021-12-29,947.89,0.09,1284.84,0.12,1613.09,0.14,0.84,77.28,434.82,39.63,64.89,10.68,10.479285714285712,7.05
2021-12-29,691.76,0.17,346.52,0.14,268.5,0.1,1.78,31.77,134.59,43.44,82.86,1.06,2.722142857142857,1.74
2021-12-29,376.08,0.12,349.25,0.08,314.14,0.07,1.41,48.04,192.27,48.44,72.8,3.59,0.0,4.6
2021-12-29,76.69,0.01,67.39,0.01,57.06,0.01,1.58,4.55,33.76,48.98,68.81,0.25,1.3025,0.09
2021-12-29,112.47,0.03,135.33,0.03,143.93,0.04,0.87,9.96,77.64,51.82,76.64,1.09,0.075,1.0
2021-12-29,146.99,0.09,93.45,0.05,74.29,0.03,1.67,9.8,48.34,59.35,82.14,0.52,0.5199999999999999,0.4
2021-12-29,641.34,0.09,595.86,0.09,629.75,0.09,1.23,29.34,106.55,45.65,71.07,0.88,0.0,1.31
2021-12-29,985.24,0.17,1053.71,0.17,1013.35,0.17,1.18,36.15,190.61,52.78,68.07,3.01,0.0,2.47
2021-12-29,131.56,0.21,125.94,0.19,68.06,0.15,1.35,10.8,76.32,25.83,44.45,1.18,0.9842857142857143,1.44
2021-12-29,575.22,0.27,659.3,0.3,837.94,0.32,0.92,97.18,306.15,54.08,58.79,7.7,4.578214285714286,4.12
2021-12-29,801.55,0.07,749.62,0.06,641.86,0.06,1.35,46.41,237.68,44.03,78.19,2.01,0.9832142857142857,2.57
2021-12-30,379.9,0.04,268.93,0.03,237.65,0.03,1.51,17.33,165.06,53.58,81.65,1.47,0.2542857142857143,2.36
2021-12-30,76.69,0.01,67.39,0.01,57.06,0.01,1.64,4.87,36.51,48.97,68.94,0.25,1.3032142857142854,0.09
2021-12-30,146.99,0.1,93.45,0.05,74.29,0.04,1.67,10.01,50.06,59.35,82.23,0.52,0.515,0.4
2021-12-30,985.24,0.17,1053.71,0.17,1013.35,0.17,1.21,35.47,185.57,52.78,68.11,3.01,0.0,2.47
2021-12-30,744.68,0.11,1149.96,0.14,1479.53,0.17,1.03,56.62,188.57,36.68,76.64,4.03,3.7407142857142857,3.12
2021-12-30,801.55,0.07,749.62,0.06,641.86,0.06,1.38,47.31,236.83,43.99,78.24,2.01,0.9799999999999999,2.57
2021-12-30,376.08,0.14,349.25,0.08,314.14,0.07,1.45,47.85,194.1,48.43,72.91,3.59,0.0,4.6
2021-12-30,641.34,0.09,595.86,0.09,629.75,0.09,1.25,27.8,97.28,45.65,71.18,0.88,0.0,1.31
2021-12-30,575.22,0.27,659.3,0.29,837.94,0.32,0.94,95.29,294.36,54.06,58.87,7.7,4.596071428571428,4.12
2021-12-30,1270.52,0.06,762.91,0.05,703.6,0.04,1.28,12.49,121.17,41.29,76.51,1.97,0.032857142857142856,1.79
2021-12-30,947.89,0.09,1284.84,0.11,1613.09,0.14,0.9,72.99,392.03,39.62,64.91,10.68,10.542857142857143,7.05
2021-12-30,131.56,0.21,125.94,0.19,68.06,0.16,1.37,10.31,78.04,25.83,44.58,1.18,1.007857142857143,1.44
2021-12-30,112.47,0.03,135.33,0.03,143.93,0.04,0.87,9.72,79.94,51.82,76.65,1.09,0.0757142857142857,1.0
2021-12-30,171.69,0.02,73.08,0.01,57.39,0.01,1.89,6.57,34.8,47.2,77.92,0.2,0.2782142857142857,0.38
2021-12-31,379.9,0.05,268.93,0.04,237.65,0.03,1.56,17.58,166.84,53.57,81.67,1.47,0.22714285714285712,2.36
2021-12-31,1621.84,0.06,1024.07,0.04,761.08,0.03,1.35,12.58,91.46,31.69,79.41,1.6,1.5621428571428573,3.15
2021-12-31,112.47,0.03,135.33,0.03,143.93,0.04,0.88,9.99,79.32,51.82,76.66,1.09,0.07642857142857143,1.0
2021-12-31,947.89,0.09,1284.84,0.11,1613.09,0.13,0.97,66.51,333.52,39.62,64.92,10.68,10.60642857142857,7.05
2021-12-31,985.24,0.18,1053.71,0.16,1013.35,0.17,1.24,36.15,187.06,52.78,68.12,3.01,0.0,2.47
2021-12-31,338.54,0.01,507.26,0.01,926.63,0.02,0.75,44.74,143.74,44.25,74.75,6.98,6.728928571428571,3.12
2021-12-31,373.27,0.29,249.75,0.32,142.04,0.25,0.92,9.88,152.42,57.41,31.46,0.35,0.34464285714285714,0.98
2021-12-31,641.34,0.1,595.86,0.09,629.75,0.08,1.27,29.34,95.74,45.65,71.23,0.88,0.0,1.31
2021-12-31,434.71,0.03,375.89,0.03,327.07,0.03,1.5,14.51,84.12,44.47,91.36,1.67,1.3689285714285717,1.27
2021-12-31,131.56,0.25,125.94,0.19,68.06,0.17,1.38,9.9,76.16,25.82,44.7,1.18,1.0314285714285714,1.44
2021-12-31,801.55,0.08,749.62,0.06,641.86,0.06,1.41,47.98,238.49,43.97,78.26,2.01,0.9832142857142857,2.57
2021-12-31,762.93,0.22,926.92,0.24,1156.04,0.24,0.9,26.87,67.47,63.89,70.63,3.3,0.0075,1.38
2021-12-31,1270.52,0.06,762.91,0.05,703.6,0.04,1.28,12.32,124.71,41.29,76.52,1.97,0.036071428571428574,1.79
2021-12-31,575.22,0.27,659.3,0.29,837.94,0.31,0.98,95.29,289.64,54.06,58.88,7.7,4.613928571428572,4.12
2021-12-31,376.08,0.15,349.25,0.08,314.14,0.07,1.47,48.01,194.57,48.43,72.94,3.59,0.0,4.6
2021-12-31,744.68,0.11,1149.96,0.13,1479.53,0.16,1.05,55.85,176.05,33.9,76.64,4.03,3.755357142857143,3.12
2021-12-31,76.69,0.01,67.39,0.01,57.06,0.01,1.7,4.55,37.68,48.96,69.0,0.25,1.3039285714285715,0.09
2022-01-01,801.55,0.08,749.62,0.06,641.86,0.06,1.44,48.4,238.33,43.97,78.26,2.01,0.9864285714285713,2.57
2022-01-01,131.56,0.2,125.94,0.21,68.06,0.17,1.39,9.98,78.21,25.82,44.71,1.18,1.055,1.44
2022-01-01,376.08,0.16,349.25,0.09,314.14,0.07,1.51,48.35,196.42,48.43,72.94,3.59,0.0,4.6
2022-01-01,146.99,0.12,93.45,0.06,74.29,0.04,1.64,9.65,54.92,64.46,82.3,0.52,0.505,0.4
2022-01-01,76.69,0.01,67.39,0.01,57.06,0.01,1.75,4.44,38.31,48.96,69.03,0.25,1.3046428571428572,0.09
2022-01-01,641.34,0.11,595.86,0.09,629.75,0.08,1.3,29.34,89.56,45.65,71.23,0.88,0.0,1.31
2022-01-01,744.68,0.11,1149.96,0.13,1479.53,0.16,1.08,54.91,164.98,33.9,76.64,4.03,3.77,3.12
2022-01-01,985.24,0.18,1053.71,0.16,1013.35,0.17,1.3,37.64,185.69,52.78,68.12,3.01,0.0,2.47
2022-01-01,379.9,0.05,268.93,0.04,237.65,0.03,1.61,18.14,168.76,53.57,81.68,1.47,0.19999999999999998,2.36
2022-01-01,1270.52,0.07,762.91,0.05,703.6,0.04,1.28,12.41,121.61,41.29,76.53,1.97,0.03928571428571429,1.79
2022-01-01,112.47,0.03,135.33,0.03,143.93,0.04,0.89,9.55,78.26,51.82,76.66,1.09,0.07714285714285715,1.0
2022-01-01,947.89,0.08,1284.84,0.11,1613.09,0.13,1.06,65.18,317.71,39.62,64.92,10.68,10.67,7.05
2022-01-02,142.48,0.02,76.69,0.01,67.39,0.01,1.82,4.76,41.91,48.95,69.15,0.2,1.305357142857143,0.17
2022-01-02,617.2,0.05,379.9,0.04,268.93,0.03,1.66,18.45,174.62,53.57,81.71,1.87,0.26142857142857145,2.36
2022-01-02,543.95,0.03,171.69,0.01,73.08,0.01,2.02,6.84,38.2,47.19,77.97,0.29,0.27035714285714285,0.56
2022-01-02,383.48,0.06,326.35,0.05,246.72,0.05,1.48,9.01,55.07,41.43,71.98,0.63,0.0,0.86
2022-01-02,592.88,0.16,376.08,0.09,349.25,0.07,1.58,49.04,206.13,48.43,72.98,3.79,0.0,3.83
2022-01-02,164.79,0.08,179.98,0.1,224.74,0.11,1.16,14.41,301.82,28.7,48.12,4.54,0.0,3.6
2022-01-02,149.15,0.21,131.56,0.2,125.94,0.19,1.4,10.14,79.6,25.82,44.72,1.22,1.07,1.77
2022-01-02,345.99,0.12,146.99,0.06,93.45,0.04,1.62,9.67,59.03,64.46,82.31,0.49,0.5014285714285714,0.64
2022-01-02,486.21,0.11,414.05,0.09,349.71,0.08,1.2,12.82,172.69,37.35,63.29,2.43,1.11,2.43
2022-01-02,585.31,0.08,947.89,0.1,1284.84,0.13,1.03,66.7,322.85,39.62,64.92,10.37,10.554642857142856,6.0
2022-01-02,264.12,0.29,373.27,0.31,249.75,0.28,0.86,10.62,150.1,57.41,31.47,0.52,0.3032142857142857,0.97
2022-01-02,663.21,0.11,641.34,0.09,595.86,0.08,1.32,30.88,105.0,45.65,71.23,1.75,0.0,1.09
2022-01-02,1155.13,0.08,801.55,0.06,749.62,0.06,1.47,48.65,241.32,43.96,78.26,2.3,0.9896428571428572,2.92
2022-01-02,91.51,0.03,112.47,0.03,135.33,0.04,0.9,9.02,78.61,51.82,76.66,0.88,0.07785714285714285,0.82
2022-01-02,513.42,0.26,575.22,0.29,659.3,0.3,1.06,91.99,272.19,54.06,58.88,5.74,4.649642857142857,4.32
2022-01-02,1466.69,0.21,691.76,0.15,346.52,0.12,1.84,35.77,162.18,43.44,83.08,1.5,2.4364285714285714,2.18
2022-01-02,559.51,0.11,744.68,0.13,1149.96,0.16,1.11,53.96,166.87,33.9,76.64,3.35,3.7582142857142857,2.09
2022-01-02,1055.16,0.19,985.24,0.16,1053.71,0.17,1.37,37.41,193.12,52.78,68.12,3.17,0.0,2.19
2022-01-02,1931.33,0.07,1270.52,0.05,762.91,0.04,1.28,12.61,127.61,44.07,76.53,1.84,0.042499999999999996,2.06
2022-01-03,617.2,0.05,379.9,0.04,268.93,0.03,1.76,19.07,183.76,53.55,81.79,1.87,0.32285714285714284,2.36
2022-01-03,1155.13,0.1,801.55,0.06,749.62,0.06,1.51,49.15,249.52,43.91,78.31,2.3,0.9928571428571428,2.92
2022-01-03,513.42,0.27,575.22,0.29,659.3,0.3,1.11,93.88,279.27,54.05,58.9,5.74,4.6674999999999995,4.32
2022-01-03,1055.16,0.2,985.24,0.16,1053.71,0.17,1.43,38.21,196.9,52.78,68.16,3.17,0.0,2.19
2022-01-03,663.21,0.12,641.34,0.09,595.86,0.09,1.35,29.34,100.37,45.81,71.31,1.75,0.0,1.09
2022-01-03,264.12,0.28,373.27,0.31,249.75,0.29,0.83,10.62,150.1,57.41,31.47,0.52,0.28250000000000003,0.97
2022-01-03,149.15,0.22,131.56,0.2,125.94,0.16,1.42,10.23,81.89,25.82,44.93,1.22,1.085,1.77
2022-01-03,91.51,0.03,112.47,0.03,135.33,0.04,0.91,8.75,78.76,51.82,76.67,0.88,0.07857142857142858,0.82
2022-01-03,585.31,0.08,947.89,0.1,1284.84,0.13,1.02,69.47,357.35,39.61,64.95,10.37,10.439285714285715,6.0
2022-01-03,345.99,0.13,146.99,0.07,93.45,0.04,1.6,9.8,65.06,64.46,82.31,0.49,0.4978571428571429,0.64
2022-01-03,592.88,0.18,376.08,0.1,349.25,0.07,1.63,50.47,220.79,51.2,73.1,3.79,0.0,3.83
2022-01-03,142.48,0.02,76.69,0.01,67.39,0.01,1.89,4.55,44.66,48.94,69.26,0.2,1.3060714285714285,0.17
2022-01-03,559.51,0.12,744.68,0.12,1149.96,0.16,1.14,52.59,168.16,33.9,76.65,3.35,3.7464285714285714,2.09
2022-01-03,1466.69,0.23,691.76,0.16,346.52,0.13,1.87,36.21,168.72,43.44,83.2,1.5,2.3649999999999998,2.18
2022-01-03,1931.33,0.07,1270.52,0.05,762.91,0.04,1.27,12.89,142.51,44.07,76.56,1.84,0.042499999999999996,2.06
2022-01-03,543.95,0.03,171.69,0.02,73.08,0.01,2.07,7.26,40.76,47.19,77.98,0.29,0.27321428571428574,0.56
2022-01-04,91.51,0.03,112.47,0.03,135.33,0.04,0.92,8.9,76.96,49.05,76.69,0.88,0.07928571428571428,0.82
2022-01-04,559.51,0.13,744.68,0.12,1149.96,0.15,1.17,49.76,163.09,33.9,76.67,3.35,3.7346428571428567,2.09
2022-01-04,513.42,0.29,575.22,0.28,659.3,0.3,1.16,93.88,276.44,54.04,58.93,5.74,4.678571428571429,4.32
2022-01-04,149.15,0.19,131.56,0.23,125.94,0.16,1.45,10.06,83.77,25.81,45.3,1.22,1.0999999999999999,1.77
2022-01-04,142.48,0.02,76.69,0.01,67.39,0.01,1.96,4.87,46.57,48.93,69.38,0.2,1.3067857142857144,0.17
2022-01-04,663.21,0.14,641.34,0.08,595.86,0.09,1.39,29.34,101.92,45.81,71.43,1.75,0.0,1.09
2022-01-04,585.31,0.08,947.89,0.1,1284.84,0.12,1.0,67.56,348.2,39.6,65.0,10.37,10.32392857142857,6.0
2022-01-04,617.2,0.06,379.9,0.04,268.93,0.03,1.87,19.39,190.29,53.53,81.89,1.87,0.3842857142857143,2.36
2022-01-04,1055.16,0.22,985.24,0.16,1053.71,0.17,1.44,36.04,194.27,52.78,68.19,3.17,0.0,2.19
2022-01-04,1466.69,0.25,691.76,0.16,346.52,0.13,1.85,37.09,180.41,43.44,83.31,1.5,2.2896428571428573,2.18
2022-01-04,1931.33,0.08,1270.52,0.05,762.91,0.04,1.27,12.61,159.52,44.07,76.59,1.84,0.042499999999999996,2.06
2022-01-04,1155.13,0.11,801.55,0.07,749.62,0.06,1.56,50.37,256.66,43.86,78.37,2.3,0.9960714285714286,2.92
2022-01-04,592.88,0.2,376.08,0.11,349.25,0.07,1.66,51.06,235.51,51.19,73.23,3.79,0.0,3.83
2022-01-04,543.95,0.04,171.69,0.02,73.08,0.01,2.12,6.53,44.96,47.18,78.0,0.29,0.2760714285714286,0.56
2022-01-04,164.79,0.09,179.98,0.09,224.74,0.1,1.27,13.24,297.9,28.7,48.16,4.54,0.0,3.6
2022-01-04,264.12,0.28,373.27,0.3,249.75,0.3,0.81,11.04,149.15,57.41,31.51,0.52,0.26857142857142857,0.97
2022-01-04,345.99,0.15,146.99,0.08,93.45,0.04,1.59,9.54,72.01,64.46,82.35,0.49,0.4942857142857143,0.64
2022-01-05,1155.13,0.13,801.55,0.07,749.62,0.06,1.58,51.16,263.31,43.81,78.43,2.3,0.9992857142857143,2.92
2022-01-05,91.51,0.03,112.47,0.03,135.33,0.03,0.93,8.49,77.76,49.04,76.7,0.88,0.07999999999999999,0.82
2022-01-05,592.88,0.22,376.08,0.12,349.25,0.08,1.68,52.71,252.76,51.18,73.36,3.79,0.0,3.83
2022-01-05,663.21,0.18,641.34,0.09,595.86,0.09,1.43,29.34,101.92,45.81,71.54,1.75,0.0,1.09
2022-01-05,149.15,0.24,131.56,0.21,125.94,0.19,1.47,10.64,88.6,25.81,45.54,1.22,1.115,1.77
2022-01-05,142.48,0.02,76.69,0.01,67.39,0.01,2.01,4.55,49.42,48.92,69.48,0.2,1.3074999999999999,0.17
2022-01-05,617.2,0.07,379.9,0.04,268.93,0.03,1.95,20.07,199.25,53.52,82.0,1.87,0.4457142857142857,2.36
2022-01-05,559.51,0.14,744.68,0.11,1149.96,0.15,1.2,48.39,160.26,33.89,76.68,3.35,3.7228571428571433,2.09
2022-01-05,585.31,0.09,947.89,0.09,1284.84,0.12,0.99,65.94,330.86,39.59,65.04,10.37,10.208571428571428,6.0
2022-01-05,513.42,0.3,575.22,0.27,659.3,0.3,1.21,89.16,269.83,54.03,58.95,5.74,4.689642857142857,4.32
2022-01-05,264.12,0.27,373.27,0.3,249.75,0.31,0.8,11.25,150.9,57.41,31.57,0.52,0.25464285714285717,0.97
2022-01-05,1466.69,0.27,691.76,0.17,346.52,0.14,1.82,37.72,187.47,43.44,83.4,1.5,2.2142857142857144,2.18
2022-01-05,2.09,0.01,1.31,0.0,1.0,0.0,1.56,0.73,8.2,47.22,81.66,0.01,0.0,0.01
2022-01-05,543.95,0.05,171.69,0.02,73.08,0.01,2.17,6.38,50.04,47.17,78.05,0.29,0.2789285714285714,0.56
2022-01-05,345.99,0.18,146.99,0.09,93.45,0.05,1.57,9.83,80.46,64.46,82.45,0.49,0.4907142857142857,0.64
2022-01-05,1931.33,0.09,1270.52,0.06,762.91,0.04,1.26,12.86,175.09,44.06,76.64,1.84,0.042499999999999996,2.06
2022-01-05,1055.16,0.25,985.24,0.17,1053.71,0.17,1.45,37.18,198.04,52.78,68.23,3.17,0.0,2.19
2022-01-06,585.31,0.09,947.89,0.09,1284.84,0.11,0.99,61.46,312.46,39.59,65.08,10.37,10.093214285714284,6.0
2022-01-06,149.15,0.26,131.56,0.21,125.94,0.19,1.48,10.72,92.36,25.81,45.92,1.22,1.1300000000000001,1.77
2022-01-06,663.21,0.21,641.34,0.09,595.86,0.09,1.46,32.43,103.46,45.81,71.65,1.75,0.0,1.09
2022-01-06,513.42,0.33,575.22,0.27,659.3,0.29,1.25,88.21,270.77,54.03,58.98,5.74,4.700714285714286,4.32
2022-01-06,1155.13,0.14,801.55,0.07,749.62,0.06,1.58,51.7,270.17,43.76,78.48,2.3,1.0025,2.92
2022-01-06,559.51,0.16,744.68,0.11,1149.96,0.14,1.23,46.07,154.94,33.89,76.69,3.35,3.711071428571429,2.09
2022-01-06,592.88,0.25,376.08,0.14,349.25,0.08,1.67,53.68,265.93,51.18,73.48,3.79,0.0,3.83
2022-01-06,91.51,0.03,112.47,0.03,135.33,0.03,0.94,8.28,77.23,49.04,76.71,0.88,0.08107142857142857,0.82
2022-01-06,1931.33,0.09,1270.52,0.06,762.91,0.05,1.25,12.96,192.61,44.06,76.69,1.84,0.042499999999999996,2.06
2022-01-06,543.95,0.06,171.69,0.02,73.08,0.01,2.21,6.53,55.96,47.16,78.1,0.29,0.28178571428571425,0.56
2022-01-06,1055.16,0.27,985.24,0.17,1053.71,0.17,1.45,35.92,189.12,52.78,68.26,3.17,0.0,2.19
2022-01-06,617.2,0.08,379.9,0.04,268.93,0.03,1.97,20.77,204.82,53.51,82.09,1.87,0.5071428571428571,2.36
2022-01-06,142.48,0.02,76.69,0.01,67.39,0.01,2.07,4.55,53.66,48.91,69.6,0.2,1.3035714285714286,0.17
2022-01-06,345.99,0.2,146.99,0.1,93.45,0.05,1.53,10.17,92.11,64.46,82.5,0.49,0.48714285714285716,0.64
2022-01-07,345.99,0.23,146.99,0.11,93.45,0.06,1.49,10.51,99.7,68.16,82.56,0.49,0.4835714285714286,0.64
2022-01-07,559.51,0.18,744.68,0.11,1149.96,0.13,1.25,45.64,151.08,33.89,76.7,3.35,3.6992857142857143,2.09
2022-01-07,91.51,0.03,112.47,0.03,135.33,0.03,0.94,7.93,78.5,49.04,76.72,0.88,0.08214285714285714,0.82
2022-01-07,1055.16,0.29,985.24,0.18,1053.71,0.16,1.45,35.01,182.26,52.78,68.26,3.17,0.0,2.19
2022-01-07,1155.13,0.15,801.55,0.08,749.62,0.06,1.57,52.25,275.98,43.75,78.5,2.3,1.0160714285714287,2.92
2022-01-07,663.21,0.24,641.34,0.1,595.86,0.09,1.47,29.34,103.46,45.81,71.71,1.75,0.0,1.09
2022-01-07,513.42,0.35,575.22,0.27,659.3,0.29,1.3,84.91,260.87,54.02,58.99,5.74,4.711785714285715,4.32
2022-01-07,1927.58,0.11,1621.84,0.06,1024.07,0.04,1.34,12.41,108.97,31.52,79.79,1.5,1.9585714285714286,1.82
2022-01-07,142.48,0.03,76.69,0.01,67.39,0.01,2.1,4.44,57.78,48.91,69.65,0.2,1.299642857142857,0.17
2022-01-07,149.15,0.27,131.56,0.25,125.94,0.19,1.48,10.64,94.89,25.81,46.1,1.22,1.145,1.77
2022-01-07,585.31,0.1,947.89,0.09,1284.84,0.11,0.99,58.89,297.03,39.59,65.09,10.37,9.977857142857143,6.0
2022-01-07,238.19,0.0,338.54,0.01,507.26,0.01,1.18,36.69,116.34,44.16,75.03,4.78,5.773928571428572,2.43
2022-01-07,678.09,0.3,762.93,0.22,926.92,0.24,1.21,22.77,50.39,63.89,70.68,2.33,0.0075,1.05
2022-01-07,592.88,0.26,376.08,0.15,349.25,0.08,1.64,54.34,277.21,47.65,73.52,3.79,0.0,3.83
2022-01-07,617.2,0.09,379.9,0.05,268.93,0.04,1.94,21.34,210.2,53.5,82.13,1.87,0.5685714285714286,2.36
2022-01-07,1931.33,0.1,1270.52,0.06,762.91,0.05,1.24,13.08,207.76,44.06,76.71,1.84,0.042499999999999996,2.06
2022-01-07,775.38,0.07,434.71,0.03,375.89,0.03,1.55,14.12,99.7,48.15,91.5,1.71,1.3571428571428572,1.56
2022-01-08,1155.13,0.15,801.55,0.08,749.62,0.06,1.55,52.5,277.4,43.74,78.5,2.3,1.0296428571428573,2.92
2022-01-08,345.99,0.27,146.99,0.12,93.45,0.06,1.45,10.82,105.61,68.15,82.58,0.49,0.48000000000000004,0.64
2022-01-08,149.15,0.26,131.56,0.2,125.94,0.21,1.48,10.96,95.79,28.58,46.28,1.22,1.16,1.77
2022-01-08,264.12,0.26,373.27,0.29,249.75,0.35,0.77,12.37,156.58,44.44,31.63,0.52,0.21285714285714286,0.97
2022-01-08,1931.33,0.1,1270.52,0.07,762.91,0.05,1.22,12.7,212.42,42.1,76.71,1.84,0.042499999999999996,2.06
2022-01-08,513.42,0.35,575.22,0.26,659.3,0.29,1.34,81.14,250.96,54.02,58.99,5.74,4.722857142857143,4.32
2022-01-08,1055.16,0.3,985.24,0.18,1053.71,0.16,1.45,35.12,182.03,56.48,68.26,3.17,0.0,2.19
2022-01-08,164.79,0.11,179.98,0.08,224.74,0.1,1.61,12.66,306.92,28.7,48.26,4.54,0.0,3.6
2022-01-08,617.2,0.11,379.9,0.05,268.93,0.04,1.84,21.97,212.78,53.5,82.14,1.87,0.63,2.36
2022-01-08,592.88,0.27,376.08,0.16,349.25,0.09,1.62,55.76,285.37,47.65,73.53,3.79,0.0,3.83
2022-01-08,585.31,0.1,947.89,0.08,1284.84,0.11,0.99,56.89,273.49,37.82,65.09,10.37,9.862499999999999,6.0
2022-01-08,559.51,0.18,744.68,0.11,1149.96,0.13,1.27,44.01,146.19,33.89,76.7,3.35,3.6875,2.09
2022-01-08,142.48,0.03,76.69,0.01,67.39,0.01,2.14,4.44,60.54,48.91,69.67,0.2,1.2957142857142856,0.17
2022-01-08,91.51,0.03,112.47,0.03,135.33,0.03,0.95,8.04,77.23,49.04,76.72,0.88,0.0832142857142857,0.82
2022-01-09,422.0,0.03,142.48,0.02,76.69,0.01,2.16,4.55,67.52,48.9,69.78,0.09,1.2917857142857143,0.38
2022-01-09,289.87,0.35,149.15,0.21,131.56,0.2,1.48,10.55,98.9,28.58,46.32,1.44,1.194642857142857,2.46
2022-01-09,1544.58,0.11,617.2,0.05,379.9,0.04,1.75,22.34,221.47,53.5,82.21,2.36,0.6678571428571428,3.28
2022-01-09,1579.08,0.1,543.95,0.03,171.69,0.01,2.17,8.29,76.52,47.15,78.16,0.38,0.2975,1.19
2022-01-09,1134.39,0.27,592.88,0.16,376.08,0.09,1.62,57.96,303.5,47.64,73.57,4.6,0.0,4.9
2022-01-09,2707.3,0.11,1931.33,0.07,1270.52,0.05,1.2,12.8,221.62,42.1,76.73,1.79,0.042499999999999996,2.85
2022-01-09,833.81,0.34,345.99,0.12,146.99,0.06,1.4,11.16,117.83,68.15,82.58,0.4,0.48464285714285715,1.25
2022-01-09,944.82,0.19,559.51,0.11,744.68,0.13,1.3,43.58,151.34,33.89,76.7,3.12,3.610357142857143,1.61
2022-01-09,137.74,0.26,264.12,0.29,373.27,0.31,0.77,12.24,156.16,44.44,31.63,0.98,0.19892857142857148,2.69
2022-01-09,649.69,0.12,486.21,0.11,414.05,0.09,1.3,14.33,179.48,45.61,63.52,3.07,1.11,1.69
2022-01-09,729.0,0.36,513.42,0.26,575.22,0.29,1.39,80.67,251.43,54.02,58.99,4.12,4.733928571428572,3.85
2022-01-09,95.42,0.03,91.51,0.03,112.47,0.03,0.95,8.37,76.26,49.04,76.72,1.0,0.0842857142857143,0.6
2022-01-09,2535.27,0.16,1155.13,0.08,801.55,0.06,1.52,52.67,280.82,43.74,78.51,2.57,1.0432142857142856,3.3
2022-01-09,1734.22,0.31,1055.16,0.19,985.24,0.16,1.44,35.24,192.55,56.48,68.26,2.47,0.0,1.69
2022-01-09,495.4,0.1,509.34,0.1,815.87,0.11,0.84,75.49,371.76,50.97,45.04,10.02,2.2824999999999998,6.81
2022-01-09,755.24,0.12,383.48,0.06,326.35,0.05,1.64,11.09,67.21,41.41,72.09,0.64,0.0,1.72
2022-01-09,1452.37,0.24,663.21,0.11,641.34,0.09,1.48,32.43,106.55,54.53,71.71,1.31,0.0,2.4
2022-01-09,2369.72,0.32,1466.69,0.21,691.76,0.15,1.71,38.96,206.15,38.61,83.7,1.74,1.912857142857143,3.13
2022-01-09,499.48,0.1,585.31,0.08,947.89,0.1,1.02,55.94,275.49,37.82,65.1,7.05,9.671428571428573,4.83
2022-01-10,499.48,0.1,585.31,0.08,947.89,0.1,1.06,54.89,294.36,37.81,65.14,7.05,9.480357142857143,4.83
2022-01-10,1734.22,0.32,1055.16,0.2,985.24,0.16,1.44,34.32,199.19,56.48,68.3,2.47,0.0,1.69
2022-01-10,1579.08,0.12,543.95,0.03,171.69,0.02,2.17,9.05,84.31,47.15,78.17,0.38,0.30750000000000005,1.19
2022-01-10,1544.58,0.11,617.2,0.05,379.9,0.04,1.7,22.88,231.78,53.48,82.32,2.36,0.7057142857142856,3.28
2022-01-10,944.82,0.2,559.51,0.12,744.68,0.12,1.32,44.61,160.0,33.89,76.71,3.12,3.533214285714286,1.61
2022-01-10,137.74,0.26,264.12,0.28,373.27,0.31,0.77,11.72,154.99,44.44,31.69,0.98,0.18500000000000003,2.69
2022-01-10,1134.39,0.28,592.88,0.18,376.08,0.1,1.64,60.13,321.5,47.63,73.68,4.6,0.0,4.9
2022-01-10,1452.37,0.26,663.21,0.12,641.34,0.09,1.49,30.88,106.55,54.53,71.79,1.31,0.0,2.4
2022-01-10,95.42,0.03,91.51,0.03,112.47,0.03,0.95,7.81,74.37,40.09,76.73,1.0,0.08535714285714287,0.6
2022-01-10,729.0,0.38,513.42,0.27,575.22,0.29,1.46,80.67,258.51,54.02,59.01,4.12,4.745,3.85
2022-01-10,289.87,0.42,149.15,0.22,131.56,0.2,1.47,10.47,100.05,28.57,47.06,1.44,1.2292857142857143,2.46
2022-01-10,2369.72,0.33,1466.69,0.23,691.76,0.16,1.69,41.25,228.24,38.61,83.81,1.74,1.8375000000000001,3.13
2022-01-10,833.81,0.43,345.99,0.13,146.99,0.07,1.36,11.86,129.56,71.86,82.6,0.4,0.48928571428571427,1.25
2022-01-10,2707.3,0.11,1931.33,0.07,1270.52,0.05,1.18,13.01,238.99,42.1,76.76,1.79,0.042499999999999996,2.85
2022-01-10,2535.27,0.17,1155.13,0.1,801.55,0.06,1.51,53.88,289.12,48.33,78.57,2.57,1.0567857142857142,3.3
2022-01-10,422.0,0.04,142.48,0.02,76.69,0.01,2.19,4.44,74.93,48.89,69.88,0.09,1.287857142857143,0.38
2022-01-11,1452.37,0.27,663.21,0.14,641.34,0.08,1.51,29.34,106.55,54.53,71.91,1.31,0.0,2.4
2022-01-11,1134.39,0.29,592.88,0.2,376.08,0.11,1.61,62.2,339.49,47.62,73.79,4.6,0.0,4.9
2022-01-11,95.42,0.03,91.51,0.03,112.47,0.03,0.95,7.42,75.78,40.09,76.74,1.0,0.08642857142857142,0.6
2022-01-11,944.82,0.22,559.51,0.13,744.68,0.12,1.34,43.15,162.49,33.89,76.73,3.12,3.4560714285714282,1.61
2022-01-11,289.87,0.38,149.15,0.19,131.56,0.23,1.45,10.31,107.66,28.57,47.85,1.44,1.2639285714285715,2.46
2022-01-11,2707.3,0.11,1931.33,0.08,1270.52,0.05,1.16,13.33,253.83,40.24,76.8,1.79,0.042499999999999996,2.85
2022-01-11,2369.72,0.35,1466.69,0.25,691.76,0.16,1.64,42.16,238.4,38.61,83.96,1.74,1.7660714285714287,3.13
2022-01-11,2535.27,0.18,1155.13,0.11,801.55,0.07,1.51,54.05,297.67,48.29,78.63,2.57,1.070357142857143,3.3
2022-01-11,137.74,0.25,264.12,0.28,373.27,0.3,0.76,11.52,147.88,44.44,31.83,0.98,0.17500000000000002,2.69
2022-01-11,1544.58,0.12,617.2,0.06,379.9,0.04,1.67,23.58,242.29,53.46,82.45,2.36,0.7435714285714285,3.28
2022-01-11,833.81,0.26,345.99,0.15,146.99,0.08,1.32,13.13,146.25,71.86,82.69,0.4,0.49392857142857144,1.25
2022-01-11,729.0,0.4,513.42,0.29,575.22,0.28,1.54,76.89,250.49,54.01,59.04,4.12,4.774285714285715,3.85
2022-01-11,1734.22,0.34,1055.16,0.22,985.24,0.16,1.46,35.01,204.57,56.48,68.34,2.47,0.0,1.69
2022-01-11,422.0,0.05,142.48,0.02,76.69,0.01,2.22,4.87,84.45,48.88,69.97,0.09,1.2839285714285715,0.38
2022-01-11,1579.08,0.16,543.95,0.04,171.69,0.02,2.15,9.47,96.42,47.13,78.22,0.38,0.3175,1.19
2022-01-11,499.48,0.09,585.31,0.08,947.89,0.1,1.1,53.55,285.31,37.8,65.19,7.05,9.289285714285713,4.83
2022-01-12,1134.39,0.29,592.88,0.22,376.08,0.12,1.54,63.64,358.99,47.61,73.9,4.6,0.0,4.9
2022-01-12,833.81,0.25,345.99,0.18,146.99,0.09,1.27,13.44,156.96,71.85,82.74,0.4,0.49857142857142855,1.25
2022-01-12,729.0,0.4,513.42,0.3,575.22,0.27,1.59,74.06,255.68,51.22,59.07,4.12,4.803571428571429,3.85
2022-01-12,422.0,0.05,142.48,0.02,76.69,0.01,2.26,5.08,94.4,48.88,70.06,0.09,1.28,0.38
2022-01-12,1579.08,0.2,543.95,0.05,171.69,0.02,2.09,9.86,103.41,47.12,78.27,0.38,0.3275,1.19
2022-01-12,499.48,0.09,585.31,0.09,947.89,0.09,1.13,50.89,271.68,37.79,65.24,7.05,9.098214285714285,4.83
2022-01-12,1452.37,0.28,663.21,0.18,641.34,0.09,1.52,30.88,103.46,54.53,72.01,1.31,0.0,2.4
2022-01-12,944.82,0.24,559.51,0.14,744.68,0.11,1.36,40.41,161.64,33.88,76.76,3.12,3.3789285714285713,1.61
2022-01-12,95.42,0.03,91.51,0.03,112.47,0.03,0.96,7.57,74.02,40.09,76.75,1.0,0.08750000000000001,0.6
2022-01-12,289.87,0.4,149.15,0.24,131.56,0.21,1.43,10.88,114.12,28.56,48.58,1.44,1.2985714285714285,2.46
2022-01-12,2535.27,0.18,1155.13,0.13,801.55,0.07,1.5,54.49,305.07,48.25,78.72,2.57,1.0839285714285716,3.3
2022-01-12,2707.3,0.11,1931.33,0.09,1270.52,0.06,1.13,12.96,264.29,40.24,76.84,1.79,0.042499999999999996,2.85
2022-01-12,3.45,0.02,2.09,0.01,1.31,0.0,3.71,1.23,18.25,47.22,81.67,0.01,0.34500000000000003,0.01
2022-01-12,1544.58,0.14,617.2,0.07,379.9,0.04,1.63,24.19,250.55,53.44,82.58,2.36,0.7814285714285714,3.28
2022-01-12,1734.22,0.35,1055.16,0.25,985.24,0.17,1.46,34.09,204.22,56.48,68.39,2.47,0.0,1.69
2022-01-13,2369.72,0.37,1466.69,0.29,691.76,0.18,1.54,43.23,259.32,38.61,84.03,1.74,1.6232142857142857,3.13
2022-01-13,833.81,0.25,345.99,0.2,146.99,0.1,1.24,14.59,169.55,71.85,82.79,0.4,0.5032142857142857,1.25
2022-01-13,499.48,0.09,585.31,0.09,947.89,0.09,1.16,51.17,259.86,37.77,65.3,7.05,8.907142857142857,4.83
2022-01-13,729.0,0.4,513.42,0.33,575.22,0.27,1.61,75.48,259.45,51.21,59.11,4.12,4.832857142857144,3.85
2022-01-13,1452.37,0.29,663.21,0.21,641.34,0.09,1.51,33.97,111.18,54.53,72.12,1.31,0.0,2.4
2022-01-13,1544.58,0.15,617.2,0.08,379.9,0.04,1.56,24.85,259.06,53.44,82.66,2.36,0.8192857142857143,3.28
2022-01-13,289.87,0.42,149.15,0.26,131.56,0.21,1.42,11.62,121.89,28.55,49.37,1.44,1.3332142857142857,2.46
2022-01-13,944.82,0.25,559.51,0.16,744.68,0.11,1.36,40.58,161.21,33.87,76.79,3.12,3.3017857142857143,1.61
2022-01-13,1579.08,0.23,543.95,0.06,171.69,0.02,2.03,10.5,110.94,52.67,78.32,0.38,0.3375,1.19
2022-01-13,2707.3,0.1,1931.33,0.09,1270.52,0.06,1.11,12.86,271.24,40.23,76.87,1.79,0.042499999999999996,2.85
2022-01-13,2535.27,0.18,1155.13,0.14,801.55,0.07,1.48,55.43,312.17,48.21,78.78,2.57,1.0975,3.3
2022-01-13,1134.39,0.29,592.88,0.25,376.08,0.14,1.5,65.43,375.35,47.6,74.01,4.6,0.0,4.9
2022-01-13,1734.22,0.36,1055.16,0.27,985.24,0.17,1.46,33.29,204.57,56.48,68.44,2.47,0.0,1.69
2022-01-13,95.42,0.03,91.51,0.03,112.47,0.03,0.96,7.46,75.93,40.08,76.76,1.0,0.08535714285714287,0.6
2022-01-13,422.0,0.06,142.48,0.02,76.69,0.01,2.26,5.29,102.13,48.87,70.17,0.09,1.282857142857143,0.38
2022-01-14,1734.22,0.36,1055.16,0.29,985.24,0.18,1.44,32.84,207.88,56.48,68.49,2.47,0.0,1.69
2022-01-14,944.82,0.26,559.51,0.18,744.68,0.11,1.37,39.81,162.32,33.87,76.81,3.12,3.2246428571428574,1.61
2022-01-14,95.42,0.03,91.51,0.03,112.47,0.03,0.97,7.48,73.72,40.08,76.77,1.0,0.0832142857142857,0.6
2022-01-14,1544.58,0.16,617.2,0.09,379.9,0.05,1.48,25.39,272.54,53.41,82.79,2.36,0.8571428571428571,3.28
2022-01-14,833.81,0.24,345.99,0.23,146.99,0.11,1.2,15.45,182.01,71.84,82.87,0.4,0.5078571428571429,1.25
2022-01-14,289.87,0.43,149.15,0.27,131.56,0.25,1.4,11.54,124.02,28.55,49.8,1.44,1.3678571428571427,2.46
2022-01-14,137.74,0.22,264.12,0.26,373.27,0.29,0.75,11.37,147.18,44.44,31.99,0.98,0.145,2.69
2022-01-14,873.87,0.35,678.09,0.3,762.93,0.22,1.47,18.79,44.52,69.44,70.76,1.38,0.002142857142857143,0.68
2022-01-14,3042.55,0.11,1927.58,0.11,1621.84,0.06,1.25,13.26,128.35,30.45,80.12,3.15,2.0182142857142855,2.4
2022-01-14,314.01,0.02,238.19,0.0,338.54,0.01,1.66,30.54,102.24,55.04,75.38,3.12,4.5125,1.4
2022-01-14,2535.27,0.18,1155.13,0.15,801.55,0.08,1.46,56.26,318.6,48.16,78.86,2.57,1.1175,3.3
2022-01-14,2707.3,0.1,1931.33,0.1,1270.52,0.06,1.08,12.44,273.92,40.23,76.91,1.79,0.042499999999999996,2.85
2022-01-14,1452.37,0.29,663.21,0.24,641.34,0.1,1.5,33.97,112.72,54.53,72.24,1.31,0.0,2.4
2022-01-14,499.48,0.09,585.31,0.1,947.89,0.09,1.19,48.12,248.52,37.76,65.38,7.05,8.716071428571428,4.83
2022-01-14,1579.08,0.27,543.95,0.07,171.69,0.02,1.97,11.19,118.69,52.66,78.38,0.38,0.34750000000000003,1.19
2022-01-14,422.0,0.06,142.48,0.03,76.69,0.01,2.24,5.5,110.17,48.86,70.22,0.09,1.2857142857142858,0.38
2022-01-14,1134.39,0.29,592.88,0.26,376.08,0.15,1.46,67.58,389.82,47.59,74.13,4.6,0.0,4.9
2022-01-14,729.0,0.4,513.42,0.35,575.22,0.27,1.62,73.12,258.04,51.2,59.14,4.12,4.862142857142857,3.85
2022-01-14,2050.89,0.12,775.38,0.07,434.71,0.03,1.44,15.68,131.73,42.59,93.62,1.27,1.522142857142857,1.82
2022-01-15,289.87,0.56,149.15,0.26,131.56,0.2,1.38,11.37,127.94,28.54,50.24,1.44,1.4025,2.46
2022-01-15,1579.08,0.31,543.95,0.09,171.69,0.02,1.88,11.46,126.94,52.65,78.41,0.38,0.35750000000000004,1.19
2022-01-15,1734.22,0.36,1055.16,0.3,985.24,0.18,1.42,31.46,206.4,56.48,68.55,2.47,0.0,1.69
2022-01-15,1452.37,0.29,663.21,0.25,641.34,0.11,1.48,30.88,108.09,54.53,72.32,1.31,0.0,2.4
2022-01-15,1891.81,0.04,550.99,0.03,456.56,0.01,1.27,36.83,272.32,49.92,72.58,1.07,1.0450000000000002,1.72
2022-01-15,944.82,0.27,559.51,0.18,744.68,0.11,1.37,37.58,159.32,33.87,76.89,3.12,3.1475,1.61
2022-01-15,833.81,0.23,345.99,0.27,146.99,0.12,1.17,16.67,192.36,71.84,82.91,0.4,0.5125000000000001,1.25
2022-01-15,729.0,0.4,513.42,0.35,575.22,0.26,1.62,73.59,253.79,51.2,59.15,4.12,4.8914285714285715,3.85
2022-01-15,499.48,0.09,585.31,0.1,947.89,0.08,1.22,46.5,226.32,37.75,65.4,7.05,8.525,4.83
2022-01-15,2535.27,0.18,1155.13,0.15,801.55,0.08,1.43,56.35,320.31,48.13,78.93,2.57,1.1375,3.3
2022-01-15,1134.39,0.29,592.88,0.27,376.08,0.16,1.41,68.4,394.86,47.57,74.21,4.6,0.0,4.9
2022-01-15,95.42,0.03,91.51,0.03,112.47,0.03,0.97,7.46,75.05,40.08,76.77,1.0,0.08107142857142857,0.6
2022-01-15,422.0,0.07,142.48,0.03,76.69,0.01,2.21,6.03,120.44,48.86,70.25,0.09,1.2885714285714285,0.38
2022-01-15,2707.3,0.1,1931.33,0.1,1270.52,0.07,1.06,12.15,272.81,40.22,76.96,1.79,0.042499999999999996,2.85
2022-01-15,1544.58,0.17,617.2,0.11,379.9,0.05,1.46,26.37,279.26,53.39,82.93,2.36,0.8949999999999999,3.28
2022-01-16,1771.51,0.07,422.0,0.03,142.48,0.02,2.18,6.46,142.24,42.98,70.35,0.17,1.2914285714285716,1.16
2022-01-16,2766.51,0.1,2707.3,0.11,1931.33,0.07,1.03,12.09,279.12,40.21,76.99,2.06,0.042499999999999996,3.45
2022-01-16,1081.27,0.23,833.81,0.34,345.99,0.12,1.13,17.27,205.39,71.84,82.95,0.64,0.5385714285714286,2.29
2022-01-16,607.58,0.17,649.69,0.12,486.21,0.11,1.38,13.57,190.04,45.54,63.82,2.43,1.2685714285714287,2.96
2022-01-16,1742.53,0.41,729.0,0.36,513.42,0.26,1.61,75.01,253.32,51.2,59.15,4.32,4.920714285714285,3.44
2022-01-16,627.7,0.5,289.87,0.35,149.15,0.21,1.34,12.19,132.52,28.54,50.32,1.77,1.448214285714286,3.09
2022-01-16,2665.78,0.39,2369.72,0.32,1466.69,0.21,1.43,45.98,297.86,38.6,84.28,2.18,1.4089285714285715,4.14
2022-01-16,3836.53,0.18,2535.27,0.16,1155.13,0.08,1.41,56.73,324.16,48.12,78.95,2.92,1.1575000000000002,3.33
2022-01-16,667.28,0.09,499.48,0.1,585.31,0.08,1.26,45.17,224.03,37.75,65.41,6.0,8.316071428571428,3.2
2022-01-16,3964.85,0.51,2711.82,0.47,1325.52,0.24,1.18,18.32,184.75,37.28,79.0,1.48,0.0,2.49
2022-01-16,3210.42,0.33,1579.08,0.1,543.95,0.03,1.78,12.42,134.58,52.65,78.43,0.56,0.39285714285714285,2.4
2022-01-16,1958.77,0.29,1134.39,0.27,592.88,0.16,1.37,70.32,405.72,47.57,74.25,3.83,0.0,6.02
2022-01-16,2430.34,0.17,1544.58,0.11,617.2,0.05,1.43,27.02,292.05,53.37,83.04,2.36,0.9146428571428572,4.73
2022-01-16,479.04,0.08,495.4,0.1,509.34,0.1,0.97,66.98,332.07,50.9,45.33,7.91,2.28,8.82
2022-01-16,2929.02,0.36,1734.22,0.31,1055.16,0.19,1.4,30.43,212.69,56.48,68.58,2.19,0.0,1.56
2022-01-16,90.03,0.03,95.42,0.03,91.51,0.03,0.98,7.34,75.14,40.08,76.78,0.82,0.07892857142857143,0.47
2022-01-16,877.12,0.3,240.98,0.12,164.79,0.08,1.91,11.79,323.22,28.7,48.27,3.6,0.0,3.26
2022-01-16,122.37,0.2,137.74,0.26,264.12,0.29,0.73,11.8,148.45,44.44,32.01,0.97,0.12500000000000003,2.08
2022-01-16,1560.85,0.24,755.24,0.12,383.48,0.06,1.81,9.2,92.33,41.38,72.24,0.86,0.0,2.08
2022-01-16,2799.56,0.3,1452.37,0.24,663.21,0.11,1.47,30.88,105.0,54.53,72.32,1.09,0.0,1.53
2022-01-16,1749.13,0.27,944.82,0.19,559.51,0.11,1.38,37.92,161.89,33.87,76.95,2.09,3.061071428571428,1.84
2022-01-17,2766.51,0.09,2707.3,0.11,1931.33,0.07,1.01,12.16,291.16,40.21,77.02,2.06,0.042499999999999996,3.45
2022-01-17,1742.53,0.42,729.0,0.38,513.42,0.27,1.61,74.06,269.83,51.19,59.17,4.32,4.95,3.44
2022-01-17,3836.53,0.17,2535.27,0.17,1155.13,0.1,1.37,57.57,335.47,48.09,79.0,2.92,1.1775,3.33
2022-01-17,2665.78,0.4,2369.72,0.33,1466.69,0.23,1.38,46.15,300.53,38.6,84.36,2.18,1.3375000000000001,4.14
2022-01-17,2799.56,0.3,1452.37,0.26,663.21,0.12,1.46,27.8,100.37,54.53,72.4,1.09,0.0,1.53
2022-01-17,2929.02,0.36,1734.22,0.32,1055.16,0.2,1.38,31.92,213.72,56.48,68.62,2.19,0.0,1.56
2022-01-17,2760.09,0.03,1891.81,0.03,550.99,0.01,1.17,36.83,273.44,46.2,72.66,1.18,1.1142857142857143,2.25
2022-01-17,1958.77,0.29,1134.39,0.28,592.88,0.18,1.33,72.39,420.49,47.56,74.35,3.83,0.0,6.02
2022-01-17,627.7,0.47,289.87,0.42,149.15,0.22,1.31,12.6,136.37,28.54,50.81,1.77,1.4939285714285717,3.09
2022-01-17,1749.13,0.28,944.82,0.2,559.51,0.12,1.38,37.66,168.33,33.86,76.97,2.09,2.974642857142857,1.84
2022-01-17,2430.34,0.17,1544.58,0.11,617.2,0.05,1.38,27.2,303.98,53.34,83.16,2.36,0.9342857142857143,4.73
2022-01-17,90.03,0.03,95.42,0.03,91.51,0.03,0.99,7.46,72.9,40.07,76.78,0.82,0.07678571428571428,0.47
2022-01-17,1771.51,0.08,422.0,0.04,142.48,0.02,2.14,7.3,158.11,42.97,70.44,0.17,1.2942857142857143,1.16
2022-01-17,3210.42,0.35,1579.08,0.12,543.95,0.03,1.69,13.06,147.65,52.63,78.61,0.56,0.4282142857142857,2.4
2022-01-17,667.28,0.08,499.48,0.1,585.31,0.08,1.32,46.88,236.14,37.74,65.46,6.0,8.107142857142858,3.2
2022-01-17,1081.27,0.19,833.81,0.43,345.99,0.13,1.1,18.36,219.74,71.83,83.03,0.64,0.5646428571428571,2.29
2022-01-18,1749.13,0.29,944.82,0.22,559.51,0.13,1.38,38.61,171.42,33.86,76.99,2.09,2.888214285714285,1.84
2022-01-18,2430.34,0.17,1544.58,0.12,617.2,0.06,1.31,28.41,317.49,53.32,83.3,2.36,0.9539285714285715,4.73
2022-01-18,2799.56,0.29,1452.37,0.27,663.21,0.14,1.43,29.34,100.37,54.53,72.52,1.09,0.0,1.53
2022-01-18,90.03,0.03,95.42,0.03,91.51,0.03,1.0,6.75,71.31,40.07,76.79,0.82,0.07464285714285714,0.47
2022-01-18,3210.42,0.36,1579.08,0.16,543.95,0.04,1.6,13.33,153.03,47.06,78.86,0.56,0.4635714285714286,2.4
2022-01-18,2929.02,0.35,1734.22,0.34,1055.16,0.22,1.36,31.0,204.22,56.48,68.65,2.19,0.0,1.56
2022-01-18,667.28,0.09,499.48,0.09,585.31,0.08,1.39,43.74,220.32,37.73,65.51,6.0,7.8982142857142845,3.2
2022-01-18,2665.78,0.4,2369.72,0.35,1466.69,0.25,1.36,46.85,310.42,38.59,84.49,2.18,1.287857142857143,4.14
2022-01-18,1742.53,0.44,729.0,0.4,513.42,0.29,1.61,75.48,260.87,51.18,59.19,4.32,4.976071428571429,3.44
2022-01-18,1081.27,0.27,833.81,0.26,345.99,0.15,1.06,19.69,233.34,71.83,83.08,0.64,0.5907142857142856,2.29
2022-01-18,2766.51,0.09,2707.3,0.11,1931.33,0.08,0.99,11.75,289.75,40.21,77.04,2.06,0.042499999999999996,3.45
2022-01-18,1771.51,0.09,422.0,0.05,142.48,0.02,2.05,7.83,167.11,42.95,70.52,0.17,1.2971428571428572,1.16
2022-01-18,3836.53,0.17,2535.27,0.18,1155.13,0.11,1.34,58.53,344.64,48.05,79.06,2.92,1.1975,3.33
2022-01-18,1958.77,0.29,1134.39,0.29,592.88,0.2,1.26,74.14,431.09,47.55,74.45,3.83,0.0,6.02
2022-01-18,627.7,0.54,289.87,0.38,149.15,0.19,1.28,12.76,139.15,28.53,51.22,1.77,1.539642857142857,3.09
2022-01-19,2430.34,0.17,1544.58,0.14,617.2,0.07,1.24,28.27,321.46,53.3,83.43,2.36,0.9735714285714285,4.73
2022-01-19,2760.09,0.03,1891.81,0.04,550.99,0.02,1.1,35.71,296.87,46.17,72.8,1.18,1.1835714285714285,2.25
2022-01-19,1958.77,0.28,1134.39,0.29,592.88,0.22,1.21,74.87,442.43,47.54,74.55,3.83,0.0,6.02
2022-01-19,3836.53,0.18,2535.27,0.18,1155.13,0.13,1.31,58.76,352.28,48.02,79.15,2.92,1.2175,3.33
2022-01-19,1771.51,0.1,422.0,0.05,142.48,0.02,1.94,8.26,183.41,42.93,70.6,0.17,1.3,1.16
2022-01-19,1742.53,0.46,729.0,0.4,513.42,0.3,1.61,72.65,253.79,51.17,59.22,4.32,5.002142857142857,3.44
2022-01-19,3210.42,0.4,1579.08,0.2,543.95,0.05,1.53,13.33,160.33,47.05,79.13,0.56,0.4989285714285714,2.4
2022-01-19,35.2,0.1,3.45,0.02,2.09,0.01,2.54,3.31,53.58,47.22,81.73,0.01,0.34500000000000003,0.03
2022-01-19,627.7,0.55,289.87,0.4,149.15,0.24,1.26,13.42,144.55,28.52,51.55,1.77,1.5853571428571427,3.09
2022-01-19,2665.78,0.4,2369.72,0.36,1466.69,0.27,1.33,46.83,315.5,38.59,84.61,2.18,1.2382142857142857,4.14
2022-01-19,1749.13,0.3,944.82,0.24,559.51,0.14,1.38,36.29,173.47,33.85,77.12,2.09,2.801785714285714,1.84
2022-01-19,2799.56,0.29,1452.37,0.28,663.21,0.18,1.41,30.88,106.55,54.53,72.63,1.09,0.0,1.53
2022-01-19,667.28,0.09,499.48,0.09,585.31,0.09,1.45,39.55,202.69,37.73,65.56,6.0,7.689285714285715,3.2
2022-01-19,2766.51,0.09,2707.3,0.11,1931.33,0.09,0.97,11.63,289.28,40.2,77.07,2.06,0.042499999999999996,3.45
2022-01-19,90.03,0.03,95.42,0.03,91.51,0.03,1.0,6.34,74.31,40.07,76.8,0.82,0.07250000000000001,0.47
2022-01-19,1081.27,0.26,833.81,0.25,345.99,0.18,1.02,20.6,244.73,71.83,83.14,0.64,0.6167857142857143,2.29
2022-01-19,2929.02,0.35,1734.22,0.35,1055.16,0.25,1.34,30.55,206.28,56.48,68.73,2.19,0.0,1.56
2022-01-20,1749.13,0.32,944.82,0.25,559.51,0.16,1.38,34.83,175.02,33.85,77.15,2.09,2.715357142857143,1.84
2022-01-20,2766.51,0.09,2707.3,0.1,1931.33,0.09,0.96,11.51,286.9,40.2,77.1,2.06,0.042499999999999996,3.45
2022-01-20,3836.53,0.19,2535.27,0.18,1155.13,0.14,1.28,58.09,356.18,47.98,79.21,2.92,1.2375000000000003,3.33
2022-01-20,627.7,0.46,289.87,0.42,149.15,0.26,1.22,13.66,145.86,28.52,51.99,1.77,1.6310714285714283,3.09
2022-01-20,1081.27,0.25,833.81,0.25,345.99,0.2,0.99,20.62,255.16,71.82,83.21,0.64,0.6428571428571429,2.29
2022-01-20,3210.42,0.44,1579.08,0.23,543.95,0.06,1.42,13.79,169.0,52.6,79.4,0.56,0.5342857142857144,2.4
2022-01-20,2929.02,0.35,1734.22,0.36,1055.16,0.27,1.33,29.98,202.51,56.48,68.78,2.19,0.0,1.56
2022-01-20,2665.78,0.39,2369.72,0.37,1466.69,0.29,1.3,46.66,318.2,38.59,84.78,2.18,1.1885714285714286,4.14
2022-01-20,90.03,0.03,95.42,0.03,91.51,0.03,1.01,5.83,72.48,40.07,76.8,0.82,0.07035714285714285,0.47
2022-01-20,1742.53,0.48,729.0,0.4,513.42,0.33,1.61,72.18,248.6,51.15,59.26,4.32,5.028214285714285,3.44
2022-01-20,2430.34,0.17,1544.58,0.15,617.2,0.08,1.2,28.25,327.18,53.27,83.56,2.36,0.9932142857142857,4.73
2022-01-20,2799.56,0.3,1452.37,0.29,663.21,0.21,1.39,27.8,97.28,54.53,72.76,1.09,0.0,1.53
2022-01-20,2760.09,0.03,1891.81,0.04,550.99,0.02,1.07,36.83,289.06,46.16,72.88,1.18,1.2182142857142857,2.25
2022-01-20,1771.51,0.11,422.0,0.06,142.48,0.02,1.78,8.57,195.89,42.91,70.68,0.17,1.31,1.16
2022-01-20,667.28,0.1,499.48,0.09,585.31,0.09,1.48,36.78,190.87,37.72,65.62,6.0,7.480357142857143,3.2
2022-01-20,1958.77,0.28,1134.39,0.29,592.88,0.25,1.17,75.55,446.38,47.53,74.65,3.83,0.0,6.02
2022-01-21,627.7,0.46,289.87,0.43,149.15,0.27,1.2,14.32,149.29,28.51,52.32,1.77,1.676785714285714,3.09
2022-01-21,3210.42,0.43,1579.08,0.27,543.95,0.07,1.32,14.67,175.84,52.59,79.68,0.56,0.5696428571428571,2.4
2022-01-21,2766.51,0.08,2707.3,0.1,1931.33,0.1,0.95,11.05,283.89,40.19,77.13,2.06,0.042499999999999996,3.45
2022-01-21,877.12,0.37,240.98,0.27,164.79,0.11,1.72,14.99,344.61,28.7,48.33,3.6,0.0,3.26
2022-01-21,3238.06,0.14,2050.89,0.12,775.38,0.07,1.31,15.77,165.42,38.89,93.85,1.56,1.6171428571428572,2.81
2022-01-21,90.03,0.03,95.42,0.03,91.51,0.03,1.01,6.01,69.68,40.06,76.81,0.82,0.06821428571428571,0.47
2022-01-21,2430.34,0.17,1544.58,0.16,617.2,0.09,1.19,28.44,333.65,53.26,83.69,2.36,1.012857142857143,4.73
2022-01-21,1749.13,0.33,944.82,0.26,559.51,0.18,1.38,34.66,180.68,33.85,77.18,2.09,2.6289285714285717,1.84
2022-01-21,1958.77,0.28,1134.39,0.29,592.88,0.26,1.13,76.07,449.42,47.52,74.76,3.83,0.0,6.02
2022-01-21,1771.51,0.11,422.0,0.06,142.48,0.03,1.64,10.05,208.28,42.89,70.71,0.17,1.3199999999999998,1.16
2022-01-21,1742.53,0.5,729.0,0.4,513.42,0.35,1.59,72.65,247.19,51.14,59.3,4.32,5.054285714285714,3.44
2022-01-21,3836.53,0.2,2535.27,0.18,1155.13,0.15,1.27,57.44,361.45,47.94,79.27,2.92,1.2653571428571428,3.33
2022-01-21,3072.46,0.11,3042.55,0.11,1927.58,0.11,1.26,10.2,128.69,34.03,80.3,1.82,2.1889285714285713,2.74
2022-01-21,1081.27,0.24,833.81,0.24,345.99,0.23,0.96,21.14,268.37,71.82,83.28,0.64,0.6689285714285714,2.29
2022-01-21,2929.02,0.35,1734.22,0.36,1055.16,0.29,1.31,30.2,203.08,56.48,68.82,2.19,0.0,1.56
2022-01-21,667.28,0.11,499.48,0.09,585.31,0.1,1.53,34.12,176.39,37.71,65.68,6.0,7.271428571428571,3.2
2022-01-21,1610.86,0.35,873.87,0.35,678.09,0.3,1.26,15.2,35.98,65.74,70.81,1.05,0.0,0.47
2022-01-21,2799.56,0.31,1452.37,0.29,663.21,0.24,1.38,27.8,101.92,54.53,72.87,1.09,0.0,1.53
2022-01-21,742.95,0.02,314.01,0.02,238.19,0.0,1.64,24.61,100.9,54.81,75.78,2.43,3.1317857142857144,1.14
2022-01-22,1742.53,0.52,729.0,0.4,513.42,0.35,1.58,72.18,242.47,51.13,59.33,4.32,5.080357142857143,3.44
2022-01-22,90.03,0.03,95.42,0.03,91.51,0.03,1.02,5.69,69.27,40.06,76.81,0.82,0.06607142857142857,0.47
2022-01-22,1081.27,0.24,833.81,0.23,345.99,0.27,0.94,21.92,266.24,71.81,83.33,0.64,0.6950000000000001,2.29
2022-01-22,1958.77,0.27,1134.39,0.29,592.88,0.27,1.1,76.27,441.86,47.51,74.83,3.83,0.0,6.02
2022-01-22,2799.56,0.31,1452.37,0.29,663.21,0.25,1.36,32.43,114.27,54.53,72.94,1.09,0.0,1.53
2022-01-22,3836.53,0.21,2535.27,0.18,1155.13,0.15,1.25,56.8,361.94,47.92,79.33,2.92,1.2932142857142856,3.33
2022-01-22,627.7,0.34,289.87,0.56,149.15,0.26,1.18,15.13,149.87,28.51,52.44,1.77,1.7225,3.09
2022-01-22,2766.51,0.08,2707.3,0.1,1931.33,0.1,0.95,10.55,280.16,40.19,77.18,2.06,0.042499999999999996,3.45
2022-01-22,667.28,0.12,499.48,0.09,585.31,0.1,1.59,32.21,158.28,37.71,65.69,6.0,7.062499999999999,3.2
2022-01-22,2929.02,0.36,1734.22,0.36,1055.16,0.3,1.3,31.58,207.31,56.48,68.89,2.19,0.0,1.56
2022-01-22,2760.09,0.03,1891.81,0.04,550.99,0.03,1.01,35.71,301.34,46.14,73.03,1.18,1.2874999999999999,2.25
2022-01-22,1749.13,0.34,944.82,0.27,559.51,0.18,1.38,33.72,179.48,33.84,77.44,2.09,2.5425000000000004,1.84
2022-01-22,1771.51,0.12,422.0,0.07,142.48,0.03,1.53,11.54,218.44,42.89,70.72,0.17,1.3299999999999998,1.16
2022-01-22,2430.34,0.16,1544.58,0.17,617.2,0.11,1.16,28.41,339.56,53.24,83.86,2.36,1.0325,4.73
2022-01-22,3210.42,0.45,1579.08,0.31,543.95,0.09,1.23,14.98,181.8,52.59,79.86,0.56,0.6050000000000001,2.4
2022-01-23,3041.41,0.53,1742.53,0.41,729.0,0.36,1.56,73.59,258.98,51.13,59.33,3.85,5.106428571428572,5.67
2022-01-23,2520.76,0.45,3210.42,0.33,1579.08,0.1,1.14,15.7,192.8,52.59,79.99,1.19,0.6803571428571429,3.6
2022-01-23,2324.28,0.35,1749.13,0.27,944.82,0.19,1.37,33.54,186.86,33.84,77.53,1.61,2.4885714285714284,2.1
2022-01-23,1735.46,0.4,877.12,0.3,240.98,0.12,1.57,14.41,354.5,28.7,48.36,3.18,0.0,4.08
2022-01-23,2169.58,0.27,1560.85,0.24,755.24,0.12,1.7,9.48,123.32,42.45,72.48,1.72,0.0,3.36
2022-01-23,3038.7,0.17,2430.34,0.17,1544.58,0.11,1.14,28.64,345.71,53.23,83.97,3.28,1.0325,5.85
2022-01-23,435.73,0.07,479.04,0.08,495.4,0.1,1.25,54.58,267.39,49.01,45.56,6.81,2.5346428571428574,8.95
2022-01-23,1632.06,0.23,607.58,0.17,649.69,0.12,1.41,13.57,243.58,45.49,64.06,1.69,1.5710714285714287,2.54
2022-01-23,91.11,0.03,90.03,0.03,95.42,0.03,1.03,5.51,67.42,40.06,76.82,0.6,0.06392857142857143,0.41
2022-01-23,2998.99,0.31,2799.56,0.3,1452.37,0.24,1.35,30.88,109.64,54.53,72.94,2.4,0.0,3.28
2022-01-23,2363.68,0.27,1958.77,0.29,1134.39,0.27,1.07,76.46,443.33,47.51,74.86,4.9,0.0,6.82
2022-01-23,1516.1,0.07,2766.51,0.1,2707.3,0.11,0.94,10.59,281.98,40.18,77.2,2.85,0.042499999999999996,3.46
2022-01-23,4125.88,0.46,3964.85,0.51,2711.82,0.47,0.77,18.32,210.03,37.27,80.04,1.7,0.0,1.68
2022-01-23,4848.8,0.13,1771.51,0.07,422.0,0.03,1.4,12.06,244.89,42.87,70.76,0.38,1.34,3.03
2022-01-23,1019.21,0.12,667.28,0.09,499.48,0.1,1.64,31.73,158.95,37.71,65.7,4.83,6.8064285714285715,2.34
2022-01-23,2856.96,0.38,2665.78,0.39,2369.72,0.32,1.2,46.15,336.74,38.58,85.03,3.13,1.039642857142857,4.68
2022-01-23,4360.37,0.22,3836.53,0.18,2535.27,0.16,1.24,56.8,367.0,47.91,79.35,3.3,1.3210714285714287,3.68
2022-01-23,859.24,0.45,627.7,0.5,289.87,0.35,1.16,14.81,148.07,28.51,52.49,2.46,1.7892857142857141,4.98
2022-01-23,2989.3,0.36,2929.02,0.36,1734.22,0.31,1.29,31.0,212.23,56.48,68.92,1.69,0.0,1.87
2022-01-23,876.8,0.23,1081.27,0.23,833.81,0.34,0.91,22.39,272.76,71.81,83.38,1.25,0.7592857142857142,3.74
2022-01-24,1516.1,0.07,2766.51,0.09,2707.3,0.11,0.94,10.56,285.4,40.18,77.22,2.85,0.03642857142857143,3.46
2022-01-24,4848.8,0.14,1771.51,0.08,422.0,0.04,1.28,12.49,260.24,42.85,70.79,0.38,1.35,3.03
2022-01-24,3038.7,0.16,2430.34,0.17,1544.58,0.11,1.11,29.08,354.78,53.21,84.07,3.28,1.0325,5.85
2022-01-24,1019.21,0.13,667.28,0.08,499.48,0.1,1.62,31.92,174.1,37.71,65.73,4.83,6.550357142857143,2.34
2022-01-24,859.24,0.42,627.7,0.47,289.87,0.42,1.13,15.05,147.41,28.5,53.09,2.46,1.8560714285714286,4.98
2022-01-24,2363.68,0.27,1958.77,0.29,1134.39,0.28,1.03,77.08,445.99,47.5,74.93,4.9,0.0,6.82
2022-01-24,80.43,0.13,122.37,0.2,137.74,0.26,0.71,10.28,128.56,44.44,32.09,2.69,0.11,1.8
2022-01-24,876.8,0.23,1081.27,0.19,833.81,0.43,0.89,23.64,288.63,68.1,83.47,1.25,0.8235714285714286,3.74
2022-01-24,2998.99,0.32,2799.56,0.3,1452.37,0.26,1.34,29.34,117.36,54.53,72.99,2.4,0.0,3.28
2022-01-24,4360.37,0.24,3836.53,0.17,2535.27,0.17,1.22,57.7,380.1,47.89,79.38,3.3,1.3489285714285715,3.68
2022-01-24,91.11,0.03,90.03,0.03,95.42,0.03,1.05,5.42,61.26,40.06,76.82,0.6,0.061785714285714284,0.41
2022-01-24,3041.41,0.55,1742.53,0.42,729.0,0.38,1.54,73.59,267.0,47.97,59.34,3.85,5.1325,5.67
2022-01-24,2856.96,0.37,2665.78,0.4,2369.72,0.33,1.17,46.07,339.92,38.58,85.13,3.13,0.99,4.68
2022-01-24,2324.28,0.37,1749.13,0.28,944.82,0.2,1.36,33.97,199.3,33.84,77.55,1.61,2.4346428571428573,2.1
2022-01-24,2520.76,0.45,3210.42,0.35,1579.08,0.12,1.06,16.01,200.1,52.58,80.26,1.19,0.7557142857142856,3.6
2022-01-24,2989.3,0.37,2929.02,0.36,1734.22,0.32,1.28,30.55,214.52,56.48,68.96,1.69,0.0,1.87
2022-01-25,2989.3,0.38,2929.02,0.35,1734.22,0.34,1.27,28.26,206.62,56.48,68.99,1.69,0.0,1.87
2022-01-25,2324.28,0.39,1749.13,0.29,944.82,0.22,1.36,33.37,207.28,30.14,77.58,1.61,2.380714285714286,2.1
2022-01-25,2363.68,0.27,1958.77,0.29,1134.39,0.29,1.04,77.96,452.92,47.49,75.0,4.9,0.0,6.82
2022-01-25,3041.41,0.57,1742.53,0.44,729.0,0.4,1.53,72.65,271.25,47.96,59.36,3.85,5.156071428571429,5.67
2022-01-25,1294.8,0.31,1529.23,0.29,1576.19,0.28,1.01,11.01,122.55,30.57,77.22,3.51,3.679642857142857,3.59
2022-01-25,80.43,0.12,122.37,0.19,137.74,0.25,0.71,9.9,122.93,44.44,32.15,2.69,0.11464285714285714,1.8
2022-01-25,2998.99,0.34,2799.56,0.29,1452.37,0.27,1.32,23.16,111.18,54.53,73.07,2.4,0.0,3.28
2022-01-25,4360.37,0.25,3836.53,0.17,2535.27,0.18,1.21,57.23,391.16,47.86,79.42,3.3,1.3767857142857143,3.68
2022-01-25,4848.8,0.14,1771.51,0.09,422.0,0.05,1.24,15.45,274.42,42.84,70.82,0.38,1.3599999999999999,3.03
2022-01-25,859.24,0.41,627.7,0.54,289.87,0.38,1.1,15.71,148.4,28.5,53.38,2.46,1.922857142857143,4.98
2022-01-25,876.8,0.2,1081.27,0.27,833.81,0.26,0.86,24.11,289.8,64.39,83.5,1.25,0.8878571428571428,3.74
2022-01-25,1019.21,0.15,667.28,0.09,499.48,0.09,1.6,29.26,165.62,37.7,65.77,4.83,6.2942857142857145,2.34
2022-01-25,2856.96,0.36,2665.78,0.4,2369.72,0.35,1.14,46.89,347.59,38.58,85.23,3.13,0.9435714285714285,4.68
2022-01-25,1735.46,0.49,877.12,0.26,240.98,0.16,1.46,15.86,372.4,28.7,48.39,3.18,0.0,4.08
2022-01-25,1516.1,0.07,2766.51,0.09,2707.3,0.11,0.95,10.41,278.97,40.17,77.25,2.85,0.03035714285714286,3.46
2022-01-25,3038.7,0.16,2430.34,0.17,1544.58,0.12,1.09,29.05,358.47,53.19,84.17,3.28,1.0325,5.85
2022-01-25,2520.76,0.46,3210.42,0.36,1579.08,0.16,0.98,16.2,202.73,52.57,80.52,1.19,0.8310714285714286,3.6
2022-01-25,91.11,0.03,90.03,0.03,95.42,0.03,1.06,5.39,55.51,40.06,76.83,0.6,0.05964285714285714,0.41
2022-01-26,3038.7,0.16,2430.34,0.17,1544.58,0.14,1.06,28.59,358.89,53.16,84.26,3.28,1.0325,5.85
2022-01-26,2998.99,0.34,2799.56,0.29,1452.37,0.28,1.3,23.16,114.27,54.53,73.11,2.4,0.0,3.28
2022-01-26,4360.37,0.26,3836.53,0.18,2535.27,0.18,1.19,56.8,401.54,47.84,79.49,3.3,1.404642857142857,3.68
2022-01-26,4848.8,0.15,1771.51,0.1,422.0,0.05,1.25,15.13,281.62,42.82,70.84,0.38,1.3699999999999999,3.03
2022-01-26,2363.68,0.26,1958.77,0.28,1134.39,0.29,1.02,78.21,456.7,45.7,75.08,4.9,0.0,6.82
2022-01-26,130.56,0.19,35.2,0.1,3.45,0.02,2.08,5.53,88.21,47.22,81.81,0.01,0.34500000000000003,0.08
2022-01-26,3041.41,0.59,1742.53,0.46,729.0,0.4,1.52,72.65,267.0,47.96,59.38,3.85,5.179642857142857,5.67
2022-01-26,859.24,0.39,627.7,0.55,289.87,0.4,1.07,16.85,149.62,28.49,53.64,2.46,1.9896428571428573,4.98
2022-01-26,91.11,0.03,90.03,0.03,95.42,0.03,1.08,4.77,52.8,40.06,76.83,0.6,0.0575,0.41
2022-01-26,1294.8,0.32,1529.23,0.29,1576.19,0.29,1.0,11.55,128.68,30.57,77.27,3.51,3.6410714285714287,3.59
2022-01-26,2989.3,0.39,2929.02,0.35,1734.22,0.35,1.27,28.03,203.42,56.48,69.06,1.69,0.0,1.87
2022-01-26,80.43,0.1,122.37,0.18,137.74,0.24,0.71,9.93,120.2,44.44,32.21,2.69,0.1192857142857143,1.8
2022-01-26,1516.1,0.07,2766.51,0.09,2707.3,0.11,0.96,10.0,271.48,40.17,77.28,2.85,0.02428571428571429,3.46
2022-01-26,2324.28,0.41,1749.13,0.3,944.82,0.24,1.34,33.29,220.49,30.14,77.8,1.61,2.3267857142857147,2.1
2022-01-26,2520.76,0.41,3210.42,0.4,1579.08,0.2,0.91,15.93,201.59,52.56,80.79,1.19,0.9064285714285714,3.6
2022-01-26,1019.21,0.16,667.28,0.09,499.48,0.09,1.58,28.11,160.57,37.7,65.81,4.83,6.038214285714285,2.34
2022-01-26,1735.46,0.44,877.12,0.35,240.98,0.2,1.39,16.3,381.14,28.7,48.41,3.18,0.0,4.08
2022-01-26,2856.96,0.36,2665.78,0.4,2369.72,0.36,1.13,46.34,347.55,38.57,85.54,3.13,0.8971428571428571,4.68
2022-01-26,876.8,0.21,1081.27,0.26,833.81,0.25,0.84,24.76,290.79,71.8,83.57,1.25,0.9521428571428572,3.74
2022-01-27,876.8,0.21,1081.27,0.25,833.81,0.25,0.82,25.1,293.88,71.8,83.59,1.25,1.0164285714285715,3.74
2022-01-27,2856.96,0.36,2665.78,0.39,2369.72,0.37,1.11,46.3,345.7,38.57,85.68,3.13,0.8507142857142858,4.68
2022-01-27,3041.41,0.61,1742.53,0.48,729.0,0.4,1.5,68.87,273.6,47.95,59.4,3.85,5.203214285714286,5.67
2022-01-27,1516.1,0.07,2766.51,0.09,2707.3,0.1,0.98,9.84,264.02,38.19,77.3,2.85,0.018214285714285714,3.46
2022-01-27,80.43,0.11,122.37,0.17,137.74,0.23,0.74,9.88,117.86,44.44,32.27,2.69,0.12392857142857143,1.8
2022-01-27,2363.68,0.26,1958.77,0.28,1134.39,0.29,0.98,77.69,452.05,45.69,75.15,4.9,0.0,6.82
2022-01-27,3038.7,0.17,2430.34,0.17,1544.58,0.15,1.04,28.76,361.75,53.14,84.35,3.28,1.0325,5.85
2022-01-27,859.24,0.54,627.7,0.46,289.87,0.42,1.05,16.52,146.68,28.49,53.81,2.46,2.0564285714285715,4.98
2022-01-27,2324.28,0.43,1749.13,0.32,944.82,0.25,1.33,31.49,234.39,30.13,77.83,1.61,2.2728571428571427,2.1
2022-01-27,2998.99,0.34,2799.56,0.3,1452.37,0.29,1.29,20.07,106.55,54.53,73.17,2.4,0.0,3.28
2022-01-27,4360.37,0.27,3836.53,0.19,2535.27,0.18,1.17,56.66,411.88,47.82,79.52,3.3,1.4324999999999999,3.68
2022-01-27,2520.76,0.38,3210.42,0.44,1579.08,0.23,0.87,16.2,196.62,52.56,81.06,1.19,0.9817857142857144,3.6
2022-01-27,2989.3,0.39,2929.02,0.35,1734.22,0.36,1.26,27.46,203.19,56.48,69.09,1.69,0.0,1.87
2022-01-27,91.11,0.03,90.03,0.03,95.42,0.03,1.11,4.71,52.21,40.05,76.84,0.6,0.05535714285714286,0.41
2022-01-27,1019.21,0.17,667.28,0.1,499.48,0.09,1.56,25.92,158.38,37.69,65.84,4.83,5.782142857142857,2.34
2022-01-27,2404.28,0.02,2760.09,0.03,1891.81,0.04,0.93,41.29,272.32,46.1,73.27,1.72,1.4785714285714284,4.18
2022-01-27,4848.8,0.16,1771.51,0.11,422.0,0.06,1.26,17.04,298.76,42.81,70.86,0.38,1.3864285714285713,3.03
2022-01-27,1294.8,0.32,1529.23,0.3,1576.19,0.3,0.98,11.73,127.78,30.57,77.3,3.51,3.6025,3.59
2022-01-28,2998.99,0.35,2799.56,0.31,1452.37,0.29,1.27,18.53,109.64,54.53,73.23,2.4,0.0,3.28
2022-01-28,1019.21,0.17,667.28,0.11,499.48,0.09,1.53,24.87,156.09,37.69,65.88,4.83,5.526071428571428,2.34
2022-01-28,859.24,0.54,627.7,0.46,289.87,0.43,1.01,16.03,144.39,28.48,54.0,2.46,2.1232142857142855,4.98
2022-01-28,2989.3,0.4,2929.02,0.35,1734.22,0.36,1.26,25.86,207.77,56.48,69.13,1.69,0.0,1.87
2022-01-28,2520.76,0.37,3210.42,0.43,1579.08,0.27,0.84,15.93,195.13,52.55,81.31,1.19,1.0571428571428572,3.6
2022-01-28,1595.98,0.03,742.95,0.02,314.01,0.02,1.51,22.15,123.27,54.68,76.11,1.4,2.1525,1.12
2022-01-28,3746.34,0.16,3072.46,0.11,3042.55,0.11,1.28,7.48,138.21,33.96,80.41,2.4,2.483214285714286,2.71
2022-01-28,3620.52,0.16,3238.06,0.14,2050.89,0.12,1.23,15.77,199.01,35.19,94.01,1.82,1.6299999999999997,3.85
2022-01-28,4848.8,0.17,1771.51,0.11,422.0,0.06,1.26,19.05,303.21,42.8,70.87,0.38,1.4028571428571428,3.03
2022-01-28,1516.1,0.07,2766.51,0.08,2707.3,0.1,0.99,9.48,257.61,38.18,77.33,2.85,0.012142857142857141,3.46
2022-01-28,3038.7,0.16,2430.34,0.17,1544.58,0.16,1.02,28.91,358.96,53.12,84.45,3.28,1.0325,5.85
2022-01-28,2324.28,0.44,1749.13,0.33,944.82,0.26,1.31,31.23,244.6,30.13,77.88,1.61,2.218928571428571,2.1
2022-01-28,4360.37,0.28,3836.53,0.2,2535.27,0.18,1.15,55.92,419.64,47.79,79.56,3.3,1.458214285714286,3.68
2022-01-28,2009.76,0.44,1610.86,0.35,873.87,0.35,1.44,11.84,32.0,50.22,70.94,0.68,0.0,0.5
2022-01-28,2363.68,0.26,1958.77,0.28,1134.39,0.29,0.95,76.92,444.08,45.68,75.23,4.9,0.0,6.82
2022-01-28,3041.41,0.63,1742.53,0.5,729.0,0.4,1.48,67.46,282.57,47.94,59.41,3.85,5.2267857142857155,5.67
2022-01-28,91.11,0.03,90.03,0.03,95.42,0.03,1.13,4.39,58.66,40.05,76.84,0.6,0.05321428571428571,0.41
2022-01-28,876.8,0.19,1081.27,0.24,833.81,0.24,0.81,24.96,293.62,71.79,83.62,1.25,1.0807142857142857,3.74
2022-01-28,80.43,0.1,122.37,0.15,137.74,0.22,0.74,9.72,113.57,44.44,32.33,2.69,0.1285714285714286,1.8
2022-01-29,2324.28,0.45,1749.13,0.34,944.82,0.27,1.28,30.8,249.57,30.13,78.14,1.61,2.165,2.1
2022-01-29,2989.3,0.41,2929.02,0.36,1734.22,0.36,1.25,26.09,212.69,50.93,69.17,1.69,0.0,1.87
2022-01-29,4848.8,0.18,1771.51,0.12,422.0,0.07,1.25,21.38,305.43,42.79,70.87,0.38,1.4192857142857143,3.03
2022-01-29,80.43,0.1,122.37,0.14,137.74,0.21,0.75,9.6,111.18,44.44,32.35,2.69,0.1332142857142857,1.8
2022-01-29,91.11,0.03,90.03,0.03,95.42,0.03,1.15,4.16,58.25,40.05,76.85,0.6,0.051071428571428566,0.41
2022-01-29,1516.1,0.07,2766.51,0.08,2707.3,0.1,1.0,9.26,248.04,38.17,77.36,2.85,0.006071428571428572,3.46
2022-01-29,1019.21,0.18,667.28,0.12,499.48,0.09,1.5,26.2,146.75,37.68,65.89,4.83,5.2700000000000005,2.34
2022-01-29,2363.68,0.26,1958.77,0.27,1134.39,0.29,0.92,75.91,430.6,45.68,75.28,4.9,0.0,6.82
2022-01-29,2404.28,0.02,2760.09,0.03,1891.81,0.04,0.93,34.6,267.86,46.09,73.38,1.72,1.555,4.18
2022-01-29,3041.41,0.66,1742.53,0.52,729.0,0.4,1.47,64.16,283.51,47.94,59.42,3.85,5.250357142857143,5.67
2022-01-29,4360.37,0.28,3836.53,0.21,2535.27,0.18,1.13,55.24,420.5,47.77,79.61,3.3,1.4839285714285713,3.68
2022-01-29,3038.7,0.17,2430.34,0.16,1544.58,0.17,1.0,28.39,357.7,52.52,84.57,3.28,1.0325,5.85
2022-01-29,2998.99,0.36,2799.56,0.31,1452.37,0.29,1.25,21.62,112.72,54.53,73.27,2.4,0.0,3.28
2022-01-29,859.24,0.56,627.7,0.34,289.87,0.56,0.98,16.77,145.04,28.48,54.03,2.46,2.19,4.98
2022-01-29,2520.76,0.35,3210.42,0.45,1579.08,0.31,0.83,14.67,192.38,55.32,81.46,1.19,1.1324999999999998,3.6
2022-01-29,876.8,0.2,1081.27,0.24,833.81,0.23,0.8,25.02,286.86,71.78,83.66,1.25,1.145,3.74
2022-01-30,2263.3,0.47,1735.46,0.4,877.12,0.3,1.25,16.74,413.44,28.7,48.45,3.26,0.0,5.76
2022-01-30,1575.81,0.31,4125.88,0.46,3964.85,0.51,0.61,17.92,181.36,17.59,80.53,2.49,0.0,2.18
2022-01-30,1897.2,0.35,2520.76,0.45,3210.42,0.33,0.82,15.05,197.61,55.32,81.57,2.4,1.2475,3.65
2022-01-30,2531.04,0.35,2856.96,0.38,2665.78,0.39,1.03,47.35,361.93,38.57,85.8,4.14,0.7114285714285715,5.28
2022-01-30,998.69,0.14,435.73,0.07,479.04,0.08,1.6,45.36,227.88,46.65,45.73,8.82,2.8839285714285716,4.54
2022-01-30,3371.05,0.37,2169.58,0.27,1560.85,0.24,1.53,9.57,153.28,37.66,72.7,2.08,0.0,4.03
2022-01-30,7763.93,0.19,4848.8,0.13,1771.51,0.07,1.26,22.33,340.88,42.78,70.88,1.16,1.4357142857142855,5.27
2022-01-30,2109.34,0.25,2363.68,0.27,1958.77,0.29,0.89,75.46,427.91,45.67,75.31,6.02,0.0,7.7
2022-01-30,2885.41,0.3,1632.06,0.23,607.58,0.17,1.41,12.82,245.09,45.44,64.26,2.96,1.8060714285714285,2.64
2022-01-30,5371.9,0.28,4360.37,0.22,3836.53,0.18,1.11,55.45,425.26,47.77,79.62,3.33,1.5096428571428573,4.3
2022-01-30,4107.83,0.46,2324.28,0.35,1749.13,0.27,1.26,30.97,260.73,30.13,78.19,1.84,2.1285714285714286,2.58
2022-01-30,101.28,0.03,91.11,0.03,90.03,0.03,1.17,4.21,58.22,40.05,76.85,0.47,0.048928571428571425,0.3
2022-01-30,1530.07,0.07,1516.1,0.07,2766.51,0.1,1.02,8.93,247.69,38.16,77.38,3.45,0.0,3.1
2022-01-30,4979.53,0.67,3041.41,0.53,1742.53,0.41,1.47,64.16,286.81,47.94,59.42,3.44,5.273928571428572,8.04
2022-01-30,2951.45,0.16,3038.7,0.17,2430.34,0.17,0.98,28.54,360.99,52.51,84.64,4.73,0.9710714285714285,6.27
2022-01-30,937.05,0.4,859.24,0.45,627.7,0.5,0.95,15.79,142.75,28.48,54.05,3.09,2.3164285714285713,3.0
2022-01-30,2330.51,0.18,1019.21,0.12,667.28,0.09,1.47,25.73,153.99,37.68,65.89,3.2,5.101785714285714,2.1
2022-01-30,631.5,0.18,876.8,0.23,1081.27,0.23,0.79,25.17,288.08,71.78,83.7,2.29,1.2642857142857142,4.11
2022-01-30,3800.18,0.41,2989.3,0.36,2929.02,0.36,1.24,26.31,217.84,50.93,69.19,1.56,0.0,1.51
2022-01-31,52.2,0.1,80.43,0.13,122.37,0.2,0.78,8.92,106.64,44.44,32.41,2.08,0.14250000000000002,1.93
2022-01-31,2531.04,0.35,2856.96,0.37,2665.78,0.4,1.01,46.28,358.69,38.56,85.84,4.14,0.665,5.28
2022-01-31,2109.34,0.25,2363.68,0.27,1958.77,0.29,0.86,75.56,427.92,45.66,75.37,6.02,0.0,7.7
2022-01-31,1530.07,0.07,1516.1,0.07,2766.51,0.09,1.03,8.86,251.72,38.16,77.4,3.45,0.0,3.1
2022-01-31,4979.53,0.69,3041.41,0.55,1742.53,0.42,1.43,63.68,292.0,47.94,59.42,3.44,5.2975,8.04
2022-01-31,1692.45,0.02,2404.28,0.03,2760.09,0.03,0.94,37.95,246.65,46.06,73.42,2.25,1.7771428571428571,2.58
2022-01-31,2951.45,0.16,3038.7,0.16,2430.34,0.17,0.96,28.54,364.97,52.48,84.7,4.73,0.9096428571428571,6.27
2022-01-31,5371.9,0.29,4360.37,0.24,3836.53,0.17,1.08,55.68,438.68,44.9,79.64,3.33,1.5353571428571429,4.3
2022-01-31,3800.18,0.41,2989.3,0.37,2929.02,0.36,1.23,25.06,225.73,50.93,69.21,1.56,0.0,1.51
2022-01-31,101.28,0.03,91.11,0.03,90.03,0.03,1.19,4.3,57.16,40.05,76.86,0.47,0.046785714285714285,0.3
2022-01-31,937.05,0.48,859.24,0.42,627.7,0.47,0.93,16.03,143.65,28.47,54.17,3.09,2.442857142857143,3.0
2022-01-31,4026.27,0.36,2998.99,0.32,2799.56,0.3,1.21,16.99,108.09,54.53,73.3,1.53,0.0,3.94
2022-01-31,7763.93,0.2,4848.8,0.14,1771.51,0.08,1.3,23.5,350.83,42.77,70.89,1.16,1.4521428571428572,5.27
2022-01-31,1897.2,0.35,2520.76,0.45,3210.42,0.35,0.81,15.09,205.9,55.31,81.8,2.4,1.3625,3.65
2022-01-31,2330.51,0.19,1019.21,0.13,667.28,0.08,1.45,25.63,182.39,37.68,65.92,3.2,4.933571428571429,2.1
2022-01-31,631.5,0.17,876.8,0.23,1081.27,0.19,0.79,26.0,298.77,71.77,83.76,2.29,1.3835714285714287,4.11
2022-01-31,4107.83,0.46,2324.28,0.37,1749.13,0.28,1.24,31.83,283.03,30.13,78.22,1.84,2.0921428571428575,2.58
2022-02-01,631.5,0.2,876.8,0.2,1081.27,0.27,0.79,25.93,294.24,71.76,83.83,2.29,1.5028571428571431,4.11
2022-02-01,3800.18,0.41,2989.3,0.38,2929.02,0.35,1.21,24.6,226.88,50.93,69.23,1.56,0.0,1.51
2022-02-01,2951.45,0.16,3038.7,0.16,2430.34,0.17,0.93,28.64,368.04,52.45,84.77,4.73,0.8482142857142857,6.27
2022-02-01,7763.93,0.21,4848.8,0.14,1771.51,0.09,1.24,24.98,360.36,42.76,70.9,1.16,1.4685714285714284,5.27
2022-02-01,1162.06,0.32,1294.8,0.31,1529.23,0.29,0.85,8.66,126.7,34.77,77.45,3.05,3.3060714285714283,3.13
2022-02-01,2330.51,0.19,1019.21,0.15,667.28,0.09,1.44,25.92,185.54,37.67,65.94,3.2,4.765357142857143,2.1
2022-02-01,2531.04,0.35,2856.96,0.36,2665.78,0.4,0.99,45.25,349.44,38.56,85.89,4.14,0.6317857142857142,5.28
2022-02-01,5371.9,0.29,4360.37,0.25,3836.53,0.17,1.06,55.17,445.18,44.87,79.67,3.33,1.5610714285714289,4.3
2022-02-01,4979.53,0.71,3041.41,0.57,1742.53,0.44,1.4,61.32,298.14,47.93,59.44,3.44,5.320714285714286,8.04
2022-02-01,1897.2,0.34,2520.76,0.46,3210.42,0.36,0.81,14.21,199.68,55.3,82.03,2.4,1.4775000000000003,3.65
2022-02-01,2109.34,0.24,2363.68,0.27,1958.77,0.29,0.82,74.82,423.59,45.65,75.43,6.02,0.0,7.7
2022-02-01,1530.07,0.07,1516.1,0.07,2766.51,0.09,1.06,8.52,242.89,38.15,77.42,3.45,0.0,3.1
2022-02-01,937.05,0.48,859.24,0.41,627.7,0.54,0.9,15.54,138.25,28.47,54.38,3.09,2.5692857142857144,3.0
2022-02-01,4026.27,0.37,2998.99,0.34,2799.56,0.29,1.18,18.53,108.09,54.53,73.35,1.53,0.0,3.94
2022-02-01,101.28,0.03,91.11,0.03,90.03,0.03,1.21,3.86,55.92,40.04,76.86,0.47,0.044642857142857144,0.3
2022-02-01,4107.83,0.46,2324.28,0.39,1749.13,0.29,1.21,31.4,294.96,30.13,78.24,1.84,2.0557142857142856,2.58
2022-02-02,101.28,0.03,91.11,0.03,90.03,0.03,1.24,3.8,56.63,40.04,76.87,0.47,0.042499999999999996,0.3
2022-02-02,2330.51,0.21,1019.21,0.16,667.28,0.09,1.42,24.68,194.4,37.67,65.96,3.2,4.597142857142857,2.1
2022-02-02,2109.34,0.23,2363.68,0.26,1958.77,0.28,0.8,74.12,418.8,45.64,75.49,6.02,0.0,7.7
2022-02-02,4107.83,0.46,2324.28,0.41,1749.13,0.3,1.18,30.28,307.4,30.12,78.39,1.84,2.019285714285714,2.58
2022-02-02,52.2,0.12,80.43,0.1,122.37,0.18,0.8,8.35,104.92,44.44,32.54,2.08,0.1675,1.93
2022-02-02,1897.2,0.34,2520.76,0.41,3210.42,0.4,0.81,14.59,194.44,55.3,82.1,2.4,1.5924999999999998,3.65
2022-02-02,4979.53,0.73,3041.41,0.59,1742.53,0.46,1.37,58.97,309.46,47.92,59.45,3.44,5.343928571428571,8.04
2022-02-02,631.5,0.18,876.8,0.21,1081.27,0.26,0.78,25.3,290.45,71.75,83.87,2.29,1.622142857142857,4.11
2022-02-02,3800.18,0.41,2989.3,0.39,2929.02,0.35,1.19,24.6,227.56,50.93,69.27,1.56,0.0,1.51
2022-02-02,2951.45,0.16,3038.7,0.16,2430.34,0.17,0.9,28.2,366.99,52.42,84.84,4.73,0.7867857142857143,6.27
2022-02-02,5371.9,0.3,4360.37,0.26,3836.53,0.18,1.03,54.74,451.6,44.83,79.71,3.33,1.5867857142857142,4.3
2022-02-02,1692.45,0.02,2404.28,0.02,2760.09,0.03,0.97,42.41,250.0,43.25,73.5,2.25,1.999285714285714,2.58
2022-02-02,1162.06,0.32,1294.8,0.32,1529.23,0.29,0.85,8.84,121.82,34.77,77.48,3.05,3.246785714285714,3.13
2022-02-02,7763.93,0.22,4848.8,0.15,1771.51,0.1,1.17,25.72,357.08,42.75,70.91,1.16,1.4849999999999999,5.27
2022-02-02,937.05,0.47,859.24,0.39,627.7,0.55,0.87,15.22,134.73,28.46,54.52,3.09,2.6957142857142857,3.0
2022-02-02,2531.04,0.34,2856.96,0.36,2665.78,0.4,0.96,44.11,345.97,38.56,85.93,4.14,0.5985714285714285,5.28
2022-02-02,4026.27,0.38,2998.99,0.34,2799.56,0.29,1.15,20.07,108.09,54.53,73.38,1.53,0.0,3.94
2022-02-02,1530.07,0.07,1516.1,0.07,2766.51,0.09,1.09,8.31,241.85,38.15,77.44,3.45,0.0,3.1
2022-02-02,331.22,0.26,130.56,0.19,35.2,0.1,1.62,9.08,139.32,47.22,81.88,0.03,0.34500000000000003,0.3
2022-02-03,1162.06,0.32,1294.8,0.32,1529.23,0.3,0.86,9.2,121.82,34.76,77.5,3.05,3.1875,3.13
2022-02-03,2951.45,0.16,3038.7,0.17,2430.34,0.17,0.87,27.86,364.14,52.39,84.91,4.73,0.7253571428571428,6.27
2022-02-03,937.05,0.37,859.24,0.54,627.7,0.46,0.85,15.22,126.88,28.45,54.64,3.09,2.822142857142857,3.0
2022-02-03,101.28,0.04,91.11,0.03,90.03,0.03,1.26,3.65,58.99,40.04,76.87,0.47,0.04,0.3
2022-02-03,631.5,0.2,876.8,0.21,1081.27,0.25,0.78,25.25,286.42,71.74,83.91,2.29,1.7414285714285713,4.11
2022-02-03,1530.07,0.07,1516.1,0.07,2766.51,0.09,1.12,8.13,236.75,36.83,77.47,3.45,0.0,3.1
2022-02-03,4026.27,0.38,2998.99,0.34,2799.56,0.3,1.12,15.44,109.64,54.53,73.43,1.53,0.0,3.94
2022-02-03,7763.93,0.22,4848.8,0.16,1771.51,0.11,1.12,29.21,354.85,45.13,70.91,1.16,1.5032142857142858,5.27
2022-02-03,1897.2,0.35,2520.76,0.38,3210.42,0.44,0.81,14.94,191.81,55.29,82.3,2.4,1.7074999999999998,3.65
2022-02-03,4979.53,0.74,3041.41,0.61,1742.53,0.48,1.33,58.5,322.67,47.91,59.46,3.44,5.367142857142858,8.04
2022-02-03,1692.45,0.02,2404.28,0.02,2760.09,0.03,0.99,42.41,252.23,43.25,73.53,2.25,2.1103571428571426,2.58
2022-02-03,4107.83,0.46,2324.28,0.43,1749.13,0.32,1.15,30.8,317.01,30.12,78.42,1.84,1.9828571428571429,2.58
2022-02-03,2330.51,0.22,1019.21,0.17,667.28,0.1,1.41,25.92,210.12,37.66,65.98,3.2,4.428928571428571,2.1
2022-02-03,2109.34,0.22,2363.68,0.26,1958.77,0.28,0.77,72.33,406.46,45.63,75.55,6.02,0.0,7.7
2022-02-03,2263.3,0.49,1735.46,0.44,877.12,0.37,1.21,20.66,480.39,36.11,48.49,3.26,0.3632142857142857,5.76
2022-02-03,52.2,0.1,80.43,0.11,122.37,0.17,0.81,7.86,97.94,44.44,32.6,2.08,0.18,1.93
2022-02-03,3800.18,0.4,2989.3,0.39,2929.02,0.35,1.17,24.03,221.16,50.93,69.29,1.56,0.0,1.51
2022-02-03,5371.9,0.3,4360.37,0.27,3836.53,0.19,1.0,54.47,456.87,44.81,79.73,3.33,1.6125,4.3
2022-02-03,2531.04,0.34,2856.96,0.36,2665.78,0.39,0.94,43.15,340.19,38.56,85.97,4.14,0.5653571428571428,5.28
2022-02-04,5371.9,0.3,4360.37,0.28,3836.53,0.2,0.97,53.91,461.14,44.77,79.76,3.33,1.6289285714285715,4.3
2022-02-04,1897.2,0.41,2520.76,0.37,3210.42,0.43,0.82,15.05,189.21,55.28,82.5,2.4,1.8225,3.65
2022-02-04,5037.85,0.19,3620.52,0.16,3238.06,0.14,1.1,14.8,225.88,35.19,94.12,2.81,1.7814285714285714,4.0
2022-02-04,2330.51,0.23,1019.21,0.17,667.28,0.11,1.37,26.49,227.46,37.65,66.01,3.2,4.260714285714285,2.1
2022-02-04,4026.27,0.38,2998.99,0.35,2799.56,0.31,1.09,12.35,117.36,54.53,73.47,1.53,0.0,3.94
2022-02-04,6069.13,0.22,3746.34,0.16,3072.46,0.11,1.17,5.61,164.39,33.91,80.45,2.74,2.4332142857142856,2.93
2022-02-04,3382.5,0.52,2009.76,0.44,1610.86,0.35,1.34,8.54,36.78,50.21,71.18,0.47,0.0,0.42
2022-02-04,1530.07,0.07,1516.1,0.07,2766.51,0.08,1.15,7.92,233.44,36.82,77.49,3.45,0.0,3.1
2022-02-04,3800.18,0.4,2989.3,0.4,2929.02,0.35,1.15,23.45,216.69,50.93,69.31,1.56,0.0,1.51
2022-02-04,4979.53,0.74,3041.41,0.63,1742.53,0.5,1.31,61.32,326.91,47.9,59.48,3.44,5.390357142857143,8.04
2022-02-04,2500.05,0.04,1595.98,0.03,742.95,0.02,1.33,19.69,156.16,55.69,76.33,1.14,1.5939285714285714,1.67
2022-02-04,52.2,0.1,80.43,0.1,122.37,0.15,0.82,7.86,97.94,44.44,32.66,2.08,0.19249999999999998,1.93
2022-02-04,2109.34,0.21,2363.68,0.26,1958.77,0.28,0.75,71.01,394.09,45.62,75.62,6.02,0.0,7.7
2022-02-04,631.5,0.2,876.8,0.19,1081.27,0.24,0.77,25.64,284.18,71.73,83.95,2.29,1.8607142857142858,4.11
2022-02-04,7763.93,0.23,4848.8,0.17,1771.51,0.11,1.07,29.63,351.15,45.13,70.92,1.16,1.5214285714285716,5.27
2022-02-04,1162.06,0.32,1294.8,0.32,1529.23,0.3,0.89,9.57,114.24,34.76,77.52,3.05,3.0832142857142855,3.13
2022-02-04,101.28,0.04,91.11,0.03,90.03,0.03,1.27,3.74,54.33,40.04,76.88,0.47,0.0375,0.3
2022-02-04,937.05,0.31,859.24,0.54,627.7,0.46,0.82,14.48,123.04,28.45,54.76,3.09,2.948571428571429,3.0
2022-02-04,4107.83,0.46,2324.28,0.44,1749.13,0.33,1.12,31.49,328.07,30.12,78.44,1.84,1.9464285714285714,2.58
2022-02-04,2951.45,0.15,3038.7,0.16,2430.34,0.17,0.85,27.61,362.92,52.36,84.98,4.73,0.6639285714285714,6.27
2022-02-05,631.5,0.19,876.8,0.2,1081.27,0.24,0.77,24.91,272.17,71.73,83.98,2.29,1.9800000000000002,4.11
2022-02-05,5371.9,0.31,4360.37,0.28,3836.53,0.21,0.95,53.59,461.3,44.74,79.79,3.33,1.645357142857143,4.3
2022-02-05,4979.53,0.75,3041.41,0.66,1742.53,0.52,1.27,59.91,329.27,47.9,59.48,3.44,5.413571428571429,8.04
2022-02-05,1162.06,0.33,1294.8,0.32,1529.23,0.3,0.92,9.57,114.24,34.76,77.55,3.05,2.9789285714285714,3.13
2022-02-05,101.28,0.04,91.11,0.03,90.03,0.03,1.29,3.51,59.99,40.04,76.88,0.47,0.034999999999999996,0.3
2022-02-05,1530.07,0.07,1516.1,0.07,2766.51,0.08,1.18,7.81,220.49,36.82,77.52,3.45,0.0,3.1
2022-02-05,1897.2,0.39,2520.76,0.35,3210.42,0.45,0.8,14.02,182.98,55.28,82.63,2.4,1.9375,3.65
2022-02-05,2109.34,0.21,2363.68,0.26,1958.77,0.27,0.73,69.27,375.54,45.61,75.65,6.02,0.0,7.7
2022-02-05,937.05,0.36,859.24,0.56,627.7,0.34,0.8,14.15,123.04,28.44,54.82,3.09,3.0749999999999997,3.0
2022-02-05,2951.45,0.15,3038.7,0.17,2430.34,0.16,0.83,26.9,359.5,52.33,85.06,4.73,0.6024999999999999,6.27
2022-02-05,4107.83,0.46,2324.28,0.45,1749.13,0.34,1.08,32.26,321.38,30.1,78.59,1.84,1.9100000000000001,2.58
2022-02-05,2330.51,0.22,1019.21,0.18,667.28,0.12,1.33,26.3,210.79,37.65,66.02,3.2,4.0925,2.1
2022-02-05,3800.18,0.4,2989.3,0.41,2929.02,0.36,1.13,23.45,220.81,50.93,69.33,1.56,0.0,1.51
2022-02-05,4026.27,0.38,2998.99,0.36,2799.56,0.31,1.06,12.35,114.27,54.53,73.5,1.53,0.0,3.94
2022-02-05,7763.93,0.23,4848.8,0.18,1771.51,0.12,1.03,31.01,347.87,45.12,70.92,1.16,1.5396428571428573,5.27
2022-02-06,1868.96,0.33,2531.04,0.35,2856.96,0.38,0.86,43.76,341.18,38.56,86.02,4.68,0.46571428571428575,5.1
2022-02-06,1161.44,0.33,1162.06,0.32,1294.8,0.31,0.96,9.57,114.24,34.75,77.57,3.59,2.874642857142857,3.36
2022-02-06,4042.38,0.4,3800.18,0.41,2989.3,0.36,1.11,22.65,225.16,50.93,69.33,1.87,0.0,1.71
2022-02-06,7444.99,0.24,7763.93,0.19,4848.8,0.13,0.99,33.97,383.64,45.12,70.93,3.03,1.5578571428571428,6.81
2022-02-06,438.61,0.41,937.05,0.4,859.24,0.45,0.78,12.92,114.77,28.44,54.84,4.98,3.118928571428572,3.29
2022-02-06,1495.13,0.07,1530.07,0.07,1516.1,0.07,1.22,7.7,224.61,36.82,77.54,3.46,0.0,2.77
2022-02-06,4347.32,0.47,2885.41,0.3,1632.06,0.23,1.3,13.57,257.15,45.41,64.41,2.54,1.935,3.39
2022-02-06,2492.45,0.14,2951.45,0.16,3038.7,0.17,0.81,26.98,359.26,52.31,85.13,5.85,0.5628571428571428,6.3
2022-02-06,1460.23,0.42,1897.2,0.35,2520.76,0.45,0.78,14.17,188.98,46.82,82.7,3.6,2.0478571428571426,3.17
2022-02-06,50.85,0.1,52.2,0.1,80.43,0.14,0.84,7.86,97.94,44.44,32.69,1.8,0.2175,2.09
2022-02-06,6674.45,0.75,4979.53,0.67,3041.41,0.53,1.23,62.74,335.4,47.9,59.48,5.67,5.436785714285714,11.68
2022-02-06,3828.26,0.53,3371.05,0.37,2169.58,0.27,1.2,11.09,190.91,37.62,72.84,3.36,0.0,4.78
2022-02-06,3743.16,0.23,2330.51,0.18,1019.21,0.12,1.28,28.49,226.8,37.65,66.02,2.34,3.9532142857142856,3.87
2022-02-06,136.04,0.04,101.28,0.03,91.11,0.03,1.31,3.54,60.99,40.04,76.88,0.41,0.0325,0.28
2022-02-06,456.32,0.19,631.5,0.18,876.8,0.23,0.76,24.91,272.74,71.72,84.01,3.74,2.1039285714285714,3.61
2022-02-06,5177.06,0.31,5371.9,0.28,4360.37,0.22,0.93,53.69,465.04,44.73,79.8,3.68,1.6617857142857144,4.44
2022-02-06,2451.74,0.5,2263.3,0.47,1735.46,0.4,1.1,21.98,514.15,36.11,48.51,4.08,0.7264285714285714,8.73
2022-02-06,2151.45,0.23,998.69,0.14,435.73,0.07,1.57,43.94,258.71,44.58,45.81,8.95,3.4814285714285718,3.68
2022-02-06,4127.34,0.45,4107.83,0.46,2324.28,0.35,1.05,33.2,329.36,30.1,78.61,2.1,1.9275,3.52
2022-02-06,981.18,0.29,1575.81,0.31,4125.88,0.46,0.76,14.53,147.12,17.59,80.69,1.68,0.0,2.46
2022-02-06,1584.98,0.2,2109.34,0.25,2363.68,0.27,0.7,68.57,371.92,45.61,75.67,6.82,0.0,7.8
2022-02-07,7444.99,0.25,7763.93,0.2,4848.8,0.14,0.94,33.55,393.06,45.11,70.93,3.03,1.5760714285714283,6.81
2022-02-07,6674.45,0.75,4979.53,0.69,3041.41,0.55,1.18,64.63,363.23,47.9,59.49,5.67,5.46,11.68
2022-02-07,3743.16,0.23,2330.51,0.19,1019.21,0.13,1.24,29.92,273.01,37.48,66.03,2.34,3.813928571428572,3.87
2022-02-07,1868.96,0.32,2531.04,0.35,2856.96,0.37,0.83,42.77,332.73,38.56,86.04,4.68,0.4325,5.1
2022-02-07,1584.98,0.2,2109.34,0.25,2363.68,0.27,0.66,67.72,366.71,45.6,75.72,6.82,0.0,7.8
2022-02-07,3871.02,0.38,4026.27,0.36,2998.99,0.32,1.01,13.9,125.08,54.53,73.52,3.28,0.0,4.81
2022-02-07,4042.38,0.4,3800.18,0.41,2989.3,0.37,1.09,23.57,230.99,50.93,69.35,1.87,0.0,1.71
2022-02-07,438.61,0.31,937.05,0.48,859.24,0.42,0.76,12.76,111.09,28.44,55.03,4.98,3.162857142857143,3.29
2022-02-07,4127.34,0.45,4107.83,0.46,2324.28,0.37,1.02,34.83,350.12,30.1,78.62,2.1,1.945,3.52
2022-02-07,2492.45,0.14,2951.45,0.16,3038.7,0.16,0.79,26.83,364.12,52.27,85.19,5.85,0.5232142857142857,6.3
2022-02-07,1821.96,0.02,1692.45,0.02,2404.28,0.03,1.04,39.06,227.68,43.2,73.65,4.18,2.4325,1.4
2022-02-07,2451.74,0.5,2263.3,0.47,1735.46,0.41,1.06,21.39,538.6,36.11,48.52,4.08,0.8475,8.73
2022-02-07,5177.06,0.31,5371.9,0.29,4360.37,0.24,0.9,54.56,477.4,44.71,79.81,3.68,1.6782142857142859,4.44
2022-02-07,1161.44,0.33,1162.06,0.32,1294.8,0.31,1.01,9.02,121.1,34.75,79.21,3.59,2.7703571428571427,3.36
2022-02-07,50.85,0.1,52.2,0.1,80.43,0.13,0.85,7.35,89.41,44.44,32.74,1.8,0.23,2.09
2022-02-07,136.04,0.04,101.28,0.03,91.11,0.03,1.33,3.36,60.82,40.03,76.89,0.41,0.03,0.28
2022-02-07,456.32,0.2,631.5,0.17,876.8,0.23,0.76,25.43,279.73,71.71,84.08,3.74,2.2278571428571428,3.61
2022-02-08,1495.13,0.06,1530.07,0.07,1516.1,0.07,1.18,7.44,223.02,36.81,77.58,3.46,0.0,2.77
2022-02-08,2492.45,0.13,2951.45,0.16,3038.7,0.16,0.77,26.24,362.85,52.24,85.25,5.85,0.4835714285714286,6.3
2022-02-08,1868.96,0.31,2531.04,0.35,2856.96,0.36,0.82,41.88,319.96,38.55,86.06,4.68,0.4139285714285715,5.1
2022-02-08,6674.45,0.47,4979.53,0.71,3041.41,0.57,1.13,62.27,364.18,47.89,59.49,5.67,5.4575000000000005,11.68
2022-02-08,1584.98,0.18,2109.34,0.24,2363.68,0.27,0.64,67.01,356.3,45.59,75.77,6.82,0.0,7.8
2022-02-08,4042.38,0.4,3800.18,0.41,2989.3,0.38,1.06,22.88,225.85,50.93,69.36,1.87,0.0,1.71
2022-02-08,456.32,0.17,631.5,0.2,876.8,0.2,0.75,24.68,270.37,71.7,84.11,3.74,2.3517857142857146,3.61
2022-02-08,438.61,0.3,937.05,0.48,859.24,0.41,0.74,11.54,105.37,28.43,55.11,4.98,3.206785714285714,3.29
2022-02-08,3743.16,0.25,2330.51,0.19,1019.21,0.15,1.21,30.88,292.17,37.48,66.05,2.34,3.674642857142857,3.87
2022-02-08,136.04,0.05,101.28,0.03,91.11,0.03,1.35,3.33,64.5,40.03,76.89,0.41,0.0275,0.28
2022-02-08,3871.02,0.38,4026.27,0.37,2998.99,0.34,0.98,20.07,128.16,54.53,73.54,3.28,0.0,4.81
2022-02-08,5177.06,0.31,5371.9,0.29,4360.37,0.25,0.87,55.31,485.07,44.68,79.84,3.68,1.6946428571428573,4.44
2022-02-08,1460.23,0.36,1897.2,0.34,2520.76,0.46,0.74,13.29,178.17,46.8,82.94,3.6,2.2685714285714282,3.17
2022-02-08,4127.34,0.44,4107.83,0.46,2324.28,0.39,0.99,35.95,356.9,30.1,78.64,2.1,1.9625,3.52
2022-02-08,1161.44,0.33,1162.06,0.32,1294.8,0.31,1.03,8.84,120.92,24.82,79.23,3.59,2.666071428571428,3.36
2022-02-08,7444.99,0.26,7763.93,0.21,4848.8,0.14,0.92,35.77,381.31,45.1,70.94,3.03,1.5942857142857143,6.81
2022-02-09,1584.98,0.17,2109.34,0.23,2363.68,0.26,0.62,64.78,346.34,45.58,75.81,6.82,0.0,7.8
2022-02-09,1495.13,0.06,1530.07,0.07,1516.1,0.07,1.12,7.16,216.98,36.81,77.6,3.46,0.0,2.77
2022-02-09,438.61,0.28,937.05,0.47,859.24,0.39,0.72,11.94,101.85,28.43,55.18,4.98,3.250714285714286,3.29
2022-02-09,4042.38,0.4,3800.18,0.41,2989.3,0.39,1.04,23.91,226.19,50.93,69.38,1.87,0.0,1.71
2022-02-09,1161.44,0.34,1162.06,0.32,1294.8,0.32,1.06,6.68,118.22,24.82,79.26,3.59,2.5617857142857146,3.36
2022-02-09,4127.34,0.43,4107.83,0.46,2324.28,0.41,0.96,37.06,361.36,30.08,78.72,2.1,1.9800000000000002,3.52
2022-02-09,5177.06,0.31,5371.9,0.3,4360.37,0.26,0.84,54.56,482.5,44.65,79.87,3.68,1.7110714285714284,4.44
2022-02-09,2492.45,0.13,2951.45,0.16,3038.7,0.16,0.76,25.81,356.96,52.21,85.3,5.85,0.4439285714285714,6.3
2022-02-09,6674.45,0.32,4979.53,0.73,3041.41,0.59,1.1,61.32,369.37,47.88,59.51,5.67,5.455,11.68
2022-02-09,1868.96,0.3,2531.04,0.34,2856.96,0.36,0.8,40.79,313.76,38.55,86.07,4.68,0.39535714285714285,5.1
2022-02-09,571.42,0.36,331.22,0.26,130.56,0.19,1.32,11.62,182.76,47.22,81.96,0.08,0.6900000000000001,0.64
2022-02-09,7444.99,0.26,7763.93,0.22,4848.8,0.15,0.88,36.51,377.5,45.1,70.94,3.03,1.6125,6.81
2022-02-09,456.32,0.19,631.5,0.18,876.8,0.21,0.75,24.37,262.39,71.69,84.13,3.74,2.475714285714286,3.61
2022-02-09,3871.02,0.36,4026.27,0.38,2998.99,0.34,0.95,18.53,126.62,54.53,73.56,3.28,0.0,4.81
2022-02-09,136.04,0.06,101.28,0.03,91.11,0.03,1.38,3.3,67.59,40.03,76.89,0.41,0.024999999999999998,0.28
2022-02-09,3743.16,0.24,2330.51,0.21,1019.21,0.16,1.17,31.73,307.03,37.47,66.06,2.34,3.535357142857143,3.87
2022-02-09,1460.23,0.34,1897.2,0.34,2520.76,0.41,0.72,13.03,175.5,46.79,83.04,3.6,2.3789285714285713,3.17
2022-02-09,2451.74,0.58,2263.3,0.41,1735.46,0.44,0.99,24.16,576.58,36.11,48.54,4.08,1.0896428571428571,8.73
2022-02-09,50.85,0.1,52.2,0.12,80.43,0.1,0.86,7.1,84.75,44.44,32.86,1.8,0.2692857142857143,2.09
2022-02-10,136.04,0.05,101.28,0.04,91.11,0.03,1.42,3.36,70.07,40.03,76.9,0.41,0.023928571428571428,0.28
2022-02-10,3743.16,0.24,2330.51,0.22,1019.21,0.17,1.13,29.06,314.85,37.47,66.08,2.34,3.3960714285714286,3.87
2022-02-10,3871.02,0.36,4026.27,0.38,2998.99,0.34,0.92,16.99,129.71,54.53,73.59,3.28,0.0,4.81
2022-02-10,4042.38,0.4,3800.18,0.4,2989.3,0.39,1.02,22.54,224.24,50.93,69.39,1.87,0.0,1.71
2022-02-10,438.61,0.26,937.05,0.37,859.24,0.54,0.7,12.11,98.98,28.42,55.24,4.98,3.294642857142857,3.29
2022-02-10,50.85,0.1,52.2,0.1,80.43,0.11,0.86,7.03,85.3,44.44,32.92,1.8,0.2889285714285714,2.09
2022-02-10,1161.44,0.35,1162.06,0.32,1294.8,0.32,1.08,6.68,116.59,24.81,79.29,3.59,2.4574999999999996,3.36
2022-02-10,4127.34,0.42,4107.83,0.46,2324.28,0.43,0.94,36.98,363.68,30.08,78.74,2.1,1.9975,3.52
2022-02-10,7444.99,0.27,7763.93,0.22,4848.8,0.16,0.84,36.3,373.58,45.1,70.95,3.03,1.6300000000000001,6.81
2022-02-10,2451.74,0.49,2263.3,0.49,1735.46,0.44,0.94,21.83,592.44,36.11,48.55,4.08,1.2107142857142856,8.73
2022-02-10,6674.45,0.24,4979.53,0.74,3041.41,0.61,1.04,59.91,368.42,47.87,59.52,5.67,5.4525,11.68
2022-02-10,1584.98,0.16,2109.34,0.22,2363.68,0.26,0.61,63.05,333.0,45.57,75.85,6.82,0.0,7.8
2022-02-10,1460.23,0.31,1897.2,0.35,2520.76,0.38,0.71,11.96,169.92,46.78,83.14,3.6,2.489285714285714,3.17
2022-02-10,1868.96,0.3,2531.04,0.34,2856.96,0.36,0.79,39.49,302.85,38.55,86.09,4.68,0.37678571428571433,5.1
2022-02-10,5177.06,0.3,5371.9,0.3,4360.37,0.27,0.81,53.72,484.45,44.62,79.88,3.68,1.7274999999999998,4.44
2022-02-10,2492.45,0.12,2951.45,0.16,3038.7,0.17,0.75,24.68,352.0,52.18,85.34,5.85,0.4042857142857143,6.3
2022-02-10,1495.13,0.06,1530.07,0.07,1516.1,0.07,1.06,7.08,214.18,36.8,77.62,3.46,0.0,2.77
2022-02-10,456.32,0.17,631.5,0.2,876.8,0.21,0.75,24.39,254.9,71.68,84.16,3.74,2.5996428571428574,3.61
2022-02-11,3474.77,0.05,2500.05,0.04,1595.98,0.03,1.13,21.81,204.82,53.65,76.48,1.12,1.3596428571428572,2.0
2022-02-11,5558.26,0.23,5037.85,0.19,3620.52,0.16,0.93,16.94,238.05,35.19,94.46,3.85,1.7460714285714285,4.87
2022-02-11,456.32,0.16,631.5,0.2,876.8,0.19,0.75,23.61,248.5,66.12,84.19,3.74,2.7235714285714288,3.61
2022-02-11,7444.99,0.26,7763.93,0.23,4848.8,0.17,0.81,36.94,367.02,45.09,70.95,3.03,1.6475000000000002,6.81
2022-02-11,1460.23,0.26,1897.2,0.41,2520.76,0.37,0.71,11.54,162.58,46.77,83.23,3.6,2.5996428571428574,3.17
2022-02-11,3871.02,0.35,4026.27,0.38,2998.99,0.35,0.9,15.44,135.89,54.53,73.62,3.28,0.0,4.81
2022-02-11,7780.05,0.27,6069.13,0.22,3746.34,0.16,1.06,5.61,196.52,14.45,80.48,2.71,2.6553571428571425,3.53
2022-02-11,1584.98,0.15,2109.34,0.21,2363.68,0.26,0.61,60.82,318.26,45.56,75.89,6.82,0.0,7.8
2022-02-11,5177.06,0.3,5371.9,0.3,4360.37,0.28,0.79,53.35,486.46,44.59,79.9,3.68,1.710357142857143,4.44
2022-02-11,4648.05,0.61,3382.5,0.52,2009.76,0.44,1.33,8.26,51.24,48.32,71.28,0.5,0.0,0.57
2022-02-11,2492.45,0.12,2951.45,0.15,3038.7,0.16,0.74,24.39,346.22,52.14,85.39,5.85,0.36464285714285716,6.3
2022-02-11,4127.34,0.4,4107.83,0.46,2324.28,0.44,0.91,36.72,364.79,30.07,78.76,2.1,2.015,3.52
2022-02-11,6674.45,0.19,4979.53,0.74,3041.41,0.63,0.99,62.74,367.48,47.87,59.53,5.67,5.450000000000001,11.68
2022-02-11,1495.13,0.06,1530.07,0.07,1516.1,0.07,1.01,7.02,207.69,36.8,77.64,3.46,0.0,2.77
2022-02-11,3743.16,0.24,2330.51,0.23,1019.21,0.17,1.09,29.35,325.33,37.47,66.09,2.34,3.2567857142857144,3.87
2022-02-11,1161.44,0.34,1162.06,0.32,1294.8,0.32,1.11,5.78,118.4,24.72,79.98,3.59,2.3667857142857143,3.36
2022-02-11,438.61,0.27,937.05,0.31,859.24,0.54,0.69,11.86,90.23,28.42,55.35,4.98,3.338571428571428,3.29
2022-02-11,136.04,0.05,101.28,0.04,91.11,0.03,1.48,3.36,76.43,40.03,76.9,0.41,0.022857142857142854,0.28
2022-02-11,4042.38,0.4,3800.18,0.4,2989.3,0.4,0.99,22.54,222.18,50.93,69.4,1.87,0.0,1.71
2022-02-12,3743.16,0.25,2330.51,0.22,1019.21,0.18,1.05,31.64,307.22,37.47,66.09,2.34,3.1175,3.87
2022-02-12,5177.06,0.3,5371.9,0.31,4360.37,0.28,0.77,53.18,484.67,44.56,79.92,3.68,1.6932142857142856,4.44
2022-02-12,1584.98,0.14,2109.34,0.21,2363.68,0.26,0.6,58.06,300.54,45.55,75.93,6.82,0.0,7.8
2022-02-12,3871.02,0.34,4026.27,0.38,2998.99,0.36,0.88,13.9,129.71,54.53,73.65,3.28,0.0,4.81
2022-02-12,1161.44,0.35,1162.06,0.33,1294.8,0.32,1.13,5.78,118.4,24.72,80.02,3.59,2.2760714285714285,3.36
2022-02-12,136.04,0.06,101.28,0.04,91.11,0.03,1.54,3.62,81.82,40.03,76.95,0.41,0.021785714285714287,0.28
2022-02-12,456.32,0.16,631.5,0.19,876.8,0.2,0.75,22.75,235.4,66.11,84.21,3.74,2.8475,3.61
2022-02-12,6674.45,0.16,4979.53,0.75,3041.41,0.66,0.94,62.74,351.91,47.86,59.53,5.67,5.4475,11.68
2022-02-12,1460.23,0.24,1897.2,0.39,2520.76,0.35,0.72,10.85,158.42,46.76,83.29,3.6,2.7100000000000004,3.17
2022-02-12,7444.99,0.27,7763.93,0.23,4848.8,0.18,0.79,37.89,357.08,45.09,70.95,3.03,1.6650000000000003,6.81
2022-02-12,438.61,0.28,937.05,0.36,859.24,0.56,0.67,10.72,84.34,28.41,55.39,4.98,3.3825000000000003,3.29
2022-02-12,4042.38,0.4,3800.18,0.4,2989.3,0.41,0.97,22.08,223.33,50.93,69.4,1.87,0.0,1.71
2022-02-12,1495.13,0.06,1530.07,0.07,1516.1,0.07,0.97,6.78,200.39,36.8,77.66,3.46,0.0,2.77
2022-02-12,4127.34,0.4,4107.83,0.46,2324.28,0.45,0.89,35.6,343.86,30.04,78.82,2.1,2.0324999999999998,3.52
2022-02-12,2492.45,0.12,2951.45,0.15,3038.7,0.17,0.74,23.9,339.21,52.09,85.45,5.85,0.325,6.3
2022-02-13,6040.61,0.14,6674.45,0.75,4979.53,0.67,0.89,63.21,361.82,47.86,59.53,8.04,5.445,11.28
2022-02-13,47.13,0.09,50.85,0.1,52.2,0.1,0.89,6.53,81.74,44.44,32.99,1.93,0.34785714285714286,2.68
2022-02-13,347.06,0.16,456.32,0.19,631.5,0.18,0.75,22.29,234.3,66.1,84.23,4.11,2.931785714285714,3.01
2022-02-13,198.61,0.06,136.04,0.04,101.28,0.03,1.6,4.04,86.86,40.03,77.0,0.3,0.020714285714285713,0.38
2022-02-13,332.8,0.22,438.61,0.41,937.05,0.4,0.66,10.47,81.23,28.41,55.4,3.0,3.4121428571428574,2.15
2022-02-13,2489.11,0.39,4127.34,0.45,4107.83,0.46,0.87,36.8,355.27,30.02,78.83,2.58,2.1007142857142855,3.99
2022-02-13,1233.18,0.06,1495.13,0.07,1530.07,0.07,0.93,6.53,198.73,36.8,77.67,3.1,0.0,2.17
2022-02-13,3835.66,0.24,3743.16,0.23,2330.51,0.18,1.01,33.07,315.04,37.47,66.09,2.1,3.0832142857142855,5.19
2022-02-13,1013.95,0.31,981.18,0.29,1575.81,0.31,0.93,12.94,125.42,18.78,80.84,2.18,0.0,1.65
2022-02-13,6006.34,0.27,7444.99,0.24,7763.93,0.19,0.77,38.2,380.68,45.09,70.95,5.27,1.6824999999999999,6.89
2022-02-13,1728.64,0.12,2492.45,0.14,2951.45,0.16,0.73,24.24,337.56,52.07,85.49,6.27,0.33214285714285713,5.47
2022-02-13,3795.13,0.3,5177.06,0.31,5371.9,0.28,0.75,52.75,487.03,44.56,79.93,4.3,1.6760714285714289,4.42
2022-02-13,1146.27,0.28,1868.96,0.33,2531.04,0.35,0.79,38.65,293.49,38.55,86.12,5.28,0.32107142857142856,4.18
2022-02-13,2598.09,0.62,3828.26,0.53,3371.05,0.37,0.83,9.67,202.95,37.58,72.94,4.03,0.0,4.51
2022-02-13,3046.28,0.29,2151.45,0.23,998.69,0.14,1.33,44.12,347.66,42.53,45.86,4.54,3.8125,3.58
2022-02-13,915.5,0.14,1584.98,0.2,2109.34,0.25,0.59,56.99,292.84,45.54,75.94,7.7,0.0,7.34
2022-02-13,5082.3,0.55,4347.32,0.47,2885.41,0.3,1.15,11.31,332.56,45.38,64.49,2.64,1.7807142857142857,4.76
2022-02-13,3335.3,0.4,4042.38,0.4,3800.18,0.41,0.95,24.26,230.99,50.93,69.41,1.51,0.0,1.72
2022-02-13,1096.53,0.24,1460.23,0.42,1897.2,0.35,0.73,11.16,149.52,46.76,83.33,3.65,2.7807142857142857,2.38
2022-02-14,6040.61,0.12,6674.45,0.75,4979.53,0.69,0.84,63.21,367.95,47.86,59.54,8.04,5.442500000000001,11.28
2022-02-14,2489.11,0.38,4127.34,0.45,4107.83,0.46,0.84,37.75,371.4,30.02,78.84,2.58,2.1689285714285718,3.99
2022-02-14,332.8,0.23,438.61,0.31,937.05,0.48,0.65,9.9,75.92,28.41,55.48,3.0,3.4417857142857144,2.15
2022-02-14,915.5,0.13,1584.98,0.2,2109.34,0.25,0.58,56.1,287.56,45.54,75.98,7.7,0.0,7.34
2022-02-14,1147.75,0.35,1161.44,0.33,1162.06,0.32,1.2,7.04,120.38,24.71,80.08,3.13,2.094642857142857,4.0
2022-02-14,3795.13,0.29,5177.06,0.31,5371.9,0.29,0.73,53.41,493.22,44.53,79.94,4.3,1.6589285714285715,4.42
2022-02-14,2281.26,0.47,2451.74,0.5,2263.3,0.47,0.84,23.87,636.97,36.11,48.57,5.76,1.695,9.21
2022-02-14,3835.66,0.25,3743.16,0.23,2330.51,0.19,0.98,34.02,373.17,37.47,66.1,2.1,3.0489285714285717,5.19
2022-02-14,3335.3,0.4,4042.38,0.4,3800.18,0.41,0.93,24.48,230.99,50.93,69.41,1.51,0.0,1.72
2022-02-14,198.61,0.06,136.04,0.04,101.28,0.03,1.64,3.98,91.34,40.02,77.03,0.3,0.01964285714285714,0.38
2022-02-14,6006.34,0.26,7444.99,0.25,7763.93,0.2,0.74,38.95,374.75,38.55,70.96,5.27,1.7,6.89
2022-02-14,2848.98,0.34,3871.02,0.38,4026.27,0.36,0.82,15.44,126.62,54.53,73.66,3.94,0.0,3.28
2022-02-14,1146.27,0.28,1868.96,0.32,2531.04,0.35,0.79,37.13,278.62,38.54,86.14,5.28,0.30249999999999994,4.18
2022-02-14,347.06,0.16,456.32,0.2,631.5,0.17,0.75,22.81,239.76,66.09,84.25,4.11,3.0160714285714287,3.01
2022-02-14,1728.64,0.11,2492.45,0.14,2951.45,0.16,0.72,24.1,340.43,52.03,85.53,6.27,0.3392857142857143,5.47
2022-02-15,3335.3,0.4,4042.38,0.4,3800.18,0.41,0.91,24.03,222.99,50.93,69.42,1.51,0.0,1.72
2022-02-15,3795.13,0.28,5177.06,0.31,5371.9,0.29,0.71,52.42,491.82,44.51,79.96,4.3,1.6417857142857142,4.42
2022-02-15,332.8,0.19,438.61,0.3,937.05,0.48,0.64,9.74,70.52,28.41,55.54,3.0,3.4714285714285715,2.15
2022-02-15,6006.34,0.26,7444.99,0.26,7763.93,0.21,0.71,36.83,364.59,38.55,70.96,5.27,1.7175,6.89
2022-02-15,1146.27,0.28,1868.96,0.31,2531.04,0.35,0.77,35.74,267.38,38.54,86.15,5.28,0.29321428571428576,4.18
2022-02-15,1233.18,0.06,1495.13,0.06,1530.07,0.07,0.87,6.37,197.9,36.79,77.71,3.1,0.0,2.17
2022-02-15,347.06,0.16,456.32,0.17,631.5,0.2,0.75,22.62,233.81,66.09,84.29,4.11,3.100357142857143,3.01
2022-02-15,1096.53,0.27,1460.23,0.36,1897.2,0.34,0.73,10.47,137.06,46.74,83.47,3.65,2.9221428571428567,2.38
2022-02-15,2848.98,0.32,3871.02,0.38,4026.27,0.37,0.8,12.35,123.53,44.95,73.69,3.94,0.0,3.28
2022-02-15,198.61,0.06,136.04,0.05,101.28,0.03,1.67,4.07,101.07,40.02,77.06,0.3,0.01857142857142857,0.38
2022-02-15,6040.61,0.1,6674.45,0.47,4979.53,0.71,0.8,66.51,379.27,47.86,59.54,8.04,5.440357142857144,11.28
2022-02-15,2489.11,0.36,4127.34,0.44,4107.83,0.46,0.83,37.15,359.22,30.02,78.85,2.58,2.237142857142857,3.99
2022-02-15,3835.66,0.24,3743.16,0.25,2330.51,0.19,0.95,34.21,378.41,37.46,66.11,2.1,3.0146428571428574,5.19
2022-02-15,1147.75,0.36,1161.44,0.33,1162.06,0.32,1.19,7.76,123.63,30.98,80.44,3.13,2.0039285714285713,4.0
2022-02-15,1728.64,0.11,2492.45,0.13,2951.45,0.16,0.71,23.31,333.91,52.0,85.56,6.27,0.3464285714285715,5.47
2022-02-15,915.5,0.12,1584.98,0.18,2109.34,0.24,0.57,54.25,276.71,45.53,76.02,7.7,0.0,7.34
2022-02-16,47.13,0.09,50.85,0.1,52.2,0.12,0.9,6.11,78.07,44.44,33.17,1.93,0.4225,2.68
2022-02-16,3795.13,0.28,5177.06,0.31,5371.9,0.3,0.69,51.66,484.83,44.48,79.98,4.3,1.6246428571428573,4.42
2022-02-16,2489.11,0.34,4127.34,0.43,4107.83,0.46,0.81,36.89,350.55,29.98,78.9,2.58,2.305357142857143,3.99
2022-02-16,347.06,0.15,456.32,0.19,631.5,0.18,0.74,21.53,226.42,66.08,84.31,4.11,3.1846428571428573,3.01
2022-02-16,1146.27,0.27,1868.96,0.3,2531.04,0.34,0.76,34.34,251.48,38.54,86.16,5.28,0.2839285714285714,4.18
2022-02-16,3335.3,0.39,4042.38,0.4,3800.18,0.41,0.89,22.31,214.86,50.93,69.43,1.51,0.0,1.72
2022-02-16,721.1,0.43,571.42,0.36,331.22,0.26,1.07,14.89,215.68,47.22,82.03,0.3,1.3800000000000001,1.18
2022-02-16,1728.64,0.11,2492.45,0.13,2951.45,0.16,0.7,22.87,326.61,51.97,85.6,6.27,0.35357142857142854,5.47
2022-02-16,332.8,0.2,438.61,0.28,937.05,0.47,0.63,9.9,66.92,28.4,55.61,3.0,3.5010714285714286,2.15
2022-02-16,1096.53,0.26,1460.23,0.34,1897.2,0.34,0.74,10.2,130.42,46.73,83.53,3.65,2.992857142857143,2.38
2022-02-16,2848.98,0.3,3871.02,0.36,4026.27,0.38,0.78,13.9,125.08,44.95,73.7,3.94,0.0,3.28
2022-02-16,1233.18,0.06,1495.13,0.06,1530.07,0.07,0.86,6.4,191.62,36.79,77.72,3.1,0.0,2.17
2022-02-16,6006.34,0.26,7444.99,0.26,7763.93,0.22,0.69,34.4,339.93,38.55,70.96,5.27,1.735,6.89
2022-02-16,198.61,0.06,136.04,0.06,101.28,0.03,1.68,4.33,112.03,40.02,77.11,0.3,0.017499999999999998,0.38
2022-02-16,3835.66,0.24,3743.16,0.24,2330.51,0.21,0.92,36.5,384.03,37.46,66.12,2.1,2.980357142857143,5.19
2022-02-16,6040.61,0.1,6674.45,0.32,4979.53,0.73,0.76,68.87,383.05,47.85,59.55,8.04,5.438214285714286,11.28
2022-02-16,915.5,0.11,1584.98,0.17,2109.34,0.23,0.55,52.37,266.38,45.52,76.06,7.7,0.0,7.34
2022-02-16,1147.75,0.37,1161.44,0.34,1162.06,0.32,1.16,5.96,128.5,30.98,80.47,3.13,1.9132142857142858,4.0
2022-02-16,2281.26,0.44,2451.74,0.58,2263.3,0.41,0.78,25.32,653.27,36.11,48.59,5.76,1.695,9.21
2022-02-17,198.61,0.06,136.04,0.05,101.28,0.04,1.68,4.66,119.54,40.02,77.16,0.3,0.017142857142857144,0.38
2022-02-17,6006.34,0.26,7444.99,0.27,7763.93,0.22,0.68,34.4,326.17,38.54,70.97,5.27,1.7417857142857145,6.89
2022-02-17,1096.53,0.26,1460.23,0.31,1897.2,0.35,0.76,9.86,125.8,46.72,83.59,3.65,3.0635714285714286,2.38
2022-02-17,2489.11,0.33,4127.34,0.42,4107.83,0.46,0.8,34.58,336.48,29.98,78.91,2.58,2.3735714285714287,3.99
2022-02-17,3835.66,0.23,3743.16,0.24,2330.51,0.22,0.9,36.31,390.13,36.16,66.12,2.1,2.9460714285714285,5.19
2022-02-17,915.5,0.11,1584.98,0.16,2109.34,0.22,0.55,50.38,254.32,45.51,76.1,7.7,0.0,7.34
2022-02-17,3795.13,0.27,5177.06,0.3,5371.9,0.3,0.7,50.37,478.01,44.46,79.99,4.3,1.6075,4.42
2022-02-17,3335.3,0.39,4042.38,0.4,3800.18,0.4,0.88,22.88,211.32,50.93,69.44,1.51,0.0,1.72
2022-02-17,1146.27,0.26,1868.96,0.3,2531.04,0.34,0.75,33.28,234.68,38.54,86.18,5.28,0.27464285714285713,4.18
2022-02-17,6040.61,0.09,6674.45,0.24,4979.53,0.74,0.74,66.51,372.2,47.84,59.56,8.04,5.436071428571429,11.28
2022-02-17,2848.98,0.28,3871.02,0.36,4026.27,0.38,0.77,13.9,112.72,44.95,73.73,3.94,0.00035714285714285714,3.28
2022-02-17,347.06,0.15,456.32,0.17,631.5,0.2,0.74,21.12,220.68,66.07,84.34,4.11,3.2689285714285714,3.01
2022-02-17,1728.64,0.11,2492.45,0.12,2951.45,0.16,0.69,22.39,316.34,51.94,85.63,6.27,0.3607142857142857,5.47
2022-02-17,1233.18,0.07,1495.13,0.06,1530.07,0.07,0.85,6.37,185.62,36.79,77.74,3.1,0.0,2.17
2022-02-17,332.8,0.16,438.61,0.26,937.05,0.37,0.62,9.16,63.73,28.4,55.68,3.0,3.5307142857142857,2.15
2022-02-18,915.5,0.1,1584.98,0.15,2109.34,0.21,0.55,47.65,240.9,45.5,76.14,7.7,0.0,7.34
2022-02-18,47.13,0.1,50.85,0.08,52.2,0.1,0.9,5.84,74.7,44.44,33.29,1.93,0.47750000000000004,2.68
2022-02-18,1233.18,0.07,1495.13,0.06,1530.07,0.07,0.83,6.16,179.35,36.01,77.75,3.1,0.0,2.17
2022-02-18,4997.19,0.58,4648.05,0.61,3382.5,0.52,0.92,7.34,58.64,48.32,71.33,0.42,0.0,0.72
2022-02-18,2489.11,0.32,4127.34,0.4,4107.83,0.46,0.79,34.06,329.7,29.97,78.93,2.58,2.4417857142857144,3.99
2022-02-18,332.8,0.2,438.61,0.27,937.05,0.31,0.62,8.67,60.04,28.39,55.77,3.0,3.5603571428571428,2.15
2022-02-18,1728.64,0.11,2492.45,0.12,2951.45,0.15,0.69,21.43,306.4,47.5,85.66,6.27,0.3678571428571429,5.47
2022-02-18,6040.61,0.09,6674.45,0.19,4979.53,0.74,0.72,64.16,373.14,47.84,59.57,8.04,5.433928571428571,11.28
2022-02-18,6006.34,0.25,7444.99,0.26,7763.93,0.23,0.67,33.44,303.84,38.54,70.97,5.27,1.7485714285714287,6.89
2022-02-18,3795.13,0.26,5177.06,0.3,5371.9,0.3,0.68,49.71,470.99,44.43,80.01,4.3,1.575,4.42
2022-02-18,1096.53,0.26,1460.23,0.26,1897.2,0.41,0.79,9.82,119.42,46.71,83.64,3.65,3.1342857142857143,2.38
2022-02-18,3835.66,0.24,3743.16,0.24,2330.51,0.23,0.87,37.35,397.08,36.16,66.13,2.1,2.911785714285714,5.19
2022-02-18,6999.98,0.3,7780.05,0.27,6069.13,0.22,0.99,5.44,232.9,14.44,80.49,2.93,2.937142857142857,4.24
2022-02-18,3651.76,0.06,3474.77,0.05,2500.05,0.04,1.01,20.81,230.21,53.62,76.59,1.67,1.4610714285714284,2.68
2022-02-18,4224.69,0.22,5558.26,0.23,5037.85,0.19,0.79,15.48,227.05,35.19,94.54,4.0,1.957142857142857,4.13
2022-02-18,2281.26,0.42,2451.74,0.49,2263.3,0.5,0.73,27.65,660.84,36.11,48.6,5.76,1.695,9.21
2022-02-18,347.06,0.15,456.32,0.16,631.5,0.2,0.75,20.57,214.88,66.06,84.34,4.11,3.353214285714286,3.01
2022-02-18,2848.98,0.26,3871.02,0.35,4026.27,0.38,0.76,16.99,114.27,44.95,73.75,3.94,0.0007142857142857143,3.28
2022-02-18,198.61,0.07,136.04,0.05,101.28,0.04,1.66,4.6,128.91,40.02,77.23,0.3,0.016785714285714286,0.38
2022-02-18,3335.3,0.38,4042.38,0.4,3800.18,0.4,0.87,23.11,212.69,50.93,69.44,1.51,0.0,1.72
2022-02-19,3795.13,0.26,5177.06,0.3,5371.9,0.31,0.68,49.02,464.84,44.4,80.02,4.3,1.5425,4.42
2022-02-19,915.5,0.09,1584.98,0.14,2109.34,0.21,0.55,45.63,227.04,45.49,76.17,7.7,0.0,7.34
2022-02-19,332.8,0.16,438.61,0.28,937.05,0.36,0.61,8.34,57.26,28.39,55.82,3.0,3.59,2.15
2022-02-19,2848.98,0.24,3871.02,0.34,4026.27,0.38,0.76,16.99,101.92,44.95,73.78,3.94,0.0010714285714285715,3.28
2022-02-19,6006.34,0.25,7444.99,0.27,7763.93,0.23,0.65,32.28,291.78,38.54,70.97,5.27,1.755357142857143,6.89
2022-02-19,47.13,0.08,50.85,0.1,52.2,0.1,0.89,5.76,73.35,44.44,33.3,1.93,0.505,2.68
2022-02-19,1096.53,0.27,1460.23,0.24,1897.2,0.39,0.81,8.52,114.98,46.71,83.69,3.65,3.2050000000000005,2.38
2022-02-19,3335.3,0.38,4042.38,0.4,3800.18,0.4,0.86,22.08,207.88,50.93,69.45,1.51,0.0,1.72
2022-02-19,2489.11,0.31,4127.34,0.4,4107.83,0.46,0.78,32.69,308.77,29.93,78.97,2.58,2.5100000000000002,3.99
2022-02-19,198.61,0.08,136.04,0.06,101.28,0.04,1.63,5.19,137.75,40.02,77.35,0.3,0.016428571428571428,0.38
2022-02-19,6040.61,0.08,6674.45,0.16,4979.53,0.75,0.7,63.21,365.12,47.84,59.57,8.04,5.431785714285715,11.28
2022-02-19,1233.18,0.07,1495.13,0.06,1530.07,0.07,0.82,5.92,174.16,36.01,77.78,3.1,0.0,2.17
2022-02-19,1728.64,0.11,2492.45,0.12,2951.45,0.15,0.69,20.72,296.98,47.46,85.69,6.27,0.375,5.47
2022-02-19,3835.66,0.23,3743.16,0.25,2330.51,0.22,0.85,35.74,365.73,36.16,66.13,2.1,2.8775,5.19
2022-02-19,347.06,0.16,456.32,0.16,631.5,0.19,0.75,19.95,202.34,66.06,84.36,4.11,3.4375,3.01
2022-02-20,1031.36,0.3,1013.95,0.31,981.18,0.29,0.95,13.54,124.82,17.59,80.97,2.46,0.0,1.26
2022-02-20,259.44,0.16,347.06,0.16,456.32,0.19,0.75,19.71,201.43,66.05,84.38,3.61,3.4632142857142862,2.26
2022-02-20,3481.69,0.08,6040.61,0.14,6674.45,0.75,0.68,62.74,368.9,47.84,59.57,11.68,5.429642857142857,12.49
2022-02-20,1223.33,0.11,1728.64,0.12,2492.45,0.14,0.69,20.16,292.19,47.43,85.71,6.3,0.375,4.85
2022-02-20,159.57,0.18,332.8,0.22,438.61,0.41,0.6,7.28,54.56,28.39,55.83,3.29,3.5564285714285715,1.04
2022-02-20,1624.64,0.4,2281.26,0.47,2451.74,0.5,0.69,27.5,660.55,36.11,48.61,8.73,1.695,8.86
2022-02-20,2540.03,0.23,3835.66,0.24,3743.16,0.23,0.83,35.92,368.4,36.16,66.13,3.87,2.948571428571429,5.05
2022-02-20,2130.58,0.26,3795.13,0.3,5177.06,0.31,0.67,48.74,466.3,44.4,80.02,4.44,1.51,3.88
2022-02-20,880.44,0.07,1233.18,0.06,1495.13,0.07,0.8,5.69,174.94,36.01,77.79,2.77,0.0,1.98
2022-02-20,936.46,0.25,1096.53,0.24,1460.23,0.42,0.83,8.82,117.24,37.6,83.7,3.17,3.204285714285714,1.77
2022-02-20,4015.28,0.6,5082.3,0.55,4347.32,0.47,1.01,12.82,407.22,45.35,64.55,3.39,1.5132142857142856,5.71
2022-02-20,2517.45,0.38,3335.3,0.4,4042.38,0.4,0.85,21.85,213.38,50.93,69.45,1.71,0.0,1.17
2022-02-20,970.72,0.73,2598.09,0.62,3828.26,0.53,0.53,8.06,205.42,15.51,73.02,4.78,0.0,5.08
2022-02-20,511.19,0.09,915.5,0.14,1584.98,0.2,0.54,44.0,219.74,45.49,76.18,7.8,0.0,6.43
2022-02-20,518.86,0.08,198.61,0.06,136.04,0.04,1.6,5.51,147.62,40.02,77.45,0.28,0.01607142857142857,0.91
2022-02-20,3238.28,0.33,3046.28,0.29,2151.45,0.23,1.11,46.6,454.51,42.52,45.89,3.68,3.6574999999999998,3.78
2022-02-20,41.11,0.08,47.13,0.09,50.85,0.1,0.89,6.03,76.57,44.44,33.32,2.09,0.5325,3.74
2022-02-20,731.57,0.25,1146.27,0.28,1868.96,0.33,0.72,32.09,222.78,38.54,86.21,5.1,0.2467857142857143,2.82
2022-02-20,3783.28,0.24,6006.34,0.27,7444.99,0.24,0.64,34.08,298.97,38.54,70.97,6.81,1.762142857142857,4.11
2022-02-20,1351.48,0.3,2489.11,0.39,4127.34,0.45,0.77,31.83,311.6,29.92,78.98,3.52,2.5867857142857145,3.58
2022-02-21,2130.58,0.25,3795.13,0.29,5177.06,0.31,0.66,48.6,464.98,44.38,80.03,4.44,1.4775000000000003,3.88
2022-02-21,1223.33,0.11,1728.64,0.11,2492.45,0.14,0.7,19.87,291.73,47.4,85.73,6.3,0.375,4.85
2022-02-21,731.57,0.24,1146.27,0.28,1868.96,0.32,0.7,30.64,209.0,38.54,86.23,5.1,0.2375,2.82
2022-02-21,3783.28,0.23,6006.34,0.26,7444.99,0.25,0.61,35.35,292.62,38.54,70.97,6.81,1.7689285714285714,4.11
2022-02-21,1624.64,0.39,2281.26,0.47,2451.74,0.5,0.67,27.65,658.08,36.11,48.62,8.73,1.695,8.86
2022-02-21,259.44,0.15,347.06,0.16,456.32,0.2,0.75,19.09,203.72,66.05,84.39,3.61,3.488928571428571,2.26
2022-02-21,2517.45,0.37,3335.3,0.4,4042.38,0.4,0.84,21.74,212.35,50.93,69.45,1.71,0.0,1.17
2022-02-21,2540.03,0.22,3835.66,0.25,3743.16,0.23,0.81,38.02,412.14,36.16,66.14,3.87,3.0196428571428577,5.05
2022-02-21,1498.29,0.23,2848.98,0.34,3871.02,0.38,0.73,16.99,103.46,44.95,73.81,4.81,0.0017857142857142859,1.31
2022-02-21,518.86,0.09,198.61,0.06,136.04,0.04,1.56,5.86,149.83,40.02,77.57,0.28,0.015714285714285715,0.91
2022-02-21,3481.69,0.08,6040.61,0.12,6674.45,0.75,0.65,64.16,374.56,47.83,59.58,11.68,5.4275,12.49
2022-02-21,1351.48,0.29,2489.11,0.38,4127.34,0.45,0.76,32.6,313.49,29.92,78.98,3.52,2.6635714285714287,3.58
2022-02-21,41.11,0.08,47.13,0.09,50.85,0.1,0.9,5.66,70.64,44.44,33.36,2.09,0.5599999999999999,3.74
2022-02-21,159.57,0.16,332.8,0.23,438.61,0.31,0.6,6.71,52.85,28.39,55.9,3.29,3.5228571428571436,1.04
2022-02-21,511.19,0.08,915.5,0.13,1584.98,0.2,0.53,42.54,213.09,45.48,76.21,7.8,0.0,6.43
2022-02-22,3783.28,0.23,6006.34,0.26,7444.99,0.26,0.6,34.29,277.7,38.54,70.98,6.81,1.7757142857142856,4.11
2022-02-22,2517.45,0.36,3335.3,0.4,4042.38,0.4,0.83,21.05,205.25,50.93,69.46,1.71,0.0,1.17
2022-02-22,518.86,0.09,198.61,0.06,136.04,0.05,1.51,5.72,155.87,40.01,77.7,0.28,0.015357142857142857,0.91
2022-02-22,1498.29,0.22,2848.98,0.32,3871.02,0.38,0.74,13.9,88.02,44.95,73.85,4.81,0.002142857142857143,1.31
2022-02-22,880.44,0.07,1233.18,0.06,1495.13,0.06,0.78,5.24,175.06,29.06,77.81,2.77,0.0,1.98
2022-02-22,159.57,0.19,332.8,0.19,438.61,0.3,0.59,6.79,48.92,28.38,55.98,3.29,3.4892857142857143,1.04
2022-02-22,511.19,0.08,915.5,0.12,1584.98,0.18,0.52,40.84,203.1,45.48,76.24,7.8,0.0,6.43
2022-02-22,1223.33,0.11,1728.64,0.11,2492.45,0.13,0.7,18.95,283.23,47.37,85.75,6.3,0.375,4.85
2022-02-22,2540.03,0.22,3835.66,0.24,3743.16,0.25,0.8,39.64,399.37,36.16,66.14,3.87,3.0907142857142857,5.05
2022-02-22,3481.69,0.07,6040.61,0.1,6674.45,0.47,0.62,61.32,363.23,47.83,59.58,11.68,5.416071428571429,12.49
2022-02-22,731.57,0.23,1146.27,0.28,1868.96,0.31,0.7,28.81,199.46,38.53,86.24,5.1,0.2342857142857143,2.82
2022-02-22,1351.48,0.28,2489.11,0.36,4127.34,0.44,0.75,31.23,300.62,29.91,78.99,3.52,2.740357142857143,3.58
2022-02-22,936.46,0.27,1096.53,0.27,1460.23,0.36,0.87,8.52,104.59,37.58,83.79,3.17,3.2028571428571433,1.77
2022-02-22,2130.58,0.24,3795.13,0.28,5177.06,0.31,0.65,47.7,458.48,44.36,80.04,4.44,1.445,3.88
2022-02-23,518.86,0.09,198.61,0.06,136.04,0.06,1.48,6.01,161.38,40.01,77.84,0.28,0.015,0.91
2022-02-23,3783.28,0.22,6006.34,0.26,7444.99,0.26,0.59,32.7,263.94,38.54,70.98,6.81,1.7825,4.11
2022-02-23,880.44,0.07,1233.18,0.06,1495.13,0.06,0.78,5.32,170.13,29.06,77.83,2.77,0.0,1.98
2022-02-23,699.0,0.49,721.1,0.43,571.42,0.36,0.98,16.5,235.78,47.22,82.09,0.64,1.3800000000000001,1.67
2022-02-23,1223.33,0.11,1728.64,0.11,2492.45,0.13,0.71,18.18,274.4,47.34,85.77,6.3,0.375,4.85
2022-02-23,1498.29,0.22,2848.98,0.3,3871.02,0.36,0.74,15.44,97.28,44.95,73.87,4.81,0.0025,1.31
2022-02-23,159.57,0.15,332.8,0.2,438.61,0.28,0.58,6.46,45.48,28.38,56.05,3.29,3.455714285714286,1.04
2022-02-23,1351.48,0.27,2489.11,0.34,4127.34,0.43,0.75,30.2,287.41,29.88,79.04,3.52,2.8171428571428576,3.58
2022-02-23,731.57,0.22,1146.27,0.27,1868.96,0.3,0.7,28.41,187.14,38.45,86.26,5.1,0.23107142857142857,2.82
2022-02-23,1624.64,0.37,2281.26,0.44,2451.74,0.58,0.63,24.01,622.57,36.11,48.62,8.73,1.695,8.86
2022-02-23,511.19,0.07,915.5,0.11,1584.98,0.17,0.52,38.86,192.87,45.47,76.27,7.8,0.0,6.43
2022-02-23,2517.45,0.36,3335.3,0.39,4042.38,0.4,0.84,21.28,197.47,50.93,69.46,1.71,0.0,1.17
2022-02-23,259.44,0.13,347.06,0.15,456.32,0.19,0.75,18.18,192.1,66.03,84.43,3.61,3.540357142857143,2.26
2022-02-23,41.11,0.08,47.13,0.09,50.85,0.1,0.9,5.48,67.22,44.44,33.48,2.09,0.625,3.74
2022-02-23,2540.03,0.21,3835.66,0.24,3743.16,0.24,0.76,37.93,390.41,36.16,66.15,3.87,3.161785714285714,5.05
2022-02-23,3481.69,0.06,6040.61,0.1,6674.45,0.32,0.59,58.97,356.63,47.83,59.59,11.68,5.404642857142858,12.49
2022-02-23,2130.58,0.24,3795.13,0.28,5177.06,0.31,0.66,46.1,450.92,30.04,80.06,4.44,1.4125,3.88
2022-02-24,41.11,0.08,47.13,0.09,50.85,0.1,0.9,5.54,67.35,44.44,33.55,2.09,0.6575,3.74
2022-02-24,1351.48,0.26,2489.11,0.33,4127.34,0.42,0.75,30.03,279.09,29.88,79.04,3.52,2.8939285714285714,3.58
2022-02-24,1223.33,0.11,1728.64,0.11,2492.45,0.12,0.72,17.57,264.22,47.32,85.78,6.3,0.375,4.85
2022-02-24,511.19,0.07,915.5,0.11,1584.98,0.16,0.53,37.08,182.86,45.46,76.3,7.8,0.0,6.43
2022-02-24,936.46,0.23,1096.53,0.26,1460.23,0.31,0.92,7.95,96.57,37.57,83.87,3.17,3.2014285714285715,1.77
2022-02-24,2130.58,0.23,3795.13,0.27,5177.06,0.3,0.66,45.05,440.08,30.02,80.06,4.44,1.3800000000000003,3.88
2022-02-24,3481.69,0.06,6040.61,0.09,6674.45,0.24,0.58,56.14,347.2,47.82,59.6,11.68,5.393214285714286,12.49
2022-02-24,3783.28,0.21,6006.34,0.26,7444.99,0.27,0.58,31.54,257.49,38.54,70.98,6.81,1.7771428571428574,4.11
2022-02-24,1498.29,0.22,2848.98,0.28,3871.02,0.36,0.75,12.35,92.65,44.95,73.89,4.81,0.0025,1.31
2022-02-24,518.86,0.09,198.61,0.06,136.04,0.05,1.44,6.36,170.28,40.01,78.0,0.28,0.014285714285714287,0.91
2022-02-24,2540.03,0.21,3835.66,0.23,3743.16,0.24,0.75,36.21,383.46,36.16,66.16,3.87,3.2328571428571427,5.05
2022-02-24,159.57,0.16,332.8,0.16,438.61,0.26,0.58,6.05,41.39,28.38,56.14,3.29,3.4221428571428567,1.04
2022-02-24,259.44,0.13,347.06,0.15,456.32,0.17,0.75,18.07,187.57,66.03,84.45,3.61,3.5660714285714286,2.26
2022-02-24,2517.45,0.36,3335.3,0.39,4042.38,0.4,0.84,20.14,191.18,14.81,69.47,1.71,0.0,1.17
2022-02-24,880.44,0.05,1233.18,0.07,1495.13,0.06,0.79,4.89,167.73,29.06,77.84,2.77,0.0,1.98
2022-02-25,880.44,0.05,1233.18,0.07,1495.13,0.06,0.8,4.96,162.36,29.06,77.85,2.77,0.0,1.98
2022-02-25,936.46,0.24,1096.53,0.26,1460.23,0.26,0.94,7.26,94.24,37.56,83.92,3.17,3.200714285714286,1.77
2022-02-25,2326.96,0.17,4224.69,0.22,5558.26,0.23,0.73,12.36,188.49,17.59,94.6,4.87,2.3024999999999998,4.09
2022-02-25,511.19,0.06,915.5,0.1,1584.98,0.15,0.54,35.26,173.46,45.45,76.34,7.8,0.0,6.43
2022-02-25,159.57,0.15,332.8,0.2,438.61,0.27,0.58,5.81,39.59,28.37,56.22,3.29,3.3885714285714283,1.04
2022-02-25,2517.45,0.36,3335.3,0.38,4042.38,0.4,0.87,18.19,187.86,14.81,69.47,1.71,0.0,1.17
2022-02-25,4098.68,0.57,4997.19,0.58,4648.05,0.61,0.61,7.12,58.87,34.69,71.35,0.57,0.0,0.76
2022-02-25,1223.33,0.11,1728.64,0.11,2492.45,0.12,0.73,16.72,252.98,47.29,85.8,6.3,0.375,4.85
2022-02-25,3783.28,0.2,6006.34,0.25,7444.99,0.26,0.58,30.58,233.99,38.54,70.98,6.81,1.7717857142857143,4.11
2022-02-25,259.44,0.12,347.06,0.15,456.32,0.16,0.76,17.76,182.32,66.02,84.47,3.61,3.5917857142857144,2.26
2022-02-25,2540.03,0.2,3835.66,0.24,3743.16,0.24,0.74,34.69,362.02,36.16,66.16,3.87,3.3039285714285715,5.05
2022-02-25,7806.0,0.34,6999.98,0.3,7780.05,0.27,0.86,5.61,274.55,14.44,80.51,3.53,3.2989285714285717,5.81
2022-02-25,1498.29,0.23,2848.98,0.26,3871.02,0.35,0.77,12.35,63.31,44.95,73.91,4.81,0.0025,1.31
2022-02-25,3481.69,0.06,6040.61,0.09,6674.45,0.19,0.57,53.31,332.1,47.82,59.6,11.68,5.381785714285714,12.49
2022-02-25,2130.58,0.23,3795.13,0.26,5177.06,0.3,0.66,43.8,430.51,29.99,80.08,4.44,1.3414285714285714,3.88
2022-02-25,1351.48,0.25,2489.11,0.32,4127.34,0.4,0.75,29.0,268.62,29.88,79.05,3.52,2.9707142857142856,3.58
2022-02-25,3515.81,0.05,3651.76,0.06,3474.77,0.05,0.95,20.92,254.04,48.53,76.65,2.0,1.8125,3.17
2022-02-25,518.86,0.1,198.61,0.07,136.04,0.05,1.4,6.92,176.64,40.01,78.13,0.28,0.01357142857142857,0.91
2022-02-26,936.46,0.22,1096.53,0.27,1460.23,0.24,0.96,7.03,91.38,37.55,83.95,3.17,3.1999999999999997,1.77
2022-02-26,518.86,0.1,198.61,0.08,136.04,0.06,1.37,7.01,172.96,40.01,78.35,0.28,0.012857142857142857,0.91
2022-02-26,3481.69,0.05,6040.61,0.08,6674.45,0.16,0.56,51.42,325.02,43.86,59.6,11.68,5.370357142857142,12.49
2022-02-26,3783.28,0.2,6006.34,0.25,7444.99,0.27,0.57,32.49,224.47,38.54,70.98,6.81,1.7664285714285715,4.11
2022-02-26,159.57,0.14,332.8,0.16,438.61,0.28,0.58,5.56,37.14,28.37,56.27,3.29,3.3550000000000004,1.04
2022-02-26,511.19,0.06,915.5,0.09,1584.98,0.14,0.54,33.22,162.03,45.45,76.36,7.8,0.0,6.43
2022-02-26,2130.58,0.22,3795.13,0.26,5177.06,0.3,0.66,43.03,422.22,29.97,80.08,4.44,1.302857142857143,3.88
2022-02-26,259.44,0.11,347.06,0.16,456.32,0.16,0.77,16.54,174.49,66.02,84.48,3.61,3.6174999999999997,2.26
2022-02-26,1223.33,0.11,1728.64,0.11,2492.45,0.12,0.74,16.14,242.9,47.26,85.82,6.3,0.375,4.85
2022-02-26,2517.45,0.36,3335.3,0.38,4042.38,0.4,0.87,19.11,186.49,14.81,69.47,1.71,0.0,1.17
2022-02-26,1351.48,0.24,2489.11,0.31,4127.34,0.4,0.76,28.31,251.46,29.85,79.09,3.52,3.0475000000000003,3.58
2022-02-26,41.11,0.08,47.13,0.08,50.85,0.1,0.89,5.18,62.06,44.44,33.62,2.09,0.7225,3.74
2022-02-26,2540.03,0.2,3835.66,0.23,3743.16,0.25,0.73,33.83,332.86,36.16,66.16,3.87,3.375,5.05
2022-02-26,1498.29,0.24,2848.98,0.24,3871.02,0.34,0.8,13.9,54.05,44.95,73.93,4.81,0.0025,1.31
2022-02-26,880.44,0.05,1233.18,0.07,1495.13,0.06,0.8,4.86,162.6,29.06,77.87,2.77,0.0,1.98
2022-02-27,747.09,0.1,518.86,0.08,198.61,0.06,1.33,7.28,182.3,40.01,78.54,0.38,0.012142857142857141,1.35
2022-02-27,2127.68,0.19,3783.28,0.24,6006.34,0.27,0.57,32.7,230.71,38.54,70.98,6.89,1.7610714285714286,3.01
2022-02-27,827.98,0.24,1351.48,0.3,2489.11,0.39,0.76,27.02,250.0,29.84,79.09,3.99,3.100357142857143,2.13
2022-02-27,303.26,0.36,970.72,0.73,2598.09,0.62,0.45,8.25,189.3,15.5,73.08,4.51,0.0,4.39
2022-02-27,1257.82,0.22,2130.58,0.26,3795.13,0.3,0.67,43.1,422.38,29.97,80.08,4.42,1.2642857142857142,2.96
2022-02-27,38.77,0.08,41.11,0.08,47.13,0.09,0.89,5.23,61.02,40.74,33.63,2.68,0.7549999999999999,1.32
2022-02-27,2955.36,0.34,3238.28,0.33,3046.28,0.29,0.96,48.73,518.3,42.51,45.9,3.58,3.3785714285714286,5.56
2022-02-27,651.47,0.18,879.64,0.22,1131.06,0.23,0.73,88.62,843.56,43.88,30.57,13.21,12.156071428571426,9.63
2022-02-27,296.21,0.06,511.19,0.09,915.5,0.14,0.54,31.86,156.59,45.45,76.37,7.34,0.0,5.46
2022-02-27,894.88,0.28,1031.36,0.3,1013.95,0.31,0.96,12.34,125.62,17.59,81.08,1.65,0.0,1.68
2022-02-27,4151.99,0.58,4015.28,0.6,5082.3,0.55,0.94,12.82,491.68,45.33,64.6,4.76,1.2532142857142856,6.77
2022-02-27,874.72,0.24,936.46,0.25,1096.53,0.24,0.97,6.84,92.29,37.55,83.97,2.38,3.134642857142857,1.32
2022-02-27,931.1,0.34,1624.64,0.4,2281.26,0.47,0.64,19.94,560.43,36.11,48.64,9.21,1.695,7.74
2022-02-27,1921.44,0.05,3481.69,0.08,6040.61,0.14,0.55,51.89,331.63,43.86,59.6,11.28,5.358928571428571,10.2
2022-02-27,926.48,0.24,1498.29,0.24,2848.98,0.34,0.82,13.9,55.59,44.95,73.93,3.28,0.0025,1.75
2022-02-27,1730.25,0.2,2540.03,0.23,3835.66,0.24,0.72,34.88,336.96,36.16,66.16,5.19,3.4717857142857147,4.78
2022-02-27,72.5,0.13,159.57,0.18,332.8,0.22,0.58,5.73,36.65,28.37,56.28,2.15,3.2142857142857144,0.4
2022-02-27,897.23,0.11,1223.33,0.11,1728.64,0.12,0.75,15.82,240.83,47.24,85.83,5.47,0.35357142857142854,3.76
2022-02-27,196.77,0.11,259.44,0.16,347.06,0.16,0.78,16.05,174.08,66.02,84.48,3.01,3.5646428571428572,1.71
2022-02-27,662.24,0.05,880.44,0.07,1233.18,0.06,0.8,4.95,161.25,29.06,77.88,2.17,0.0,1.77
2022-02-27,1828.07,0.36,2517.45,0.38,3335.3,0.4,0.87,18.88,187.52,14.81,69.47,1.72,0.0,1.35
2022-02-28,1921.44,0.05,3481.69,0.08,6040.61,0.12,0.54,52.83,331.16,14.27,59.61,11.28,5.347499999999999,10.2
2022-02-28,926.48,0.24,1498.29,0.23,2848.98,0.34,0.84,13.9,50.96,44.95,73.94,3.28,0.0025,1.75
2022-02-28,1257.82,0.21,2130.58,0.25,3795.13,0.29,0.67,42.84,418.55,29.95,80.09,4.42,1.2257142857142858,2.96
2022-02-28,1730.25,0.21,2540.03,0.22,3835.66,0.25,0.72,36.5,373.26,36.16,66.17,5.19,3.5685714285714285,4.78
2022-02-28,897.23,0.11,1223.33,0.11,1728.64,0.11,0.75,15.72,242.27,47.21,85.84,5.47,0.3321428571428572,3.76
2022-02-28,196.77,0.12,259.44,0.15,347.06,0.16,0.79,15.97,175.53,54.16,84.49,3.01,3.5117857142857143,1.71
2022-02-28,2127.68,0.18,3783.28,0.23,6006.34,0.26,0.56,30.8,224.04,38.53,70.99,6.89,1.7557142857142856,3.01
2022-02-28,827.98,0.23,1351.48,0.29,2489.11,0.38,0.76,27.02,257.38,29.84,79.09,3.99,3.1532142857142857,2.13
2022-02-28,747.09,0.1,518.86,0.09,198.61,0.06,1.3,8.02,189.08,40.01,78.69,0.38,0.011428571428571429,1.35
2022-02-28,1828.07,0.36,2517.45,0.37,3335.3,0.4,0.87,17.28,188.2,14.81,69.48,1.72,0.0,1.35
2022-02-28,474.69,0.19,731.57,0.24,1146.27,0.28,0.72,24.58,157.76,38.43,86.27,4.18,0.21500000000000002,1.98
2022-02-28,296.21,0.06,511.19,0.08,915.5,0.13,0.54,30.9,151.66,45.44,76.4,7.34,0.0,5.46
2022-02-28,662.24,0.05,880.44,0.07,1233.18,0.07,0.8,4.8,163.99,29.06,77.89,2.17,0.0,1.77
2022-02-28,72.5,0.12,159.57,0.16,332.8,0.23,0.58,5.32,36.81,28.37,56.34,2.15,3.073571428571429,0.4
2022-02-28,874.72,0.24,936.46,0.27,1096.53,0.28,0.99,6.53,91.95,35.37,84.01,2.38,3.0692857142857144,1.32
2022-03-01,827.98,0.22,1351.48,0.28,2489.11,0.36,0.77,24.45,241.68,29.84,79.1,3.99,3.2060714285714282,2.13
2022-03-01,72.5,0.11,159.57,0.19,332.8,0.19,0.58,4.58,34.93,28.37,56.42,2.15,2.932857142857143,0.4
2022-03-01,1828.07,0.37,2517.45,0.36,3335.3,0.4,0.89,17.5,184.32,14.81,69.48,1.72,0.0,1.35
2022-03-01,296.21,0.05,511.19,0.08,915.5,0.12,0.56,30.08,146.11,45.43,76.42,7.34,0.0,5.46
2022-03-01,926.48,0.26,1498.29,0.22,2848.98,0.32,0.86,13.9,47.87,44.95,73.96,3.28,0.0025,1.75
2022-03-01,2127.68,0.17,3783.28,0.23,6006.34,0.26,0.55,30.48,208.06,38.53,70.99,6.89,1.7503571428571427,3.01
2022-03-01,874.72,0.23,936.46,0.27,1096.53,0.27,1.0,6.57,88.7,35.37,84.06,2.38,3.0039285714285713,1.32
2022-03-01,897.23,0.11,1223.33,0.11,1728.64,0.11,0.75,15.18,236.66,47.19,85.85,5.47,0.3107142857142858,3.76
2022-03-01,662.24,0.05,880.44,0.07,1233.18,0.06,0.82,4.62,160.05,29.06,77.9,2.17,0.0,1.77
2022-03-01,38.77,0.08,41.11,0.09,47.13,0.08,0.88,5.23,61.02,40.74,33.74,2.68,0.8260714285714287,1.32
2022-03-01,474.69,0.18,731.57,0.23,1146.27,0.28,0.73,24.14,147.06,38.42,86.28,4.18,0.2125,1.98
2022-03-01,1257.82,0.21,2130.58,0.24,3795.13,0.28,0.67,41.91,406.5,29.94,80.1,4.42,1.187142857142857,2.96
2022-03-01,747.09,0.11,518.86,0.09,198.61,0.06,1.27,8.43,182.45,40.01,78.85,0.38,0.010714285714285714,1.35
2022-03-01,1921.44,0.05,3481.69,0.07,6040.61,0.1,0.51,52.36,326.91,14.26,59.61,11.28,5.3221428571428575,10.2
2022-03-01,1730.25,0.2,2540.03,0.22,3835.66,0.24,0.7,34.97,350.39,36.15,66.17,5.19,3.6653571428571428,4.78
2022-03-02,1730.25,0.2,2540.03,0.21,3835.66,0.24,0.7,35.74,332.48,36.15,66.17,5.19,3.7621428571428575,4.78
2022-03-02,196.77,0.12,259.44,0.13,347.06,0.15,0.83,15.71,166.56,54.14,84.53,3.01,3.406071428571429,1.71
2022-03-02,926.48,0.26,1498.29,0.22,2848.98,0.3,0.88,9.26,41.69,44.95,73.97,3.28,0.0025,1.75
2022-03-02,72.5,0.11,159.57,0.15,332.8,0.2,0.58,4.5,32.56,28.36,56.5,2.15,2.7921428571428573,0.4
2022-03-02,296.21,0.05,511.19,0.07,915.5,0.11,0.57,28.44,139.05,45.43,76.45,7.34,0.0,5.46
2022-03-02,1921.44,0.06,3481.69,0.06,6040.61,0.1,0.51,54.25,312.29,14.26,59.61,11.28,5.296785714285714,10.2
2022-03-02,38.77,0.08,41.11,0.08,47.13,0.09,0.88,5.23,61.02,40.74,33.81,2.68,0.8646428571428572,1.32
2022-03-02,1257.82,0.2,2130.58,0.24,3795.13,0.28,0.67,40.6,396.4,29.91,80.11,4.42,1.1485714285714284,2.96
2022-03-02,474.69,0.18,731.57,0.22,1146.27,0.27,0.74,22.9,137.79,38.42,86.28,4.18,0.21000000000000002,1.98
2022-03-02,827.98,0.22,1351.48,0.27,2489.11,0.34,0.78,24.79,233.36,29.82,79.12,3.99,3.2589285714285716,2.13
2022-03-02,1828.07,0.38,2517.45,0.36,3335.3,0.39,0.91,17.5,173.56,14.81,69.48,1.72,0.0,1.35
2022-03-02,931.1,0.28,1624.64,0.37,2281.26,0.44,0.59,18.77,474.42,36.11,48.65,9.21,1.9371428571428573,7.74
2022-03-02,2127.68,0.16,3783.28,0.22,6006.34,0.26,0.56,28.47,197.16,38.53,70.99,6.89,1.7449999999999999,3.01
2022-03-02,747.09,0.11,518.86,0.09,198.61,0.06,1.24,8.99,186.99,40.01,79.0,0.38,0.01,1.35
2022-03-02,662.24,0.05,880.44,0.07,1233.18,0.06,0.84,4.5,159.34,29.05,77.91,2.17,0.0,1.77
2022-03-02,897.23,0.1,1223.33,0.11,1728.64,0.11,0.75,15.01,227.2,47.17,85.86,5.47,0.28928571428571426,3.76
2022-03-02,654.36,0.45,699.0,0.49,721.1,0.43,0.84,17.26,235.84,47.22,82.14,1.18,2.7600000000000002,1.66
2022-03-03,1921.44,0.07,3481.69,0.06,6040.61,0.09,0.52,52.83,300.97,14.26,59.61,11.28,5.271428571428571,10.2
2022-03-03,926.48,0.27,1498.29,0.22,2848.98,0.28,0.9,12.35,43.24,44.95,73.98,3.28,0.0025,1.75
2022-03-03,2127.68,0.16,3783.28,0.21,6006.34,0.26,0.56,28.47,186.79,38.53,70.99,6.89,1.7342857142857144,3.01
2022-03-03,1730.25,0.21,2540.03,0.21,3835.66,0.23,0.7,35.35,327.43,36.15,66.18,5.19,3.8589285714285717,4.78
2022-03-03,897.23,0.1,1223.33,0.11,1728.64,0.11,0.75,14.21,219.59,47.15,85.87,5.47,0.26785714285714285,3.76
2022-03-03,874.72,0.29,936.46,0.23,1096.53,0.26,1.01,6.0,79.15,35.35,84.14,2.38,2.8732142857142855,1.32
2022-03-03,1828.07,0.39,2517.45,0.36,3335.3,0.39,0.94,16.7,167.95,14.81,69.49,1.72,0.0,1.35
2022-03-03,72.5,0.11,159.57,0.16,332.8,0.16,0.58,4.01,31.0,28.36,56.6,2.15,2.6514285714285712,0.4
2022-03-03,747.09,0.12,518.86,0.09,198.61,0.06,1.21,9.64,194.06,40.01,79.14,0.38,0.009642857142857144,1.35
2022-03-03,296.21,0.05,511.19,0.07,915.5,0.11,0.57,26.94,131.19,45.42,76.48,7.34,0.0,5.46
2022-03-03,827.98,0.21,1351.48,0.26,2489.11,0.33,0.79,23.08,223.23,29.81,79.13,3.99,3.3117857142857146,2.13
2022-03-03,662.24,0.05,880.44,0.05,1233.18,0.07,0.87,4.28,155.12,29.05,77.92,2.17,0.0,1.77
2022-03-03,931.1,0.27,1624.64,0.36,2281.26,0.43,0.58,16.74,452.88,36.11,48.65,9.21,2.058214285714286,7.74
2022-03-03,474.69,0.18,731.57,0.21,1146.27,0.26,0.75,21.87,128.54,38.41,86.33,4.18,0.20750000000000002,1.98
2022-03-03,1257.82,0.2,2130.58,0.23,3795.13,0.27,0.68,39.17,385.15,29.9,80.11,4.42,1.1099999999999999,2.96
2022-03-04,1257.82,0.19,2130.58,0.23,3795.13,0.26,0.7,37.54,375.8,29.89,80.12,4.42,1.0692857142857144,2.96
2022-03-04,827.98,0.2,1351.48,0.25,2489.11,0.32,0.8,21.45,214.74,29.81,79.14,3.99,3.3646428571428575,2.13
2022-03-04,1828.07,0.39,2517.45,0.36,3335.3,0.38,0.96,17.05,161.32,14.81,69.49,1.72,0.0,1.35
2022-03-04,1451.45,0.16,2326.96,0.17,4224.69,0.22,0.75,9.54,146.14,17.59,94.67,4.13,2.2385714285714284,2.77
2022-03-04,874.72,0.28,936.46,0.24,1096.53,0.26,1.02,5.73,77.36,35.34,84.18,2.38,2.807857142857143,1.32
2022-03-04,296.21,0.05,511.19,0.06,915.5,0.1,0.59,25.44,124.26,45.41,76.5,7.34,0.0,5.46
2022-03-04,3166.66,0.05,3515.81,0.05,3651.76,0.06,0.97,22.37,277.75,47.79,76.7,2.68,2.306785714285714,3.36
2022-03-04,1921.44,0.08,3481.69,0.06,6040.61,0.09,0.53,55.19,280.68,14.26,59.62,11.28,5.246071428571429,10.2
2022-03-04,926.48,0.27,1498.29,0.23,2848.98,0.26,0.92,9.26,44.78,44.95,73.99,3.28,0.0025,1.75
2022-03-04,38.77,0.08,41.11,0.08,47.13,0.1,0.87,5.23,61.02,40.74,33.93,2.68,0.9417857142857143,1.32
2022-03-04,72.5,0.1,159.57,0.15,332.8,0.2,0.59,4.42,28.06,28.36,56.66,2.15,2.5107142857142857,0.4
2022-03-04,196.77,0.12,259.44,0.12,347.06,0.15,0.85,14.43,158.08,54.13,84.55,3.01,3.3003571428571425,1.71
2022-03-04,2606.89,0.62,4098.68,0.57,4997.19,0.58,0.76,6.6,55.0,30.5,71.36,0.72,0.0,0.47
2022-03-04,1730.25,0.21,2540.03,0.2,3835.66,0.24,0.71,31.54,311.04,36.15,66.18,5.19,3.955714285714286,4.78
2022-03-04,747.09,0.12,518.86,0.1,198.61,0.07,1.18,9.78,192.23,40.01,79.28,0.38,0.009285714285714286,1.35
2022-03-04,897.23,0.1,1223.33,0.11,1728.64,0.11,0.76,13.53,211.82,47.13,85.88,5.47,0.24642857142857144,3.76
2022-03-04,6371.81,0.32,7806.0,0.34,6999.98,0.3,0.74,7.65,299.54,14.44,80.52,4.24,4.016785714285715,6.29
2022-03-04,2127.68,0.15,3783.28,0.2,6006.34,0.25,0.57,27.83,177.06,38.53,70.99,6.89,1.7235714285714288,3.01
2022-03-04,662.24,0.05,880.44,0.05,1233.18,0.07,0.89,4.01,153.31,29.05,77.94,2.17,0.0,1.77
2022-03-05,926.48,0.26,1498.29,0.24,2848.98,0.24,0.94,9.26,41.69,44.95,74.01,3.28,0.0025,1.75
2022-03-05,747.09,0.13,518.86,0.1,198.61,0.08,1.15,10.25,195.8,40.01,79.44,0.38,0.008928571428571428,1.35
2022-03-05,1257.82,0.19,2130.58,0.22,3795.13,0.26,0.72,36.63,372.55,29.87,80.13,4.42,1.0285714285714287,2.96
2022-03-05,2127.68,0.15,3783.28,0.2,6006.34,0.25,0.57,26.88,169.65,38.53,70.99,6.89,1.7128571428571426,3.01
2022-03-05,1921.44,0.1,3481.69,0.05,6040.61,0.08,0.55,50.0,253.79,14.26,59.62,11.28,5.220714285714285,10.2
2022-03-05,897.23,0.1,1223.33,0.11,1728.64,0.11,0.76,12.92,200.99,47.11,85.89,5.47,0.225,3.76
2022-03-05,874.72,0.28,936.46,0.22,1096.53,0.27,1.04,5.23,76.21,35.34,84.21,2.38,2.7425,1.32
2022-03-05,827.98,0.2,1351.48,0.24,2489.11,0.31,0.81,19.82,199.21,29.8,79.15,3.99,3.4175000000000004,2.13
2022-03-05,1730.25,0.21,2540.03,0.2,3835.66,0.23,0.71,30.4,277.4,36.15,66.18,5.19,4.0525,4.78
2022-03-05,72.5,0.1,159.57,0.14,332.8,0.16,0.59,4.5,28.14,28.36,56.69,2.15,2.37,0.4
2022-03-05,1828.07,0.39,2517.45,0.36,3335.3,0.38,0.99,16.59,158.23,14.81,69.49,1.72,0.0,1.35
2022-03-05,296.21,0.04,511.19,0.06,915.5,0.09,0.62,23.64,116.11,45.41,76.52,7.34,0.0,5.46
2022-03-05,196.77,0.11,259.44,0.11,347.06,0.16,0.86,13.84,149.24,54.13,84.56,3.01,3.2475,1.71
2022-03-05,662.24,0.04,880.44,0.05,1233.18,0.07,0.92,3.78,149.27,29.05,77.95,2.17,0.0,1.77
2022-03-06,572.58,0.19,827.98,0.24,1351.48,0.3,0.83,20.68,196.55,29.8,79.15,3.58,3.4014285714285717,1.71
2022-03-06,527.25,0.04,662.24,0.05,880.44,0.07,0.95,4.01,151.56,29.05,77.96,1.98,0.0,1.67
2022-03-06,352.29,0.17,474.69,0.2,731.57,0.25,0.77,20.4,120.25,38.4,86.36,2.82,0.2,1.58
2022-03-06,1222.03,0.14,2127.68,0.19,3783.28,0.24,0.58,27.62,175.47,38.53,70.99,4.11,1.702142857142857,2.1
2022-03-06,874.67,0.19,1257.82,0.22,2130.58,0.26,0.74,36.73,372.75,29.87,80.13,3.88,0.9878571428571429,2.43
2022-03-06,1688.58,0.4,1828.07,0.36,2517.45,0.38,1.02,15.9,159.95,14.81,69.49,1.17,0.0,0.94
2022-03-06,241.04,0.31,303.26,0.36,970.72,0.73,0.53,7.02,165.13,15.5,73.12,5.08,0.0,3.69
2022-03-06,34.12,0.08,38.77,0.08,41.11,0.08,0.86,5.14,58.24,40.74,33.95,3.74,1.0189285714285714,0.81
2022-03-06,191.69,0.04,296.21,0.06,511.19,0.09,0.62,22.45,112.22,45.41,76.53,6.43,0.0,4.05
2022-03-06,27.68,0.09,72.5,0.13,159.57,0.18,0.6,4.01,26.5,28.36,56.69,1.04,2.277142857142857,0.58
2022-03-06,1076.45,0.21,1730.25,0.2,2540.03,0.23,0.72,31.45,280.26,36.15,66.18,5.05,4.148214285714286,4.01
2022-03-06,157.04,0.12,196.77,0.11,259.44,0.16,0.87,13.63,147.84,54.12,84.57,2.26,3.161785714285714,1.6
2022-03-06,815.08,0.13,747.09,0.1,518.86,0.08,1.13,10.4,195.09,40.0,79.57,0.91,0.008571428571428572,2.28
2022-03-06,730.61,0.1,897.23,0.11,1223.33,0.11,0.77,12.42,196.5,47.09,85.9,4.85,0.225,3.27
2022-03-06,2292.89,0.32,2955.36,0.34,3238.28,0.33,0.86,43.24,507.67,38.8,45.91,3.78,2.720357142857143,6.11
2022-03-06,874.57,0.28,874.72,0.24,936.46,0.25,1.05,5.2,76.52,35.33,84.22,1.77,2.6592857142857143,0.82
2022-03-06,3355.54,0.58,4151.99,0.58,4015.28,0.6,0.85,13.57,486.4,45.31,64.64,5.71,1.0189285714285714,6.24
2022-03-06,757.28,0.28,894.88,0.28,1031.36,0.3,0.95,10.75,118.05,17.59,81.17,1.26,0.0,1.48
2022-03-06,843.34,0.12,1921.44,0.05,3481.69,0.08,0.57,50.95,248.13,14.26,59.62,12.49,5.195357142857143,6.82
2022-03-07,527.25,0.05,662.24,0.05,880.44,0.07,0.98,4.3,155.22,23.15,77.97,1.98,0.0,1.67
2022-03-07,1076.45,0.21,1730.25,0.21,2540.03,0.22,0.73,30.68,311.32,36.15,66.19,5.05,4.2439285714285715,4.01
2022-03-07,2969.27,0.21,1801.26,0.17,993.94,0.11,1.36,13.8,380.06,41.57,85.96,0.96,0.034999999999999996,2.86
2022-03-07,815.08,0.13,747.09,0.1,518.86,0.09,1.12,10.64,194.91,40.0,79.68,0.91,0.008214285714285714,2.28
2022-03-07,874.57,0.28,874.72,0.24,936.46,0.27,1.06,5.0,74.11,35.33,84.26,1.77,2.5760714285714283,0.82
2022-03-07,352.29,0.17,474.69,0.19,731.57,0.24,0.78,19.79,113.21,38.4,86.36,2.82,0.1975,1.58
2022-03-07,874.67,0.19,1257.82,0.21,2130.58,0.25,0.76,36.22,369.83,29.86,80.13,3.88,0.9471428571428572,2.43
2022-03-07,730.61,0.1,897.23,0.11,1223.33,0.11,0.79,12.09,195.89,46.57,85.91,4.85,0.225,3.27
2022-03-07,565.96,0.23,931.1,0.32,1624.64,0.39,0.59,15.14,364.84,36.11,48.66,8.86,2.5425,5.26
2022-03-07,843.34,0.13,1921.44,0.05,3481.69,0.08,0.59,49.06,245.3,14.26,59.62,12.49,5.17,6.82
2022-03-07,1238.95,0.26,926.48,0.24,1498.29,0.23,0.97,9.26,41.69,44.95,74.01,1.31,0.0025,1.97
2022-03-07,27.68,0.08,72.5,0.12,159.57,0.16,0.6,4.17,25.69,28.36,56.69,1.04,2.184285714285714,0.58
2022-03-07,572.58,0.19,827.98,0.23,1351.48,0.29,0.84,20.59,199.21,29.79,79.16,3.58,3.3853571428571425,1.71
2022-03-07,157.04,0.11,196.77,0.12,259.44,0.15,0.88,13.76,148.12,45.92,84.58,2.26,3.0760714285714283,1.6
2022-03-07,191.69,0.04,296.21,0.06,511.19,0.08,0.62,21.75,109.32,37.1,76.56,6.43,0.0,4.05
2022-03-07,1688.58,0.41,1828.07,0.36,2517.45,0.37,1.05,16.25,160.4,14.81,69.5,1.17,0.0,0.94
2022-03-07,1222.03,0.14,2127.68,0.18,3783.28,0.23,0.58,27.09,170.92,38.53,70.99,4.11,1.6914285714285715,2.1
2022-03-08,352.29,0.16,474.69,0.18,731.57,0.23,0.81,18.76,109.7,38.39,86.37,2.82,0.19464285714285717,1.58
2022-03-08,1222.03,0.14,2127.68,0.17,3783.28,0.23,0.59,25.72,158.75,21.3,71.0,4.11,1.6807142857142858,2.1
2022-03-08,34.12,0.07,38.77,0.08,41.11,0.09,0.85,5.23,61.02,40.74,34.05,3.74,1.1082142857142858,0.81
2022-03-08,565.96,0.22,931.1,0.3,1624.64,0.38,0.6,15.28,350.87,36.11,48.67,8.86,2.4214285714285713,5.26
2022-03-08,27.68,0.08,72.5,0.11,159.57,0.19,0.61,4.09,23.48,28.36,56.7,1.04,2.0914285714285716,0.58
2022-03-08,572.58,0.19,827.98,0.22,1351.48,0.28,0.86,19.22,187.63,29.79,79.16,3.58,3.369285714285714,1.71
2022-03-08,815.08,0.14,747.09,0.11,518.86,0.09,1.1,11.02,185.87,40.0,79.76,0.91,0.007857142857142858,2.28
2022-03-08,874.57,0.28,874.72,0.23,936.46,0.27,1.08,4.62,72.73,35.32,84.28,1.77,2.492857142857143,0.82
2022-03-08,874.67,0.19,1257.82,0.21,2130.58,0.24,0.78,35.51,360.36,29.85,80.14,3.88,0.9064285714285715,2.43
2022-03-08,1688.58,0.43,1828.07,0.37,2517.45,0.36,1.08,16.36,161.09,14.81,69.5,1.17,0.0,0.94
2022-03-08,527.25,0.06,662.24,0.05,880.44,0.07,1.01,4.12,154.76,23.15,77.98,1.98,0.0,1.67
2022-03-08,730.61,0.1,897.23,0.11,1223.33,0.11,0.8,11.99,189.1,43.78,85.92,4.85,0.225,3.27
2022-03-08,843.34,0.13,1921.44,0.05,3481.69,0.07,0.61,44.34,230.68,14.26,59.62,12.49,5.188571428571429,6.82
2022-03-08,1238.95,0.26,926.48,0.26,1498.29,0.22,0.99,9.26,47.87,44.95,74.03,1.31,0.0025,1.97
2022-03-08,191.69,0.04,296.21,0.05,511.19,0.08,0.61,21.13,104.47,37.1,76.58,6.43,0.0,4.05
2022-03-08,1076.45,0.21,1730.25,0.2,2540.03,0.22,0.74,29.54,288.74,36.15,66.19,5.05,4.339642857142858,4.01
2022-03-09,815.08,0.14,747.09,0.11,518.86,0.09,1.1,10.61,204.81,40.0,79.84,0.91,0.0075,2.28
2022-03-09,191.69,0.04,296.21,0.05,511.19,0.07,0.59,20.09,99.83,37.09,76.6,6.43,0.0,4.05
2022-03-09,730.61,0.09,897.23,0.1,1223.33,0.11,0.82,11.54,180.14,43.78,85.93,4.85,0.225,3.27
2022-03-09,1688.58,0.44,1828.07,0.38,2517.45,0.36,1.11,15.79,160.86,14.81,69.5,1.17,0.0,0.94
2022-03-09,1222.03,0.13,2127.68,0.16,3783.28,0.22,0.61,24.45,152.29,21.3,71.0,4.11,1.6700000000000002,2.1
2022-03-09,352.29,0.16,474.69,0.18,731.57,0.22,0.82,18.48,105.43,38.39,86.38,2.82,0.19178571428571428,1.58
2022-03-09,27.68,0.07,72.5,0.11,159.57,0.15,0.62,3.68,24.95,28.35,56.76,1.04,1.9985714285714287,0.58
2022-03-09,157.04,0.11,196.77,0.12,259.44,0.13,0.9,13.44,142.09,44.42,84.6,2.26,2.904642857142857,1.6
2022-03-09,1076.45,0.21,1730.25,0.2,2540.03,0.21,0.76,27.25,265.48,36.15,66.19,5.05,4.435357142857144,4.01
2022-03-09,572.58,0.19,827.98,0.22,1351.48,0.27,0.88,18.36,182.74,29.79,79.17,3.58,3.353214285714286,1.71
2022-03-09,843.34,0.13,1921.44,0.06,3481.69,0.06,0.64,41.98,221.24,14.26,59.62,12.49,5.207142857142856,6.82
2022-03-09,1238.95,0.26,926.48,0.26,1498.29,0.22,1.01,9.26,46.32,44.95,74.04,1.31,0.0025,1.97
2022-03-09,874.67,0.19,1257.82,0.2,2130.58,0.24,0.8,34.34,351.56,29.83,80.15,3.88,0.8657142857142857,2.43
2022-03-09,527.25,0.07,662.24,0.05,880.44,0.07,1.03,4.13,153.55,23.15,77.99,1.98,0.0,1.67
2022-03-09,537.0,0.37,654.36,0.45,699.0,0.49,0.91,16.27,221.8,47.22,82.2,1.67,3.4499999999999997,1.9
2022-03-10,843.34,0.14,1921.44,0.07,3481.69,0.06,0.68,39.15,204.26,14.26,59.62,12.49,5.225714285714285,6.82
2022-03-10,1688.58,0.46,1828.07,0.39,2517.45,0.36,1.14,15.56,157.77,14.81,69.5,1.17,0.0,0.94
2022-03-10,1076.45,0.21,1730.25,0.21,2540.03,0.21,0.77,24.68,252.34,36.15,66.2,5.05,4.531071428571429,4.01
2022-03-10,730.61,0.09,897.23,0.1,1223.33,0.11,0.86,11.08,173.67,43.76,85.94,4.85,0.225,3.27
2022-03-10,874.57,0.3,874.72,0.29,936.46,0.23,1.11,4.2,66.93,38.09,84.34,1.77,2.3264285714285715,0.82
2022-03-10,1222.03,0.13,2127.68,0.16,3783.28,0.21,0.62,23.39,146.68,21.3,71.0,4.11,1.639642857142857,2.1
2022-03-10,191.69,0.03,296.21,0.05,511.19,0.07,0.59,19.18,94.58,34.65,76.62,6.43,0.0,4.05
2022-03-10,527.25,0.07,662.24,0.05,880.44,0.05,1.05,3.91,151.39,23.15,78.0,1.98,0.0,1.67
2022-03-10,352.29,0.17,474.69,0.18,731.57,0.21,0.83,17.89,101.77,38.38,86.39,2.82,0.18892857142857147,1.58
2022-03-10,572.58,0.2,827.98,0.21,1351.48,0.26,0.9,19.48,180.85,29.78,79.18,3.58,3.337142857142857,1.71
2022-03-10,27.68,0.09,72.5,0.11,159.57,0.16,0.63,3.93,24.13,28.35,56.78,1.04,1.9057142857142857,0.58
2022-03-10,815.08,0.14,747.09,0.12,518.86,0.09,1.09,10.46,207.55,40.0,79.91,0.91,0.0075,2.28
2022-03-10,874.67,0.19,1257.82,0.2,2130.58,0.23,0.82,32.9,341.75,29.83,80.15,3.88,0.8250000000000001,2.43
2022-03-10,1238.95,0.27,926.48,0.27,1498.29,0.22,1.02,7.72,46.32,44.95,74.06,1.31,0.0025,1.97
2022-03-11,157.04,0.13,196.77,0.12,259.44,0.12,0.92,12.77,137.02,44.41,84.62,2.26,2.7332142857142854,1.6
2022-03-11,27.68,0.06,72.5,0.1,159.57,0.15,0.65,4.01,23.89,28.35,56.93,1.04,1.8128571428571427,0.58
2022-03-11,874.67,0.19,1257.82,0.19,2130.58,0.23,0.85,31.75,333.9,29.82,80.16,3.88,0.7985714285714286,2.43
2022-03-11,191.69,0.03,296.21,0.05,511.19,0.06,0.6,17.85,88.29,34.64,76.64,6.43,0.0,4.05
2022-03-11,874.57,0.31,874.72,0.28,936.46,0.24,1.12,4.28,66.93,38.08,84.37,1.77,2.2432142857142856,0.82
2022-03-11,1688.58,0.48,1828.07,0.39,2517.45,0.36,1.17,15.56,151.48,14.81,69.5,1.17,0.0,0.94
2022-03-11,527.25,0.07,662.24,0.05,880.44,0.05,1.07,3.81,154.38,23.15,78.01,1.98,0.0,1.67
2022-03-11,2917.73,0.05,3166.66,0.05,3515.81,0.05,1.08,21.81,282.34,47.78,76.75,3.17,2.742142857142857,3.59
2022-03-11,572.58,0.2,827.98,0.2,1351.48,0.25,0.93,18.62,175.96,29.78,79.18,3.58,3.321071428571429,1.71
2022-03-11,1076.45,0.21,1730.25,0.21,2540.03,0.2,0.78,23.16,241.19,36.15,66.2,5.05,4.626785714285715,4.01
2022-03-11,4342.78,0.28,6371.81,0.32,7806.0,0.34,0.72,5.78,272.34,11.66,80.53,5.81,4.847499999999999,7.07
2022-03-11,1098.69,0.16,1451.45,0.16,2326.96,0.17,0.84,8.18,123.36,17.59,94.69,4.09,2.2039285714285715,2.13
2022-03-11,843.34,0.14,1921.44,0.08,3481.69,0.06,0.72,37.74,190.58,14.26,59.63,12.49,5.244285714285715,6.82
2022-03-11,815.08,0.14,747.09,0.12,518.86,0.1,1.09,10.25,210.09,40.0,79.98,0.91,0.0075,2.28
2022-03-11,1942.42,0.69,2606.89,0.62,4098.68,0.57,1.31,6.49,49.42,30.5,71.37,0.76,0.0,0.56
2022-03-11,730.61,0.09,897.23,0.1,1223.33,0.11,0.9,10.59,168.06,43.76,85.94,4.85,0.225,3.27
2022-03-11,1238.95,0.27,926.48,0.27,1498.29,0.23,1.04,9.26,50.96,44.95,74.07,1.31,0.0025,1.97
2022-03-11,1222.03,0.13,2127.68,0.15,3783.28,0.2,0.65,23.07,135.68,21.3,71.0,4.11,1.6092857142857144,2.1
2022-03-11,34.12,0.07,38.77,0.08,41.11,0.08,0.86,5.23,61.02,40.74,34.22,3.74,1.2603571428571427,0.81
2022-03-12,157.04,0.14,196.77,0.11,259.44,0.11,0.92,12.56,132.26,44.4,84.62,2.26,2.6475,1.6
2022-03-12,2969.27,0.28,1801.26,0.2,993.94,0.15,1.43,17.29,352.19,40.74,85.98,0.96,0.026071428571428572,2.86
2022-03-12,27.68,0.05,72.5,0.1,159.57,0.14,0.67,3.68,24.13,28.34,56.96,1.04,1.72,0.58
2022-03-12,1076.45,0.21,1730.25,0.21,2540.03,0.2,0.8,22.78,210.88,36.15,66.2,5.05,4.722499999999999,4.01
2022-03-12,1688.58,0.49,1828.07,0.39,2517.45,0.36,1.19,15.67,152.85,14.81,69.51,1.17,0.0,0.94
2022-03-12,874.67,0.19,1257.82,0.19,2130.58,0.22,0.88,30.6,327.31,29.81,80.16,3.88,0.7721428571428571,2.43
2022-03-12,815.08,0.15,747.09,0.13,518.86,0.1,1.08,10.96,217.78,40.0,80.07,0.91,0.0075,2.28
2022-03-12,874.57,0.31,874.72,0.28,936.46,0.22,1.13,4.32,66.36,38.07,84.39,1.77,2.1599999999999997,0.82
2022-03-12,843.34,0.14,1921.44,0.1,3481.69,0.05,0.76,36.8,174.07,14.26,59.63,12.49,5.262857142857143,6.82
2022-03-12,572.58,0.21,827.98,0.2,1351.48,0.24,0.95,18.19,164.81,29.78,79.19,3.58,3.305,1.71
2022-03-12,1222.03,0.12,2127.68,0.15,3783.28,0.2,0.67,22.33,133.24,21.3,71.0,4.11,1.5789285714285715,2.1
2022-03-12,527.25,0.07,662.24,0.04,880.44,0.05,1.09,3.79,154.3,23.15,78.02,1.98,0.0,1.67
2022-03-12,730.61,0.1,897.23,0.1,1223.33,0.11,0.95,10.32,162.32,43.75,85.95,4.85,0.225,3.27
2022-03-12,1238.95,0.28,926.48,0.26,1498.29,0.24,1.07,7.72,43.24,44.95,74.08,1.31,0.0025,1.97
2022-03-12,191.69,0.03,296.21,0.04,511.19,0.06,0.62,16.79,82.18,34.64,76.66,6.43,0.0,4.05
2022-03-12,34.12,0.06,38.77,0.08,41.11,0.08,0.86,5.23,61.02,40.74,34.23,3.74,1.3110714285714287,0.81
2022-03-13,580.91,0.07,527.25,0.04,662.24,0.05,1.11,3.9,156.5,23.15,78.02,1.77,0.0,1.63
2022-03-13,183.94,0.31,241.04,0.31,303.26,0.36,0.63,5.78,136.5,15.49,73.16,4.39,0.0,2.82
2022-03-13,796.67,0.14,843.34,0.12,1921.44,0.05,0.8,38.21,176.9,14.26,59.63,10.2,5.281428571428571,5.4
2022-03-13,2376.12,0.49,1688.58,0.4,1828.07,0.36,1.21,15.79,163.61,14.81,69.51,1.35,0.0,1.04
2022-03-13,874.97,0.21,1076.45,0.21,1730.25,0.2,0.81,22.78,215.74,36.15,66.2,4.78,4.7275,2.93
2022-03-13,31.94,0.07,27.68,0.09,72.5,0.13,0.68,3.19,23.4,28.34,56.96,0.4,1.6232142857142857,0.21
2022-03-13,774.06,0.19,874.67,0.19,1257.82,0.22,0.91,30.66,328.15,29.81,80.16,2.96,0.7457142857142857,1.82
2022-03-13,639.86,0.31,757.28,0.28,894.88,0.28,1.05,9.16,130.0,13.89,81.23,1.68,0.0,1.82
2022-03-13,25.61,0.06,34.12,0.08,38.77,0.08,0.87,5.23,61.02,40.74,34.23,1.32,1.3617857142857144,0.39
2022-03-13,139.08,0.03,191.69,0.04,296.21,0.06,0.64,16.24,79.85,34.64,76.66,5.46,0.0,3.6
2022-03-13,149.08,0.13,157.04,0.12,196.77,0.11,0.92,12.4,132.65,44.4,84.63,1.71,2.575714285714285,1.55
2022-03-13,2398.88,0.55,3355.54,0.58,4151.99,0.58,0.76,16.59,456.24,45.29,64.68,6.77,0.8707142857142857,6.14
2022-03-13,617.12,0.1,730.61,0.1,897.23,0.11,0.99,10.21,159.75,43.74,85.96,3.76,0.2160714285714286,2.4
2022-03-13,1067.12,0.31,874.57,0.28,874.72,0.24,1.16,4.47,69.1,38.07,84.4,1.32,2.0760714285714283,0.76
2022-03-13,1386.5,0.42,1252.22,0.42,1152.03,0.38,1.42,5.78,138.43,16.67,80.48,4.9,0.7617857142857144,6.54
2022-03-13,835.72,0.16,815.08,0.13,747.09,0.1,1.07,11.2,218.52,39.99,80.15,1.35,0.0075,2.38
2022-03-13,1756.61,0.31,2292.89,0.32,2955.36,0.34,0.84,37.57,472.94,38.8,45.92,5.56,2.214642857142857,6.03
2022-03-13,272.39,0.12,447.52,0.15,651.47,0.18,0.72,67.97,538.49,43.85,30.64,9.63,12.037857142857144,5.71
2022-03-13,375.17,0.18,565.96,0.24,931.1,0.34,0.68,13.68,268.5,36.11,48.68,7.74,1.8160714285714286,3.47
2022-03-13,832.7,0.12,1222.03,0.14,2127.68,0.19,0.68,22.01,134.41,21.3,71.0,3.01,1.5485714285714285,1.11
2022-03-13,524.38,0.22,572.58,0.19,827.98,0.24,0.97,17.84,169.87,29.78,79.19,2.13,3.240357142857143,1.74
2022-03-14,796.67,0.15,843.34,0.13,1921.44,0.05,0.84,37.74,180.67,14.26,59.63,10.2,5.3,5.4
2022-03-14,774.06,0.2,874.67,0.19,1257.82,0.21,0.95,30.8,327.49,29.8,80.16,2.96,0.7192857142857143,1.82
2022-03-14,31.94,0.05,27.68,0.08,72.5,0.12,0.7,4.17,24.3,28.34,57.01,0.4,1.5264285714285715,0.21
2022-03-14,1067.12,0.34,874.57,0.28,874.72,0.24,1.2,4.28,68.3,38.05,84.42,1.32,1.992142857142857,0.76
2022-03-14,2376.12,0.5,1688.58,0.41,1828.07,0.36,1.24,15.79,175.28,14.81,69.51,1.35,0.0,1.04
2022-03-14,617.12,0.1,730.61,0.1,897.23,0.11,1.03,10.33,162.59,43.74,85.96,3.76,0.20714285714285716,2.4
2022-03-14,832.7,0.12,1222.03,0.14,2127.68,0.18,0.7,20.42,126.68,21.3,71.0,3.01,1.5182142857142857,1.11
2022-03-14,580.91,0.08,527.25,0.05,662.24,0.05,1.14,3.98,163.58,23.15,78.03,1.77,0.0,1.63
2022-03-14,149.08,0.14,157.04,0.11,196.77,0.12,0.92,12.51,134.37,44.39,84.64,1.71,2.5039285714285713,1.55
2022-03-14,139.08,0.03,191.69,0.04,296.21,0.06,0.65,15.8,78.04,34.63,76.68,5.46,0.0,3.6
2022-03-14,835.72,0.16,815.08,0.13,747.09,0.1,1.05,10.84,219.9,39.99,80.2,1.35,0.0075,2.38
2022-03-14,25.61,0.06,34.12,0.08,38.77,0.08,0.87,3.92,41.16,40.74,34.28,1.32,1.4124999999999999,0.39
2022-03-14,1386.5,0.43,1252.22,0.42,1152.03,0.39,1.46,6.32,150.88,16.67,80.48,4.9,0.7682142857142856,6.54
2022-03-14,524.38,0.22,572.58,0.19,827.98,0.23,0.99,17.67,177.51,29.78,79.19,2.13,3.1757142857142857,1.74
2022-03-14,1260.38,0.29,1238.95,0.26,926.48,0.24,1.11,7.72,49.41,44.95,74.08,1.75,0.0025,3.28
2022-03-14,874.97,0.22,1076.45,0.21,1730.25,0.21,0.82,22.58,245.28,36.15,66.21,4.78,4.732500000000001,2.93
2022-03-15,4227.89,0.33,2969.27,0.21,1801.26,0.18,1.38,19.43,370.54,40.74,86.0,1.68,0.02107142857142857,4.14
2022-03-15,524.38,0.23,572.58,0.19,827.98,0.22,1.01,16.9,172.27,16.67,79.19,2.13,3.1110714285714285,1.74
2022-03-15,832.7,0.12,1222.03,0.14,2127.68,0.17,0.73,19.79,122.24,21.3,71.0,3.01,1.487857142857143,1.11
2022-03-15,31.94,0.05,27.68,0.08,72.5,0.11,0.71,3.68,23.4,28.34,57.05,0.4,1.4296428571428572,0.21
2022-03-15,2376.12,0.51,1688.58,0.43,1828.07,0.37,1.24,15.67,175.16,14.81,69.51,1.35,0.0,1.04
2022-03-15,139.08,0.03,191.69,0.04,296.21,0.05,0.65,14.74,74.46,34.63,76.7,5.46,0.0,3.6
2022-03-15,617.12,0.11,730.61,0.1,897.23,0.11,1.07,10.03,158.68,43.73,85.97,3.76,0.19821428571428573,2.4
2022-03-15,796.67,0.16,843.34,0.13,1921.44,0.05,0.87,40.1,175.96,14.26,59.63,10.2,5.253928571428571,5.4
2022-03-15,774.06,0.2,874.67,0.19,1257.82,0.21,0.98,30.02,322.93,29.8,80.17,2.96,0.6928571428571428,1.82
2022-03-15,1260.38,0.3,1238.95,0.26,926.48,0.26,1.13,7.72,49.41,24.67,74.09,1.75,0.0025,3.28
2022-03-15,874.97,0.22,1076.45,0.21,1730.25,0.2,0.84,21.06,236.9,36.15,66.21,4.78,4.7375,2.93
2022-03-15,580.91,0.07,527.25,0.06,662.24,0.05,1.15,4.07,168.38,23.15,78.04,1.77,0.0,1.63
2022-03-15,1067.12,0.36,874.57,0.28,874.72,0.23,1.19,4.28,66.36,38.03,84.45,1.32,1.9082142857142856,0.76
2022-03-15,149.08,0.14,157.04,0.12,196.77,0.11,0.92,12.33,130.6,44.38,84.64,1.71,2.432142857142857,1.55
2022-03-15,835.72,0.16,815.08,0.14,747.09,0.11,1.04,10.99,216.04,39.99,80.25,1.35,0.0075,2.38
2022-03-15,1386.5,0.45,1252.22,0.42,1152.03,0.38,1.43,6.32,150.88,16.67,80.48,4.9,0.7746428571428572,6.54
2022-03-16,796.67,0.16,843.34,0.13,1921.44,0.06,0.91,41.04,168.88,14.26,59.63,10.2,5.207857142857143,5.4
2022-03-16,1260.38,0.31,1238.95,0.26,926.48,0.26,1.14,7.72,49.41,24.67,74.1,1.75,0.0025,3.28
2022-03-16,617.12,0.11,730.61,0.09,897.23,0.1,1.11,9.54,154.78,43.72,85.98,3.76,0.18928571428571428,2.4
2022-03-16,139.08,0.02,191.69,0.04,296.21,0.05,0.66,14.02,71.46,34.62,76.72,5.46,0.0,3.6
2022-03-16,2376.12,0.52,1688.58,0.44,1828.07,0.38,1.24,15.33,179.74,14.81,69.51,1.35,0.0,1.04
2022-03-16,580.91,0.07,527.25,0.07,662.24,0.05,1.17,3.94,169.89,23.15,78.04,1.77,0.0,1.63
2022-03-16,835.72,0.15,815.08,0.14,747.09,0.11,1.02,11.43,219.81,39.99,80.31,1.35,0.0075,2.38
2022-03-16,25.61,0.06,34.12,0.07,38.77,0.08,0.88,3.89,41.51,40.74,34.32,1.32,1.5232142857142856,0.39
2022-03-16,1067.12,0.35,874.57,0.31,874.72,0.27,1.19,4.13,64.48,38.0,84.47,1.32,1.8242857142857143,0.76
2022-03-16,832.7,0.12,1222.03,0.13,2127.68,0.16,0.77,20.32,120.22,21.3,71.0,3.01,1.4574999999999998,1.11
2022-03-16,524.38,0.24,572.58,0.19,827.98,0.22,1.03,16.47,172.44,16.67,79.21,2.13,3.0464285714285717,1.74
2022-03-16,501.62,0.38,537.0,0.37,654.36,0.45,0.88,14.51,195.16,47.22,82.28,1.66,3.105,1.39
2022-03-16,1386.5,0.46,1252.22,0.43,1152.03,0.39,1.46,5.6,150.7,16.67,80.49,4.9,0.7810714285714286,6.54
2022-03-16,874.97,0.22,1076.45,0.21,1730.25,0.2,0.85,19.54,230.32,36.15,66.21,4.78,4.742500000000001,2.93
2022-03-16,31.94,0.06,27.68,0.07,72.5,0.11,0.73,4.09,22.91,28.34,57.1,0.4,1.3328571428571425,0.21
2022-03-16,149.08,0.15,157.04,0.11,196.77,0.12,0.92,12.12,129.69,44.38,84.65,1.71,2.3603571428571426,1.55
2022-03-16,774.06,0.21,874.67,0.19,1257.82,0.2,1.0,28.93,317.18,29.79,80.17,2.96,0.6664285714285715,1.82
2022-03-16,375.17,0.17,565.96,0.21,931.1,0.28,0.72,10.62,223.82,36.11,48.69,7.74,1.695,3.47
2022-03-17,2376.12,0.52,1688.58,0.46,1828.07,0.39,1.23,15.67,182.48,14.81,69.51,1.35,0.0,1.04
2022-03-17,832.7,0.12,1222.03,0.13,2127.68,0.16,0.81,19.9,119.17,21.3,71.0,3.01,1.4192857142857143,1.11
2022-03-17,31.94,0.06,27.68,0.09,72.5,0.11,0.73,3.93,22.5,28.34,57.15,0.4,1.2360714285714285,0.21
2022-03-17,796.67,0.17,843.34,0.14,1921.44,0.07,0.94,40.57,160.86,14.26,59.63,10.2,5.161785714285714,5.4
2022-03-17,25.61,0.06,34.12,0.07,38.77,0.08,0.88,4.16,48.08,40.74,34.37,1.32,1.5785714285714287,0.39
2022-03-17,332.4,0.17,352.29,0.17,474.69,0.18,0.9,14.44,85.64,35.45,86.4,1.98,0.16892857142857146,1.33
2022-03-17,1260.38,0.32,1238.95,0.27,926.48,0.27,1.15,6.18,58.68,24.67,74.1,1.75,0.002142857142857143,3.28
2022-03-17,617.12,0.11,730.61,0.09,897.23,0.1,1.13,9.23,151.75,43.72,85.98,3.76,0.18035714285714288,2.4
2022-03-17,139.08,0.02,191.69,0.03,296.21,0.05,0.68,13.12,67.52,34.62,76.73,5.46,0.0,3.6
2022-03-17,874.97,0.23,1076.45,0.21,1730.25,0.21,0.86,18.77,223.94,36.15,66.22,4.78,4.7475000000000005,2.93
2022-03-17,774.06,0.21,874.67,0.19,1257.82,0.2,1.03,28.43,313.91,29.78,80.18,2.96,0.64,1.82
2022-03-17,835.72,0.15,815.08,0.14,747.09,0.12,1.0,11.46,223.73,39.99,80.37,1.35,0.0071428571428571435,2.38
2022-03-17,580.91,0.08,527.25,0.07,662.24,0.05,1.18,3.75,172.94,23.15,78.05,1.77,0.0,1.63
2022-03-17,1067.12,0.36,874.57,0.3,874.72,0.29,1.2,3.86,64.52,37.98,84.49,1.32,1.7403571428571427,0.76
2022-03-17,375.17,0.17,565.96,0.2,931.1,0.27,0.74,10.77,213.49,36.11,48.69,7.74,1.695,3.47
2022-03-17,524.38,0.24,572.58,0.2,827.98,0.21,1.05,15.87,169.01,16.67,79.21,2.13,2.981785714285714,1.74
2022-03-18,31.94,0.07,27.68,0.06,72.5,0.1,0.74,3.52,22.01,28.34,57.21,0.4,1.1392857142857142,0.21
2022-03-18,617.12,0.12,730.61,0.09,897.23,0.1,1.16,8.93,149.07,43.71,85.99,3.76,0.17142857142857146,2.4
2022-03-18,25.61,0.06,34.12,0.07,38.77,0.08,0.89,4.11,47.55,40.74,34.47,1.32,1.6339285714285714,0.39
2022-03-18,835.72,0.15,815.08,0.14,747.09,0.12,0.99,11.2,224.82,39.99,80.44,1.35,0.0067857142857142855,2.38
2022-03-18,580.91,0.09,527.25,0.07,662.24,0.05,1.19,3.76,175.64,23.15,78.06,1.77,0.0,1.63
2022-03-18,2376.12,0.52,1688.58,0.48,1828.07,0.39,1.22,14.64,182.94,14.81,69.52,1.35,0.0,1.04
2022-03-18,3250.42,0.07,2917.73,0.05,3166.66,0.05,1.2,20.47,307.51,35.25,76.78,3.36,3.143214285714286,3.03
2022-03-18,1129.98,0.23,1098.69,0.16,1451.45,0.16,0.91,6.33,108.17,17.59,94.72,2.77,1.7707142857142857,1.92
2022-03-18,832.7,0.11,1222.03,0.13,2127.68,0.15,0.83,18.84,112.6,17.59,71.0,3.01,1.3810714285714287,1.11
2022-03-18,1067.12,0.37,874.57,0.31,874.72,0.28,1.21,3.7,63.22,37.94,84.52,1.32,1.6564285714285714,0.76
2022-03-18,139.08,0.02,191.69,0.03,296.21,0.05,0.71,12.34,63.56,34.61,76.75,5.46,0.0,3.6
2022-03-18,774.06,0.21,874.67,0.19,1257.82,0.19,1.06,27.65,310.03,29.78,80.18,2.96,0.6228571428571429,1.82
2022-03-18,1260.38,0.33,1238.95,0.27,926.48,0.27,1.16,4.63,57.13,24.67,74.11,1.75,0.0017857142857142859,3.28
2022-03-18,524.38,0.25,572.58,0.2,827.98,0.2,1.07,15.27,166.27,16.67,79.21,2.13,2.917142857142857,1.74
2022-03-18,3259.07,0.67,1942.42,0.69,2606.89,0.62,1.1,6.78,64.62,30.5,71.38,0.47,0.0,0.62
2022-03-18,874.97,0.23,1076.45,0.21,1730.25,0.21,0.87,18.01,223.08,36.15,66.23,4.78,4.7524999999999995,2.93
2022-03-18,796.67,0.17,843.34,0.14,1921.44,0.08,0.97,36.32,156.62,14.26,59.63,10.2,5.115714285714286,5.4
2022-03-18,2938.75,0.27,4342.78,0.28,6371.81,0.32,0.67,4.76,261.97,11.66,80.53,6.29,5.726071428571429,7.21
2022-03-19,832.7,0.11,1222.03,0.12,2127.68,0.15,0.85,18.2,105.09,17.59,71.0,3.01,1.342857142857143,1.11
2022-03-19,774.06,0.22,874.67,0.19,1257.82,0.19,1.09,27.38,307.61,29.77,80.18,2.96,0.6057142857142856,1.82
2022-03-19,31.94,0.07,27.68,0.05,72.5,0.1,0.74,4.09,21.6,28.34,57.23,0.4,1.0425,0.21
2022-03-19,1260.38,0.33,1238.95,0.28,926.48,0.26,1.17,4.63,50.96,24.67,74.12,1.75,0.0014285714285714286,3.28
2022-03-19,1067.12,0.39,874.57,0.31,874.72,0.28,1.22,4.13,65.02,37.91,84.53,1.32,1.5725,0.76
2022-03-19,139.08,0.02,191.69,0.03,296.21,0.04,0.72,11.48,59.81,34.61,76.76,5.46,0.0,3.6
2022-03-19,524.38,0.25,572.58,0.21,827.98,0.2,1.08,15.27,164.9,16.67,79.22,2.13,2.8525,1.74
2022-03-19,2376.12,0.52,1688.58,0.49,1828.07,0.39,1.2,14.76,183.97,14.81,69.52,1.35,0.0,1.04
2022-03-19,796.67,0.17,843.34,0.14,1921.44,0.1,1.0,33.49,152.84,14.26,59.63,10.2,5.069642857142857,5.4
2022-03-19,617.12,0.12,730.61,0.1,897.23,0.1,1.19,8.69,148.16,43.71,86.0,3.76,0.16250000000000003,2.4
2022-03-19,874.97,0.23,1076.45,0.21,1730.25,0.21,0.88,17.15,205.16,36.15,66.23,4.78,4.757499999999999,2.93
2022-03-19,835.72,0.14,815.08,0.15,747.09,0.13,0.97,10.81,222.32,39.99,80.52,1.35,0.0064285714285714285,2.38
2022-03-19,580.91,0.09,527.25,0.07,662.24,0.04,1.2,3.73,180.14,23.15,78.07,1.77,0.0,1.63
2022-03-20,688.23,0.25,524.38,0.22,572.58,0.19,1.09,15.01,171.5,16.67,79.22,1.71,2.772142857142857,1.6
2022-03-20,1660.48,0.32,1756.61,0.31,2292.89,0.32,0.88,42.53,462.3,38.79,45.93,6.11,1.7574999999999998,5.01
2022-03-20,827.46,0.13,835.72,0.16,815.08,0.13,0.95,11.32,221.23,39.98,80.59,2.28,0.0060714285714285705,2.44
2022-03-20,1318.64,0.39,1067.12,0.31,874.57,0.28,1.22,4.28,65.97,37.89,84.54,0.82,1.514642857142857,0.76
2022-03-20,686.7,0.11,832.7,0.12,1222.03,0.14,0.88,18.31,107.63,17.59,71.0,2.1,1.3046428571428572,0.91
2022-03-20,1585.4,0.44,2398.88,0.55,3355.54,0.58,0.73,17.34,463.02,45.28,64.72,6.24,0.795,3.49
2022-03-20,23.73,0.06,25.61,0.06,34.12,0.08,0.9,3.74,39.69,40.74,34.47,0.81,1.744642857142857,0.38
2022-03-20,855.49,0.24,874.97,0.21,1076.45,0.21,0.89,18.77,209.26,36.15,66.23,4.01,4.676785714285714,2.57
2022-03-20,916.68,0.08,580.91,0.07,527.25,0.04,1.21,3.81,185.38,23.15,78.08,1.67,0.0,1.99
2022-03-20,931.74,0.22,774.06,0.19,874.67,0.19,1.11,27.36,308.45,29.77,80.18,2.43,0.5885714285714286,1.76
2022-03-20,98.02,0.02,139.08,0.03,191.69,0.04,0.74,11.16,57.78,34.6,76.77,4.05,0.0,1.36
2022-03-20,136.7,0.25,183.94,0.31,241.04,0.31,0.74,4.36,125.41,15.49,73.19,3.69,0.0,2.83
2022-03-20,747.16,0.35,639.86,0.31,757.28,0.28,1.26,9.36,165.04,11.11,81.27,1.48,0.0,1.9
2022-03-20,33.52,0.06,31.94,0.07,27.68,0.09,0.75,3.6,20.62,28.34,57.23,0.58,0.9732142857142857,0.11
2022-03-20,3060.54,0.52,2376.12,0.49,1688.58,0.4,1.19,15.9,193.01,14.81,69.52,0.94,0.0,1.56
2022-03-20,797.7,0.12,617.12,0.1,730.61,0.1,1.22,8.74,148.31,43.7,86.0,3.27,0.16964285714285718,2.18
2022-03-20,971.52,0.17,796.67,0.14,843.34,0.12,1.03,33.49,153.78,14.26,59.63,6.82,5.023571428571429,4.32
2022-03-21,1318.64,0.36,1067.12,0.34,874.57,0.28,1.24,4.01,68.8,37.87,84.56,0.82,1.4567857142857144,0.76
2022-03-21,827.46,0.13,835.72,0.16,815.08,0.13,0.94,11.43,212.3,39.98,80.64,2.28,0.005714285714285714,2.44
2022-03-21,3060.54,0.52,2376.12,0.5,1688.58,0.41,1.17,16.36,203.54,14.81,69.52,0.94,0.0,1.56
2022-03-21,797.7,0.13,617.12,0.1,730.61,0.1,1.25,8.77,152.21,43.7,86.01,3.27,0.17678571428571432,2.18
2022-03-21,916.68,0.09,580.91,0.08,527.25,0.05,1.22,4.15,196.54,23.15,78.08,1.67,0.0,1.99
2022-03-21,688.23,0.26,524.38,0.22,572.58,0.19,1.1,15.27,184.03,16.67,79.22,1.71,2.6917857142857144,1.6
2022-03-21,931.74,0.23,774.06,0.2,874.67,0.19,1.14,26.93,308.57,18.83,80.19,2.43,0.5714285714285714,1.76
2022-03-21,855.49,0.24,874.97,0.22,1076.45,0.21,0.9,19.06,239.09,36.15,66.23,4.01,4.596071428571428,2.57
2022-03-21,1572.2,0.34,1260.38,0.29,1238.95,0.26,1.2,4.63,49.41,24.67,74.12,1.97,0.0007142857142857142,2.62
2022-03-21,6067.25,0.39,4227.89,0.3,2969.27,0.21,1.38,22.35,440.21,40.74,86.05,2.86,0.012499999999999999,5.96
2022-03-21,98.02,0.02,139.08,0.03,191.69,0.04,0.75,10.88,56.22,34.6,76.78,4.05,0.0,1.36
2022-03-21,971.52,0.18,796.67,0.15,843.34,0.13,1.06,31.61,150.96,14.26,59.64,6.82,4.9775,4.32
2022-03-21,686.7,0.11,832.7,0.12,1222.03,0.14,0.9,17.99,105.41,17.59,71.01,2.1,1.2664285714285712,0.91
2022-03-21,23.73,0.06,25.61,0.06,34.12,0.08,0.91,4.04,45.53,40.74,34.48,0.81,1.8,0.38
2022-03-21,33.52,0.06,31.94,0.05,27.68,0.08,0.75,3.84,21.52,28.33,57.34,0.58,0.9039285714285715,0.11
2022-03-22,855.49,0.25,874.97,0.22,1076.45,0.21,0.91,18.68,233.28,36.15,66.23,4.01,4.515357142857143,2.57
2022-03-22,23.73,0.06,25.61,0.06,34.12,0.07,0.91,3.59,37.07,40.74,34.52,0.81,1.8517857142857141,0.38
2022-03-22,33.52,0.06,31.94,0.05,27.68,0.08,0.77,4.01,21.19,28.33,57.41,0.58,0.8346428571428571,0.11
2022-03-22,797.7,0.13,617.12,0.11,730.61,0.1,1.28,8.5,152.02,43.69,86.01,3.27,0.18392857142857144,2.18
2022-03-22,6067.25,0.4,4227.89,0.33,2969.27,0.21,1.34,23.08,432.4,40.74,86.05,2.86,0.012142857142857141,5.96
2022-03-22,931.74,0.23,774.06,0.2,874.67,0.19,1.16,26.29,308.48,18.83,80.19,2.43,0.5542857142857143,1.76
2022-03-22,1318.64,0.4,1067.12,0.36,874.57,0.28,1.27,4.01,68.07,37.83,84.58,0.82,1.3989285714285715,0.76
2022-03-22,1572.2,0.35,1260.38,0.3,1238.95,0.26,1.21,6.18,60.22,24.67,74.12,1.97,0.00035714285714285714,2.62
2022-03-22,827.46,0.13,835.72,0.16,815.08,0.14,0.93,11.08,208.11,39.98,80.69,2.28,0.005357142857142857,2.44
2022-03-22,98.02,0.02,139.08,0.03,191.69,0.04,0.79,10.36,54.74,34.6,76.8,4.05,0.0,1.36
2022-03-22,688.23,0.27,524.38,0.23,572.58,0.19,1.12,15.53,190.29,16.67,79.22,1.71,2.6114285714285717,1.6
2022-03-22,916.68,0.1,580.91,0.07,527.25,0.06,1.22,4.16,204.17,23.15,78.09,1.67,0.0,1.99
2022-03-22,3060.54,0.51,2376.12,0.51,1688.58,0.43,1.14,17.16,206.05,14.81,69.52,0.94,0.0,1.56
2022-03-22,971.52,0.18,796.67,0.16,843.34,0.13,1.1,31.61,142.94,14.26,59.64,6.82,4.926428571428572,4.32
2022-03-22,686.7,0.11,832.7,0.12,1222.03,0.14,0.94,16.93,101.7,17.59,71.01,2.1,1.2282142857142857,0.91
2022-03-23,827.46,0.13,835.72,0.15,815.08,0.14,0.92,11.02,200.01,39.98,80.74,2.28,0.004999999999999999,2.44
2022-03-23,23.73,0.06,25.61,0.06,34.12,0.07,0.92,3.44,34.58,40.74,34.56,0.81,1.9035714285714285,0.38
2022-03-23,1390.86,0.49,1386.5,0.46,1252.22,0.43,1.17,6.32,155.39,16.67,81.21,5.34,0.7596428571428572,5.41
2022-03-23,855.49,0.25,874.97,0.22,1076.45,0.21,0.92,18.58,227.46,36.15,66.23,4.01,4.434642857142857,2.57
2022-03-23,3060.54,0.5,2376.12,0.52,1688.58,0.44,1.12,16.13,211.09,14.81,69.52,0.94,0.0,1.56
2022-03-23,686.7,0.11,832.7,0.12,1222.03,0.13,0.99,17.46,103.5,17.59,71.01,2.1,1.19,0.91
2022-03-23,797.7,0.14,617.12,0.11,730.61,0.09,1.29,8.08,150.53,43.69,86.02,3.27,0.1910714285714286,2.18
2022-03-23,330.4,0.18,332.4,0.17,352.29,0.16,1.03,12.45,83.48,35.42,86.45,1.58,0.1610714285714286,1.11
2022-03-23,931.74,0.24,774.06,0.21,874.67,0.19,1.18,25.48,306.09,18.83,80.19,2.43,0.5371428571428571,1.76
2022-03-23,688.23,0.28,524.38,0.24,572.58,0.19,1.13,15.18,192.86,16.67,79.22,1.71,2.5310714285714284,1.6
2022-03-23,971.52,0.19,796.67,0.16,843.34,0.13,1.11,28.78,137.27,14.26,59.64,6.82,4.875357142857142,4.32
2022-03-23,33.52,0.05,31.94,0.06,27.68,0.07,0.77,4.01,19.8,28.33,57.49,0.58,0.7653571428571428,0.11
2022-03-23,1572.2,0.36,1260.38,0.31,1238.95,0.26,1.21,6.18,63.31,24.67,74.12,1.97,0.0,2.62
2022-03-23,98.02,0.02,139.08,0.02,191.69,0.04,0.82,10.21,53.05,38.31,76.82,4.05,0.0,1.36
2022-03-23,433.0,0.37,501.62,0.38,537.0,0.37,0.88,12.38,159.47,47.22,82.43,1.9,3.7949999999999995,1.02
2022-03-23,916.68,0.11,580.91,0.07,527.25,0.07,1.21,4.16,206.86,23.15,78.1,1.67,0.0,1.99
2022-03-23,1318.64,0.43,1067.12,0.35,874.57,0.31,1.28,3.67,70.86,37.8,84.6,0.82,1.3410714285714285,0.76
2022-03-24,23.73,0.06,25.61,0.06,34.12,0.07,0.92,3.34,34.39,40.74,34.61,0.81,1.9553571428571428,0.38
2022-03-24,98.02,0.02,139.08,0.02,191.69,0.03,0.84,9.74,51.42,38.31,76.83,4.05,0.0,1.36
2022-03-24,797.7,0.14,617.12,0.11,730.61,0.09,1.28,8.01,150.24,43.69,86.02,3.27,0.19821428571428573,2.18
2022-03-24,1318.64,0.44,1067.12,0.36,874.57,0.3,1.28,3.51,69.22,37.77,84.62,0.82,1.2832142857142859,0.76
2022-03-24,686.7,0.12,832.7,0.12,1222.03,0.13,1.04,17.04,103.08,17.59,71.01,2.1,1.1764285714285714,0.91
2022-03-24,931.74,0.24,774.06,0.21,874.67,0.19,1.2,25.0,303.91,18.83,80.19,2.43,0.52,1.76
2022-03-24,855.49,0.26,874.97,0.23,1076.45,0.21,0.92,19.15,221.75,36.15,66.24,4.01,4.353928571428572,2.57
2022-03-24,688.23,0.28,524.38,0.24,572.58,0.2,1.13,14.84,194.15,16.67,79.23,1.71,2.450714285714286,1.6
2022-03-24,33.52,0.05,31.94,0.06,27.68,0.09,0.78,3.93,21.43,28.33,57.54,0.58,0.6960714285714286,0.11
2022-03-24,827.46,0.14,835.72,0.15,815.08,0.14,0.9,10.99,198.01,39.98,80.78,2.28,0.005,2.44
2022-03-24,1572.2,0.36,1260.38,0.32,1238.95,0.27,1.21,6.18,64.86,24.67,74.13,1.97,0.0,2.62
2022-03-24,971.52,0.2,796.67,0.17,843.34,0.14,1.12,27.36,132.08,14.26,59.64,6.82,4.824285714285714,4.32
2022-03-24,916.68,0.11,580.91,0.08,527.25,0.07,1.2,4.32,213.36,23.15,78.1,1.67,0.0,1.99
2022-03-24,3060.54,0.5,2376.12,0.52,1688.58,0.46,1.09,15.67,206.74,14.81,69.52,0.94,0.0,1.56
2022-03-25,1572.2,0.37,1260.38,0.33,1238.95,0.27,1.21,6.18,66.4,24.67,74.13,1.97,0.0,2.62
2022-03-25,797.7,0.15,617.12,0.12,730.61,0.09,1.26,8.03,150.36,43.68,86.03,3.27,0.20535714285714288,2.18
2022-03-25,971.52,0.2,796.67,0.17,843.34,0.14,1.12,29.25,131.14,14.26,59.64,6.82,4.7732142857142845,4.32
2022-03-25,686.7,0.12,832.7,0.11,1222.03,0.13,1.09,17.14,96.2,17.59,71.01,2.1,1.162857142857143,0.91
2022-03-25,916.68,0.11,580.91,0.09,527.25,0.07,1.19,4.25,217.26,20.37,78.11,1.67,0.0,1.99
2022-03-25,688.23,0.28,524.38,0.25,572.58,0.2,1.13,14.67,195.61,16.67,79.23,1.71,2.370357142857143,1.6
2022-03-25,98.02,0.02,139.08,0.02,191.69,0.03,0.83,9.25,48.89,38.31,76.85,4.05,0.0,1.36
2022-03-25,23.73,0.06,25.61,0.06,34.12,0.07,0.92,3.46,33.79,40.74,34.65,0.81,2.007142857142857,0.38
2022-03-25,3575.8,0.66,3259.07,0.67,1942.42,0.69,0.85,6.09,79.6,19.38,71.39,0.56,0.010714285714285714,0.77
2022-03-25,3060.54,0.5,2376.12,0.52,1688.58,0.48,1.06,16.59,205.48,14.81,69.53,0.94,0.0,1.56
2022-03-25,2195.31,0.23,2938.75,0.27,4342.78,0.28,0.64,4.59,240.38,11.66,80.54,7.07,6.488928571428572,5.98
2022-03-25,931.74,0.25,774.06,0.21,874.67,0.19,1.21,24.69,302.58,18.83,80.2,2.43,0.5078571428571428,1.76
2022-03-25,827.46,0.13,835.72,0.15,815.08,0.14,0.89,11.28,190.49,39.97,80.84,2.28,0.005,2.44
2022-03-25,4437.9,0.08,3250.42,0.07,2917.73,0.05,1.1,23.27,337.82,35.25,76.81,3.59,3.275,3.56
2022-03-25,855.49,0.26,874.97,0.23,1076.45,0.21,0.93,18.01,218.98,36.15,66.24,4.01,4.273214285714285,2.57
2022-03-25,33.52,0.06,31.94,0.07,27.68,0.06,0.78,3.52,21.76,28.32,57.59,0.58,0.6267857142857143,0.11
2022-03-25,1318.64,0.46,1067.12,0.37,874.57,0.31,1.27,3.25,72.7,37.73,84.65,0.82,1.225357142857143,0.76
2022-03-26,916.68,0.11,580.91,0.09,527.25,0.07,1.17,4.1,218.31,20.37,78.12,1.67,0.0,1.99
2022-03-26,98.02,0.02,139.08,0.02,191.69,0.03,0.85,8.99,46.29,38.3,76.86,4.05,0.0,1.36
2022-03-26,931.74,0.25,774.06,0.22,874.67,0.19,1.22,24.24,301.42,18.83,80.2,2.43,0.4957142857142857,1.76
2022-03-26,855.49,0.27,874.97,0.23,1076.45,0.21,0.93,16.96,196.59,36.15,66.24,4.01,4.1925,2.57
2022-03-26,971.52,0.21,796.67,0.17,843.34,0.14,1.12,28.78,133.5,14.26,59.64,6.82,4.722142857142857,4.32
2022-03-26,23.73,0.06,25.61,0.06,34.12,0.06,0.92,3.39,33.73,40.74,34.68,0.81,2.0589285714285714,0.38
2022-03-26,1318.64,0.46,1067.12,0.39,874.57,0.31,1.26,3.32,74.22,37.69,84.66,0.82,1.1675,0.76
2022-03-26,827.46,0.13,835.72,0.14,815.08,0.15,0.88,11.49,181.48,39.97,80.88,2.28,0.004999999999999999,2.44
2022-03-26,1572.2,0.38,1260.38,0.33,1238.95,0.28,1.2,3.09,57.13,24.67,74.14,1.97,0.0,2.62
2022-03-26,797.7,0.15,617.12,0.12,730.61,0.1,1.23,7.98,148.89,43.68,86.03,3.27,0.21250000000000005,2.18
2022-03-26,3060.54,0.5,2376.12,0.52,1688.58,0.49,1.03,16.93,212.35,14.81,69.53,0.94,0.0,1.56
2022-03-26,686.7,0.13,832.7,0.11,1222.03,0.12,1.15,16.93,100.12,17.59,71.01,2.1,1.1492857142857142,0.91
2022-03-26,33.52,0.06,31.94,0.07,27.68,0.05,0.77,3.35,21.6,28.32,57.62,0.58,0.5575,0.11
2022-03-26,688.23,0.29,524.38,0.25,572.58,0.21,1.14,14.58,190.63,16.67,79.23,1.71,2.2899999999999996,1.6
2022-03-27,963.74,0.42,747.16,0.35,639.86,0.31,1.56,8.76,215.2,11.11,81.3,1.82,0.0,2.35
2022-03-27,1784.23,0.47,1318.64,0.39,1067.12,0.31,1.25,3.32,78.16,37.67,84.67,0.76,1.1314285714285715,0.81
2022-03-27,241.48,0.12,237.86,0.12,272.39,0.12,0.85,42.47,346.36,27.76,30.69,5.71,8.688214285714285,3.29
2022-03-27,866.48,0.27,855.49,0.24,874.97,0.21,0.93,18.2,200.5,36.15,66.24,2.93,4.103928571428571,2.6
2022-03-27,1303.12,0.25,931.74,0.22,774.06,0.19,1.23,24.21,303.27,18.83,80.2,1.82,0.48357142857142854,1.62
2022-03-27,698.13,0.14,827.46,0.13,835.72,0.16,0.88,10.9,180.77,39.97,80.92,2.38,0.005,1.6
2022-03-27,1606.74,0.33,1660.48,0.32,1756.61,0.31,0.87,35.97,446.71,19.1,45.94,6.03,1.4182142857142854,4.18
2022-03-27,1217.9,0.11,916.68,0.08,580.91,0.07,1.16,4.15,224.99,20.37,78.13,1.63,0.0,2.46
2022-03-27,750.31,0.14,686.7,0.11,832.7,0.12,1.2,17.25,106.89,17.59,71.01,1.11,1.1357142857142857,0.78
2022-03-27,87.31,0.02,98.02,0.02,139.08,0.03,0.86,8.68,45.35,38.3,76.87,3.6,0.0,2.09
2022-03-27,116.71,0.23,136.7,0.25,183.94,0.31,0.86,3.13,117.45,15.48,73.22,2.82,0.0,2.23
2022-03-27,1143.09,0.16,797.7,0.12,617.12,0.1,1.2,7.91,150.7,43.68,86.04,2.4,0.2160714285714286,2.42
2022-03-27,1308.67,0.21,971.52,0.17,796.67,0.14,1.11,27.36,134.44,14.26,59.64,5.4,4.671071428571429,3.38
2022-03-27,1160.45,0.38,1585.4,0.44,2398.88,0.55,0.73,15.84,364.99,38.96,64.75,6.14,0.7725,4.23
2022-03-27,2068.35,0.38,1572.2,0.33,1260.38,0.28,1.2,4.63,64.86,24.67,74.14,3.28,0.0,2.84
2022-03-27,22.44,0.06,23.73,0.06,25.61,0.06,0.93,3.44,33.86,40.74,34.69,0.39,2.1107142857142853,0.2
2022-03-27,27.35,0.06,33.52,0.06,31.94,0.07,0.77,3.44,20.78,28.32,57.62,0.21,0.5242857142857142,0.06
2022-03-27,137.4,0.12,143.5,0.13,149.08,0.13,1.04,9.39,113.04,38.9,84.67,1.55,1.7389285714285714,0.96
2022-03-27,877.5,0.29,688.23,0.25,524.38,0.22,1.14,15.1,199.04,16.67,79.23,1.74,2.2192857142857143,1.86
2022-03-28,22.44,0.05,23.73,0.06,25.61,0.06,0.94,3.41,33.56,40.74,34.69,0.39,2.1625,0.2
2022-03-28,866.48,0.27,855.49,0.24,874.97,0.22,0.93,20.49,226.03,36.15,66.25,2.93,4.015357142857143,2.6
2022-03-28,3034.29,0.49,3060.54,0.52,2376.12,0.5,0.96,17.85,233.4,14.81,69.53,1.04,0.0,1.45
2022-03-28,698.13,0.14,827.46,0.13,835.72,0.16,0.87,10.55,174.7,39.97,80.93,2.38,0.005,1.6
2022-03-28,7493.84,0.62,6067.25,0.39,4227.89,0.3,1.05,21.81,438.38,40.74,86.08,4.14,0.009999999999999998,6.7
2022-03-28,310.21,0.14,319.17,0.16,375.17,0.18,0.89,6.55,117.15,36.11,48.71,3.47,4.235,1.47
2022-03-28,1143.09,0.16,797.7,0.13,617.12,0.1,1.17,7.84,155.68,43.67,86.04,2.4,0.21964285714285717,2.42
2022-03-28,137.4,0.13,143.5,0.12,149.08,0.14,1.07,9.41,116.22,38.89,84.67,1.55,1.6978571428571427,0.96
2022-03-28,877.5,0.29,688.23,0.26,524.38,0.22,1.14,15.36,208.91,16.67,79.23,1.74,2.1485714285714286,1.86
2022-03-28,2068.35,0.38,1572.2,0.34,1260.38,0.29,1.21,6.18,64.86,24.67,74.14,3.28,0.0,2.84
2022-03-28,1217.9,0.12,916.68,0.09,580.91,0.08,1.15,4.43,236.71,20.37,78.14,1.63,0.0,2.46
2022-03-28,87.31,0.02,98.02,0.02,139.08,0.03,0.87,8.48,44.55,38.3,76.89,3.6,0.0,2.09
2022-03-28,1308.67,0.21,971.52,0.18,796.67,0.15,1.11,27.36,140.1,14.26,59.64,5.4,4.62,3.38
2022-03-28,750.31,0.16,686.7,0.11,832.7,0.12,1.21,15.98,109.01,17.59,71.01,1.11,1.122142857142857,0.78
2022-03-28,1303.12,0.26,931.74,0.23,774.06,0.2,1.24,24.07,305.34,18.83,80.2,1.82,0.4714285714285714,1.62
2022-03-28,1784.23,0.5,1318.64,0.36,1067.12,0.34,1.23,3.63,80.49,37.64,84.69,0.76,1.0953571428571427,0.81
2022-03-28,27.35,0.07,33.52,0.06,31.94,0.05,0.77,3.35,20.29,28.32,57.65,0.21,0.49107142857142855,0.06
2022-03-29,310.21,0.14,319.17,0.16,375.17,0.18,0.89,7.42,116.42,36.11,48.71,3.47,3.992857142857143,1.47
2022-03-29,27.35,0.05,33.52,0.06,31.94,0.05,0.77,3.52,19.31,28.32,57.69,0.21,0.45785714285714285,0.06
2022-03-29,1784.23,0.53,1318.64,0.4,1067.12,0.36,1.22,3.63,80.38,37.61,84.71,0.76,1.0592857142857144,0.81
2022-03-29,2068.35,0.36,1572.2,0.35,1260.38,0.3,1.2,6.18,57.13,24.67,74.15,3.28,0.0,2.84
2022-03-29,866.48,0.27,855.49,0.25,874.97,0.22,0.94,19.34,219.46,36.15,66.25,2.93,3.9267857142857143,2.6
2022-03-29,877.5,0.3,688.23,0.27,524.38,0.23,1.14,15.44,215.43,16.67,79.23,1.74,2.077857142857143,1.86
2022-03-29,3034.29,0.48,3060.54,0.51,2376.12,0.51,0.92,18.65,227.22,14.81,69.53,1.04,0.0,1.45
2022-03-29,1303.12,0.27,931.74,0.23,774.06,0.2,1.25,23.65,305.87,18.83,80.21,1.82,0.45928571428571435,1.62
2022-03-29,1217.9,0.11,916.68,0.1,580.91,0.07,1.14,4.68,243.06,20.37,78.15,1.63,0.0,2.46
2022-03-29,137.4,0.14,143.5,0.14,149.08,0.14,1.09,9.47,115.25,38.88,84.68,1.55,1.6567857142857143,0.96
2022-03-29,698.13,0.14,827.46,0.13,835.72,0.16,0.87,10.11,166.72,39.97,80.95,2.38,0.004999999999999999,1.6
2022-03-29,22.44,0.05,23.73,0.06,25.61,0.06,0.94,3.24,33.44,34.14,34.7,0.39,2.209285714285714,0.2
2022-03-29,87.31,0.02,98.02,0.02,139.08,0.03,0.88,8.09,43.02,38.29,76.9,3.6,0.0,2.09
2022-03-29,1308.67,0.21,971.52,0.18,796.67,0.16,1.11,26.42,140.1,14.26,59.65,5.4,4.578571428571428,3.38
2022-03-29,750.31,0.16,686.7,0.11,832.7,0.12,1.22,15.98,113.24,17.59,71.01,1.11,1.1085714285714285,0.78
2022-03-29,1143.09,0.16,797.7,0.13,617.12,0.11,1.15,7.71,159.63,43.67,86.04,2.4,0.22321428571428573,2.42
2022-03-30,27.35,0.05,33.52,0.05,31.94,0.06,0.77,3.03,18.16,28.32,57.74,0.21,0.4246428571428571,0.06
2022-03-30,698.13,0.14,827.46,0.13,835.72,0.15,0.86,9.78,151.1,39.97,80.97,2.38,0.005,1.6
2022-03-30,866.48,0.27,855.49,0.25,874.97,0.22,0.94,18.87,210.02,36.15,66.25,2.93,3.8382142857142862,2.6
2022-03-30,1308.67,0.21,971.52,0.19,796.67,0.16,1.09,24.53,135.39,14.26,59.65,5.4,4.5371428571428565,3.38
2022-03-30,750.31,0.18,686.7,0.11,832.7,0.12,1.21,16.19,110.91,17.59,71.01,1.11,1.095,0.78
2022-03-30,1303.12,0.27,931.74,0.24,774.06,0.21,1.25,23.06,304.56,18.83,80.21,1.82,0.4471428571428571,1.62
2022-03-30,3034.29,0.47,3060.54,0.5,2376.12,0.52,0.89,17.85,220.24,14.81,69.53,1.04,0.0,1.45
2022-03-30,877.5,0.3,688.23,0.28,524.38,0.24,1.14,14.76,222.2,16.67,79.24,1.74,2.007142857142857,1.86
2022-03-30,22.44,0.05,23.73,0.06,25.61,0.06,0.96,3.36,33.68,34.13,34.73,0.39,2.2560714285714285,0.2
2022-03-30,137.4,0.14,143.5,0.14,149.08,0.15,1.09,9.34,115.41,38.88,84.68,1.55,1.6157142857142859,0.96
2022-03-30,87.31,0.02,98.02,0.02,139.08,0.02,0.9,7.66,41.89,38.29,76.92,3.6,0.0,2.09
2022-03-30,1143.09,0.16,797.7,0.14,617.12,0.11,1.13,7.89,159.31,43.67,86.05,2.4,0.2267857142857143,2.42
2022-03-30,354.45,0.18,330.4,0.18,332.4,0.17,1.17,10.64,83.03,35.39,86.49,1.33,0.17285714285714285,0.93
2022-03-30,2068.35,0.38,1572.2,0.36,1260.38,0.31,1.19,4.63,60.22,24.67,74.15,3.28,0.0,2.84
2022-03-30,379.09,0.34,433.0,0.37,501.62,0.38,0.8,9.32,130.96,45.37,82.6,1.39,3.7949999999999995,0.82
2022-03-30,1784.23,0.5,1318.64,0.43,1067.12,0.35,1.21,3.9,82.09,37.59,84.72,0.76,1.0232142857142856,0.81
2022-03-30,1239.76,0.5,1390.86,0.49,1386.5,0.46,1.09,5.96,173.62,19.44,81.29,6.54,0.7999999999999999,5.13
2022-03-31,87.31,0.02,98.02,0.02,139.08,0.02,0.92,7.39,40.27,38.28,76.93,3.6,0.0,2.09
2022-03-31,137.4,0.16,143.5,0.13,149.08,0.13,1.09,9.13,116.61,38.87,84.69,1.55,1.5746428571428572,0.96
2022-03-31,1784.23,0.53,1318.64,0.44,1067.12,0.36,1.2,3.67,82.21,37.56,84.74,0.76,0.9871428571428572,0.81
2022-03-31,866.48,0.26,855.49,0.26,874.97,0.23,0.94,19.44,200.3,36.15,66.25,2.93,3.749642857142857,2.6
2022-03-31,698.13,0.14,827.46,0.14,835.72,0.15,0.85,9.46,151.8,39.97,80.99,2.38,0.004642857142857143,1.6
2022-03-31,22.44,0.05,23.73,0.06,25.61,0.06,0.97,3.36,33.68,34.12,34.77,0.39,2.302857142857143,0.2
2022-03-31,877.5,0.31,688.23,0.28,524.38,0.24,1.13,14.33,225.46,16.67,79.24,1.74,1.9364285714285714,1.86
2022-03-31,1303.12,0.28,931.74,0.24,774.06,0.21,1.24,22.46,304.57,18.83,80.21,1.82,0.435,1.62
2022-03-31,1143.09,0.16,797.7,0.14,617.12,0.11,1.11,7.57,160.51,43.67,86.05,2.4,0.2303571428571429,2.42
2022-03-31,750.31,0.18,686.7,0.12,832.7,0.12,1.19,15.35,106.26,17.59,71.02,1.11,1.0635714285714286,0.78
2022-03-31,27.35,0.04,33.52,0.05,31.94,0.06,0.78,3.11,19.8,28.32,57.77,0.21,0.39142857142857146,0.06
2022-03-31,2068.35,0.39,1572.2,0.36,1260.38,0.32,1.19,4.63,57.13,24.67,74.15,3.28,0.0,2.84
2022-03-31,1217.9,0.12,916.68,0.11,580.91,0.08,1.1,4.89,253.58,20.37,78.15,1.63,0.0,2.46
2022-03-31,3034.29,0.46,3060.54,0.5,2376.12,0.52,0.87,16.93,215.44,14.81,69.53,1.04,0.0,1.45
2022-03-31,1308.67,0.21,971.52,0.2,796.67,0.17,1.07,23.59,134.44,14.26,59.65,5.4,4.495714285714286,3.38
2022-04-01,22.44,0.06,23.73,0.06,25.61,0.06,0.98,3.21,32.91,34.12,34.81,0.39,2.3496428571428574,0.2
2022-04-01,866.48,0.26,855.49,0.26,874.97,0.23,0.92,18.87,199.64,36.15,66.26,2.93,3.6610714285714288,2.6
2022-04-01,877.5,0.31,688.23,0.28,524.38,0.25,1.13,14.16,229.93,16.67,79.24,1.74,1.8657142857142859,1.86
2022-04-01,750.31,0.18,686.7,0.12,832.7,0.11,1.2,14.71,99.69,17.59,71.02,1.11,1.0321428571428573,0.78
2022-04-01,2068.35,0.38,1572.2,0.37,1260.38,0.33,1.18,6.18,55.59,24.67,74.16,3.28,0.0,2.84
2022-04-01,1217.9,0.12,916.68,0.11,580.91,0.09,1.08,4.93,257.51,20.37,78.16,1.63,0.0,2.46
2022-04-01,1308.67,0.21,971.52,0.2,796.67,0.17,1.04,23.12,137.75,14.26,59.65,5.4,4.454285714285715,3.38
2022-04-01,1303.12,0.28,931.74,0.25,774.06,0.21,1.24,21.96,304.01,18.83,80.22,1.82,0.4264285714285715,1.62
2022-04-01,1354.69,0.22,2195.31,0.23,2938.75,0.27,0.63,3.23,218.11,14.44,80.55,7.21,6.631428571428572,5.03
2022-04-01,1143.09,0.15,797.7,0.15,617.12,0.12,1.09,7.57,159.92,43.66,86.06,2.4,0.23392857142857146,2.42
2022-04-01,3034.29,0.45,3060.54,0.5,2376.12,0.52,0.84,16.59,206.85,14.81,69.54,1.04,0.0,1.45
2022-04-01,5029.06,0.09,4437.9,0.08,3250.42,0.07,0.9,26.18,355.94,40.74,76.83,3.03,3.3710714285714287,4.54
2022-04-01,1784.23,0.51,1318.64,0.46,1067.12,0.37,1.18,3.82,82.48,37.53,84.76,0.76,0.9510714285714287,0.81
2022-04-01,137.4,0.18,143.5,0.11,149.08,0.13,1.09,9.02,117.83,38.86,84.69,1.55,1.5335714285714288,0.96
2022-04-01,87.31,0.02,98.02,0.02,139.08,0.02,0.93,6.84,38.72,38.28,76.95,3.6,0.0,2.09
2022-04-01,2585.75,0.66,3575.8,0.66,3259.07,0.67,0.73,5.75,77.94,17.49,71.4,0.62,0.015,0.85
2022-04-01,27.35,0.04,33.52,0.06,31.94,0.07,0.78,3.35,20.29,28.32,57.82,0.21,0.3582142857142857,0.06
2022-04-01,698.13,0.14,827.46,0.13,835.72,0.15,0.84,8.57,142.91,39.97,81.03,2.38,0.004285714285714286,1.6
2022-04-02,1217.9,0.12,916.68,0.11,580.91,0.09,1.06,5.11,256.57,20.37,78.18,1.63,0.0,2.46
2022-04-02,2068.35,0.39,1572.2,0.38,1260.38,0.33,1.16,7.72,50.96,24.67,74.16,3.28,0.0,2.84
2022-04-02,866.48,0.26,855.49,0.27,874.97,0.23,0.9,18.39,173.34,18.55,66.26,2.93,3.5725000000000002,2.6
2022-04-02,27.35,0.04,33.52,0.06,31.94,0.07,0.78,3.6,19.47,28.32,57.83,0.21,0.325,0.06
2022-04-02,1143.09,0.15,797.7,0.15,617.12,0.12,1.07,7.66,160.49,43.66,86.06,2.4,0.23750000000000002,2.42
2022-04-02,1303.12,0.28,931.74,0.25,774.06,0.22,1.22,21.84,302.77,18.82,80.22,1.82,0.41785714285714287,1.62
2022-04-02,750.31,0.19,686.7,0.13,832.7,0.11,1.18,14.39,105.2,17.59,71.02,1.11,1.0007142857142857,0.78
2022-04-02,87.31,0.02,98.02,0.02,139.08,0.02,0.94,6.54,37.17,38.27,76.96,3.6,0.0,2.09
2022-04-02,877.5,0.31,688.23,0.29,524.38,0.25,1.13,14.07,222.46,16.67,79.24,1.74,1.7950000000000002,1.86
2022-04-02,1308.67,0.21,971.52,0.21,796.67,0.17,1.02,23.59,130.67,14.26,59.65,5.4,4.412857142857143,3.38
2022-04-02,137.4,0.19,143.5,0.12,149.08,0.13,1.09,8.84,114.89,38.86,84.7,1.55,1.4925,0.96
2022-04-02,3034.29,0.44,3060.54,0.5,2376.12,0.52,0.81,16.36,203.42,14.81,69.54,1.04,0.0,1.45
2022-04-02,22.44,0.06,23.73,0.06,25.61,0.06,0.99,3.16,32.81,34.11,34.84,0.39,2.396428571428572,0.2
2022-04-02,698.13,0.14,827.46,0.13,835.72,0.14,0.83,8.9,135.16,39.96,81.07,2.38,0.003928571428571429,1.6
2022-04-02,1784.23,0.51,1318.64,0.46,1067.12,0.39,1.16,3.9,83.12,37.51,84.77,0.76,0.915,0.81
2022-04-03,976.23,0.37,1160.45,0.38,1585.4,0.44,0.73,12.07,248.1,30.63,64.77,3.49,0.7317857142857144,2.33
2022-04-03,80.92,0.02,87.31,0.02,98.02,0.02,0.94,6.42,36.07,38.27,76.97,1.36,0.0,1.74
2022-04-03,1207.5,0.15,1143.09,0.16,797.7,0.12,1.06,7.86,163.37,43.66,86.06,2.18,0.24464285714285716,2.32
2022-04-03,971.68,0.31,877.5,0.29,688.23,0.25,1.13,13.9,231.64,16.67,79.24,1.6,1.7853571428571429,2.07
2022-04-03,20.46,0.06,22.44,0.06,23.73,0.06,1.0,3.09,32.74,34.11,34.85,0.38,2.443214285714286,0.19
2022-04-03,1377.0,0.32,1606.74,0.33,1660.48,0.32,0.81,33.67,405.78,19.1,45.95,5.01,1.2567857142857142,3.84
2022-04-03,1270.54,0.12,1217.9,0.11,916.68,0.08,1.04,5.1,267.18,20.37,78.19,1.99,0.0,2.66
2022-04-03,1893.56,0.28,1303.12,0.25,931.74,0.22,1.21,21.91,303.86,18.82,80.22,1.76,0.4092857142857143,1.78
2022-04-03,2103.31,0.51,1784.23,0.47,1318.64,0.39,1.15,4.32,87.9,37.49,84.78,0.76,0.8967857142857144,1.09
2022-04-03,2061.38,0.44,3034.29,0.5,3060.54,0.52,0.78,16.93,206.05,14.81,69.54,1.56,0.0,0.96
2022-04-03,196.48,0.11,241.48,0.12,237.86,0.12,0.81,34.8,303.01,27.76,30.71,3.94,6.441071428571428,2.85
2022-04-03,1349.06,0.2,1308.67,0.21,971.52,0.17,1.01,25.0,139.16,14.26,59.65,4.32,4.371428571428571,4.05
2022-04-03,600.09,0.14,698.13,0.14,827.46,0.13,0.82,8.81,128.56,39.96,81.09,2.44,0.0035714285714285718,1.28
2022-04-03,18.87,0.04,27.35,0.06,33.52,0.06,0.78,3.19,18.9,28.32,57.84,0.11,0.31285714285714283,4.84
2022-04-03,97.23,0.16,116.71,0.23,136.7,0.25,1.09,2.28,98.49,15.48,73.25,2.83,0.0,1.61
2022-04-03,794.94,0.26,866.48,0.27,855.49,0.24,0.9,17.53,175.05,18.55,66.26,2.57,3.494642857142857,2.06
2022-04-03,1396.16,0.19,750.31,0.14,686.7,0.11,1.16,13.76,111.65,17.59,71.02,0.91,0.9692857142857143,0.99
2022-04-04,2103.31,0.51,1784.23,0.5,1318.64,0.36,1.13,4.55,90.31,37.46,84.8,0.76,0.8785714285714287,1.09
2022-04-04,6677.14,0.65,7493.84,0.62,6067.25,0.39,0.95,24.57,424.14,40.74,86.1,5.96,0.0025,6.25
2022-04-04,2061.38,0.42,3034.29,0.49,3060.54,0.52,0.74,16.48,212.69,14.81,69.54,1.56,0.0,0.96
2022-04-04,1349.06,0.2,1308.67,0.21,971.52,0.18,0.99,25.94,144.82,14.26,59.65,4.32,4.33,4.05
2022-04-04,971.68,0.31,877.5,0.29,688.23,0.26,1.13,14.58,245.03,16.67,79.24,1.6,1.7757142857142856,2.07
2022-04-04,600.09,0.14,698.13,0.14,827.46,0.13,0.81,8.49,123.02,39.96,81.11,2.44,0.0032142857142857142,1.28
2022-04-04,80.92,0.02,87.31,0.02,98.02,0.02,0.94,6.31,35.75,38.27,76.98,1.36,0.0,1.74
2022-04-04,1396.16,0.19,750.31,0.16,686.7,0.11,1.12,14.18,112.6,17.59,71.02,0.91,0.937857142857143,0.99
2022-04-04,1207.5,0.15,1143.09,0.16,797.7,0.13,1.05,8.25,169.1,43.65,86.07,2.18,0.25178571428571433,2.32
2022-04-04,18.87,0.04,27.35,0.07,33.52,0.06,0.78,3.35,18.73,28.31,57.87,0.11,0.3007142857142857,4.84
2022-04-04,2529.95,0.4,2068.35,0.38,1572.2,0.34,1.13,4.63,37.06,24.67,74.16,2.62,0.0,3.06
2022-04-04,1270.54,0.12,1217.9,0.12,916.68,0.09,1.02,5.38,278.58,20.37,78.19,1.99,0.0,2.66
2022-04-04,1893.56,0.29,1303.12,0.26,931.74,0.23,1.2,22.61,310.75,18.82,80.22,1.76,0.40071428571428575,1.78
2022-04-04,794.94,0.25,866.48,0.27,855.49,0.24,0.89,18.77,204.59,18.55,66.26,2.57,3.4167857142857145,2.06
2022-04-05,1207.5,0.15,1143.09,0.16,797.7,0.13,1.03,8.25,173.23,43.65,86.07,2.18,0.25892857142857145,2.32
2022-04-05,600.09,0.15,698.13,0.14,827.46,0.13,0.8,8.31,116.92,39.96,81.13,2.44,0.002857142857142857,1.28
2022-04-05,2061.38,0.41,3034.29,0.48,3060.54,0.51,0.7,16.59,209.6,14.81,69.54,1.56,0.0,0.96
2022-04-05,2529.95,0.4,2068.35,0.36,1572.2,0.35,1.1,6.18,38.6,24.67,74.16,2.62,0.0,3.06
2022-04-05,18.87,0.05,27.35,0.05,33.52,0.06,0.77,3.44,16.93,28.31,57.9,0.11,0.2885714285714286,4.84
2022-04-05,1270.54,0.11,1217.9,0.11,916.68,0.1,1.0,5.41,282.21,20.37,78.2,1.99,0.0,2.66
2022-04-05,1349.06,0.2,1308.67,0.21,971.52,0.18,0.98,25.94,142.94,14.26,59.65,4.32,4.2425,4.05
2022-04-05,2103.31,0.47,1784.23,0.53,1318.64,0.4,1.11,3.9,93.44,37.45,84.81,0.76,0.8603571428571428,1.09
2022-04-05,20.46,0.06,22.44,0.05,23.73,0.06,1.02,2.96,32.32,34.1,34.89,0.38,2.5182142857142855,0.19
2022-04-05,971.68,0.31,877.5,0.3,688.23,0.27,1.13,14.5,249.14,16.67,79.24,1.6,1.7660714285714287,2.07
2022-04-05,994.07,0.48,1239.76,0.51,1390.86,0.48,0.93,7.58,192.57,19.44,81.32,5.41,0.8753571428571428,5.26
2022-04-05,1396.16,0.19,750.31,0.16,686.7,0.11,1.09,13.86,112.92,17.59,71.02,0.91,0.9064285714285715,0.99
2022-04-05,794.94,0.25,866.48,0.27,855.49,0.25,0.87,18.49,195.92,18.55,66.26,2.57,3.3389285714285712,2.06
2022-04-05,80.92,0.02,87.31,0.02,98.02,0.02,0.94,6.18,34.91,38.26,77.0,1.36,0.0,1.74
2022-04-05,1893.56,0.29,1303.12,0.27,931.74,0.23,1.18,22.68,314.1,18.82,80.22,1.76,0.3921428571428572,1.78
2022-04-06,1396.16,0.19,750.31,0.18,686.7,0.11,1.05,12.91,111.44,17.59,71.02,0.91,0.875,0.99
2022-04-06,794.94,0.24,866.48,0.27,855.49,0.25,0.86,17.34,184.68,18.55,66.27,2.57,3.261071428571429,2.06
2022-04-06,1207.5,0.15,1143.09,0.16,797.7,0.14,1.01,8.15,175.35,43.65,86.07,2.18,0.2660714285714286,2.32
2022-04-06,18.87,0.04,27.35,0.05,33.52,0.05,0.77,2.86,17.18,28.31,57.92,0.11,0.2764285714285714,4.84
2022-04-06,312.73,0.38,379.09,0.34,433.0,0.37,1.05,7.15,101.5,45.37,82.81,1.02,2.415,0.59
2022-04-06,80.92,0.02,87.31,0.02,98.02,0.02,0.95,5.99,34.13,29.88,77.01,1.36,0.0,1.74
2022-04-06,368.59,0.18,354.45,0.18,330.4,0.18,1.07,8.73,77.97,35.37,86.53,1.11,0.18857142857142858,0.94
2022-04-06,1349.06,0.19,1308.67,0.21,971.52,0.19,0.96,23.59,141.52,14.26,59.66,4.32,4.155,4.05
2022-04-06,1270.54,0.11,1217.9,0.11,916.68,0.11,0.97,5.32,284.41,20.37,78.21,1.99,0.0,2.66
2022-04-06,20.46,0.06,22.44,0.05,23.73,0.06,1.02,2.89,32.17,34.09,34.92,0.38,2.5464285714285713,0.19
2022-04-06,2103.31,0.48,1784.23,0.5,1318.64,0.43,1.1,3.4,95.2,37.43,84.83,0.76,0.8421428571428572,1.09
2022-04-06,1893.56,0.29,1303.12,0.27,931.74,0.24,1.17,22.8,319.82,18.82,80.23,1.76,0.38357142857142856,1.78
2022-04-06,155.18,0.19,137.4,0.14,143.5,0.14,1.08,8.53,126.62,36.05,84.7,1.11,1.3853571428571427,0.96
2022-04-06,600.09,0.14,698.13,0.14,827.46,0.13,0.79,8.1,113.18,39.96,81.14,2.44,0.0025,1.28
2022-04-06,2529.95,0.4,2068.35,0.38,1572.2,0.36,1.07,6.18,38.6,24.67,74.17,2.62,0.0,3.06
2022-04-06,2061.38,0.4,3034.29,0.47,3060.54,0.5,0.7,15.1,204.34,14.81,69.54,1.56,0.0,0.96
2022-04-06,971.68,0.31,877.5,0.3,688.23,0.28,1.14,14.07,250.52,16.67,79.25,1.6,1.7564285714285715,2.07
2022-04-07,20.46,0.06,22.44,0.05,23.73,0.06,1.03,2.82,32.16,34.09,34.95,0.38,2.5746428571428566,0.19
2022-04-07,2103.31,0.47,1784.23,0.53,1318.64,0.44,1.08,3.36,96.76,44.17,84.85,0.76,0.8239285714285715,1.09
2022-04-07,18.87,0.04,27.35,0.04,33.52,0.05,0.77,2.78,16.93,28.31,57.96,0.11,0.2642857142857143,4.84
2022-04-07,155.18,0.19,137.4,0.16,143.5,0.13,1.07,8.27,129.53,36.04,84.72,1.11,1.3585714285714285,0.96
2022-04-07,1893.56,0.29,1303.12,0.28,931.74,0.24,1.15,22.87,323.27,18.82,80.23,1.76,0.375,1.78
2022-04-07,2061.38,0.39,3034.29,0.46,3060.54,0.5,0.7,14.42,205.02,14.81,69.54,1.56,0.0,0.96
2022-04-07,794.94,0.24,866.48,0.26,855.49,0.26,0.84,16.49,177.72,18.55,66.27,2.57,3.1832142857142856,2.06
2022-04-07,1396.16,0.19,750.31,0.18,686.7,0.12,1.01,11.96,111.55,17.59,71.02,0.91,0.8635714285714287,0.99
2022-04-07,1349.06,0.19,1308.67,0.21,971.52,0.2,0.94,21.7,141.99,14.26,59.66,4.32,4.0675,4.05
2022-04-07,2529.95,0.38,2068.35,0.39,1572.2,0.36,1.05,4.63,44.78,24.67,74.17,2.62,0.0,3.06
2022-04-07,971.68,0.3,877.5,0.31,688.23,0.28,1.15,14.76,255.58,16.67,79.25,1.6,1.7467857142857144,2.07
2022-04-07,1207.5,0.15,1143.09,0.16,797.7,0.14,1.0,7.93,175.58,43.65,86.08,2.18,0.27321428571428574,2.32
2022-04-07,1270.54,0.11,1217.9,0.12,916.68,0.11,0.95,5.27,285.27,20.37,78.22,1.99,0.0,2.66
2022-04-07,600.09,0.14,698.13,0.14,827.46,0.14,0.79,7.87,109.4,39.96,81.17,2.44,0.002857142857142857,1.28
2022-04-07,80.92,0.03,87.31,0.02,98.02,0.02,0.96,5.76,33.39,29.87,77.04,1.36,0.0,1.74
2022-04-08,155.18,0.2,137.4,0.18,143.5,0.11,1.05,8.11,132.05,36.03,84.73,1.11,1.3317857142857144,0.96
2022-04-08,1270.54,0.11,1217.9,0.12,916.68,0.11,0.93,5.21,290.41,20.37,78.22,1.99,0.0,2.66
2022-04-08,2529.95,0.38,2068.35,0.38,1572.2,0.37,1.03,4.63,41.69,24.67,74.17,2.62,0.0,3.06
2022-04-08,1893.56,0.29,1303.12,0.28,931.74,0.25,1.13,22.66,325.4,18.82,80.23,1.76,0.37142857142857144,1.78
2022-04-08,1848.43,0.62,2585.75,0.66,3575.8,0.66,0.61,4.84,68.09,17.49,71.41,0.77,0.020357142857142855,0.65
2022-04-08,18.87,0.04,27.35,0.04,33.52,0.06,0.78,2.62,16.03,28.31,57.99,0.11,0.2521428571428571,4.84
2022-04-08,971.68,0.29,877.5,0.31,688.23,0.28,1.14,15.36,259.61,13.89,79.25,1.6,1.737142857142857,2.07
2022-04-08,600.09,0.14,698.13,0.14,827.46,0.13,0.78,7.63,99.8,31.22,81.2,2.44,0.0032142857142857147,1.28
2022-04-08,80.92,0.03,87.31,0.02,98.02,0.02,0.96,5.5,32.22,29.87,77.06,1.36,0.0,1.74
2022-04-08,1396.16,0.19,750.31,0.18,686.7,0.12,0.97,12.49,103.72,17.59,71.02,0.91,0.8521428571428571,0.99
2022-04-08,1207.5,0.15,1143.09,0.15,797.7,0.15,1.0,8.06,177.12,36.46,86.08,2.18,0.28035714285714286,2.32
2022-04-08,2061.38,0.38,3034.29,0.45,3060.54,0.5,0.69,13.04,187.98,11.11,69.55,1.56,0.0,0.96
2022-04-08,1349.06,0.19,1308.67,0.21,971.52,0.2,0.92,20.76,136.8,14.25,59.66,4.32,3.98,4.05
2022-04-08,6677.14,0.66,7493.84,0.63,6067.25,0.54,0.82,25.07,392.27,37.96,86.14,5.96,0.0010714285714285715,6.25
2022-04-08,2103.31,0.47,1784.23,0.51,1318.64,0.46,1.07,3.63,96.34,44.16,84.86,0.76,0.8057142857142857,1.09
2022-04-08,4258.79,0.06,5029.06,0.09,4437.9,0.08,0.71,24.39,348.22,40.74,76.85,3.56,3.637857142857143,4.56
2022-04-08,794.94,0.24,866.48,0.26,855.49,0.26,0.83,16.1,171.81,18.55,66.28,2.57,3.1053571428571423,2.06
2022-04-08,950.65,0.19,1354.69,0.22,2195.31,0.23,0.64,3.74,186.83,11.11,80.55,5.98,6.367500000000001,3.92
2022-04-08,20.46,0.05,22.44,0.06,23.73,0.06,1.04,2.7,32.06,34.08,34.99,0.38,2.602857142857143,0.19
2022-04-09,2061.38,0.37,3034.29,0.44,3060.54,0.5,0.67,12.7,181.68,11.11,69.55,1.56,0.0,0.96
2022-04-09,600.09,0.14,698.13,0.14,827.46,0.13,0.77,7.69,94.5,31.22,81.23,2.44,0.0035714285714285718,1.28
2022-04-09,1270.54,0.11,1217.9,0.12,916.68,0.11,0.91,5.18,285.34,20.37,78.24,1.99,0.0,2.66
2022-04-09,794.94,0.23,866.48,0.26,855.49,0.27,0.82,15.34,156.76,18.55,66.28,2.57,3.0275,2.06
2022-04-09,1893.56,0.29,1303.12,0.28,931.74,0.25,1.11,22.46,326.09,18.82,80.24,1.76,0.3678571428571429,1.78
2022-04-09,1207.5,0.15,1143.09,0.15,797.7,0.15,0.99,8.35,176.87,36.46,86.08,2.18,0.28750000000000003,2.32
2022-04-09,155.18,0.2,137.4,0.19,143.5,0.12,1.02,8.17,133.15,36.03,84.73,1.11,1.305,0.96
2022-04-09,971.68,0.29,877.5,0.31,688.23,0.29,1.13,14.58,245.8,13.89,79.25,1.6,1.7274999999999998,2.07
2022-04-09,18.87,0.04,27.35,0.04,33.52,0.06,0.78,2.54,15.38,28.31,58.0,0.11,0.24,4.84
2022-04-09,1349.06,0.19,1308.67,0.21,971.52,0.21,0.9,18.4,125.01,14.25,59.66,4.32,3.8925000000000005,4.05
2022-04-09,80.92,0.03,87.31,0.02,98.02,0.02,0.99,5.33,31.12,29.87,77.07,1.36,0.0,1.74
2022-04-09,2103.31,0.48,1784.23,0.51,1318.64,0.46,1.06,3.94,98.6,44.14,84.87,0.76,0.7875,1.09
2022-04-09,2529.95,0.36,2068.35,0.39,1572.2,0.38,1.01,4.63,44.78,24.67,74.18,2.62,0.0,3.06
2022-04-09,1396.16,0.19,750.31,0.19,686.7,0.13,0.93,13.34,102.23,17.59,71.02,0.91,0.8407142857142859,0.99
2022-04-10,723.23,0.3,976.23,0.37,1160.45,0.38,0.73,9.05,221.71,30.63,64.8,4.23,0.6725000000000001,3.07
2022-04-10,675.52,0.23,794.94,0.26,866.48,0.27,0.81,15.63,154.76,18.55,66.28,2.6,2.957857142857143,2.3
2022-04-10,1352.39,0.18,1396.16,0.19,750.31,0.14,0.9,12.81,106.78,17.59,71.03,0.78,0.8292857142857144,0.94
2022-04-10,68.34,0.21,97.23,0.16,116.71,0.23,1.18,1.9,85.41,11.11,73.27,2.23,0.0,1.65
2022-04-10,2132.18,0.29,1893.56,0.28,1303.12,0.25,1.09,22.7,328.12,18.82,80.24,1.62,0.36428571428571427,1.75
2022-04-10,443.04,0.14,600.09,0.14,698.13,0.14,0.77,7.54,87.34,31.22,81.24,1.6,0.003928571428571429,0.8
2022-04-10,81.34,0.03,80.92,0.02,87.31,0.02,1.01,5.3,30.68,29.86,77.08,2.09,0.0,1.45
2022-04-10,993.46,0.26,1377.0,0.32,1606.74,0.33,0.73,30.83,372.47,19.1,45.96,4.18,1.2246428571428571,4.07
2022-04-10,897.79,0.28,971.68,0.31,877.5,0.29,1.13,15.61,255.06,13.89,79.25,1.86,1.7403571428571427,2.16
2022-04-10,153.85,0.09,196.48,0.11,241.48,0.12,0.74,32.0,290.62,25.17,30.72,3.29,4.920357142857142,2.66
2022-04-10,2159.04,0.48,2103.31,0.51,1784.23,0.47,1.04,4.09,103.1,44.14,84.88,0.81,0.7971428571428572,1.08
2022-04-10,1166.2,0.15,1207.5,0.15,1143.09,0.16,0.98,8.28,177.96,36.46,86.08,2.42,0.28928571428571426,2.38
2022-04-10,1179.9,0.35,1304.05,0.44,963.74,0.42,0.83,9.76,320.52,11.11,81.39,2.35,0.0,2.88
2022-04-10,1149.76,0.19,1349.06,0.2,1308.67,0.21,0.89,18.87,129.73,14.25,59.66,3.38,3.8049999999999997,3.78
2022-04-10,13.67,0.03,18.87,0.04,27.35,0.06,0.78,2.7,13.66,28.31,58.01,0.06,0.3921428571428572,0.04
2022-04-10,1002.97,0.12,1270.54,0.12,1217.9,0.11,0.89,5.07,290.57,20.37,78.25,2.46,0.0,2.99
2022-04-10,207.53,0.2,155.18,0.19,137.4,0.12,0.99,8.14,138.48,36.03,84.73,0.96,1.282142857142857,1.13
2022-04-11,2147.51,0.35,2529.95,0.4,2068.35,0.38,0.98,4.63,44.78,24.67,74.18,2.84,0.0,2.4
2022-04-11,443.04,0.14,600.09,0.14,698.13,0.14,0.76,6.95,86.33,31.22,81.25,1.6,0.004285714285714286,0.8
2022-04-11,1166.2,0.11,1207.5,0.15,1143.09,0.16,0.98,8.18,181.65,36.46,86.08,2.42,0.2910714285714286,2.38
2022-04-11,2132.18,0.29,1893.56,0.29,1303.12,0.26,1.07,22.72,336.74,18.82,80.24,1.62,0.36071428571428577,1.75
2022-04-11,13.67,0.03,18.87,0.04,27.35,0.07,0.78,3.11,14.81,28.31,58.03,0.06,0.5442857142857143,0.04
2022-04-11,1002.97,0.11,1270.54,0.12,1217.9,0.12,0.87,5.2,297.44,20.37,78.27,2.46,0.0,2.99
2022-04-11,1149.84,0.35,2061.38,0.42,3034.29,0.49,0.6,12.58,185.57,11.11,69.55,1.45,0.0,0.88
2022-04-11,2159.04,0.48,2103.31,0.51,1784.23,0.5,1.04,4.36,108.34,44.13,84.89,0.81,0.8067857142857143,1.08
2022-04-11,1149.76,0.18,1349.06,0.2,1308.67,0.21,0.88,18.4,137.27,14.25,59.66,3.38,3.7175000000000002,3.78
2022-04-11,207.53,0.18,155.18,0.17,137.4,0.13,0.97,8.63,148.54,36.03,84.74,0.96,1.2592857142857146,1.13
2022-04-11,675.52,0.22,794.94,0.25,866.48,0.27,0.81,15.63,177.82,18.55,66.28,2.6,2.888214285714286,2.3
2022-04-11,1352.39,0.18,1396.16,0.19,750.31,0.16,0.87,11.75,110.17,17.59,71.03,0.78,0.8178571428571428,0.94
2022-04-11,22.45,0.06,20.46,0.06,22.44,0.05,1.11,2.69,30.87,36.3,35.02,0.2,2.6875,0.12
2022-04-11,897.79,0.28,971.68,0.31,877.5,0.29,1.12,15.87,264.59,13.89,79.25,1.86,1.7532142857142858,2.16
2022-04-11,81.34,0.03,80.92,0.02,87.31,0.02,1.04,5.21,31.08,29.86,77.1,2.09,0.0,1.45
2022-04-12,13.67,0.03,18.87,0.05,27.35,0.05,0.78,3.19,15.05,28.31,58.05,0.06,0.6964285714285714,0.04
2022-04-12,207.53,0.14,155.18,0.17,137.4,0.14,0.96,8.82,149.76,36.02,84.74,0.96,1.2364285714285717,1.13
2022-04-12,1149.76,0.18,1349.06,0.2,1308.67,0.21,0.87,17.45,128.31,14.25,59.66,3.38,3.6810714285714288,3.78
2022-04-12,1166.2,0.11,1207.5,0.15,1143.09,0.16,0.97,7.98,181.53,36.46,86.09,2.42,0.29285714285714287,2.38
2022-04-12,22.45,0.06,20.46,0.06,22.44,0.05,1.11,2.74,36.11,36.29,35.04,0.2,2.7114285714285713,0.12
2022-04-12,2147.51,0.35,2529.95,0.4,2068.35,0.36,0.96,7.72,49.41,24.67,74.18,2.84,0.0,2.4
2022-04-12,897.79,0.28,971.68,0.31,877.5,0.3,1.11,16.04,262.1,13.89,79.25,1.86,1.7660714285714287,2.16
2022-04-12,443.04,0.14,600.09,0.15,698.13,0.14,0.75,6.9,80.03,31.22,81.26,1.6,0.004642857142857143,0.8
2022-04-12,1149.84,0.34,2061.38,0.41,3034.29,0.48,0.6,11.44,180.42,11.11,69.55,1.45,0.0,0.88
2022-04-12,1002.97,0.1,1270.54,0.11,1217.9,0.11,0.85,5.39,297.58,20.37,78.28,2.46,0.0,2.99
2022-04-12,865.1,0.46,994.07,0.48,1239.76,0.51,0.74,7.76,165.86,19.44,81.34,5.13,0.9025,3.87
2022-04-12,675.52,0.22,794.94,0.25,866.48,0.27,0.8,15.91,174.67,18.55,66.28,2.6,2.8185714285714285,2.3
2022-04-12,81.34,0.03,80.92,0.02,87.31,0.02,1.08,5.06,30.98,29.86,77.12,2.09,0.0,1.45
2022-04-12,2132.18,0.29,1893.56,0.29,1303.12,0.27,1.06,22.89,339.32,18.82,80.25,1.62,0.35714285714285715,1.75
2022-04-12,1352.39,0.18,1396.16,0.19,750.31,0.16,0.83,12.59,105.51,17.59,71.03,0.78,0.8064285714285715,0.94
2022-04-12,2159.04,0.5,2103.31,0.47,1784.23,0.53,1.03,4.09,107.38,44.12,84.9,0.81,0.8164285714285714,1.08
2022-04-13,200.3,0.18,368.59,0.18,354.45,0.18,0.98,7.65,80.45,35.36,86.56,0.93,0.21642857142857141,1.0
2022-04-13,2132.18,0.3,1893.56,0.29,1303.12,0.27,1.04,23.02,339.37,18.82,80.25,1.62,0.35357142857142865,1.75
2022-04-13,675.52,0.22,794.94,0.24,866.48,0.27,0.79,15.82,165.9,18.55,66.28,2.6,2.7489285714285714,2.3
2022-04-13,1149.76,0.17,1349.06,0.19,1308.67,0.21,0.85,18.87,127.37,14.25,59.66,3.38,3.644642857142857,3.78
2022-04-13,1166.2,0.11,1207.5,0.15,1143.09,0.16,0.96,7.89,180.06,36.46,86.09,2.42,0.29464285714285715,2.38
2022-04-13,207.53,0.13,155.18,0.19,137.4,0.14,0.94,8.74,152.54,33.76,84.75,0.96,1.2135714285714287,1.13
2022-04-13,370.71,0.36,312.73,0.38,379.09,0.34,1.05,6.62,96.14,45.37,82.98,0.82,2.07,0.46
2022-04-13,897.79,0.28,971.68,0.31,877.5,0.3,1.11,15.1,258.41,13.89,79.26,1.86,1.7789285714285714,2.16
2022-04-13,81.34,0.03,80.92,0.02,87.31,0.02,1.12,5.04,30.8,29.85,77.14,2.09,0.0,1.45
2022-04-13,1149.84,0.34,2061.38,0.4,3034.29,0.47,0.64,11.44,170.59,11.11,69.55,1.45,0.0,0.88
2022-04-13,13.67,0.02,18.87,0.04,27.35,0.05,0.78,3.52,16.12,28.31,58.06,0.06,0.8485714285714286,0.04
2022-04-13,2147.51,0.35,2529.95,0.4,2068.35,0.38,0.95,6.18,54.05,24.67,74.18,2.84,0.0,2.4
2022-04-13,443.04,0.14,600.09,0.14,698.13,0.14,0.75,6.51,75.96,31.22,81.27,1.6,0.005,0.8
2022-04-13,1352.39,0.17,1396.16,0.19,750.31,0.18,0.81,12.59,101.92,17.59,71.03,0.78,0.7949999999999999,0.94
2022-04-13,2159.04,0.5,2103.31,0.48,1784.23,0.5,1.01,3.9,106.12,44.11,84.92,0.81,0.8260714285714286,1.08
2022-04-13,22.45,0.06,20.46,0.06,22.44,0.05,1.1,2.86,31.67,36.28,35.06,0.2,2.735357142857143,0.12
2022-04-13,1002.97,0.1,1270.54,0.11,1217.9,0.11,0.83,5.35,298.15,20.37,78.3,2.46,0.0,2.99
2022-04-14,897.79,0.29,971.68,0.3,877.5,0.31,1.11,15.01,266.13,13.89,79.26,1.86,1.7917857142857143,2.16
2022-04-14,207.53,0.13,155.18,0.19,137.4,0.16,0.92,8.79,157.82,33.76,84.75,0.96,1.1907142857142856,1.13
2022-04-14,1352.39,0.17,1396.16,0.19,750.31,0.18,0.78,11.85,101.7,17.59,71.03,0.78,0.79,0.94
2022-04-14,5513.15,0.62,6677.14,0.65,7493.84,0.63,0.73,21.54,339.2,37.96,86.17,6.7,0.0,6.14
2022-04-14,2159.04,0.49,2103.31,0.47,1784.23,0.53,0.99,3.63,107.65,44.1,84.93,0.81,0.8357142857142857,1.08
2022-04-14,443.04,0.13,600.09,0.14,698.13,0.14,0.75,5.8,73.69,31.22,81.28,1.6,0.005,0.8
2022-04-14,1166.2,0.11,1207.5,0.15,1143.09,0.16,0.95,7.98,178.68,36.45,86.09,2.42,0.29642857142857143,2.38
2022-04-14,13.67,0.03,18.87,0.04,27.35,0.04,0.79,3.35,16.2,28.31,58.07,0.06,1.0007142857142857,0.04
2022-04-14,675.52,0.21,794.94,0.24,866.48,0.26,0.78,14.96,155.71,18.55,66.28,2.6,2.6792857142857143,2.3
2022-04-14,2147.51,0.35,2529.95,0.38,2068.35,0.39,0.94,6.18,43.24,24.67,74.19,2.84,0.0,2.4
2022-04-14,1002.97,0.1,1270.54,0.11,1217.9,0.12,0.82,5.29,296.98,20.37,78.32,2.46,0.0,2.99
2022-04-14,81.34,0.03,80.92,0.03,87.31,0.02,1.17,5.09,30.75,29.85,77.16,2.09,0.0,1.45
2022-04-14,1149.76,0.16,1349.06,0.19,1308.67,0.21,0.84,17.93,126.42,14.25,59.66,3.38,3.608214285714286,3.78
2022-04-14,1149.84,0.33,2061.38,0.39,3034.29,0.46,0.69,9.72,162.58,11.11,69.55,1.45,0.0,0.88
2022-04-14,2132.18,0.3,1893.56,0.29,1303.12,0.28,1.03,23.18,343.18,18.82,80.25,1.62,0.35000000000000003,1.75
2022-04-14,22.45,0.06,20.46,0.06,22.44,0.05,1.09,2.59,35.73,36.27,35.09,0.2,2.7592857142857143,0.12
2022-04-15,1149.84,0.33,2061.38,0.38,3034.29,0.45,0.75,9.84,157.77,11.11,69.55,1.45,0.0,0.88
2022-04-15,675.52,0.21,794.94,0.24,866.48,0.26,0.78,14.01,148.28,18.55,66.29,2.6,2.6096428571428576,2.3
2022-04-15,1352.39,0.16,1396.16,0.19,750.31,0.18,0.76,11.11,97.79,17.59,71.03,0.78,0.785,0.94
2022-04-15,2719.96,0.05,4258.79,0.06,5029.06,0.09,0.64,22.26,286.81,40.74,76.86,4.54,3.8878571428571425,3.56
2022-04-15,2147.51,0.35,2529.95,0.38,2068.35,0.38,0.93,7.72,49.41,24.67,74.19,2.84,0.0,2.4
2022-04-15,1166.2,0.11,1207.5,0.15,1143.09,0.15,0.94,7.83,178.94,36.45,86.09,2.42,0.2982142857142857,2.38
2022-04-15,1149.76,0.16,1349.06,0.19,1308.67,0.21,0.83,17.93,128.31,14.25,59.67,3.38,3.5717857142857143,3.78
2022-04-15,2132.18,0.3,1893.56,0.29,1303.12,0.28,1.02,22.92,345.13,18.82,80.26,1.62,0.3485714285714286,1.75
2022-04-15,1158.53,0.62,1848.43,0.62,2585.75,0.66,0.5,4.9,52.66,19.37,71.42,0.85,0.0225,0.5
2022-04-15,1002.97,0.09,1270.54,0.11,1217.9,0.12,0.81,5.26,293.09,20.37,78.34,2.46,0.0,2.99
2022-04-15,615.22,0.16,950.65,0.19,1354.69,0.22,0.68,2.72,163.37,11.11,80.56,5.03,5.6475,3.39
2022-04-15,81.34,0.03,80.92,0.03,87.31,0.02,1.2,4.97,30.2,29.84,77.18,2.09,0.0,1.45
2022-04-15,13.67,0.02,18.87,0.04,27.35,0.04,0.79,3.35,15.54,28.3,58.11,0.06,1.1528571428571428,0.04
2022-04-15,897.79,0.3,971.68,0.29,877.5,0.31,1.1,15.01,269.48,13.89,79.26,1.86,1.8046428571428572,2.16
2022-04-15,443.04,0.13,600.09,0.14,698.13,0.14,0.75,6.07,68.95,31.21,81.3,1.6,0.005,0.8
2022-04-15,22.45,0.07,20.46,0.05,22.44,0.06,1.09,2.69,35.7,36.26,35.12,0.2,2.7832142857142856,0.12
2022-04-15,207.53,0.09,155.18,0.2,137.4,0.18,0.91,8.74,161.1,32.71,84.75,0.96,1.167857142857143,1.13
2022-04-16,207.53,0.11,155.18,0.2,137.4,0.19,0.91,8.92,159.1,32.71,84.76,0.96,1.145,1.13
2022-04-16,1002.97,0.1,1270.54,0.11,1217.9,0.12,0.8,5.44,284.54,20.37,78.38,2.46,0.0,2.99
2022-04-16,2147.51,0.35,2529.95,0.36,2068.35,0.39,0.92,4.63,49.41,24.67,74.19,2.84,0.0,2.4
2022-04-16,22.45,0.08,20.46,0.04,22.44,0.06,1.09,2.72,35.71,36.26,35.15,0.2,2.807142857142857,0.12
2022-04-16,13.67,0.03,18.87,0.04,27.35,0.04,0.8,3.19,13.66,28.3,58.12,0.06,1.305,0.04
2022-04-16,1149.76,0.16,1349.06,0.19,1308.67,0.21,0.82,17.45,126.42,14.25,59.67,3.38,3.535357142857143,3.78
2022-04-16,81.34,0.04,80.92,0.03,87.31,0.02,1.16,4.7,29.19,29.84,77.2,2.09,0.0,1.45
2022-04-16,1166.2,0.11,1207.5,0.15,1143.09,0.15,0.95,7.83,177.6,36.45,86.1,2.42,0.3,2.38
2022-04-16,1149.84,0.32,2061.38,0.37,3034.29,0.44,0.82,9.61,153.65,11.11,69.56,1.45,0.0,0.88
2022-04-16,675.52,0.21,794.94,0.23,866.48,0.26,0.77,12.1,128.55,14.81,66.29,2.6,2.54,2.3
2022-04-16,443.04,0.13,600.09,0.14,698.13,0.14,0.74,5.75,66.89,31.21,81.33,1.6,0.005,0.8
2022-04-16,2132.18,0.3,1893.56,0.29,1303.12,0.28,1.0,22.75,346.16,18.82,80.26,1.62,0.34714285714285714,1.75
2022-04-16,897.79,0.31,971.68,0.29,877.5,0.31,1.09,15.1,259.44,13.89,79.26,1.86,1.8175000000000001,2.16
2022-04-16,1352.39,0.15,1396.16,0.19,750.31,0.19,0.74,11.32,95.88,17.59,71.03,0.78,0.78,0.94
2022-04-17,2063.32,0.3,2132.18,0.29,1893.56,0.28,0.98,23.03,348.4,18.82,80.26,1.78,0.3457142857142857,1.89
2022-04-17,899.16,0.14,1352.39,0.18,1396.16,0.19,0.72,11.75,98.95,17.59,71.03,0.99,0.775,0.75
2022-04-17,252.64,0.1,207.53,0.2,155.18,0.19,0.89,8.89,167.06,32.7,84.76,0.96,1.1300000000000001,1.19
2022-04-17,505.68,0.21,675.52,0.23,794.94,0.26,0.77,11.91,129.79,14.81,66.29,2.06,2.5174999999999996,1.23
2022-04-17,787.51,0.31,897.79,0.28,971.68,0.31,1.09,14.84,263.3,13.89,79.26,2.07,1.8324999999999998,2.01
2022-04-17,84.16,0.04,81.34,0.03,80.92,0.02,1.13,4.54,29.16,29.84,77.2,1.74,0.0,1.31
2022-04-17,615.43,0.28,1179.9,0.35,1304.05,0.44,0.67,11.55,265.37,11.11,81.42,2.77,0.0,2.96
2022-04-17,21.03,0.06,22.45,0.06,20.46,0.06,1.1,2.72,35.28,36.25,35.16,0.19,2.8310714285714282,0.11
2022-04-17,548.64,0.23,723.23,0.3,976.23,0.37,0.71,4.53,218.69,30.62,64.82,2.33,0.6124999999999999,2.33
2022-04-17,55.7,0.15,68.34,0.21,97.23,0.16,1.18,2.56,71.95,11.11,73.3,1.61,0.0,1.05
2022-04-17,98.16,0.07,153.85,0.09,196.48,0.11,0.76,25.66,215.42,13.89,30.74,2.85,3.8385714285714285,1.88
2022-04-17,326.72,0.13,443.04,0.14,600.09,0.14,0.74,5.13,62.11,31.21,81.34,1.28,0.005,0.53
2022-04-17,10.15,0.02,13.67,0.03,18.87,0.04,0.8,3.03,15.79,28.3,58.12,4.84,1.2989285714285714,0.05
2022-04-17,672.71,0.32,1149.84,0.36,2061.38,0.44,0.88,10.07,155.37,11.11,69.56,0.96,0.0,0.6
2022-04-17,626.6,0.1,1002.97,0.12,1270.54,0.12,0.79,5.51,286.6,20.37,78.4,2.66,0.0,2.81
2022-04-17,653.94,0.22,993.46,0.26,1377.0,0.32,0.65,23.74,295.74,14.81,45.96,3.84,1.0082142857142857,4.38
2022-04-17,876.16,0.16,1149.76,0.19,1349.06,0.2,0.81,19.81,130.2,14.25,59.67,4.05,3.4989285714285714,3.44
2022-04-17,1071.86,0.11,1166.2,0.15,1207.5,0.15,0.96,7.88,177.9,36.45,86.1,2.32,0.29642857142857143,2.26
2022-04-18,899.16,0.14,1352.39,0.18,1396.16,0.19,0.71,11.54,93.66,17.59,71.03,0.99,0.7699999999999999,0.75
2022-04-18,21.03,0.06,22.45,0.06,20.46,0.06,1.12,2.6,34.74,36.25,35.17,0.19,2.855,0.11
2022-04-18,2063.32,0.3,2132.18,0.29,1893.56,0.29,0.96,23.43,356.94,18.82,80.26,1.78,0.3442857142857143,1.89
2022-04-18,10.15,0.03,13.67,0.03,18.87,0.04,0.81,2.7,15.38,28.3,58.13,4.84,1.2928571428571427,0.05
2022-04-18,84.16,0.04,81.34,0.03,80.92,0.02,1.1,4.64,29.83,29.84,77.22,1.74,0.0,1.31
2022-04-18,787.51,0.31,897.79,0.28,971.68,0.31,1.08,16.64,274.28,13.89,79.26,2.07,1.8475000000000001,2.01
2022-04-18,1071.86,0.15,1166.2,0.11,1207.5,0.15,0.96,7.89,181.61,36.45,86.1,2.32,0.2928571428571428,2.26
2022-04-18,505.68,0.2,675.52,0.22,794.94,0.25,0.77,12.67,144.37,14.81,66.29,2.06,2.495,1.23
2022-04-18,672.71,0.32,1149.84,0.35,2061.38,0.42,0.95,10.18,155.48,11.11,69.56,0.96,0.0,0.6
2022-04-18,626.6,0.09,1002.97,0.11,1270.54,0.12,0.78,5.61,293.07,20.37,78.42,2.66,0.0,2.81
2022-04-18,326.72,0.13,443.04,0.14,600.09,0.14,0.73,5.13,61.23,31.21,81.35,1.28,0.005,0.53
2022-04-18,876.16,0.16,1149.76,0.18,1349.06,0.2,0.8,18.4,129.73,14.25,59.67,4.05,3.4625,3.44
2022-04-18,1592.97,0.36,2147.51,0.35,2529.95,0.4,0.92,4.63,54.05,24.67,74.19,3.06,0.0,2.84
2022-04-18,252.64,0.1,207.53,0.18,155.18,0.17,0.86,9.44,174.13,21.48,84.76,0.96,1.115,1.19
2022-04-19,252.64,0.09,207.53,0.14,155.18,0.17,0.85,9.7,177.48,21.48,84.77,0.96,1.1,1.19
2022-04-19,326.72,0.13,443.04,0.14,600.09,0.15,0.73,4.51,57.52,31.2,81.37,1.28,0.005,0.53
2022-04-19,787.51,0.32,897.79,0.28,971.68,0.31,1.06,16.3,273.6,13.89,79.26,2.07,1.8625,2.01
2022-04-19,10.15,0.02,13.67,0.03,18.87,0.05,0.81,3.11,15.54,28.3,58.15,4.84,1.286785714285714,0.05
2022-04-19,21.03,0.06,22.45,0.06,20.46,0.06,1.13,2.67,35.1,36.25,35.19,0.19,2.9089285714285715,0.11
2022-04-19,215.65,0.21,200.3,0.18,368.59,0.18,0.92,7.15,94.98,34.5,86.59,0.94,0.24321428571428574,1.15
2022-04-19,505.68,0.19,675.52,0.22,794.94,0.25,0.77,12.2,139.13,14.81,66.29,2.06,2.4724999999999997,1.23
2022-04-19,876.16,0.15,1149.76,0.18,1349.06,0.2,0.79,15.1,114.63,14.25,59.67,4.05,3.431428571428572,3.44
2022-04-19,1592.97,0.35,2147.51,0.35,2529.95,0.4,0.91,4.63,61.77,24.67,74.2,3.06,0.0,2.84
2022-04-19,899.16,0.13,1352.39,0.18,1396.16,0.19,0.7,11.11,88.79,17.59,71.04,0.99,0.7649999999999999,0.75
2022-04-19,672.71,0.31,1149.84,0.34,2061.38,0.41,1.02,9.84,153.88,11.11,69.56,0.96,0.0,0.6
2022-04-19,1071.86,0.15,1166.2,0.11,1207.5,0.15,0.96,7.84,180.73,36.45,86.1,2.32,0.28928571428571426,2.26
2022-04-19,2063.32,0.3,2132.18,0.29,1893.56,0.29,0.95,24.24,364.13,18.82,80.26,1.78,0.3428571428571429,1.89
2022-04-19,84.16,0.04,81.34,0.03,80.92,0.02,1.1,4.51,29.89,29.83,77.24,1.74,0.0,1.31
2022-04-19,626.6,0.09,1002.97,0.1,1270.54,0.11,0.77,5.7,288.7,20.37,78.45,2.66,0.0,2.81
2022-04-20,680.75,0.44,865.1,0.45,994.07,0.48,0.47,5.05,170.19,19.44,81.36,5.26,1.1724999999999999,3.56
2022-04-20,876.16,0.15,1149.76,0.17,1349.06,0.19,0.77,14.62,107.56,14.25,59.67,4.05,3.400357142857143,3.44
2022-04-20,899.16,0.12,1352.39,0.17,1396.16,0.19,0.69,10.8,83.08,17.59,71.04,0.99,0.76,0.75
2022-04-20,1071.86,0.15,1166.2,0.11,1207.5,0.15,0.93,7.6,179.8,36.45,86.1,2.32,0.2857142857142857,2.26
2022-04-20,252.64,0.24,207.53,0.13,155.18,0.19,0.86,9.6,180.66,21.48,84.77,0.96,1.085,1.19
2022-04-20,626.6,0.09,1002.97,0.1,1270.54,0.11,0.76,5.26,277.74,20.37,78.48,2.66,0.0,2.81
2022-04-20,1592.97,0.35,2147.51,0.35,2529.95,0.4,0.9,4.63,46.32,24.67,74.2,3.06,0.0,2.84
2022-04-20,385.7,0.4,370.71,0.36,312.73,0.38,1.03,6.74,99.67,45.37,83.07,0.59,1.3799999999999997,0.39
2022-04-20,84.16,0.04,81.34,0.03,80.92,0.02,1.1,4.5,30.04,29.83,77.26,1.74,0.0,1.31
2022-04-20,2063.32,0.3,2132.18,0.3,1893.56,0.29,0.92,24.33,365.39,18.82,80.27,1.78,0.34142857142857147,1.89
2022-04-20,505.68,0.18,675.52,0.22,794.94,0.24,0.76,12.67,130.46,14.81,66.3,2.06,2.4499999999999997,1.23
2022-04-20,10.15,0.03,13.67,0.02,18.87,0.04,0.81,3.44,16.77,28.3,58.16,4.84,1.2807142857142857,0.05
2022-04-20,326.72,0.13,443.04,0.14,600.09,0.14,0.73,4.74,54.8,31.2,81.39,1.28,0.005,0.53
2022-04-20,787.51,0.32,897.79,0.28,971.68,0.31,1.06,15.53,274.45,13.89,79.26,2.07,1.8775,2.01
2022-04-20,21.03,0.06,22.45,0.06,20.46,0.06,1.15,2.74,34.71,36.24,35.22,0.19,2.962857142857143,0.11
2022-04-20,672.71,0.3,1149.84,0.34,2061.38,0.4,1.01,10.07,142.9,11.11,69.56,0.96,0.0,0.6
2022-04-21,1071.86,0.15,1166.2,0.11,1207.5,0.15,0.92,7.11,177.77,36.44,86.11,2.32,0.28214285714285714,2.26
2022-04-21,505.68,0.18,675.52,0.21,794.94,0.24,0.75,12.01,121.98,14.81,66.3,2.06,2.4274999999999998,1.23
2022-04-21,3926.46,0.57,5513.15,0.62,6677.14,0.65,0.61,18.57,296.26,37.96,86.2,6.25,0.0,4.26
2022-04-21,10.15,0.02,13.67,0.03,18.87,0.04,0.81,3.19,15.87,28.3,58.18,4.84,1.274642857142857,0.05
2022-04-21,672.71,0.29,1149.84,0.33,2061.38,0.39,1.0,9.84,133.86,11.11,69.56,0.96,0.0,0.6
2022-04-21,2063.32,0.3,2132.18,0.3,1893.56,0.29,0.9,24.3,366.12,18.82,80.27,1.78,0.33999999999999997,1.89
2022-04-21,876.16,0.15,1149.76,0.16,1349.06,0.19,0.76,13.68,105.2,14.25,59.67,4.05,3.369285714285714,3.44
2022-04-21,899.16,0.11,1352.39,0.17,1396.16,0.19,0.69,10.27,77.79,17.59,71.04,0.99,0.74,0.75
2022-04-21,252.64,0.27,207.53,0.13,155.18,0.19,0.87,9.23,185.21,21.47,84.78,0.96,1.07,1.19
2022-04-21,1592.97,0.35,2147.51,0.35,2529.95,0.38,0.89,6.18,46.32,24.67,74.2,3.06,0.0,2.84
2022-04-21,84.16,0.04,81.34,0.03,80.92,0.03,1.08,4.58,30.15,29.83,77.28,1.74,0.0,1.31
2022-04-21,626.6,0.08,1002.97,0.1,1270.54,0.11,0.76,5.17,270.3,20.37,78.51,2.66,0.0,2.81
2022-04-21,326.72,0.13,443.04,0.13,600.09,0.14,0.73,4.54,51.5,31.2,81.41,1.28,0.005,0.53
2022-04-21,787.51,0.32,897.79,0.29,971.68,0.3,1.06,15.7,271.36,13.89,79.26,2.07,1.8925,2.01
2022-04-21,21.03,0.06,22.45,0.06,20.46,0.06,1.18,2.82,34.84,36.23,35.25,0.19,3.016785714285714,0.11
2022-04-22,455.15,0.18,615.22,0.16,950.65,0.19,0.7,2.72,133.45,11.11,80.56,3.92,4.716428571428572,2.42
2022-04-22,626.6,0.07,1002.97,0.09,1270.54,0.11,0.76,4.74,260.25,20.37,78.53,2.66,0.0,2.81
2022-04-22,1638.86,0.05,2719.96,0.05,4258.79,0.06,0.63,19.02,229.76,40.74,76.88,4.56,4.036071428571428,2.82
2022-04-22,326.72,0.13,443.04,0.13,600.09,0.14,0.72,4.48,48.74,31.19,81.45,1.28,0.004999999999999999,0.53
2022-04-22,2063.32,0.3,2132.18,0.3,1893.56,0.29,0.89,24.36,367.32,18.82,80.27,1.78,0.3396428571428572,1.89
2022-04-22,10.15,0.02,13.67,0.02,18.87,0.04,0.82,3.11,12.84,28.3,58.18,4.84,1.2685714285714287,0.05
2022-04-22,672.71,0.29,1149.84,0.33,2061.38,0.38,1.0,10.07,131.0,11.11,69.56,0.96,0.0,0.6
2022-04-22,787.51,0.33,897.79,0.3,971.68,0.29,1.05,16.47,259.78,13.89,79.26,2.07,1.9075000000000002,2.01
2022-04-22,1071.86,0.15,1166.2,0.11,1207.5,0.15,0.92,7.1,176.14,36.44,86.11,2.32,0.2785714285714286,2.26
2022-04-22,899.16,0.1,1352.39,0.16,1396.16,0.19,0.68,9.52,73.55,17.59,71.04,0.99,0.72,0.75
2022-04-22,876.16,0.14,1149.76,0.16,1349.06,0.19,0.75,13.68,101.42,14.25,59.67,4.05,3.338214285714286,3.44
2022-04-22,1592.97,0.35,2147.51,0.35,2529.95,0.38,0.91,4.63,44.78,24.67,74.2,3.06,0.0,2.84
2022-04-22,84.16,0.05,81.34,0.03,80.92,0.03,1.08,4.52,30.44,29.82,77.3,1.74,0.0,1.31
2022-04-22,21.03,0.06,22.45,0.07,20.46,0.05,1.21,2.82,34.84,36.22,35.28,0.19,3.0707142857142857,0.11
2022-04-22,588.1,0.59,1158.53,0.62,1848.43,0.62,0.36,4.16,39.11,19.37,71.43,0.65,0.011785714285714285,0.35
2022-04-22,505.68,0.17,675.52,0.21,794.94,0.24,0.74,10.1,97.39,14.81,66.3,2.06,2.4050000000000002,1.23
2022-04-23,787.51,0.33,897.79,0.31,971.68,0.29,1.04,15.96,248.97,13.89,79.27,2.07,1.9224999999999999,2.01
2022-04-23,1071.86,0.15,1166.2,0.11,1207.5,0.15,0.93,6.96,174.28,36.44,86.11,2.32,0.275,2.26
2022-04-23,672.71,0.29,1149.84,0.32,2061.38,0.37,1.01,10.3,131.92,11.11,69.56,0.96,0.0,0.6
2022-04-23,2063.32,0.3,2132.18,0.3,1893.56,0.29,0.87,24.04,367.1,18.82,80.27,1.78,0.3392857142857143,1.89
2022-04-23,899.16,0.1,1352.39,0.15,1396.16,0.19,0.67,9.52,73.55,17.59,71.04,0.99,0.7000000000000001,0.75
2022-04-23,84.16,0.05,81.34,0.04,80.92,0.03,1.12,4.31,29.44,29.82,77.31,1.74,0.0,1.31
2022-04-23,505.68,0.17,675.52,0.21,794.94,0.23,0.72,10.1,95.2,14.81,66.3,2.06,2.3825,1.23
2022-04-23,326.72,0.13,443.04,0.13,600.09,0.14,0.72,3.95,47.2,31.19,81.5,1.28,0.005,0.53
2022-04-23,626.6,0.08,1002.97,0.1,1270.54,0.11,0.77,4.92,259.24,20.37,78.55,2.66,0.0,2.81
2022-04-23,1592.97,0.35,2147.51,0.35,2529.95,0.36,0.9,3.09,43.24,24.67,74.21,3.06,0.0,2.84
2022-04-23,876.16,0.14,1149.76,0.16,1349.06,0.19,0.75,13.21,96.23,14.25,59.67,4.05,3.3071428571428574,3.44
2022-04-23,10.15,0.02,13.67,0.03,18.87,0.04,0.83,2.7,13.66,28.3,58.19,4.84,1.2625,0.05
2022-04-23,252.64,0.31,207.53,0.11,155.18,0.2,0.87,9.62,186.87,21.47,84.79,0.96,1.04,1.19
2022-04-24,85.43,0.07,98.16,0.07,153.85,0.09,0.83,18.58,170.6,13.89,30.76,2.66,3.1114285714285717,1.4
2022-04-24,640.73,0.14,876.16,0.16,1149.76,0.19,0.74,14.15,98.12,14.25,59.67,3.78,3.2760714285714285,3.72
2022-04-24,308.06,0.17,505.68,0.21,675.52,0.23,0.71,10.2,94.05,14.81,66.3,2.3,2.3346428571428572,1.22
2022-04-24,540.68,0.09,899.16,0.14,1352.39,0.18,0.67,9.63,77.57,17.59,71.04,0.94,0.6799999999999999,0.72
2022-04-24,658.76,0.34,787.51,0.31,897.79,0.28,1.04,14.93,252.92,13.89,79.27,2.16,1.937142857142857,1.69
2022-04-24,375.73,0.22,615.43,0.28,1179.9,0.35,0.7,11.55,185.74,11.11,81.45,2.88,0.0,2.26
2022-04-24,1010.48,0.15,1071.86,0.11,1166.2,0.15,0.93,6.83,172.11,36.44,86.11,2.38,0.28928571428571426,2.41
2022-04-24,351.17,0.17,653.94,0.22,993.46,0.26,0.63,18.25,209.98,14.81,45.96,4.07,0.8653571428571428,2.56
2022-04-24,260.25,0.13,326.72,0.13,443.04,0.14,0.7,3.71,43.93,31.18,81.53,0.8,0.005,0.32
2022-04-24,103.71,0.05,84.16,0.04,81.34,0.03,1.16,4.23,30.01,29.82,77.32,1.45,0.0,1.02
2022-04-24,6.88,0.02,10.15,0.02,13.67,0.03,0.84,3.19,15.79,28.3,58.19,0.04,1.2603571428571427,0.04
2022-04-24,515.41,0.29,672.71,0.32,1149.84,0.36,1.02,9.61,129.86,11.11,69.56,0.88,0.0,0.52
2022-04-24,439.85,0.08,626.6,0.1,1002.97,0.12,0.78,4.86,256.8,20.37,78.56,2.99,0.0,2.38
2022-04-24,353.1,0.19,548.64,0.23,723.23,0.3,0.7,2.26,136.49,22.29,64.84,3.07,0.6349999999999999,1.38
2022-04-24,246.35,0.32,252.64,0.1,207.53,0.2,0.87,9.7,190.1,21.47,84.79,1.13,1.042857142857143,1.66
2022-04-24,42.87,0.18,55.7,0.15,68.34,0.21,1.17,2.08,61.33,11.11,73.31,1.65,0.0,1.02
2022-04-24,1827.88,0.3,2063.32,0.3,2132.18,0.29,0.85,24.12,367.51,18.82,80.27,1.75,0.3389285714285714,1.98
2022-04-25,246.35,0.53,252.64,0.1,207.53,0.18,0.87,9.99,195.4,21.47,84.79,1.13,1.0457142857142856,1.66
2022-04-25,308.06,0.16,505.68,0.2,675.52,0.22,0.7,10.1,96.44,14.81,66.3,2.3,2.286785714285714,1.22
2022-04-25,640.73,0.13,876.16,0.16,1149.76,0.18,0.73,14.15,95.29,14.25,59.67,3.78,3.245,3.72
2022-04-25,540.68,0.09,899.16,0.14,1352.39,0.18,0.68,9.63,78.84,17.59,71.04,0.94,0.66,0.72
2022-04-25,658.76,0.33,787.51,0.31,897.79,0.28,1.03,15.79,264.16,13.89,79.27,2.16,1.9517857142857145,1.69
2022-04-25,439.85,0.05,626.6,0.09,1002.97,0.11,0.79,4.83,255.34,12.96,78.57,2.99,0.0,2.38
2022-04-25,1010.48,0.15,1071.86,0.15,1166.2,0.11,0.94,6.96,175.33,36.44,86.11,2.38,0.30357142857142855,2.41
2022-04-25,103.71,0.05,84.16,0.04,81.34,0.03,1.21,4.29,30.78,29.82,77.33,1.45,0.0,1.02
2022-04-25,515.41,0.28,672.71,0.32,1149.84,0.35,1.03,9.27,131.92,11.11,69.56,0.88,0.0,0.52
2022-04-25,20.96,0.07,21.03,0.06,22.45,0.06,1.31,2.74,34.71,36.22,35.28,0.12,3.2324999999999995,0.35
2022-04-25,6.88,0.01,10.15,0.03,13.67,0.03,0.85,3.27,15.62,28.29,58.46,0.04,1.258214285714286,0.04
2022-04-25,260.25,0.13,326.72,0.13,443.04,0.14,0.69,3.24,41.96,31.18,81.56,0.8,0.004999999999999999,0.32
2022-04-25,1827.88,0.29,2063.32,0.3,2132.18,0.29,0.82,24.11,368.51,18.82,80.27,1.75,0.3385714285714286,1.98
2022-04-26,1010.48,0.15,1071.86,0.15,1166.2,0.11,0.96,7.15,180.16,36.44,86.11,2.38,0.3178571428571428,2.41
2022-04-26,246.35,0.34,252.64,0.09,207.53,0.14,0.86,10.06,199.82,21.47,84.79,1.13,1.0485714285714285,1.66
2022-04-26,1398.36,0.34,1592.97,0.35,2147.51,0.35,0.92,3.09,43.24,24.67,74.21,2.4,0.0,1.09
2022-04-26,308.06,0.16,505.68,0.19,675.52,0.22,0.7,10.1,115.78,14.81,66.3,2.3,2.238928571428571,1.22
2022-04-26,640.73,0.13,876.16,0.15,1149.76,0.18,0.73,14.15,98.12,14.25,59.67,3.78,3.2046428571428573,3.72
2022-04-26,658.76,0.33,787.51,0.32,897.79,0.28,1.04,16.22,273.51,13.89,79.27,2.16,1.9664285714285714,1.69
2022-04-26,103.71,0.05,84.16,0.04,81.34,0.03,1.24,4.39,31.56,29.81,77.35,1.45,0.0,1.02
2022-04-26,540.68,0.09,899.16,0.13,1352.39,0.18,0.69,9.42,79.16,17.59,71.04,0.94,0.64,0.72
2022-04-26,20.96,0.08,21.03,0.06,22.45,0.06,1.36,2.57,34.56,36.22,35.28,0.12,3.3232142857142857,0.35
2022-04-26,6.88,0.02,10.15,0.02,13.67,0.03,0.87,3.52,15.87,28.29,58.47,0.04,1.2560714285714287,0.04
2022-04-26,439.85,0.08,626.6,0.09,1002.97,0.1,0.81,4.98,261.96,11.11,78.59,2.99,0.0,2.38
2022-04-26,260.25,0.13,326.72,0.13,443.04,0.14,0.67,2.86,38.84,31.18,81.58,0.8,0.005,0.32
2022-04-26,1827.88,0.29,2063.32,0.3,2132.18,0.29,0.8,24.79,372.75,18.82,80.28,1.75,0.3382142857142857,1.98
2022-04-26,515.41,0.28,672.71,0.31,1149.84,0.34,1.05,8.81,130.54,11.11,69.56,0.88,0.0,0.52
2022-04-27,536.54,0.43,680.75,0.44,865.1,0.45,0.59,5.23,148.54,19.44,81.38,3.87,1.5132142857142858,2.15
2022-04-27,20.96,0.09,21.03,0.06,22.45,0.06,1.41,2.67,35.7,36.21,35.31,0.12,3.4139285714285714,0.35
2022-04-27,439.85,0.08,626.6,0.09,1002.97,0.1,0.81,5.17,254.13,11.11,78.61,2.99,0.0,2.38
2022-04-27,308.06,0.16,505.68,0.18,675.52,0.22,0.7,9.53,108.54,14.81,66.3,2.3,2.1910714285714286,1.22
2022-04-27,382.51,0.3,385.7,0.4,370.71,0.36,0.91,5.94,92.84,45.37,83.17,0.46,0.0,0.33
2022-04-27,1398.36,0.35,1592.97,0.35,2147.51,0.35,0.92,1.54,38.6,24.67,74.21,2.4,0.0,1.09
2022-04-27,260.25,0.13,326.72,0.13,443.04,0.14,0.65,2.86,37.98,31.17,81.62,0.8,0.005,0.32
2022-04-27,1827.88,0.29,2063.32,0.3,2132.18,0.3,0.81,24.73,371.3,18.82,80.28,1.75,0.3378571428571429,1.98
2022-04-27,103.71,0.05,84.16,0.04,81.34,0.03,1.26,4.27,32.28,29.81,77.37,1.45,0.0,1.02
2022-04-27,658.76,0.33,787.51,0.32,897.79,0.28,1.03,14.5,264.76,13.89,79.27,2.16,1.9810714285714286,1.69
2022-04-27,6.88,0.01,10.15,0.03,13.67,0.02,0.88,3.27,15.79,28.29,58.49,0.04,1.2539285714285715,0.04
2022-04-27,1010.48,0.16,1071.86,0.15,1166.2,0.11,1.03,7.0,179.89,36.44,86.11,2.38,0.3321428571428572,2.41
2022-04-27,246.35,0.21,252.64,0.24,207.53,0.13,0.85,9.88,200.39,21.47,84.82,1.13,1.0514285714285714,1.66
2022-04-27,540.68,0.09,899.16,0.12,1352.39,0.17,0.7,9.42,77.47,17.59,71.04,0.94,0.62,0.72
2022-04-27,640.73,0.13,876.16,0.15,1149.76,0.17,0.77,13.21,94.82,14.25,59.67,3.78,3.1642857142857146,3.72
2022-04-27,515.41,0.28,672.71,0.3,1149.84,0.34,1.05,8.58,126.31,11.11,69.56,0.88,0.0,0.52
2022-04-28,1010.48,0.16,1071.86,0.15,1166.2,0.11,1.05,7.03,180.33,36.44,86.12,2.38,0.3464285714285715,2.41
2022-04-28,260.25,0.12,326.72,0.13,443.04,0.13,0.63,2.71,31.59,31.17,81.66,0.8,0.005357142857142857,0.32
2022-04-28,246.35,0.19,252.64,0.27,207.53,0.13,0.85,9.57,199.87,21.44,84.92,1.13,1.0542857142857143,1.66
2022-04-28,640.73,0.13,876.16,0.15,1149.76,0.16,0.78,13.68,89.16,14.25,59.68,3.78,3.1239285714285714,3.72
2022-04-28,103.71,0.06,84.16,0.04,81.34,0.03,1.28,4.39,32.82,27.96,77.39,1.45,0.0,1.02
2022-04-28,439.85,0.07,626.6,0.08,1002.97,0.1,0.8,5.01,240.41,11.11,78.64,2.99,0.0,2.38
2022-04-28,20.96,0.11,21.03,0.06,22.45,0.06,1.45,2.62,35.81,36.2,35.34,0.12,3.5046428571428576,0.35
2022-04-28,1398.36,0.35,1592.97,0.35,2147.51,0.35,0.92,1.54,40.15,24.67,74.21,2.4,0.0,1.09
2022-04-28,1827.88,0.28,2063.32,0.3,2132.18,0.3,0.8,24.83,368.93,18.82,80.28,1.75,0.33749999999999997,1.98
2022-04-28,515.41,0.28,672.71,0.29,1149.84,0.33,1.04,8.47,120.02,11.11,69.56,0.88,0.0,0.52
2022-04-28,540.68,0.08,899.16,0.11,1352.39,0.17,0.71,8.89,76.41,17.59,71.04,0.94,0.6146428571428572,0.72
2022-04-28,6.88,0.01,10.15,0.02,13.67,0.03,0.9,3.19,15.79,28.29,58.51,0.04,1.2517857142857145,0.04
2022-04-28,2562.69,0.47,3926.46,0.57,5513.15,0.62,0.58,16.33,170.91,13.89,86.22,6.14,0.0,2.81
2022-04-28,308.06,0.15,505.68,0.18,675.52,0.21,0.69,9.43,103.3,14.81,66.3,2.3,2.1432142857142855,1.22
2022-04-28,221.49,0.26,215.65,0.23,200.3,0.18,1.07,6.88,118.13,27.59,86.6,1.0,0.38571428571428573,1.25
2022-04-28,658.76,0.33,787.51,0.32,897.79,0.29,1.02,13.21,255.24,13.89,79.27,2.16,1.9957142857142856,1.69
2022-04-29,439.85,0.08,626.6,0.07,1002.97,0.09,0.79,4.81,232.62,11.11,78.66,2.99,0.0,2.38
2022-04-29,1074.39,0.04,1638.86,0.05,2719.96,0.05,0.7,13.09,178.31,37.96,76.89,3.56,3.8964285714285714,2.17
2022-04-29,260.25,0.11,326.72,0.13,443.04,0.13,0.62,2.68,32.74,31.17,81.72,0.8,0.005714285714285714,0.32
2022-04-29,1398.36,0.35,1592.97,0.35,2147.51,0.35,0.91,1.54,37.06,24.67,74.21,2.4,0.0,1.09
2022-04-29,1827.88,0.28,2063.32,0.3,2132.18,0.3,0.79,24.26,366.94,18.82,80.28,1.75,0.34214285714285714,1.98
2022-04-29,103.71,0.06,84.16,0.05,81.34,0.03,1.29,4.4,33.12,27.95,77.41,1.45,0.0,1.02
2022-04-29,515.41,0.28,672.71,0.29,1149.84,0.33,1.05,8.7,114.18,11.11,69.57,0.88,0.0,0.52
2022-04-29,640.73,0.12,876.16,0.14,1149.76,0.16,0.78,13.68,84.91,14.25,59.68,3.78,3.0835714285714286,3.72
2022-04-29,658.76,0.32,787.51,0.33,897.79,0.3,1.02,13.13,244.08,13.89,79.27,2.16,2.010357142857143,1.69
2022-04-29,225.59,0.57,588.1,0.59,1158.53,0.62,0.41,3.42,31.37,15.67,71.44,0.5,0.0075,0.23
2022-04-29,308.06,0.15,505.68,0.17,675.52,0.21,0.69,8.29,94.24,14.81,66.31,2.3,2.095357142857143,1.22
2022-04-29,20.96,0.13,21.03,0.06,22.45,0.07,1.46,2.72,36.63,36.19,35.37,0.12,3.5953571428571425,0.35
2022-04-29,540.68,0.08,899.16,0.1,1352.39,0.16,0.72,8.68,74.08,17.59,71.04,0.94,0.6092857142857142,0.72
2022-04-29,1010.48,0.16,1071.86,0.15,1166.2,0.11,1.05,6.96,177.63,36.44,86.12,2.38,0.3607142857142857,2.41
2022-04-29,6.88,0.02,10.15,0.02,13.67,0.02,0.91,3.03,15.38,28.29,58.54,0.04,1.249642857142857,0.04
2022-04-29,328.72,0.15,455.15,0.18,615.22,0.16,0.74,2.55,129.37,11.11,80.57,3.39,3.817142857142857,2.11
2022-04-30,640.73,0.12,876.16,0.14,1149.76,0.16,0.79,14.15,79.72,14.25,59.68,3.78,3.0432142857142854,3.72
2022-04-30,6.88,0.01,10.15,0.02,13.67,0.03,0.93,2.54,14.32,28.29,58.54,0.04,1.2475,0.04
2022-04-30,103.71,0.06,84.16,0.05,81.34,0.04,1.27,4.3,33.21,27.95,77.42,1.45,0.0,1.02
2022-04-30,260.25,0.11,326.72,0.13,443.04,0.13,0.61,2.62,32.71,31.16,81.77,0.8,0.006071428571428572,0.32
2022-04-30,658.76,0.31,787.51,0.33,897.79,0.31,1.02,12.7,227.87,13.89,79.27,2.16,2.025,1.69
2022-04-30,20.96,0.14,21.03,0.07,22.45,0.08,1.46,2.89,37.47,36.19,35.41,0.12,3.686071428571428,0.35
2022-04-30,1827.88,0.27,2063.32,0.3,2132.18,0.3,0.78,24.12,366.3,18.82,80.29,1.75,0.34678571428571425,1.98
2022-04-30,540.68,0.08,899.16,0.1,1352.39,0.15,0.76,9.42,76.3,17.59,71.04,0.94,0.6039285714285715,0.72
2022-04-30,1398.36,0.34,1592.97,0.35,2147.51,0.35,0.91,1.54,38.6,24.67,74.22,2.4,0.0,1.09
2022-04-30,515.41,0.28,672.71,0.29,1149.84,0.32,1.05,8.47,112.01,11.11,69.57,0.88,0.0,0.52
2022-04-30,1010.48,0.17,1071.86,0.15,1166.2,0.11,1.03,6.93,174.86,36.44,86.12,2.38,0.375,2.41
2022-04-30,246.35,0.18,252.64,0.31,207.53,0.11,0.84,10.35,197.56,21.43,84.93,1.13,1.0599999999999998,1.66
2022-04-30,439.85,0.08,626.6,0.08,1002.97,0.1,0.78,4.81,220.55,11.11,78.71,2.99,0.0,2.38
2022-04-30,308.06,0.14,505.68,0.17,675.52,0.21,0.68,7.43,81.28,14.81,66.31,2.3,2.0475,1.22
2022-05-01,125.79,0.06,103.71,0.05,84.16,0.04,1.24,4.27,33.88,27.95,77.42,1.31,0.0,0.94
2022-05-01,471.41,0.11,640.73,0.14,876.16,0.16,0.78,15.57,79.25,14.25,59.68,3.44,3.002857142857143,2.7
2022-05-01,406.36,0.07,540.68,0.09,899.16,0.14,0.75,9.42,80.96,17.59,71.04,0.75,0.5985714285714286,0.56
2022-05-01,232.74,0.19,246.35,0.32,252.64,0.1,0.84,10.19,199.77,21.43,84.93,1.19,1.085,1.76
2022-05-01,249.71,0.19,375.73,0.22,615.43,0.28,0.78,8.36,140.55,11.11,81.47,2.96,0.0,1.59
2022-05-01,516.0,0.31,658.76,0.34,787.51,0.31,1.02,13.38,232.93,13.89,79.27,2.01,2.0189285714285714,1.36
2022-05-01,1198.29,0.27,1827.88,0.3,2063.32,0.3,0.77,24.18,367.01,18.82,80.29,1.89,0.3514285714285714,1.93
2022-05-01,291.62,0.15,353.1,0.19,548.64,0.23,0.69,4.53,120.66,22.29,64.87,2.33,0.6649999999999999,0.95
2022-05-01,221.11,0.14,308.06,0.17,505.68,0.21,0.68,7.43,81.19,14.81,66.31,1.23,1.9982142857142855,1.03
2022-05-01,3.83,0.02,6.88,0.02,10.15,0.02,0.95,2.7,14.15,28.29,58.54,0.05,1.2467857142857144,0.05
2022-05-01,1004.89,0.17,1010.48,0.15,1071.86,0.11,1.0,7.05,174.65,36.44,86.12,2.26,0.3678571428571428,2.15
2022-05-01,173.13,0.1,260.25,0.13,326.72,0.13,0.59,2.89,31.03,31.16,81.81,0.53,0.0064285714285714285,0.21
2022-05-01,76.75,0.07,85.43,0.07,98.16,0.07,0.89,17.1,145.98,13.89,30.77,1.88,2.6025,1.34
2022-05-01,307.36,0.08,439.85,0.08,626.6,0.1,0.76,4.8,218.83,11.11,78.73,2.81,0.0,1.89
2022-05-01,282.23,0.14,351.17,0.17,653.94,0.22,0.67,14.53,178.26,14.81,45.97,4.38,0.6139285714285715,2.04
2022-05-01,368.56,0.27,515.41,0.29,672.71,0.32,1.06,8.47,111.78,11.11,69.57,0.6,0.0,0.23
2022-05-01,34.98,0.11,42.87,0.18,55.7,0.15,1.18,1.99,56.78,11.11,73.33,1.05,0.0,0.7
2022-05-01,1116.94,0.33,1398.36,0.35,1592.97,0.35,0.9,3.09,35.52,24.67,74.22,2.84,0.0,1.53
2022-05-02,3.83,0.02,6.88,0.01,10.15,0.03,0.96,2.86,14.81,26.85,58.56,0.05,1.2460714285714285,0.05
2022-05-02,516.0,0.31,658.76,0.33,787.51,0.31,1.02,14.16,237.3,13.89,79.28,2.01,2.012857142857143,1.36
2022-05-02,307.36,0.1,439.85,0.05,626.6,0.09,0.75,4.74,216.09,11.11,78.75,2.81,0.0,1.89
2022-05-02,1116.94,0.34,1398.36,0.34,1592.97,0.36,0.9,3.09,33.97,24.67,74.22,2.84,0.0,1.53
2022-05-02,125.79,0.06,103.71,0.05,84.16,0.04,1.22,4.46,35.24,27.94,77.44,1.31,0.0,0.94
2022-05-02,232.74,0.14,246.35,0.53,252.64,0.1,0.83,10.3,204.37,21.43,84.93,1.19,1.1099999999999999,1.76
2022-05-02,471.41,0.12,640.73,0.13,876.16,0.16,0.78,14.15,78.31,14.25,59.68,3.44,2.9625,2.7
2022-05-02,406.36,0.07,540.68,0.09,899.16,0.14,0.75,9.31,77.89,17.59,71.04,0.75,0.5932142857142857,0.56
2022-05-02,173.13,0.09,260.25,0.13,326.72,0.13,0.57,2.89,27.82,31.16,81.83,0.53,0.0067857142857142855,0.21
2022-05-02,44.18,0.16,20.96,0.07,21.03,0.06,1.45,3.02,38.1,36.19,35.41,0.11,3.8674999999999997,0.15
2022-05-02,1004.89,0.17,1010.48,0.15,1071.86,0.15,0.96,7.05,177.28,36.44,86.12,2.26,0.3607142857142857,2.15
2022-05-02,221.11,0.14,308.06,0.16,505.68,0.2,0.67,7.34,91.58,14.81,66.31,1.23,1.9489285714285711,1.03
2022-05-02,368.56,0.27,515.41,0.28,672.71,0.32,1.08,7.89,116.24,11.11,69.57,0.6,0.0,0.23
2022-05-02,1198.29,0.27,1827.88,0.29,2063.32,0.3,0.76,24.46,368.37,18.82,80.29,1.89,0.3560714285714286,1.93
2022-05-03,368.56,0.26,515.41,0.28,672.71,0.31,1.09,7.21,116.24,11.11,69.57,0.6,0.0,0.23
2022-05-03,1116.94,0.33,1398.36,0.34,1592.97,0.35,0.88,1.54,27.8,24.67,74.22,2.84,0.0,1.53
2022-05-03,1198.29,0.25,1827.88,0.29,2063.32,0.3,0.74,24.58,364.28,18.82,80.29,1.89,0.3607142857142857,1.93
2022-05-03,221.11,0.13,308.06,0.16,505.68,0.19,0.66,7.15,93.39,14.81,66.31,1.23,1.8996428571428574,1.03
2022-05-03,307.36,0.06,439.85,0.08,626.6,0.09,0.74,4.83,205.99,11.11,78.76,2.81,0.0,1.89
2022-05-03,3.83,0.02,6.88,0.02,10.15,0.02,0.97,2.54,13.74,26.85,58.57,0.05,1.2453571428571428,0.05
2022-05-03,516.0,0.3,658.76,0.33,787.51,0.32,1.04,13.21,226.32,13.89,79.28,2.01,2.0067857142857144,1.36
2022-05-03,232.74,0.18,246.35,0.34,252.64,0.09,0.83,10.25,204.84,21.43,84.94,1.19,1.135,1.76
2022-05-03,406.36,0.06,540.68,0.09,899.16,0.13,0.74,9.52,74.93,17.59,71.04,0.75,0.5878571428571429,0.56
2022-05-03,173.13,0.09,260.25,0.13,326.72,0.13,0.55,2.98,26.76,31.15,81.86,0.53,0.0071428571428571435,0.21
2022-05-03,44.18,0.17,20.96,0.08,21.03,0.06,1.44,3.06,31.72,36.18,35.45,0.11,4.0125,0.15
2022-05-03,1004.89,0.17,1010.48,0.15,1071.86,0.15,0.94,6.93,181.87,36.44,86.12,2.26,0.3535714285714286,2.15
2022-05-03,471.41,0.1,640.73,0.13,876.16,0.15,0.79,13.68,80.67,14.25,59.68,3.44,2.9192857142857145,2.7
2022-05-03,125.79,0.06,103.71,0.05,84.16,0.04,1.22,4.68,36.51,27.94,77.45,1.31,0.0,0.94
2022-05-04,305.8,0.29,221.49,0.25,215.65,0.22,1.23,6.88,125.97,27.59,86.63,1.15,0.6207142857142858,1.25
2022-05-04,516.0,0.29,658.76,0.33,787.51,0.32,1.03,12.87,220.49,13.89,79.28,2.01,2.0007142857142854,1.36
2022-05-04,44.18,0.18,20.96,0.09,21.03,0.06,1.43,3.16,33.86,36.17,35.48,0.11,4.1575,0.15
2022-05-04,471.41,0.1,640.73,0.13,876.16,0.15,0.77,13.21,73.12,14.25,59.68,3.44,2.8760714285714286,2.7
2022-05-04,1198.29,0.24,1827.88,0.29,2063.32,0.3,0.73,24.45,360.27,18.82,80.29,1.89,0.3653571428571429,1.93
2022-05-04,173.13,0.08,260.25,0.13,326.72,0.13,0.53,2.89,25.96,31.15,81.88,0.53,0.0075,0.21
2022-05-04,1116.94,0.3,1398.36,0.35,1592.97,0.35,0.87,4.63,29.34,24.67,74.22,2.84,0.0,1.53
2022-05-04,221.11,0.12,308.06,0.16,505.68,0.18,0.66,5.91,87.67,14.81,66.31,1.23,1.850357142857143,1.03
2022-05-04,125.79,0.06,103.71,0.05,84.16,0.04,1.21,4.68,37.71,27.94,77.47,1.31,0.0,0.94
2022-05-04,326.59,0.13,382.51,0.3,385.7,0.4,0.91,5.09,86.92,45.37,83.3,0.39,0.0,0.34
2022-05-04,1004.89,0.17,1010.48,0.16,1071.86,0.15,0.95,6.67,178.68,36.44,86.12,2.26,0.3464285714285714,2.15
2022-05-04,307.36,0.05,439.85,0.08,626.6,0.09,0.74,4.59,199.54,11.11,78.77,2.81,0.0,1.89
2022-05-04,3.83,0.02,6.88,0.01,10.15,0.03,0.98,3.11,16.61,26.85,58.58,0.05,1.2446428571428572,0.05
2022-05-04,457.92,0.38,536.54,0.43,680.75,0.44,0.79,4.33,144.02,19.44,81.4,3.56,1.7553571428571428,2.1
2022-05-04,406.36,0.06,540.68,0.09,899.16,0.12,0.74,9.31,71.75,17.59,71.05,0.75,0.5825000000000001,0.56
2022-05-04,368.56,0.25,515.41,0.28,672.71,0.3,1.08,7.21,108.58,11.11,69.57,0.6,0.0,0.23
2022-05-04,232.74,0.18,246.35,0.21,252.64,0.24,0.82,10.32,203.12,21.42,84.95,1.19,1.16,1.76
2022-05-05,368.56,0.24,515.41,0.28,672.71,0.29,1.07,6.98,102.86,11.11,69.57,0.6,0.0,0.23
2022-05-05,125.79,0.06,103.71,0.06,84.16,0.04,1.21,4.71,38.21,27.93,77.49,1.31,0.0,0.94
2022-05-05,44.18,0.18,20.96,0.11,21.03,0.06,1.4,3.21,33.84,36.16,35.49,0.11,4.3025,0.15
2022-05-05,1198.29,0.24,1827.88,0.28,2063.32,0.3,0.73,24.02,355.83,18.82,80.3,1.89,0.37000000000000005,1.93
2022-05-05,1004.89,0.17,1010.48,0.16,1071.86,0.15,0.95,6.47,177.14,36.44,86.13,2.26,0.3392857142857143,2.15
2022-05-05,406.36,0.06,540.68,0.08,899.16,0.11,0.74,8.04,70.8,17.59,71.05,0.75,0.5732142857142858,0.56
2022-05-05,173.13,0.08,260.25,0.12,326.72,0.13,0.52,2.48,24.25,31.15,81.91,0.53,0.0075,0.21
2022-05-05,471.41,0.1,640.73,0.13,876.16,0.15,0.78,12.26,75.48,14.25,59.68,3.44,2.8328571428571427,2.7
2022-05-05,3.83,0.02,6.88,0.01,10.15,0.02,0.98,3.93,16.52,26.85,58.6,0.05,1.2439285714285713,0.05
2022-05-05,516.0,0.28,658.76,0.33,787.51,0.32,1.03,12.53,210.19,13.89,79.28,2.01,1.9946428571428572,1.36
2022-05-05,307.36,0.05,439.85,0.07,626.6,0.08,0.74,4.47,190.36,11.11,78.79,2.81,0.0,1.89
2022-05-05,1116.94,0.29,1398.36,0.35,1592.97,0.35,0.86,4.63,23.16,24.67,74.22,2.84,0.0,1.53
2022-05-05,221.11,0.12,308.06,0.15,505.68,0.18,0.65,5.24,83.67,14.81,66.32,1.23,1.8010714285714287,1.03
2022-05-05,232.74,0.18,246.35,0.19,252.64,0.27,0.81,10.14,202.81,21.42,84.96,1.19,1.185,1.76
2022-05-06,1116.94,0.29,1398.36,0.35,1592.97,0.35,0.86,4.63,23.16,24.67,74.22,2.84,0.0,1.53
2022-05-06,1004.89,0.16,1010.48,0.16,1071.86,0.15,0.93,6.28,174.69,36.44,86.13,2.26,0.33214285714285713,2.15
2022-05-06,516.0,0.27,658.76,0.32,787.51,0.33,1.02,11.58,199.98,13.89,79.28,2.01,1.9885714285714287,1.36
2022-05-06,125.79,0.07,103.71,0.06,84.16,0.05,1.2,4.8,38.46,27.93,77.5,1.31,0.0,0.94
2022-05-06,307.36,0.05,439.85,0.08,626.6,0.07,0.74,4.52,182.01,11.11,78.81,2.81,0.0,1.89
2022-05-06,471.41,0.1,640.73,0.12,876.16,0.14,0.81,10.85,68.4,14.25,59.68,3.44,2.7896428571428573,2.7
2022-05-06,1198.29,0.23,1827.88,0.28,2063.32,0.3,0.73,23.46,347.71,18.82,80.3,1.89,0.375,1.93
2022-05-06,221.11,0.11,308.06,0.15,505.68,0.17,0.65,5.05,75.76,14.81,66.32,1.23,1.7517857142857143,1.03
2022-05-06,368.56,0.24,515.41,0.28,672.71,0.29,1.07,6.86,97.13,11.11,69.58,0.6,0.0,0.23
2022-05-06,406.36,0.06,540.68,0.08,899.16,0.1,0.74,7.94,65.4,17.59,71.05,0.75,0.5639285714285714,0.56
2022-05-06,44.18,0.19,20.96,0.13,21.03,0.06,1.39,3.31,35.73,36.15,35.53,0.11,4.4475,0.15
2022-05-06,173.13,0.07,260.25,0.11,326.72,0.13,0.51,2.3,22.1,31.15,81.94,0.53,0.007500000000000001,0.21
2022-05-06,3.83,0.02,6.88,0.02,10.15,0.02,1.0,3.93,17.02,24.07,58.62,0.05,1.2432142857142856,0.05
2022-05-06,822.61,0.04,1074.39,0.04,1638.86,0.05,0.75,11.07,146.99,37.96,76.9,2.82,3.362142857142857,1.58
2022-05-06,131.88,0.52,225.59,0.57,588.1,0.59,0.5,2.33,25.05,15.67,71.44,0.35,0.002142857142857143,0.27
2022-05-06,290.39,0.12,328.72,0.15,455.15,0.18,0.72,1.7,109.82,11.11,80.58,2.42,3.064285714285714,2.08
2022-05-07,406.36,0.06,540.68,0.08,899.16,0.1,0.73,7.83,65.51,17.59,71.05,0.75,0.5546428571428571,0.56
2022-05-07,368.56,0.24,515.41,0.28,672.71,0.29,1.06,7.21,95.65,11.11,69.58,0.6,0.0,0.23
2022-05-07,1198.29,0.22,1827.88,0.27,2063.32,0.3,0.72,23.03,343.62,18.82,80.3,1.89,0.38,1.93
2022-05-07,516.0,0.27,658.76,0.31,787.51,0.33,1.01,10.9,187.29,13.89,79.28,2.01,1.9825,1.36
2022-05-07,1116.94,0.28,1398.36,0.34,1592.97,0.35,0.86,3.09,20.07,24.67,74.22,2.84,0.0,1.53
2022-05-07,221.11,0.11,308.06,0.14,505.68,0.17,0.64,5.43,64.04,14.81,66.32,1.23,1.7025,1.03
2022-05-07,173.13,0.06,260.25,0.11,326.72,0.13,0.51,2.03,19.57,31.15,81.97,0.53,0.007500000000000001,0.21
2022-05-07,125.79,0.07,103.71,0.06,84.16,0.05,1.22,4.67,37.99,27.93,77.51,1.31,0.0,0.94
2022-05-07,3.83,0.02,6.88,0.01,10.15,0.02,1.01,3.52,15.38,24.07,58.63,0.05,1.2425,0.05
2022-05-07,471.41,0.1,640.73,0.12,876.16,0.14,0.82,10.85,69.82,14.25,59.68,3.44,2.746428571428571,2.7
2022-05-07,44.18,0.19,20.96,0.14,21.03,0.07,1.37,3.61,36.75,36.15,35.56,0.11,4.5925,0.15
2022-05-07,232.74,0.17,246.35,0.18,252.64,0.31,0.8,9.49,194.86,21.41,84.97,1.19,1.2349999999999999,1.76
2022-05-07,307.36,0.05,439.85,0.08,626.6,0.08,0.74,4.5,174.11,11.11,78.85,2.81,0.0,1.89
2022-05-07,1004.89,0.16,1010.48,0.17,1071.86,0.15,0.91,6.2,172.64,36.43,86.13,2.26,0.325,2.15
2022-05-08,403.6,0.1,471.41,0.11,640.73,0.14,0.81,11.32,68.4,14.25,59.68,3.72,2.7032142857142856,2.84
2022-05-08,215.75,0.12,291.62,0.15,353.1,0.19,0.65,0.75,122.92,22.29,64.9,1.38,0.7217857142857141,0.85
2022-05-08,31.36,0.12,34.98,0.11,42.87,0.18,1.27,1.61,52.42,11.11,73.35,1.02,0.0,0.68
2022-05-08,179.68,0.1,282.23,0.14,351.17,0.17,0.65,11.7,124.57,14.81,45.97,2.56,0.30500000000000005,1.59
2022-05-08,158.34,0.07,125.79,0.06,103.71,0.05,1.24,4.66,38.87,27.93,77.52,1.02,0.0,1.1
2022-05-08,954.03,0.28,1116.94,0.33,1398.36,0.35,0.86,3.09,23.16,24.67,74.22,1.09,0.0,2.4
2022-05-08,920.1,0.16,1004.89,0.17,1010.48,0.15,0.89,6.2,171.15,22.52,86.13,2.41,0.31607142857142856,2.18
2022-05-08,333.1,0.05,406.36,0.07,540.68,0.09,0.73,7.83,67.52,17.59,71.05,0.72,0.5453571428571429,0.47
2022-05-08,200.62,0.16,232.74,0.19,246.35,0.32,0.8,9.6,198.83,21.41,84.97,1.66,1.2635714285714286,1.79
2022-05-08,80.3,0.07,76.75,0.07,85.43,0.07,0.84,15.04,136.83,11.11,30.78,1.4,2.1435714285714287,1.11
2022-05-08,1010.04,0.34,1589.25,0.45,2562.69,0.55,0.61,9.51,106.74,13.89,86.25,2.81,0.17357142857142857,1.22
2022-05-08,73.83,0.2,44.18,0.15,20.96,0.07,1.36,3.62,36.18,36.14,35.57,0.35,4.7375,0.35
2022-05-08,211.8,0.15,249.71,0.19,375.73,0.22,0.8,7.56,86.6,11.11,81.49,2.26,0.0,1.57
2022-05-08,7.94,0.02,3.83,0.02,6.88,0.02,1.02,3.11,14.48,24.07,58.63,0.04,1.0714285714285714,0.18
2022-05-08,75.9,0.06,173.13,0.1,260.25,0.13,0.51,2.03,17.74,21.88,81.97,0.32,0.0075,0.14
2022-05-08,836.8,0.22,1198.29,0.27,1827.88,0.3,0.72,22.96,343.99,18.82,80.3,1.98,0.38500000000000006,1.66
2022-05-08,413.45,0.27,516.0,0.31,658.76,0.34,1.01,11.15,187.8,13.89,79.28,1.69,1.957142857142857,1.31
2022-05-08,280.72,0.23,368.56,0.27,515.41,0.29,1.06,6.52,95.19,11.11,69.58,0.52,0.0,0.32
2022-05-08,162.58,0.11,221.11,0.14,308.06,0.17,0.64,5.34,61.56,14.81,66.32,1.22,1.6657142857142857,0.76
2022-05-08,197.52,0.05,307.36,0.08,439.85,0.08,0.74,4.34,170.88,11.11,78.87,2.38,0.0,1.49
2022-05-09,413.45,0.26,516.0,0.31,658.76,0.33,1.0,11.58,193.21,13.89,79.28,1.69,1.9317857142857142,1.31
2022-05-09,200.62,0.16,232.74,0.14,246.35,0.53,0.8,10.01,203.31,21.41,84.98,1.66,1.292142857142857,1.79
2022-05-09,75.9,0.06,173.13,0.09,260.25,0.13,0.52,1.94,14.7,21.88,81.97,0.32,0.007500000000000001,0.14
2022-05-09,280.72,0.23,368.56,0.27,515.41,0.28,1.07,6.41,93.13,11.11,69.58,0.52,0.0,0.32
2022-05-09,333.1,0.05,406.36,0.07,540.68,0.09,0.73,7.09,65.09,17.59,71.05,0.72,0.5360714285714285,0.47
2022-05-09,954.03,0.28,1116.94,0.34,1398.36,0.34,0.87,3.09,24.71,24.67,74.22,1.09,0.0,2.4
2022-05-09,920.1,0.15,1004.89,0.17,1010.48,0.15,0.88,6.23,172.13,22.52,86.13,2.41,0.3071428571428572,2.18
2022-05-09,73.83,0.21,44.18,0.16,20.96,0.07,1.34,3.59,36.25,36.14,35.57,0.35,4.8825,0.35
2022-05-09,836.8,0.21,1198.29,0.27,1827.88,0.29,0.72,22.28,342.28,18.82,80.31,1.98,0.39,1.66
2022-05-09,162.58,0.11,221.11,0.14,308.06,0.16,0.64,5.05,67.66,14.81,66.32,1.22,1.6289285714285715,0.76
2022-05-09,197.52,0.03,307.36,0.1,439.85,0.05,0.75,4.24,170.87,11.11,78.88,2.38,0.0,1.49
2022-05-09,158.34,0.07,125.79,0.06,103.71,0.05,1.25,4.91,40.81,27.92,77.53,1.02,0.0,1.1
2022-05-09,403.6,0.1,471.41,0.12,640.73,0.13,0.81,10.38,72.18,14.25,59.68,3.72,2.6599999999999997,2.84
2022-05-09,7.94,0.02,3.83,0.02,6.88,0.01,1.03,2.86,13.58,24.07,58.63,0.04,0.9003571428571427,0.18
2022-05-10,280.72,0.22,368.56,0.26,515.41,0.28,1.07,6.41,90.38,11.11,69.58,0.52,0.0,0.32
2022-05-10,197.52,0.04,307.36,0.06,439.85,0.08,0.77,4.12,169.28,11.11,78.89,2.38,0.0,1.49
2022-05-10,954.03,0.29,1116.94,0.33,1398.36,0.34,0.86,1.54,26.25,24.67,74.23,1.09,0.0,2.4
2022-05-10,158.34,0.08,125.79,0.06,103.71,0.05,1.26,5.0,42.06,27.92,77.55,1.02,0.0,1.1
2022-05-10,73.83,0.21,44.18,0.17,20.96,0.08,1.33,3.52,37.27,36.14,35.57,0.35,5.020357142857143,0.35
2022-05-10,920.1,0.15,1004.89,0.17,1010.48,0.15,0.86,6.2,170.42,22.52,86.13,2.41,0.2982142857142857,2.18
2022-05-10,403.6,0.12,471.41,0.1,640.73,0.13,0.81,10.38,75.01,14.25,59.68,3.72,2.6335714285714285,2.84
2022-05-10,162.58,0.11,221.11,0.13,308.06,0.16,0.62,5.34,64.7,14.81,66.32,1.22,1.592142857142857,0.76
2022-05-10,836.8,0.21,1198.29,0.25,1827.88,0.29,0.72,22.09,336.94,18.82,80.31,1.98,0.395,1.66
2022-05-10,75.9,0.06,173.13,0.09,260.25,0.13,0.53,2.03,14.44,21.88,81.98,0.32,0.007500000000000001,0.14
2022-05-10,200.62,0.16,232.74,0.18,246.35,0.34,0.8,9.78,200.84,21.41,84.98,1.66,1.3207142857142855,1.79
2022-05-10,413.45,0.26,516.0,0.3,658.76,0.33,0.99,10.64,182.22,13.89,79.28,1.69,1.9064285714285714,1.31
2022-05-10,333.1,0.05,406.36,0.06,540.68,0.09,0.74,6.77,64.45,17.59,71.05,0.72,0.5267857142857143,0.47
2022-05-10,7.94,0.02,3.83,0.02,6.88,0.02,1.04,3.68,13.17,24.07,58.64,0.04,0.7292857142857142,0.18
2022-05-11,197.52,0.04,307.36,0.05,439.85,0.08,0.79,4.1,164.33,11.11,78.9,2.38,0.0,1.49
2022-05-11,403.6,0.12,471.41,0.1,640.73,0.13,0.85,10.38,73.59,14.25,59.68,3.72,2.607142857142857,2.84
2022-05-11,7.94,0.01,3.83,0.02,6.88,0.01,1.06,3.11,13.17,24.07,58.66,0.04,0.5582142857142857,0.18
2022-05-11,75.9,0.06,173.13,0.08,260.25,0.13,0.55,2.18,14.23,21.88,81.98,0.32,0.0075,0.14
2022-05-11,73.83,0.21,44.18,0.18,20.96,0.09,1.33,4.27,41.39,36.13,35.6,0.35,5.158214285714286,0.35
2022-05-11,280.72,0.22,368.56,0.25,515.41,0.28,1.07,6.29,87.18,11.11,69.58,0.52,0.0,0.32
2022-05-11,413.45,0.25,516.0,0.29,658.76,0.33,0.99,9.95,175.1,13.89,79.29,1.69,1.8810714285714287,1.31
2022-05-11,403.23,0.34,457.92,0.38,536.54,0.43,0.85,3.79,138.61,19.44,81.41,2.15,2.1239285714285714,2.05
2022-05-11,200.62,0.16,232.74,0.18,246.35,0.21,0.8,9.73,200.32,21.41,84.99,1.66,1.3492857142857144,1.79
2022-05-11,954.03,0.3,1116.94,0.3,1398.36,0.35,0.86,1.54,24.71,24.67,74.23,1.09,0.0,2.4
2022-05-11,920.1,0.15,1004.89,0.17,1010.48,0.16,0.83,6.28,169.13,22.52,86.13,2.41,0.28928571428571426,2.18
2022-05-11,836.8,0.2,1198.29,0.24,1827.88,0.29,0.72,21.6,329.13,18.82,80.31,1.98,0.39999999999999997,1.66
2022-05-11,355.57,0.3,305.8,0.29,221.49,0.25,1.27,7.46,134.04,27.59,86.65,1.25,1.1432142857142857,1.48
2022-05-11,333.1,0.05,406.36,0.06,540.68,0.09,0.75,6.88,57.57,17.59,71.05,0.72,0.5175,0.47
2022-05-11,162.58,0.1,221.11,0.12,308.06,0.16,0.61,4.67,57.37,14.81,66.33,1.22,1.555357142857143,0.76
2022-05-11,276.49,0.35,326.59,0.13,382.51,0.3,0.71,4.56,74.74,45.37,83.35,0.33,0.0,0.24
2022-05-11,158.34,0.08,125.79,0.06,103.71,0.05,1.27,5.1,43.02,27.92,77.57,1.02,0.0,1.1
2022-05-12,836.8,0.2,1198.29,0.24,1827.88,0.28,0.73,21.34,322.65,18.82,80.31,1.98,0.40499999999999997,1.66
2022-05-12,920.1,0.15,1004.89,0.17,1010.48,0.16,0.82,6.25,165.2,22.52,86.14,2.41,0.28035714285714286,2.18
2022-05-12,73.83,0.22,44.18,0.18,20.96,0.11,1.33,4.56,42.64,36.13,35.64,0.35,5.2960714285714285,0.35
2022-05-12,200.62,0.15,232.74,0.18,246.35,0.19,0.79,9.52,196.91,21.4,85.0,1.66,1.377857142857143,1.79
2022-05-12,333.1,0.05,406.36,0.06,540.68,0.08,0.76,6.24,54.61,17.59,71.05,0.72,0.5117857142857142,0.47
2022-05-12,403.6,0.12,471.41,0.1,640.73,0.13,0.85,9.91,65.1,14.25,59.68,3.72,2.5807142857142855,2.84
2022-05-12,413.45,0.25,516.0,0.28,658.76,0.33,0.99,10.47,173.04,13.89,79.29,1.69,1.8557142857142856,1.31
2022-05-12,7.94,0.02,3.83,0.02,6.88,0.01,1.08,3.27,12.84,24.07,58.67,0.04,0.38714285714285707,0.18
2022-05-12,954.03,0.3,1116.94,0.29,1398.36,0.35,0.85,1.54,26.25,24.67,74.23,1.09,0.0,2.4
2022-05-12,75.9,0.05,173.13,0.08,260.25,0.12,0.59,1.94,14.7,21.88,81.99,0.32,0.0075,0.14
2022-05-12,197.52,0.04,307.36,0.05,439.85,0.07,0.79,3.75,157.08,11.11,78.91,2.38,0.0,1.49
2022-05-12,280.72,0.21,368.56,0.24,515.41,0.28,1.07,6.64,80.2,11.11,69.58,0.52,0.0,0.32
2022-05-12,162.58,0.1,221.11,0.12,308.06,0.15,0.6,4.19,51.17,14.81,66.33,1.22,1.5185714285714285,0.76
2022-05-12,158.34,0.08,125.79,0.06,103.71,0.06,1.29,5.13,43.95,27.91,77.58,1.02,0.0,1.1
2022-05-13,403.6,0.12,471.41,0.1,640.73,0.12,0.84,8.02,59.91,14.25,59.69,3.72,2.5542857142857143,2.84
2022-05-13,333.1,0.05,406.36,0.06,540.68,0.08,0.79,6.56,55.03,17.59,71.05,0.72,0.5060714285714286,0.47
2022-05-13,280.72,0.21,368.56,0.24,515.41,0.28,1.07,6.52,78.48,11.11,69.58,0.52,0.0,0.32
2022-05-13,75.9,0.04,173.13,0.07,260.25,0.11,0.64,2.24,15.2,21.88,82.0,0.32,0.0075,0.14
2022-05-13,184.92,0.11,290.39,0.12,328.72,0.15,0.77,0.85,83.47,11.11,80.58,2.11,2.565714285714286,1.84
2022-05-13,657.02,0.03,822.61,0.04,1074.39,0.04,0.82,8.84,113.65,37.96,76.91,2.17,2.6389285714285715,1.2
2022-05-13,920.1,0.15,1004.89,0.16,1010.48,0.16,0.82,6.15,161.37,22.52,86.14,2.41,0.2714285714285714,2.18
2022-05-13,200.62,0.14,232.74,0.17,246.35,0.23,0.79,9.41,193.87,21.4,85.01,1.66,1.4064285714285714,1.79
2022-05-13,197.52,0.04,307.36,0.05,439.85,0.08,0.8,3.51,149.46,11.11,78.93,2.38,0.0,1.49
2022-05-13,836.8,0.2,1198.29,0.23,1827.88,0.28,0.74,20.76,313.76,18.82,80.32,1.98,0.40499999999999997,1.66
2022-05-13,82.51,0.53,131.88,0.52,225.59,0.57,0.7,1.59,19.24,15.67,71.45,0.23,0.0,0.1
2022-05-13,158.34,0.08,125.79,0.07,103.71,0.06,1.31,5.1,44.17,27.91,77.6,1.02,0.0,1.1
2022-05-13,954.03,0.3,1116.94,0.29,1398.36,0.35,0.85,1.54,26.25,24.67,74.23,1.09,0.0,2.4
2022-05-13,413.45,0.25,516.0,0.27,658.76,0.32,0.99,9.95,167.12,13.89,79.29,1.69,1.8303571428571428,1.31
2022-05-13,73.83,0.23,44.18,0.19,20.96,0.13,1.31,4.46,44.23,36.12,35.67,0.35,5.433928571428572,0.35
2022-05-13,162.58,0.1,221.11,0.11,308.06,0.15,0.6,3.81,46.98,14.81,66.33,1.22,1.481785714285714,0.76
2022-05-13,7.94,0.02,3.83,0.02,6.88,0.02,1.1,3.11,13.99,24.07,58.7,0.04,0.21607142857142855,0.18
2022-05-14,162.58,0.1,221.11,0.11,308.06,0.14,0.59,3.81,38.98,14.81,66.33,1.22,1.4449999999999998,0.76
2022-05-14,333.1,0.04,406.36,0.06,540.68,0.08,0.82,6.67,53.55,17.59,71.05,0.72,0.5003571428571428,0.47
2022-05-14,413.45,0.24,516.0,0.27,658.76,0.31,0.98,10.21,157.6,13.89,79.29,1.69,1.805,1.31
2022-05-14,280.72,0.2,368.56,0.24,515.41,0.28,1.07,6.18,75.17,11.11,69.58,0.52,0.0,0.32
2022-05-14,1010.04,0.3,1589.25,0.35,2562.69,0.45,0.77,8.09,70.92,13.89,86.26,2.81,0.20428571428571432,1.22
2022-05-14,836.8,0.19,1198.29,0.22,1827.88,0.27,0.74,20.6,309.13,18.82,80.32,1.98,0.4049999999999999,1.66
2022-05-14,7.94,0.02,3.83,0.02,6.88,0.01,1.12,2.62,13.25,24.07,58.7,0.04,0.045,0.18
2022-05-14,197.52,0.04,307.36,0.05,439.85,0.08,0.81,3.35,141.97,11.11,78.96,2.38,0.0,1.49
2022-05-14,200.62,0.14,232.74,0.17,246.35,0.18,0.79,8.92,185.94,21.4,85.01,1.66,1.4349999999999998,1.79
2022-05-14,75.9,0.04,173.13,0.06,260.25,0.11,0.7,2.53,16.41,21.88,82.01,0.32,0.0075,0.14
2022-05-14,920.1,0.15,1004.89,0.16,1010.48,0.17,0.83,6.01,155.32,22.52,86.14,2.41,0.2625,2.18
2022-05-14,403.6,0.11,471.41,0.1,640.73,0.12,0.83,8.49,61.8,14.25,59.69,3.72,2.527857142857143,2.84
2022-05-14,73.83,0.25,44.18,0.19,20.96,0.14,1.28,4.26,43.98,36.11,35.7,0.35,5.571785714285714,0.35
2022-05-14,954.03,0.3,1116.94,0.28,1398.36,0.34,0.85,1.54,27.8,24.67,74.23,1.09,0.0,2.4
2022-05-14,158.34,0.08,125.79,0.07,103.71,0.06,1.29,5.24,44.49,27.91,77.61,1.02,0.0,1.1
2022-05-15,100.72,0.25,73.83,0.2,44.18,0.15,1.25,4.29,43.08,36.11,35.71,0.15,5.709642857142858,0.54
2022-05-15,194.78,0.08,158.34,0.07,125.79,0.06,1.28,5.14,45.25,27.91,77.61,0.94,0.0,0.82
2022-05-15,588.8,0.19,836.8,0.22,1198.29,0.27,0.75,20.69,308.78,18.82,80.32,1.93,0.40499999999999997,1.36
2022-05-15,348.29,0.11,403.6,0.1,471.41,0.11,0.81,8.96,62.74,14.25,59.69,2.7,2.5014285714285713,2.09
2022-05-15,5.58,0.02,7.94,0.02,3.83,0.02,1.14,2.62,13.33,24.07,58.71,0.05,0.049999999999999996,0.01
2022-05-15,153.92,0.04,197.52,0.05,307.36,0.08,0.81,3.36,141.09,11.11,78.98,1.89,0.0,1.24
2022-05-15,107.21,0.09,162.58,0.11,221.11,0.14,0.58,3.91,39.26,14.81,66.33,1.03,1.39,0.34
2022-05-15,381.37,0.24,413.45,0.27,516.0,0.31,0.98,10.21,159.49,13.89,79.29,1.36,1.7746428571428574,0.78
2022-05-15,226.28,0.04,333.1,0.05,406.36,0.07,0.83,6.67,56.62,17.59,71.05,0.56,0.4946428571428571,0.31
2022-05-15,38.63,0.04,75.9,0.06,173.13,0.1,0.77,2.59,15.7,21.88,82.04,0.21,0.0075,0.13
2022-05-15,157.56,0.02,215.75,0.12,291.62,0.15,0.76,6.79,110.1,22.29,64.93,0.95,0.7857142857142857,0.32
2022-05-15,729.81,0.15,920.1,0.16,1004.89,0.17,0.84,6.03,152.63,22.52,86.14,2.15,0.2714285714285714,1.83
2022-05-15,151.13,0.14,200.62,0.16,232.74,0.19,0.79,8.95,186.04,21.4,85.01,1.76,1.4585714285714286,1.84
2022-05-15,146.8,0.13,211.8,0.15,249.71,0.19,1.14,7.17,69.08,11.11,81.52,1.59,0.0,0.78
2022-05-15,216.49,0.2,280.72,0.23,368.56,0.27,1.08,5.95,75.74,11.11,69.58,0.23,0.0,0.2
2022-05-15,89.81,0.1,179.68,0.1,282.23,0.14,0.63,7.44,78.14,14.81,45.97,2.04,0.29000000000000004,1.64
2022-05-15,26.86,0.1,31.36,0.12,34.98,0.11,1.23,1.14,46.73,11.11,73.38,0.7,0.0,0.57
2022-05-16,216.49,0.2,280.72,0.23,368.56,0.27,1.09,5.38,77.57,11.11,69.59,0.23,0.0,0.2
2022-05-16,588.8,0.19,836.8,0.21,1198.29,0.27,0.75,20.35,307.24,18.81,80.32,1.93,0.40499999999999997,1.36
2022-05-16,348.29,0.11,403.6,0.1,471.41,0.12,0.79,9.91,64.16,14.25,59.69,2.7,2.475,2.09
2022-05-16,729.81,0.15,920.1,0.15,1004.89,0.17,0.85,6.15,154.11,22.52,86.14,2.15,0.28035714285714286,1.83
2022-05-16,5.58,0.01,7.94,0.02,3.83,0.02,1.17,3.03,13.91,24.07,58.72,0.05,0.055,0.01
2022-05-16,38.63,0.03,75.9,0.06,173.13,0.09,0.83,2.03,16.32,21.88,82.06,0.21,0.0075,0.13
2022-05-16,107.21,0.09,162.58,0.11,221.11,0.14,0.58,4.0,42.31,14.81,66.33,1.03,1.3350000000000002,0.34
2022-05-16,153.92,0.06,197.52,0.03,307.36,0.1,0.82,3.16,139.97,11.11,78.99,1.89,0.0,1.24
2022-05-16,194.78,0.09,158.34,0.07,125.79,0.06,1.27,5.28,46.17,27.9,77.62,0.94,0.0,0.82
2022-05-16,100.72,0.25,73.83,0.21,44.18,0.16,1.22,4.19,43.18,36.11,35.71,0.15,5.847500000000001,0.54
2022-05-16,869.85,0.29,954.03,0.28,1116.94,0.34,0.84,3.09,26.25,24.67,74.23,1.53,0.0,0.44
2022-05-16,151.13,0.14,200.62,0.16,232.74,0.14,0.79,8.84,187.88,21.4,85.03,1.76,1.4821428571428572,1.84
2022-05-16,226.28,0.04,333.1,0.05,406.36,0.07,0.86,6.67,56.2,17.59,71.05,0.56,0.48892857142857143,0.31
2022-05-16,381.37,0.24,413.45,0.26,516.0,0.31,0.98,10.81,162.24,13.89,79.29,1.36,1.7442857142857142,0.78
2022-05-17,216.49,0.2,280.72,0.22,368.56,0.26,1.09,5.38,72.65,11.11,69.59,0.23,0.0,0.2
2022-05-17,151.13,0.15,200.62,0.16,232.74,0.18,0.79,8.53,185.13,21.4,85.08,1.76,1.5057142857142858,1.84
2022-05-17,348.29,0.1,403.6,0.12,471.41,0.1,0.78,10.38,61.8,14.25,59.69,2.7,2.4639285714285712,2.09
2022-05-17,194.78,0.09,158.34,0.08,125.79,0.06,1.26,5.41,48.15,27.9,77.64,0.94,0.0,0.82
2022-05-17,100.72,0.25,73.83,0.21,44.18,0.17,1.2,4.68,46.87,36.1,35.74,0.15,5.932499999999999,0.54
2022-05-17,5.58,0.01,7.94,0.02,3.83,0.02,1.2,2.54,13.58,24.07,58.73,0.05,0.06,0.01
2022-05-17,869.85,0.28,954.03,0.29,1116.94,0.33,0.83,0.0,23.16,24.67,74.24,1.53,0.0,0.44
2022-05-17,381.37,0.24,413.45,0.26,516.0,0.3,0.97,10.04,158.46,13.89,79.29,1.36,1.7139285714285715,0.78
2022-05-17,38.63,0.03,75.9,0.06,173.13,0.09,0.87,1.97,18.74,21.88,82.09,0.21,0.0075,0.13
2022-05-17,69.92,0.05,109.57,0.08,121.86,0.1,0.78,2.62,45.99,11.11,48.78,0.8,0.9685714285714286,0.46
2022-05-17,107.21,0.09,162.58,0.11,221.11,0.13,0.58,3.81,37.54,14.81,66.33,1.03,1.2799999999999998,0.34
2022-05-17,588.8,0.18,836.8,0.21,1198.29,0.25,0.76,20.11,302.29,18.81,80.32,1.93,0.4049999999999999,1.36
2022-05-17,153.92,0.04,197.52,0.04,307.36,0.06,0.82,3.01,135.39,11.11,79.0,1.89,0.0,1.24
2022-05-17,729.81,0.15,920.1,0.15,1004.89,0.17,0.85,6.06,151.38,22.52,86.14,2.15,0.28928571428571426,1.83
2022-05-17,226.28,0.04,333.1,0.05,406.36,0.06,0.87,6.03,54.82,17.59,71.05,0.56,0.4832142857142857,0.31
2022-05-18,107.21,0.08,162.58,0.1,221.11,0.12,0.57,3.43,33.45,14.81,66.34,1.03,1.2249999999999999,0.34
2022-05-18,348.29,0.09,403.6,0.12,471.41,0.1,0.77,8.96,54.25,14.25,59.69,2.7,2.4528571428571424,2.09
2022-05-18,360.24,0.31,355.57,0.3,305.8,0.29,1.2,7.59,142.85,27.59,86.67,1.25,1.9010714285714287,1.65
2022-05-18,153.92,0.04,197.52,0.04,307.36,0.05,0.83,2.99,129.64,11.11,79.01,1.89,0.0,1.24
2022-05-18,225.83,0.28,276.49,0.35,326.59,0.13,1.17,4.12,72.65,45.37,83.43,0.34,0.0,0.28
2022-05-18,5.58,0.02,7.94,0.01,3.83,0.02,1.22,2.45,14.4,24.07,58.74,0.05,0.065,0.01
2022-05-18,381.37,0.23,413.45,0.25,516.0,0.29,0.96,9.52,146.79,13.89,79.29,1.36,1.6835714285714285,0.78
2022-05-18,226.28,0.04,333.1,0.05,406.36,0.06,0.88,6.03,52.28,17.59,71.05,0.56,0.4775,0.31
2022-05-18,100.72,0.25,73.83,0.21,44.18,0.18,1.17,5.18,50.19,36.09,35.78,0.15,6.0175,0.54
2022-05-18,869.85,0.3,954.03,0.3,1116.94,0.3,0.83,0.0,26.25,24.67,74.24,1.53,0.0,0.44
2022-05-18,194.78,0.09,158.34,0.08,125.79,0.06,1.25,5.57,49.58,26.51,77.65,0.94,0.0,0.82
2022-05-18,588.8,0.18,836.8,0.2,1198.29,0.24,0.76,19.6,297.17,18.81,80.33,1.93,0.40499999999999997,1.36
2022-05-18,302.88,0.3,403.23,0.34,457.92,0.38,0.93,3.79,112.44,19.44,81.43,2.1,2.285,1.95
2022-05-18,729.81,0.15,920.1,0.15,1004.89,0.17,0.84,5.72,148.21,22.52,86.14,2.15,0.2982142857142857,1.83
2022-05-18,38.63,0.04,75.9,0.06,173.13,0.08,0.9,1.74,20.39,21.87,82.13,0.21,0.0075,0.13
2022-05-19,5.58,0.02,7.94,0.02,3.83,0.02,1.23,2.62,13.01,24.07,58.78,0.05,0.06999999999999999,0.01
2022-05-19,226.28,0.04,333.1,0.05,406.36,0.06,0.89,5.29,49.85,17.59,71.06,0.56,0.4739285714285714,0.31
2022-05-19,38.63,0.04,75.9,0.05,173.13,0.08,0.91,1.5,20.27,21.87,82.19,0.21,0.0071428571428571435,0.13
2022-05-19,729.81,0.15,920.1,0.15,1004.89,0.17,0.84,5.66,143.84,22.52,86.14,2.15,0.3071428571428571,1.83
2022-05-19,107.21,0.08,162.58,0.1,221.11,0.12,0.58,3.24,30.11,14.81,66.34,1.03,1.17,0.34
2022-05-19,588.8,0.18,836.8,0.2,1198.29,0.24,0.77,19.05,291.42,18.81,80.33,1.93,0.40499999999999997,1.36
2022-05-19,194.78,0.1,158.34,0.08,125.79,0.06,1.22,5.53,51.28,26.51,77.67,0.94,0.0,0.82
2022-05-19,869.85,0.3,954.03,0.3,1116.94,0.29,0.87,0.0,23.16,24.67,74.24,1.53,0.0,0.44
2022-05-19,153.92,0.04,197.52,0.04,307.36,0.05,0.85,2.83,122.96,11.11,79.02,1.89,0.0,1.24
2022-05-19,348.29,0.09,403.6,0.12,471.41,0.1,0.77,7.08,52.36,14.25,59.69,2.7,2.441785714285714,2.09
2022-05-19,381.37,0.23,413.45,0.25,516.0,0.28,0.97,9.01,144.13,13.89,79.3,1.36,1.6532142857142857,0.78
2022-05-19,100.72,0.25,73.83,0.22,44.18,0.18,1.14,5.18,49.5,36.08,35.82,0.15,6.1025,0.54
2022-05-20,598.68,0.04,657.02,0.03,822.61,0.04,0.8,7.05,88.37,37.96,76.92,1.58,2.026785714285714,0.96
2022-05-20,107.21,0.07,162.58,0.1,221.11,0.11,0.57,2.48,27.06,14.81,66.34,1.03,1.115,0.34
2022-05-20,588.8,0.17,836.8,0.2,1198.29,0.23,0.79,18.18,284.19,18.81,80.33,1.93,0.41392857142857137,1.36
2022-05-20,194.78,0.1,158.34,0.08,125.79,0.07,1.21,5.74,52.74,26.51,77.69,0.94,0.0,0.82
2022-05-20,38.63,0.05,75.9,0.04,173.13,0.07,0.91,1.24,19.86,21.87,82.25,0.21,0.0067857142857142855,0.13
2022-05-20,869.85,0.3,954.03,0.3,1116.94,0.29,0.9,1.54,18.53,24.67,74.24,1.53,0.0,0.44
2022-05-20,348.29,0.09,403.6,0.12,471.41,0.1,0.77,6.6,53.78,14.25,59.69,2.7,2.4307142857142856,2.09
2022-05-20,81.26,0.53,82.51,0.53,131.88,0.52,0.83,1.54,15.09,15.67,71.46,0.27,0.0,0.1
2022-05-20,147.24,0.11,184.92,0.11,290.39,0.12,0.81,2.04,72.76,11.11,80.59,2.08,2.1678571428571427,1.23
2022-05-20,153.92,0.04,197.52,0.04,307.36,0.05,0.86,2.8,118.5,11.11,79.03,1.89,0.0,1.24
2022-05-20,100.72,0.24,73.83,0.23,44.18,0.19,1.1,5.11,50.26,36.07,35.86,0.15,6.1875,0.54
2022-05-20,226.28,0.04,333.1,0.05,406.36,0.06,0.9,5.93,45.61,17.59,71.06,0.56,0.47035714285714286,0.31
2022-05-20,5.58,0.02,7.94,0.02,3.83,0.02,1.25,2.54,13.5,24.07,58.79,0.05,0.075,0.01
2022-05-20,381.37,0.22,413.45,0.25,516.0,0.27,0.96,8.84,137.44,13.89,79.3,1.36,1.6228571428571428,0.78
2022-05-20,729.81,0.15,920.1,0.15,1004.89,0.16,0.83,5.78,139.71,22.52,86.15,2.15,0.31607142857142856,1.83
2022-05-21,381.37,0.22,413.45,0.24,516.0,0.27,0.96,8.24,129.38,13.89,79.3,1.36,1.5925,0.78
2022-05-21,100.72,0.25,73.83,0.25,44.18,0.19,1.07,5.18,49.5,36.07,35.89,0.15,6.2725,0.54
2022-05-21,869.85,0.28,954.03,0.3,1116.94,0.28,0.9,1.54,16.99,24.67,74.24,1.53,0.0,0.44
2022-05-21,226.28,0.04,333.1,0.04,406.36,0.06,0.9,5.93,46.67,17.59,71.06,0.56,0.4667857142857143,0.31
2022-05-21,38.63,0.05,75.9,0.04,173.13,0.06,0.9,1.38,18.8,21.87,82.31,0.21,0.0064285714285714285,0.13
2022-05-21,588.8,0.17,836.8,0.19,1198.29,0.22,0.8,17.89,278.72,18.81,80.33,1.93,0.4228571428571429,1.36
2022-05-21,729.81,0.15,920.1,0.15,1004.89,0.16,0.83,5.76,135.34,22.52,86.15,2.15,0.325,1.83
2022-05-21,107.21,0.07,162.58,0.1,221.11,0.11,0.57,2.38,21.82,14.81,66.34,1.03,1.06,0.34
2022-05-21,194.78,0.1,158.34,0.08,125.79,0.07,1.23,5.72,52.93,26.51,77.7,0.94,0.0,0.82
2022-05-21,348.29,0.09,403.6,0.11,471.41,0.1,0.77,4.25,45.76,11.11,59.69,2.7,2.4196428571428568,2.09
2022-05-21,153.92,0.04,197.52,0.04,307.36,0.05,0.87,2.92,113.5,11.11,79.06,1.89,0.0,1.24
2022-05-21,5.58,0.02,7.94,0.02,3.83,0.02,1.26,2.54,12.92,24.07,58.79,0.05,0.08,0.01
2022-05-22,51.16,0.08,89.81,0.1,179.68,0.1,0.57,6.02,55.82,11.11,45.98,1.59,0.2885714285714286,1.02
2022-05-22,124.12,0.12,157.56,0.02,215.75,0.12,1.01,2.26,76.17,22.29,64.96,0.85,0.8375000000000001,0.53
2022-05-22,56.47,0.07,107.21,0.09,162.58,0.11,0.57,2.38,21.73,14.81,66.34,0.76,1.0282142857142857,0.2
2022-05-22,481.65,0.17,588.8,0.19,836.8,0.22,0.8,17.9,279.22,18.81,80.33,1.66,0.4317857142857143,1.04
2022-05-22,320.36,0.21,381.37,0.24,413.45,0.27,0.95,9.01,130.66,13.89,79.3,1.31,1.5485714285714285,0.71
2022-05-22,365.89,0.12,146.8,0.13,211.8,0.15,0.98,5.97,50.57,11.11,81.54,1.57,0.0,0.78
2022-05-22,5.5,0.02,5.58,0.02,7.94,0.02,1.27,2.37,12.19,24.07,58.79,0.18,0.07857142857142858,0.2
2022-05-22,79.15,0.05,38.63,0.04,75.9,0.06,0.88,1.33,17.06,14.46,82.34,0.14,0.0060714285714285705,0.12
2022-05-22,22.38,0.09,26.86,0.1,31.36,0.12,1.09,0.76,36.68,11.11,73.4,0.68,0.0,0.63
2022-05-22,126.43,0.04,153.92,0.04,197.52,0.05,0.88,2.95,113.26,11.11,79.08,1.49,0.0,0.92
2022-05-22,628.69,0.14,729.81,0.15,920.1,0.16,0.82,5.88,133.46,22.52,86.15,2.18,0.3053571428571428,1.76
2022-05-22,49.27,0.06,50.67,0.07,80.3,0.07,0.81,10.62,95.25,11.11,30.8,1.11,1.4242857142857144,0.94
2022-05-22,118.05,0.24,100.72,0.25,73.83,0.2,1.04,5.18,49.5,36.06,35.9,0.35,6.3575,0.41
2022-05-22,240.26,0.04,226.28,0.04,333.1,0.05,0.92,5.4,48.47,17.59,71.06,0.47,0.4632142857142857,0.36
2022-05-22,253.04,0.1,194.78,0.08,158.34,0.07,1.27,5.77,54.27,26.51,77.7,1.1,0.0,0.87
2022-05-23,126.43,0.04,153.92,0.06,197.52,0.03,0.88,2.8,110.62,11.11,79.08,1.49,0.0,0.92
2022-05-23,635.49,0.23,743.05,0.3,1010.04,0.32,0.73,6.66,63.05,13.89,86.27,1.22,0.2625,0.67
2022-05-23,481.65,0.16,588.8,0.19,836.8,0.21,0.81,17.68,276.38,18.81,80.34,1.66,0.4407142857142857,1.04
2022-05-23,253.04,0.1,194.78,0.09,158.34,0.07,1.29,6.35,57.28,26.5,77.72,1.1,0.0,0.87
2022-05-23,256.91,0.09,348.29,0.11,403.6,0.1,0.75,4.25,45.76,11.11,59.69,2.84,2.3975,1.22
2022-05-23,628.69,0.14,729.81,0.15,920.1,0.15,0.8,5.98,135.24,22.52,86.15,2.18,0.2857142857142857,1.76
2022-05-23,118.05,0.24,100.72,0.25,73.83,0.21,1.01,4.82,48.49,36.06,35.9,0.35,6.4425,0.41
2022-05-23,706.94,0.29,869.85,0.29,954.03,0.28,0.85,1.54,21.62,24.67,74.25,2.4,0.0,1.09
2022-05-23,320.36,0.2,381.37,0.24,413.45,0.26,0.95,9.35,129.72,13.89,79.3,1.31,1.504642857142857,0.71
2022-05-23,56.47,0.07,107.21,0.09,162.58,0.11,0.57,2.29,23.44,14.81,66.34,0.76,0.9964285714285713,0.2
2022-05-23,240.26,0.04,226.28,0.04,333.1,0.05,0.91,5.5,47.84,17.59,71.06,0.47,0.45964285714285713,0.36
2022-05-23,5.5,0.03,5.58,0.01,7.94,0.02,1.28,2.37,11.7,24.07,58.81,0.18,0.07714285714285714,0.2
2022-05-23,79.15,0.06,38.63,0.03,75.9,0.06,0.87,1.18,17.12,14.46,82.35,0.14,0.005714285714285714,0.12
2022-05-24,706.94,0.28,869.85,0.28,954.03,0.29,0.83,1.54,21.62,24.67,74.25,2.4,0.0,1.09
2022-05-24,61.42,0.06,69.92,0.05,109.57,0.08,0.79,1.89,37.84,11.11,48.78,0.69,1.8160714285714286,0.36
2022-05-24,5.5,0.03,5.58,0.01,7.94,0.02,1.29,2.13,12.35,24.07,58.81,0.18,0.07571428571428572,0.2
2022-05-24,56.47,0.06,107.21,0.09,162.58,0.11,0.56,2.0,21.92,14.81,66.34,0.76,0.964642857142857,0.2
2022-05-24,256.91,0.09,348.29,0.1,403.6,0.12,0.74,4.25,37.74,11.11,59.69,2.84,2.388928571428571,1.22
2022-05-24,628.69,0.14,729.81,0.15,920.1,0.15,0.79,5.71,132.15,22.52,86.15,2.18,0.26607142857142857,1.76
2022-05-24,481.65,0.16,588.8,0.18,836.8,0.21,0.82,17.3,269.71,18.81,80.34,1.66,0.4496428571428571,1.04
2022-05-24,320.36,0.2,381.37,0.24,413.45,0.26,0.94,10.04,125.43,13.89,79.3,1.31,1.4607142857142856,0.71
2022-05-24,253.04,0.1,194.78,0.09,158.34,0.08,1.27,6.78,59.34,26.5,77.73,1.1,0.0,0.87
2022-05-24,240.26,0.04,226.28,0.04,333.1,0.05,0.92,5.72,47.2,17.59,71.06,0.47,0.45607142857142857,0.36
2022-05-24,118.05,0.24,100.72,0.25,73.83,0.21,0.98,5.26,53.34,36.06,35.93,0.35,6.4503571428571425,0.41
2022-05-24,126.43,0.03,153.92,0.04,197.52,0.04,0.89,2.98,105.7,11.11,79.09,1.49,0.0,0.92
2022-05-24,79.15,0.05,38.63,0.03,75.9,0.06,0.86,1.06,16.82,14.46,82.36,0.14,0.005357142857142857,0.12
2022-05-25,240.26,0.04,226.28,0.04,333.1,0.05,0.92,6.03,46.25,17.59,71.06,0.47,0.45249999999999996,0.36
2022-05-25,628.69,0.14,729.81,0.15,920.1,0.15,0.77,5.39,128.63,22.52,86.15,2.18,0.2464285714285714,1.76
2022-05-25,253.04,0.11,194.78,0.09,158.34,0.08,1.25,6.73,60.52,26.5,77.75,1.1,0.0,0.87
2022-05-25,367.77,0.3,360.24,0.31,355.57,0.3,1.16,7.57,143.91,27.59,86.68,1.48,2.9203571428571427,1.59
2022-05-25,312.6,0.29,225.83,0.28,276.49,0.35,1.0,3.93,74.67,45.37,83.5,0.24,0.0,0.28
2022-05-25,256.91,0.09,348.29,0.09,403.6,0.12,0.74,3.77,33.49,11.11,59.69,2.84,2.3803571428571426,1.22
2022-05-25,118.05,0.23,100.72,0.25,73.83,0.21,0.95,5.26,53.34,36.05,35.97,0.35,6.458214285714286,0.41
2022-05-25,320.36,0.19,381.37,0.23,413.45,0.25,0.93,9.27,120.02,13.89,79.3,1.31,1.4167857142857143,0.71
2022-05-25,481.65,0.15,588.8,0.18,836.8,0.2,0.83,16.94,263.71,18.81,80.34,1.66,0.4585714285714286,1.04
2022-05-25,706.94,0.24,869.85,0.3,954.03,0.3,0.83,1.54,18.53,24.67,74.25,2.4,0.0,1.09
2022-05-25,61.42,0.05,69.92,0.06,109.57,0.08,0.77,1.6,35.65,11.11,48.79,0.69,1.9371428571428573,0.36
2022-05-25,56.47,0.06,107.21,0.08,162.58,0.1,0.56,1.62,20.87,14.81,66.35,0.76,0.9328571428571427,0.2
2022-05-25,126.43,0.03,153.92,0.04,197.52,0.04,0.91,2.78,100.18,11.11,79.1,1.49,0.0,0.92
2022-05-25,79.15,0.05,38.63,0.04,75.9,0.06,0.86,1.12,15.38,14.46,82.37,0.14,0.004999999999999999,0.12
2022-05-25,5.5,0.02,5.58,0.02,7.94,0.01,1.3,2.13,12.6,24.07,58.82,0.18,0.07428571428571427,0.2
2022-05-26,118.05,0.2,100.72,0.25,73.83,0.22,0.93,5.69,54.81,36.04,36.01,0.35,6.466071428571429,0.41
2022-05-26,320.36,0.18,381.37,0.23,413.45,0.25,0.92,8.92,114.96,13.89,79.3,1.31,1.3728571428571428,0.71
2022-05-26,126.43,0.03,153.92,0.04,197.52,0.04,0.92,2.83,98.03,11.11,79.11,1.49,0.0,0.92
2022-05-26,5.5,0.03,5.58,0.02,7.94,0.02,1.31,2.13,14.48,24.07,58.84,0.18,0.07285714285714286,0.2
2022-05-26,240.26,0.04,226.28,0.04,333.1,0.05,0.93,5.72,44.34,17.59,71.06,0.47,0.44857142857142857,0.36
2022-05-26,481.65,0.15,588.8,0.18,836.8,0.2,0.82,16.44,258.52,18.81,80.34,1.66,0.46749999999999997,1.04
2022-05-26,628.69,0.13,729.81,0.15,920.1,0.15,0.76,5.22,124.12,22.52,86.15,2.18,0.22678571428571428,1.76
2022-05-26,253.04,0.11,194.78,0.1,158.34,0.08,1.22,6.85,61.04,26.49,77.77,1.1,0.0,0.87
2022-05-26,56.47,0.06,107.21,0.08,162.58,0.1,0.56,1.52,20.49,14.81,66.35,0.76,0.9010714285714286,0.2
2022-05-26,256.91,0.09,348.29,0.09,403.6,0.12,0.73,3.77,31.61,11.11,59.69,2.84,2.371785714285714,1.22
2022-05-26,706.94,0.23,869.85,0.3,954.03,0.3,0.83,1.54,24.71,24.67,74.25,2.4,0.0,1.09
2022-05-26,79.15,0.05,38.63,0.04,75.9,0.05,0.86,1.03,14.94,14.46,82.38,0.14,0.005357142857142858,0.12
2022-05-27,67.29,0.52,81.26,0.53,82.51,0.53,0.89,0.85,12.98,15.67,71.48,0.1,0.0,0.1
2022-05-27,79.15,0.05,38.63,0.05,75.9,0.04,0.87,1.06,15.2,14.46,82.41,0.14,0.005714285714285714,0.12
2022-05-27,706.94,0.21,869.85,0.3,954.03,0.3,0.84,4.63,24.71,24.67,74.26,2.4,0.0,1.09
2022-05-27,253.04,0.11,194.78,0.1,158.34,0.08,1.19,6.8,61.79,26.49,77.78,1.1,0.0,0.87
2022-05-27,493.12,0.02,598.68,0.04,657.02,0.03,0.72,6.15,72.6,35.19,76.93,1.2,1.5439285714285713,0.54
2022-05-27,5.5,0.03,5.58,0.02,7.94,0.02,1.32,1.64,16.69,24.07,58.86,0.18,0.07142857142857142,0.2
2022-05-27,56.47,0.06,107.21,0.07,162.58,0.1,0.56,1.81,20.2,14.81,66.35,0.76,0.8692857142857143,0.2
2022-05-27,628.69,0.13,729.81,0.15,920.1,0.15,0.75,5.2,120.58,22.52,86.15,2.18,0.20714285714285713,1.76
2022-05-27,481.65,0.14,588.8,0.17,836.8,0.2,0.82,16.15,252.77,18.81,80.35,1.66,0.47035714285714286,1.04
2022-05-27,256.91,0.09,348.29,0.09,403.6,0.12,0.74,3.77,28.78,11.11,59.7,2.84,2.3632142857142857,1.22
2022-05-27,320.36,0.18,381.37,0.22,413.45,0.25,0.93,8.06,111.87,13.89,79.3,1.31,1.3289285714285715,0.71
2022-05-27,240.26,0.04,226.28,0.04,333.1,0.05,0.94,5.4,43.39,17.59,71.06,0.47,0.4446428571428571,0.36
2022-05-27,119.65,0.08,147.24,0.11,184.92,0.11,0.89,1.36,55.08,11.11,80.6,1.84,1.8575000000000002,0.85
2022-05-27,635.49,0.2,743.05,0.25,1010.04,0.32,0.73,4.84,42.05,13.89,86.27,1.22,0.28250000000000003,0.67
2022-05-27,118.05,0.23,100.72,0.24,73.83,0.23,0.92,5.53,55.42,36.03,36.05,0.35,6.473928571428572,0.41
2022-05-28,5.5,0.03,5.58,0.02,7.94,0.02,1.32,1.88,17.34,24.07,58.87,0.18,0.06999999999999999,0.2
2022-05-28,706.94,0.2,869.85,0.28,954.03,0.3,0.85,3.09,16.99,24.67,74.26,2.4,0.0,1.09
2022-05-28,256.91,0.09,348.29,0.09,403.6,0.11,0.74,2.83,26.89,11.11,59.7,2.84,2.354642857142857,1.22
2022-05-28,240.26,0.05,226.28,0.04,333.1,0.04,0.94,5.29,44.45,14.81,71.06,0.47,0.4407142857142857,0.36
2022-05-28,118.05,0.22,100.72,0.25,73.83,0.25,0.89,5.63,54.33,36.02,36.08,0.35,6.4817857142857145,0.41
2022-05-28,628.69,0.12,729.81,0.15,920.1,0.15,0.74,5.1,116.38,22.52,86.15,2.18,0.1875,1.76
2022-05-28,320.36,0.17,381.37,0.22,413.45,0.24,0.94,7.98,102.87,13.89,79.31,1.31,1.2850000000000001,0.71
2022-05-28,79.15,0.05,38.63,0.05,75.9,0.04,0.88,1.15,14.44,14.45,82.43,0.14,0.0060714285714285705,0.12
2022-05-28,253.04,0.11,194.78,0.1,158.34,0.08,1.16,6.73,60.96,26.49,77.79,1.1,0.0,0.87
2022-05-28,481.65,0.14,588.8,0.17,836.8,0.19,0.82,16.0,249.73,18.81,80.35,1.66,0.4732142857142857,1.04
2022-05-28,56.47,0.06,107.21,0.07,162.58,0.1,0.57,1.81,17.25,14.81,66.35,0.76,0.8375000000000001,0.2
2022-05-29,35.95,0.06,56.47,0.07,107.21,0.09,0.57,1.91,16.87,14.81,66.35,0.34,0.8010714285714285,0.15
2022-05-29,307.23,0.11,253.04,0.1,194.78,0.08,1.13,6.88,62.23,26.49,77.8,0.82,0.0,1.1
2022-05-29,14.11,0.03,5.5,0.02,5.58,0.02,1.32,1.96,17.26,24.07,58.87,0.01,0.07571428571428572,0.05
2022-05-29,499.21,0.2,706.94,0.28,869.85,0.3,0.84,3.09,15.44,24.67,74.26,0.44,0.0,0.88
2022-05-29,35.47,0.07,51.16,0.08,89.81,0.1,0.62,5.67,46.25,11.11,45.98,1.64,0.5360714285714286,0.44
2022-05-29,24.93,0.09,22.38,0.09,26.86,0.1,0.98,0.57,35.55,11.11,73.42,0.57,0.0,0.37
2022-05-29,360.58,0.14,481.65,0.17,588.8,0.19,0.82,15.94,249.82,18.81,80.35,1.36,0.4760714285714286,0.67
2022-05-29,224.71,0.12,365.89,0.12,146.8,0.13,0.9,4.78,50.96,11.11,81.56,0.78,0.0,0.64
2022-05-29,296.14,0.29,262.84,0.29,302.88,0.32,1.04,3.79,106.66,19.44,81.44,1.95,2.4314285714285715,1.59
2022-05-29,100.84,0.1,124.12,0.12,157.56,0.02,1.16,3.02,76.17,22.29,64.98,0.32,0.9607142857142857,0.85
2022-05-29,54.38,0.04,79.15,0.05,38.63,0.04,0.88,1.18,14.85,14.45,82.45,0.13,0.006428571428571429,0.09
2022-05-29,89.78,0.21,118.05,0.24,100.72,0.25,0.86,5.49,53.7,36.02,36.09,0.54,6.489642857142856,0.48
2022-05-29,37.94,0.05,49.27,0.06,50.67,0.07,0.77,7.37,84.34,11.11,30.81,1.65,1.3585714285714285,0.9
2022-05-29,477.12,0.12,628.69,0.14,729.81,0.15,0.74,4.95,113.35,22.52,86.16,1.83,0.1875,1.5
2022-05-29,232.21,0.05,240.26,0.04,226.28,0.04,0.94,5.5,46.04,14.81,71.06,0.31,0.4367857142857143,0.17
2022-05-29,207.3,0.17,320.36,0.21,381.37,0.24,0.95,8.15,103.9,13.89,79.31,0.78,1.25,0.59
2022-05-30,89.78,0.21,118.05,0.24,100.72,0.25,0.84,5.38,52.83,36.02,36.09,0.54,6.4975,0.48
2022-05-30,14.11,0.03,5.5,0.03,5.58,0.01,1.33,1.88,17.51,24.07,58.87,0.01,0.08142857142857143,0.05
2022-05-30,499.21,0.19,706.94,0.29,869.85,0.29,0.83,1.54,12.35,24.67,74.26,0.44,0.0,0.88
2022-05-30,54.38,0.04,79.15,0.06,38.63,0.03,0.89,1.15,14.23,14.45,82.46,0.13,0.0067857142857142855,0.09
2022-05-30,35.95,0.05,56.47,0.07,107.21,0.09,0.58,2.38,18.49,14.81,66.35,0.34,0.7646428571428572,0.15
2022-05-30,207.3,0.16,320.36,0.2,381.37,0.24,0.95,7.89,106.38,11.11,79.31,0.78,1.2149999999999999,0.59
2022-05-30,307.23,0.11,253.04,0.1,194.78,0.09,1.1,6.99,64.7,26.49,77.82,0.82,0.0,1.1
2022-05-30,186.0,0.08,256.91,0.09,348.29,0.11,0.75,3.3,28.78,11.11,59.7,2.09,2.3374999999999995,0.74
2022-05-30,477.12,0.12,628.69,0.14,729.81,0.15,0.74,4.93,113.13,22.52,86.16,1.83,0.1875,1.5
2022-05-30,232.21,0.05,240.26,0.04,226.28,0.04,0.95,5.08,46.57,14.81,71.06,0.31,0.43285714285714283,0.17
2022-05-30,360.58,0.14,481.65,0.16,588.8,0.19,0.82,15.84,247.52,18.81,80.35,1.36,0.4789285714285714,0.67
2022-05-31,14.11,0.04,5.5,0.03,5.58,0.01,1.34,1.8,17.26,24.07,58.89,0.01,0.08714285714285715,0.05
2022-05-31,499.21,0.19,706.94,0.28,869.85,0.28,0.82,1.54,12.35,24.67,74.26,0.44,0.0,0.88
2022-05-31,186.0,0.08,256.91,0.09,348.29,0.1,0.74,2.83,27.83,11.11,59.7,2.09,2.3460714285714284,0.74
2022-05-31,89.78,0.2,118.05,0.24,100.72,0.25,0.81,5.44,54.2,36.01,36.12,0.54,6.414642857142857,0.48
2022-05-31,307.23,0.11,253.04,0.1,194.78,0.09,1.08,7.12,65.15,26.48,77.83,0.82,0.0,1.1
2022-05-31,35.95,0.05,56.47,0.06,107.21,0.09,0.58,2.57,16.3,14.81,66.35,0.34,0.7282142857142857,0.15
2022-05-31,54.38,0.04,79.15,0.05,38.63,0.03,0.89,0.94,14.17,14.45,82.47,0.13,0.0071428571428571435,0.09
2022-05-31,207.3,0.16,320.36,0.2,381.37,0.24,0.95,7.89,99.35,11.11,79.31,0.78,1.18,0.59
2022-05-31,360.58,0.14,481.65,0.16,588.8,0.18,0.82,15.81,243.46,18.81,80.35,1.36,0.4817857142857143,0.67
2022-05-31,48.44,0.04,61.42,0.06,69.92,0.05,0.8,1.31,30.71,11.11,48.79,0.46,2.5425,0.32
2022-05-31,477.12,0.11,628.69,0.14,729.81,0.15,0.73,4.84,110.54,22.52,86.16,1.83,0.1875,1.5
2022-05-31,232.21,0.06,240.26,0.04,226.28,0.04,0.96,4.76,48.05,14.81,71.06,0.31,0.42892857142857144,0.17
2022-06-01,14.11,0.04,5.5,0.02,5.58,0.02,1.33,1.72,17.26,24.07,58.89,0.01,0.09285714285714286,0.05
2022-06-01,89.78,0.19,118.05,0.23,100.72,0.25,0.79,5.31,53.98,36.01,36.16,0.54,6.331785714285714,0.48
2022-06-01,54.38,0.05,79.15,0.05,38.63,0.04,0.89,0.91,14.23,14.45,82.49,0.13,0.007500000000000001,0.09
2022-06-01,296.14,0.3,262.84,0.28,302.88,0.3,1.15,2.89,87.71,19.44,81.46,1.95,2.475357142857143,1.59
2022-06-01,186.0,0.08,256.91,0.09,348.29,0.09,0.74,2.83,25.94,11.11,59.7,2.09,2.354642857142857,0.74
2022-06-01,307.23,0.11,253.04,0.11,194.78,0.09,1.07,7.17,65.59,26.48,77.85,0.82,0.0,1.1
2022-06-01,207.3,0.15,320.36,0.19,381.37,0.23,0.95,7.21,93.69,11.11,79.31,0.78,1.145,0.59
2022-06-01,232.21,0.07,240.26,0.04,226.28,0.04,0.97,4.76,50.27,14.81,71.06,0.31,0.425,0.17
2022-06-01,360.58,0.14,481.65,0.15,588.8,0.18,0.82,15.38,237.9,18.81,80.35,1.36,0.48464285714285715,0.67
2022-06-01,477.12,0.11,628.69,0.14,729.81,0.15,0.73,4.59,105.7,22.52,86.16,1.83,0.1875,1.5
2022-06-01,48.44,0.04,61.42,0.05,69.92,0.06,0.8,1.31,29.83,11.11,48.79,0.46,2.5425,0.32
2022-06-01,35.95,0.05,56.47,0.06,107.21,0.08,0.6,2.19,14.29,14.81,66.36,0.34,0.6917857142857142,0.15
2022-06-01,299.48,0.27,367.77,0.3,360.24,0.31,1.16,7.82,136.32,27.59,86.7,1.65,4.07,1.36
2022-06-01,499.21,0.19,706.94,0.24,869.85,0.3,0.83,1.54,12.35,24.67,74.26,0.44,0.0,0.88
2022-06-01,280.72,0.27,312.6,0.29,225.83,0.28,0.86,3.88,73.42,43.08,83.56,0.28,0.0,0.29
2022-06-02,207.3,0.14,320.36,0.18,381.37,0.23,0.95,6.43,89.57,11.11,79.31,0.78,1.11,0.59
2022-06-02,89.78,0.22,118.05,0.2,100.72,0.25,0.77,5.28,53.46,36.0,36.2,0.54,6.248928571428571,0.48
2022-06-02,48.44,0.04,61.42,0.05,69.92,0.05,0.8,1.46,28.96,11.11,48.79,0.46,2.5425,0.32
2022-06-02,54.38,0.05,79.15,0.05,38.63,0.04,0.88,0.8,13.44,14.45,82.51,0.13,0.007500000000000001,0.09
2022-06-02,14.11,0.03,5.5,0.03,5.58,0.02,1.33,1.55,17.34,24.07,58.9,0.01,0.09857142857142856,0.05
2022-06-02,186.0,0.08,256.91,0.09,348.29,0.09,0.74,2.83,23.59,11.11,59.7,2.09,2.3632142857142857,0.74
2022-06-02,35.95,0.05,56.47,0.06,107.21,0.08,0.61,1.52,14.48,14.81,66.36,0.34,0.6553571428571429,0.15
2022-06-02,360.58,0.13,481.65,0.15,588.8,0.18,0.83,15.23,236.16,18.81,80.36,1.36,0.48749999999999993,0.67
2022-06-02,477.12,0.11,628.69,0.13,729.81,0.15,0.74,4.39,101.55,22.52,86.16,1.83,0.1875,1.5
2022-06-02,232.21,0.08,240.26,0.04,226.28,0.04,1.01,4.55,49.85,14.81,71.06,0.31,0.41964285714285715,0.17
2022-06-02,307.23,0.11,253.04,0.11,194.78,0.1,1.05,7.36,66.19,26.48,77.86,0.82,0.0,1.1
2022-06-03,54.38,0.05,79.15,0.05,38.63,0.05,0.88,0.88,14.76,14.45,82.53,0.13,0.0075,0.09
2022-06-03,35.95,0.04,56.47,0.06,107.21,0.07,0.63,1.72,13.25,14.81,66.36,0.34,0.6189285714285715,0.15
2022-06-03,207.3,0.14,320.36,0.18,381.37,0.22,0.97,7.04,88.02,11.11,79.31,0.78,1.075,0.59
2022-06-03,475.42,0.15,635.49,0.2,743.05,0.25,0.65,4.0,28.85,13.89,86.28,0.95,0.20464285714285715,0.5
2022-06-03,232.21,0.09,240.26,0.04,226.28,0.04,1.02,4.66,47.1,14.81,71.06,0.31,0.41428571428571426,0.17
2022-06-03,499.21,0.18,706.94,0.21,869.85,0.3,0.89,1.54,9.26,24.67,74.27,0.44,0.0,0.88
2022-06-03,103.8,0.11,119.65,0.08,147.24,0.11,1.06,2.38,45.9,11.11,80.6,1.23,1.5450000000000002,0.73
2022-06-03,355.62,0.01,493.12,0.02,598.68,0.04,0.8,5.15,55.71,35.19,76.94,0.96,1.1282142857142858,0.62
2022-06-03,14.11,0.04,5.5,0.03,5.58,0.02,1.34,1.55,16.61,24.07,58.91,0.01,0.10428571428571429,0.05
2022-06-03,186.0,0.07,256.91,0.09,348.29,0.09,0.75,2.83,24.06,11.11,59.7,2.09,2.371785714285714,0.74
2022-06-03,307.23,0.11,253.04,0.11,194.78,0.1,1.03,7.56,66.49,26.48,77.88,0.82,0.0,1.1
2022-06-03,360.58,0.14,481.65,0.14,588.8,0.17,0.85,15.1,233.16,18.81,80.36,1.36,0.49142857142857144,0.67
2022-06-03,477.12,0.11,628.69,0.13,729.81,0.15,0.75,4.27,98.41,22.52,86.16,1.83,0.1875,1.5
2022-06-03,60.33,0.52,67.29,0.52,81.26,0.53,0.94,0.68,10.76,15.67,71.49,0.1,0.0,0.09
2022-06-03,89.78,0.16,118.05,0.23,100.72,0.24,0.75,5.48,54.26,35.99,36.23,0.54,6.166071428571429,0.48
2022-06-04,499.21,0.19,706.94,0.2,869.85,0.28,0.93,1.54,7.72,24.67,74.27,0.44,0.0,0.88
2022-06-04,54.38,0.05,79.15,0.05,38.63,0.05,0.87,1.0,11.32,14.45,82.56,0.13,0.007500000000000001,0.09
2022-06-04,35.95,0.04,56.47,0.06,107.21,0.07,0.66,1.72,10.96,14.81,66.36,0.34,0.5824999999999999,0.15
2022-06-04,307.23,0.11,253.04,0.11,194.78,0.1,1.03,7.18,65.21,26.48,77.89,0.82,0.0,1.1
2022-06-04,14.11,0.04,5.5,0.03,5.58,0.02,1.34,1.47,15.71,24.07,58.91,0.01,0.11,0.05
2022-06-04,207.3,0.14,320.36,0.17,381.37,0.22,0.99,6.86,80.73,11.11,79.31,0.78,1.04,0.59
2022-06-04,360.58,0.14,481.65,0.14,588.8,0.17,0.87,15.07,230.81,18.81,80.36,1.36,0.49535714285714283,0.67
2022-06-04,477.12,0.11,628.69,0.12,729.81,0.15,0.75,4.24,94.82,22.52,86.16,1.83,0.1875,1.5
2022-06-04,89.78,0.16,118.05,0.22,100.72,0.25,0.74,5.48,54.26,35.98,36.26,0.54,6.083214285714286,0.48
2022-06-04,232.21,0.09,240.26,0.05,226.28,0.04,1.07,4.23,48.05,14.81,71.06,0.31,0.4089285714285715,0.17
2022-06-05,207.92,0.1,232.21,0.05,240.26,0.04,1.09,4.13,51.54,14.81,71.06,0.36,0.4035714285714286,0.22
2022-06-05,309.83,0.11,307.23,0.11,253.04,0.1,1.03,7.14,66.07,26.47,77.89,0.87,0.0,0.83
2022-06-05,51.11,0.04,54.38,0.04,79.15,0.05,0.87,1.0,11.14,14.45,82.58,0.12,0.007500000000000001,0.1
2022-06-05,28.09,0.04,37.94,0.05,49.27,0.06,0.82,5.9,69.3,11.11,30.82,0.94,1.2442857142857144,0.63
2022-06-05,25.38,0.04,35.95,0.06,56.47,0.07,0.69,1.72,11.24,14.81,66.36,0.2,0.5510714285714287,0.09
2022-06-05,86.87,0.1,100.84,0.1,124.12,0.12,1.19,1.51,64.85,22.29,65.0,0.53,0.9257142857142858,1.06
2022-06-05,18.04,0.08,24.93,0.09,22.38,0.09,0.76,0.28,35.17,11.11,73.43,0.63,0.0,0.35
2022-06-05,116.07,0.14,207.3,0.17,320.36,0.21,1.01,7.12,80.39,11.11,79.31,0.71,1.0125,0.53
2022-06-05,115.68,0.12,224.71,0.12,365.89,0.12,0.87,5.18,38.02,5.56,81.58,0.78,0.0,0.53
2022-06-05,251.93,0.14,360.58,0.14,481.65,0.17,0.89,14.95,230.72,18.81,80.36,1.04,0.4992857142857143,0.73
2022-06-05,58.49,0.15,89.78,0.21,118.05,0.24,0.72,5.09,52.19,35.98,36.27,0.41,6.000357142857142,0.39
2022-06-05,25.71,0.06,35.47,0.07,51.16,0.08,0.71,5.32,37.74,11.11,45.98,1.02,0.8517857142857143,0.18
2022-06-05,346.19,0.1,477.12,0.12,628.69,0.14,0.76,4.4,93.06,22.52,86.16,1.76,0.18035714285714283,0.91
2022-06-05,16.2,0.04,14.11,0.03,5.5,0.02,1.34,1.55,16.03,24.07,58.92,0.2,0.11,0.01
2022-06-06,16.2,0.05,14.11,0.03,5.5,0.03,1.34,1.47,15.95,24.07,58.92,0.2,0.11,0.01
2022-06-06,313.35,0.19,499.21,0.19,706.94,0.29,0.98,1.54,4.63,24.67,74.27,1.09,0.0,0.88
2022-06-06,207.92,0.1,232.21,0.05,240.26,0.04,1.13,3.7,52.18,14.81,71.07,0.36,0.3982142857142857,0.22
2022-06-06,309.83,0.11,307.23,0.11,253.04,0.1,1.05,7.43,67.46,26.47,77.89,0.87,0.0,0.83
2022-06-06,251.93,0.14,360.58,0.14,481.65,0.16,0.9,14.63,228.39,18.81,80.36,1.04,0.5032142857142857,0.73
2022-06-06,346.19,0.1,477.12,0.12,628.69,0.14,0.76,4.32,93.77,22.52,86.16,1.76,0.1732142857142857,0.91
2022-06-06,136.7,0.06,186.0,0.08,256.91,0.09,0.76,2.83,27.36,11.11,59.7,1.22,2.3975,0.88
2022-06-06,116.07,0.14,207.3,0.16,320.36,0.2,1.03,7.46,81.16,11.11,79.31,0.71,0.985,0.53
2022-06-06,25.38,0.04,35.95,0.05,56.47,0.07,0.71,2.1,12.29,14.81,66.36,0.2,0.5196428571428572,0.09
2022-06-06,58.49,0.15,89.78,0.21,118.05,0.24,0.71,4.92,50.52,35.98,36.27,0.41,5.9174999999999995,0.39
2022-06-06,51.11,0.04,54.38,0.04,79.15,0.06,0.88,0.94,11.34,14.45,82.6,0.12,0.0075,0.1
2022-06-07,136.7,0.06,186.0,0.08,256.91,0.09,0.78,3.3,25.94,11.11,59.7,1.22,2.4085714285714284,0.88
2022-06-07,16.2,0.03,14.11,0.04,5.5,0.03,1.34,1.47,16.12,24.07,58.93,0.2,0.11,0.01
2022-06-07,309.83,0.12,307.23,0.11,253.04,0.1,1.13,7.53,70.87,26.47,77.91,0.87,0.0,0.83
2022-06-07,207.92,0.12,232.21,0.06,240.26,0.04,1.17,3.6,53.55,14.81,71.07,0.36,0.3928571428571428,0.22
2022-06-07,58.49,0.14,89.78,0.2,118.05,0.24,0.69,5.26,51.14,35.98,36.3,0.41,5.8125,0.39
2022-06-07,51.11,0.04,54.38,0.04,79.15,0.05,0.89,0.82,11.11,14.45,82.62,0.12,0.0075,0.1
2022-06-07,116.07,0.14,207.3,0.16,320.36,0.2,1.05,6.95,80.9,11.11,79.31,0.71,0.9574999999999999,0.53
2022-06-07,251.93,0.14,360.58,0.14,481.65,0.16,0.93,14.04,222.94,18.81,80.36,1.04,0.5071428571428571,0.73
2022-06-07,346.19,0.1,477.12,0.11,628.69,0.14,0.76,4.2,90.94,22.52,86.16,1.76,0.1660714285714286,0.91
2022-06-07,313.35,0.2,499.21,0.19,706.94,0.28,1.01,1.54,6.18,24.67,74.27,1.09,0.0,0.88
2022-06-07,25.38,0.04,35.95,0.05,56.47,0.06,0.74,2.19,12.48,14.81,66.36,0.2,0.48821428571428577,0.09
2022-06-08,251.93,0.14,360.58,0.14,481.65,0.15,0.94,13.7,218.98,18.81,80.36,1.04,0.5110714285714286,0.73
2022-06-08,51.11,0.04,54.38,0.05,79.15,0.05,0.91,0.77,10.93,14.45,82.62,0.12,0.007500000000000001,0.1
2022-06-08,309.83,0.12,307.23,0.11,253.04,0.11,1.13,7.83,73.07,26.47,77.92,0.87,0.0,0.83
2022-06-08,220.5,0.2,280.72,0.27,312.6,0.29,0.7,3.45,66.24,43.08,83.6,0.28,0.0,0.25
2022-06-08,313.35,0.2,499.21,0.19,706.94,0.24,1.06,1.54,7.72,24.67,74.27,1.09,0.0,0.88
2022-06-08,58.49,0.13,89.78,0.19,118.05,0.23,0.68,4.91,48.62,35.97,36.33,0.41,5.707499999999999,0.39
2022-06-08,346.19,0.1,477.12,0.11,628.69,0.14,0.77,3.78,86.4,19.22,86.16,1.76,0.1589285714285714,0.91
2022-06-08,272.21,0.32,296.14,0.3,262.84,0.28,1.17,2.71,84.65,19.44,81.47,1.13,2.307857142857143,1.59
2022-06-08,39.82,0.04,48.44,0.04,61.42,0.05,0.87,1.46,21.25,11.11,48.8,0.36,2.5425,0.19
2022-06-08,16.2,0.04,14.11,0.04,5.5,0.02,1.35,1.55,16.69,24.07,58.94,0.2,0.11,0.01
2022-06-08,25.38,0.04,35.95,0.05,56.47,0.06,0.76,2.19,12.58,14.81,66.36,0.2,0.45678571428571424,0.09
2022-06-08,235.48,0.26,299.48,0.27,367.77,0.3,1.15,6.54,123.8,27.59,86.71,1.59,5.054285714285714,1.32
2022-06-08,136.7,0.06,186.0,0.08,256.91,0.09,0.81,2.83,25.94,11.11,59.7,1.22,2.419642857142857,0.88
2022-06-08,207.92,0.12,232.21,0.07,240.26,0.04,1.24,3.7,53.44,14.81,71.07,0.36,0.3875,0.22
2022-06-08,116.07,0.15,207.3,0.15,320.36,0.19,1.08,7.38,77.99,11.11,79.32,0.71,0.9299999999999999,0.53
2022-06-09,346.19,0.1,477.12,0.11,628.69,0.13,0.8,3.83,81.56,19.22,86.16,1.76,0.15178571428571427,0.91
2022-06-09,25.38,0.04,35.95,0.05,56.47,0.06,0.79,1.81,10.39,14.81,66.36,0.2,0.4253571428571429,0.09
2022-06-09,16.2,0.04,14.11,0.03,5.5,0.03,1.35,1.47,17.83,24.07,58.95,0.2,0.11,0.01
2022-06-09,207.92,0.14,232.21,0.08,240.26,0.04,1.25,3.39,53.23,14.81,71.07,0.36,0.38821428571428573,0.22
2022-06-09,51.11,0.04,54.38,0.05,79.15,0.05,0.92,0.85,10.67,14.45,82.63,0.12,0.007857142857142858,0.1
2022-06-09,67.71,0.09,92.2,0.1,119.29,0.11,0.88,5.7,117.15,18.81,85.12,1.64,1.6432142857142857,1.12
2022-06-09,39.82,0.04,48.44,0.04,61.42,0.05,0.88,1.46,18.05,11.11,48.8,0.36,2.5425,0.19
2022-06-09,309.83,0.12,307.23,0.11,253.04,0.11,1.12,7.94,73.61,26.47,77.94,0.87,0.0,0.83
2022-06-09,251.93,0.15,360.58,0.13,481.65,0.15,0.97,13.66,215.89,18.81,80.37,1.04,0.515,0.73
2022-06-09,58.49,0.12,89.78,0.22,118.05,0.2,0.67,4.79,48.47,35.96,36.36,0.41,5.602499999999999,0.39
2022-06-09,313.35,0.22,499.21,0.18,706.94,0.23,1.11,1.54,7.72,24.67,74.28,1.09,0.0,0.88
2022-06-09,116.07,0.15,207.3,0.14,320.36,0.18,1.11,6.43,74.98,11.11,79.32,0.71,0.9025000000000001,0.53
2022-06-09,136.7,0.06,186.0,0.08,256.91,0.09,0.83,2.83,27.83,11.11,59.7,1.22,2.430714285714285,0.88
2022-06-10,207.92,0.14,232.21,0.09,240.26,0.04,1.26,3.18,49.95,14.81,71.07,0.36,0.3889285714285714,0.22
2022-06-10,51.11,0.04,54.38,0.05,79.15,0.05,0.93,0.8,11.32,14.45,82.63,0.12,0.008214285714285714,0.1
2022-06-10,313.35,0.23,499.21,0.18,706.94,0.21,1.16,1.54,6.18,24.67,74.28,1.09,0.0,0.88
2022-06-10,346.19,0.1,477.12,0.11,628.69,0.13,0.83,3.81,82.47,19.22,86.17,1.76,0.14464285714285713,0.91
2022-06-10,238.78,0.02,355.62,0.01,493.12,0.02,1.07,5.26,52.02,35.19,76.95,0.54,0.8642857142857142,0.33
2022-06-10,116.07,0.15,207.3,0.14,320.36,0.18,1.13,6.01,73.35,11.11,79.32,0.71,0.8750000000000001,0.53
2022-06-10,82.43,0.11,103.8,0.11,119.65,0.08,1.13,1.7,39.78,11.11,80.61,0.85,1.2107142857142856,0.68
2022-06-10,58.49,0.12,89.78,0.16,118.05,0.23,0.67,5.21,50.44,35.95,36.39,0.41,5.4975,0.39
2022-06-10,16.2,0.04,14.11,0.04,5.5,0.03,1.36,1.8,17.51,24.07,58.96,0.2,0.11,0.01
2022-06-10,54.58,0.58,60.33,0.52,67.29,0.52,1.23,0.74,9.74,15.67,71.5,0.1,0.0,0.03
2022-06-10,25.38,0.04,35.95,0.04,56.47,0.06,0.83,1.72,11.15,14.81,66.37,0.2,0.39392857142857146,0.09
2022-06-10,67.71,0.09,92.2,0.09,119.29,0.1,0.89,5.49,115.07,18.81,85.12,1.64,1.620357142857143,1.12
2022-06-10,251.93,0.15,360.58,0.14,481.65,0.14,0.99,13.52,212.63,18.81,80.37,1.04,0.515,0.73
2022-06-10,136.7,0.07,186.0,0.07,256.91,0.09,0.87,3.3,22.64,11.11,59.7,1.22,2.441785714285714,0.88
2022-06-10,309.83,0.12,307.23,0.11,253.04,0.11,1.11,8.04,73.08,26.46,77.95,0.87,0.0,0.83
2022-06-11,251.93,0.15,360.58,0.14,481.65,0.14,1.0,13.52,210.49,18.81,80.37,1.04,0.515,0.73
2022-06-11,16.2,0.04,14.11,0.04,5.5,0.03,1.36,1.88,16.85,24.07,58.97,0.2,0.11,0.01
2022-06-11,51.11,0.04,54.38,0.05,79.15,0.05,0.93,0.8,11.02,14.45,82.64,0.12,0.008571428571428572,0.1
2022-06-11,207.92,0.15,232.21,0.09,240.26,0.05,1.32,3.18,50.9,14.81,71.07,0.36,0.3896428571428571,0.22
2022-06-11,309.83,0.12,307.23,0.11,253.04,0.11,1.09,7.88,71.17,26.46,77.96,0.87,0.0,0.83
2022-06-11,58.49,0.1,89.78,0.16,118.05,0.22,0.66,4.69,44.93,35.95,36.41,0.41,5.392499999999999,0.39
2022-06-11,25.38,0.04,35.95,0.04,56.47,0.06,0.87,1.52,9.53,14.81,66.37,0.2,0.3625,0.09
2022-06-11,67.71,0.1,92.2,0.09,119.29,0.11,0.9,5.1,110.57,18.81,85.12,1.64,1.5975000000000001,1.12
2022-06-11,346.19,0.11,477.12,0.11,628.69,0.12,0.9,3.69,78.93,19.22,86.17,1.76,0.13749999999999998,0.91
2022-06-11,116.07,0.15,207.3,0.14,320.36,0.17,1.15,5.58,68.81,11.11,79.32,0.71,0.8475,0.53
2022-06-11,313.35,0.24,499.21,0.19,706.94,0.2,1.2,1.54,7.72,24.67,74.28,1.09,0.0,0.88
2022-06-11,136.7,0.07,186.0,0.07,256.91,0.09,0.91,3.3,21.7,11.11,59.7,1.22,2.4528571428571424,0.88
2022-06-12,62.65,0.1,67.71,0.09,92.2,0.11,0.92,5.2,109.48,18.81,85.14,1.12,1.5735714285714284,0.28
2022-06-12,258.59,0.16,207.92,0.1,232.21,0.05,1.41,3.28,54.93,14.81,71.07,0.17,0.39035714285714285,0.2
2022-06-12,34.09,0.1,58.49,0.15,89.78,0.21,0.66,4.46,42.81,35.95,36.42,0.48,5.2875,0.38
2022-06-12,329.09,0.15,251.93,0.14,360.58,0.14,0.99,13.48,210.65,18.81,80.37,0.67,0.515,0.53
2022-06-12,20.65,0.06,25.71,0.06,35.47,0.07,0.85,4.08,31.54,11.11,45.98,0.44,1.3389285714285715,0.31
2022-06-12,279.66,0.11,346.19,0.1,477.12,0.12,0.95,3.69,78.41,19.22,86.17,1.5,0.13214285714285715,1.06
2022-06-12,82.64,0.09,86.87,0.1,100.84,0.1,1.14,5.28,59.58,22.29,65.02,0.85,0.775,0.21
2022-06-12,46.34,0.05,51.11,0.04,54.38,0.04,0.94,0.77,10.72,14.45,82.65,0.09,0.008928571428571428,0.11
2022-06-12,136.47,0.15,116.07,0.14,207.3,0.17,1.18,5.32,71.12,11.11,79.32,0.59,0.8196428571428571,0.54
2022-06-12,22.83,0.04,25.38,0.04,35.95,0.06,0.91,1.52,9.62,14.81,66.37,0.15,0.3385714285714286,0.11
2022-06-12,124.88,0.16,115.68,0.12,224.71,0.12,0.92,3.58,38.02,5.56,81.59,0.64,0.0,0.45
2022-06-12,14.79,0.04,16.2,0.04,14.11,0.03,1.37,1.96,17.18,24.07,58.97,0.05,0.10392857142857144,0.02
2022-06-12,282.6,0.12,309.83,0.11,307.23,0.11,1.07,7.69,71.85,32.02,77.97,1.1,0.0,0.96
2022-06-12,17.11,0.09,18.04,0.08,24.93,0.09,0.66,0.38,34.6,11.11,73.45,0.37,0.0,0.29
2022-06-12,24.03,0.04,28.09,0.04,37.94,0.05,0.89,5.16,54.85,11.11,30.83,0.9,1.132857142857143,0.69
2022-06-13,62.65,0.09,67.71,0.08,92.2,0.13,0.93,5.44,111.51,18.81,85.14,1.12,1.549642857142857,0.28
2022-06-13,329.09,0.15,251.93,0.14,360.58,0.14,0.98,13.38,210.9,18.81,80.37,0.67,0.515,0.53
2022-06-13,46.34,0.05,51.11,0.04,54.38,0.04,0.95,0.65,10.34,14.45,82.65,0.09,0.009285714285714286,0.11
2022-06-13,136.47,0.15,116.07,0.14,207.3,0.16,1.2,5.58,74.38,11.11,79.32,0.59,0.7917857142857143,0.54
2022-06-13,34.58,0.04,39.82,0.04,48.44,0.04,0.96,1.16,13.97,11.11,48.8,0.32,2.5425,0.25
2022-06-13,279.66,0.11,346.19,0.1,477.12,0.12,0.99,3.68,79.1,19.22,86.17,1.5,0.12678571428571428,1.06
2022-06-13,22.83,0.05,25.38,0.04,35.95,0.05,0.95,1.62,11.15,14.81,66.37,0.15,0.31464285714285717,0.11
2022-06-13,258.59,0.18,207.92,0.1,232.21,0.05,1.43,3.18,60.22,14.81,71.07,0.17,0.39107142857142857,0.2
2022-06-13,14.79,0.04,16.2,0.05,14.11,0.03,1.38,1.72,16.03,24.07,58.97,0.05,0.09785714285714286,0.02
2022-06-13,117.18,0.08,136.7,0.06,186.0,0.08,0.95,3.3,24.06,11.11,59.7,0.74,2.475,0.61
2022-06-13,34.09,0.1,58.49,0.15,89.78,0.21,0.66,4.39,41.12,35.95,36.42,0.48,5.182499999999999,0.38
2022-06-13,282.6,0.12,309.83,0.11,307.23,0.11,1.06,8.09,73.06,32.02,77.98,1.1,0.0,0.96
2022-06-14,117.18,0.08,136.7,0.06,186.0,0.08,0.99,3.3,19.81,11.11,59.7,0.74,2.4896428571428575,0.61
2022-06-14,14.79,0.05,16.2,0.03,14.11,0.04,1.38,1.64,15.54,24.07,58.99,0.05,0.09178571428571429,0.02
2022-06-14,329.09,0.17,251.93,0.14,360.58,0.14,0.98,13.2,210.5,18.81,80.37,0.67,0.515,0.53
2022-06-14,34.09,0.1,58.49,0.14,89.78,0.2,0.67,4.27,40.12,35.94,36.44,0.48,5.071785714285714,0.38
2022-06-14,542.73,0.25,313.35,0.2,499.21,0.19,1.37,1.54,10.81,24.67,74.28,0.88,0.0,0.88
2022-06-14,136.47,0.16,116.07,0.14,207.3,0.16,1.26,5.58,80.13,11.11,79.32,0.59,0.7639285714285714,0.54
2022-06-14,282.6,0.12,309.83,0.12,307.23,0.11,1.02,8.3,73.84,32.02,77.99,1.1,0.0,0.96
2022-06-14,279.66,0.11,346.19,0.1,477.12,0.11,1.03,3.71,77.26,19.22,86.17,1.5,0.12142857142857143,1.06
2022-06-14,22.83,0.05,25.38,0.04,35.95,0.05,0.98,1.52,10.58,14.81,66.37,0.15,0.29071428571428576,0.11
2022-06-14,46.34,0.05,51.11,0.04,54.38,0.04,0.96,0.74,10.93,14.45,82.65,0.09,0.009642857142857144,0.11
2022-06-14,258.59,0.19,207.92,0.12,232.21,0.06,1.47,2.54,61.7,14.81,71.07,0.17,0.3917857142857143,0.2
2022-06-14,226.94,0.11,327.76,0.13,475.42,0.17,0.69,2.26,11.87,13.89,86.29,0.5,0.17500000000000002,0.25
2022-06-15,258.59,0.21,207.92,0.12,232.21,0.07,1.49,2.86,63.71,14.81,71.07,0.17,0.3925,0.2
2022-06-15,117.18,0.09,136.7,0.06,186.0,0.08,1.02,2.83,18.87,11.11,59.7,0.74,2.5042857142857144,0.61
2022-06-15,231.83,0.28,235.48,0.26,299.48,0.27,1.17,6.54,123.11,27.58,86.72,1.36,6.066428571428572,1.27
2022-06-15,153.34,0.14,220.5,0.2,280.72,0.27,0.74,3.48,52.48,43.08,83.65,0.29,0.0,0.16
2022-06-15,161.56,0.28,107.56,0.19,140.69,0.14,1.17,1.83,40.27,11.11,69.63,0.08,0.03,0.08
2022-06-15,542.73,0.28,313.35,0.2,499.21,0.19,1.46,1.54,9.26,24.67,74.29,0.88,0.0,0.88
2022-06-15,34.09,0.09,58.49,0.13,89.78,0.19,0.67,4.17,38.15,35.93,36.47,0.48,4.961071428571429,0.38
2022-06-15,14.79,0.04,16.2,0.04,14.11,0.04,1.38,1.64,16.36,24.07,59.0,0.05,0.08571428571428573,0.02
2022-06-15,329.09,0.18,251.93,0.14,360.58,0.14,1.01,13.2,209.24,18.81,80.38,0.67,0.515,0.53
2022-06-15,279.66,0.12,346.19,0.1,477.12,0.11,1.06,3.37,76.14,19.22,86.17,1.5,0.11607142857142858,1.06
2022-06-15,136.47,0.17,116.07,0.15,207.3,0.15,1.28,5.58,76.7,11.11,79.32,0.59,0.7360714285714286,0.54
2022-06-15,282.6,0.12,309.83,0.12,307.23,0.11,1.01,8.41,75.15,32.01,78.01,1.1,0.0,0.96
2022-06-15,22.83,0.06,25.38,0.04,35.95,0.05,1.01,1.24,10.2,14.81,66.37,0.15,0.2667857142857143,0.11
2022-06-15,46.34,0.05,51.11,0.04,54.38,0.05,0.99,0.77,10.78,14.45,82.65,0.09,0.01,0.11
2022-06-16,22.83,0.06,25.38,0.04,35.95,0.05,1.07,1.14,10.48,14.81,66.37,0.15,0.24285714285714285,0.11
2022-06-16,282.6,0.12,309.83,0.12,307.23,0.11,1.01,8.53,75.68,32.01,78.02,1.1,0.0,0.96
2022-06-16,542.73,0.29,313.35,0.22,499.21,0.18,1.51,1.54,13.9,24.67,74.29,0.88,0.0,0.88
2022-06-16,46.34,0.05,51.11,0.04,54.38,0.05,1.01,0.74,11.55,14.45,82.65,0.09,0.010714285714285714,0.11
2022-06-16,34.09,0.09,58.49,0.12,89.78,0.22,0.66,4.29,37.15,35.93,36.5,0.48,4.850357142857142,0.38
2022-06-16,117.18,0.09,136.7,0.06,186.0,0.08,1.1,3.3,21.23,11.11,59.7,0.74,2.5189285714285714,0.61
2022-06-16,279.66,0.12,346.19,0.1,477.12,0.11,1.09,3.34,75.05,19.22,86.17,1.5,0.11071428571428572,1.06
2022-06-16,271.18,0.3,272.21,0.32,296.14,0.3,1.21,1.62,70.75,19.44,81.49,1.59,2.0975,1.36
2022-06-16,14.79,0.05,16.2,0.04,14.11,0.03,1.39,1.47,15.87,24.07,59.01,0.05,0.07964285714285714,0.02
2022-06-16,34.58,0.04,39.82,0.04,48.44,0.04,1.0,1.6,13.39,11.11,48.8,0.32,2.1792857142857143,0.25
2022-06-16,161.56,0.29,107.56,0.2,140.69,0.14,1.16,1.72,38.56,11.11,69.63,0.08,0.03,0.08
2022-06-16,329.09,0.18,251.93,0.15,360.58,0.13,1.01,12.92,208.78,18.81,80.38,0.67,0.515,0.53
2022-06-16,258.59,0.23,207.92,0.14,232.21,0.08,1.5,2.54,65.72,14.81,71.07,0.17,0.3907142857142857,0.2
2022-06-16,136.47,0.18,116.07,0.15,207.3,0.14,1.3,6.01,75.67,11.11,79.32,0.59,0.7082142857142857,0.54
2022-06-17,14.79,0.04,16.2,0.04,14.11,0.04,1.39,1.64,17.26,24.07,59.02,0.05,0.07357142857142858,0.02
2022-06-17,46.34,0.05,51.11,0.04,54.38,0.05,1.04,0.71,11.84,14.44,82.66,0.09,0.011428571428571429,0.11
2022-06-17,279.66,0.12,346.19,0.1,477.12,0.11,1.12,3.32,73.82,19.22,86.17,1.5,0.10535714285714286,1.06
2022-06-17,329.09,0.19,251.93,0.15,360.58,0.14,0.99,12.82,206.86,18.81,80.38,0.67,0.5032142857142857,0.53
2022-06-17,161.56,0.3,107.56,0.21,140.69,0.14,1.16,1.72,38.78,11.11,69.63,0.08,0.03,0.08
2022-06-17,294.36,0.03,238.78,0.02,355.62,0.01,1.37,3.92,52.91,35.19,76.96,0.62,0.6435714285714286,0.35
2022-06-17,34.09,0.08,58.49,0.12,89.78,0.16,0.66,4.34,36.92,35.92,36.52,0.48,4.739642857142857,0.38
2022-06-17,282.6,0.12,309.83,0.12,307.23,0.11,1.0,8.23,74.98,32.01,78.04,1.1,0.0,0.96
2022-06-17,74.75,0.64,54.58,0.58,60.33,0.52,1.39,0.91,12.92,15.67,71.5,0.09,0.0,0.08
2022-06-17,91.87,0.14,82.43,0.11,103.8,0.11,1.36,1.53,33.83,11.11,80.61,0.73,0.9139285714285714,0.6
2022-06-17,117.18,0.09,136.7,0.07,186.0,0.07,1.12,2.83,20.28,11.11,59.71,0.74,2.5335714285714284,0.61
2022-06-17,542.73,0.3,313.35,0.23,499.21,0.18,1.46,3.09,12.35,24.67,74.29,0.88,0.0,0.88
2022-06-17,22.83,0.06,25.38,0.04,35.95,0.04,1.12,0.86,10.58,14.81,66.37,0.15,0.21892857142857142,0.11
2022-06-17,258.59,0.24,207.92,0.14,232.21,0.09,1.5,2.33,67.73,14.81,71.07,0.17,0.3889285714285714,0.2
2022-06-17,136.47,0.19,116.07,0.15,207.3,0.14,1.32,6.09,75.41,11.11,79.32,0.59,0.6803571428571429,0.54
2022-06-18,136.47,0.2,116.07,0.15,207.3,0.14,1.35,4.98,68.98,11.11,79.33,0.59,0.6525,0.54
2022-06-18,258.59,0.24,207.92,0.15,232.21,0.09,1.48,2.33,70.06,14.81,71.07,0.17,0.3871428571428571,0.2
2022-06-18,282.6,0.12,309.83,0.12,307.23,0.11,1.01,8.38,73.85,32.01,78.04,1.1,0.0,0.96
2022-06-18,14.79,0.05,16.2,0.04,14.11,0.04,1.4,1.72,15.38,24.07,59.03,0.05,0.0675,0.02
2022-06-18,22.83,0.07,25.38,0.04,35.95,0.04,1.14,1.14,9.43,14.81,66.37,0.15,0.19500000000000003,0.11
2022-06-18,329.09,0.19,251.93,0.15,360.58,0.14,0.99,12.9,207.35,18.81,80.38,0.67,0.49142857142857144,0.53
2022-06-18,161.56,0.31,107.56,0.22,140.69,0.15,1.16,2.06,40.27,11.11,69.63,0.08,0.03,0.08
2022-06-18,279.66,0.12,346.19,0.11,477.12,0.11,1.15,3.27,72.31,19.22,86.17,1.5,0.09999999999999999,1.06
2022-06-18,34.09,0.08,58.49,0.1,89.78,0.16,0.66,4.22,36.63,35.92,36.54,0.48,4.628928571428571,0.38
2022-06-18,542.73,0.3,313.35,0.24,499.21,0.19,1.42,3.09,12.35,24.67,74.29,0.88,0.0,0.88
2022-06-18,46.34,0.05,51.11,0.04,54.38,0.05,1.06,0.71,12.99,14.44,82.66,0.09,0.012142857142857144,0.11
2022-06-19,430.75,0.19,329.09,0.15,251.93,0.14,1.0,12.84,207.63,18.81,80.38,0.73,0.4796428571428572,0.59
2022-06-19,25.4,0.1,17.11,0.09,18.04,0.08,0.69,0.66,35.26,11.11,73.46,0.35,0.0,0.4
2022-06-19,309.96,0.12,282.6,0.12,309.83,0.11,1.02,8.44,74.37,32.01,78.05,0.83,0.0,0.92
2022-06-19,30.45,0.07,22.83,0.04,25.38,0.04,1.16,0.95,9.34,14.81,66.37,0.09,0.1867857142857143,0.05
2022-06-19,88.88,0.09,82.64,0.09,86.87,0.1,1.1,0.0,46.0,14.88,65.04,1.06,0.5907142857142856,0.21
2022-06-19,169.22,0.24,124.88,0.16,115.68,0.12,0.98,5.38,57.53,5.56,81.6,0.53,0.0,0.67
2022-06-19,25.16,0.06,20.65,0.06,25.71,0.06,1.01,1.95,30.66,11.11,45.98,0.18,2.014642857142857,0.44
2022-06-19,236.33,0.31,161.56,0.23,107.56,0.15,1.16,2.29,41.07,11.11,69.63,0.13,0.03,0.13
2022-06-19,344.12,0.13,279.66,0.11,346.19,0.1,1.19,3.1,72.85,19.22,86.17,0.91,0.09821428571428571,0.81
2022-06-19,46.56,0.05,46.34,0.05,51.11,0.04,1.08,0.77,14.5,14.44,82.66,0.1,0.012857142857142857,0.08
2022-06-19,462.2,0.25,258.59,0.16,207.92,0.1,1.46,2.33,77.79,14.81,71.07,0.22,0.38535714285714284,0.28
2022-06-19,24.16,0.08,34.09,0.1,58.49,0.15,0.66,4.17,35.91,35.92,36.55,0.39,4.5182142857142855,0.28
2022-06-19,163.12,0.2,136.47,0.15,116.07,0.14,1.38,4.89,70.18,11.11,79.33,0.53,0.6439285714285715,0.47
2022-06-19,23.68,0.05,14.79,0.04,16.2,0.04,1.41,1.72,13.74,24.07,59.03,0.01,0.06785714285714287,0.01
2022-06-20,430.75,0.2,329.09,0.15,251.93,0.14,1.0,12.76,208.29,18.81,80.38,0.73,0.46785714285714286,0.59
2022-06-20,24.16,0.09,34.09,0.1,58.49,0.15,0.67,4.02,35.23,35.92,36.55,0.39,4.4075,0.28
2022-06-20,344.12,0.13,279.66,0.11,346.19,0.1,1.24,3.27,74.58,19.22,86.17,0.91,0.09642857142857143,0.81
2022-06-20,163.12,0.22,136.47,0.15,116.07,0.14,1.41,5.23,75.76,11.11,79.33,0.53,0.6353571428571428,0.47
2022-06-20,23.68,0.05,14.79,0.04,16.2,0.05,1.41,1.55,11.62,24.07,59.05,0.01,0.06821428571428571,0.01
2022-06-20,236.33,0.33,161.56,0.24,107.56,0.16,1.16,2.06,42.45,11.11,69.63,0.13,0.03,0.13
2022-06-20,135.48,0.1,117.18,0.08,136.7,0.06,1.24,2.83,21.7,11.11,59.71,0.88,2.5775,0.47
2022-06-20,30.45,0.07,22.83,0.05,25.38,0.04,1.18,1.05,10.29,14.81,66.37,0.09,0.17857142857142858,0.05
2022-06-20,802.06,0.32,542.73,0.22,313.35,0.19,1.39,3.09,20.07,24.67,74.29,0.88,0.0,0.44
2022-06-20,309.96,0.12,282.6,0.12,309.83,0.11,1.02,8.54,75.94,32.0,78.06,0.83,0.0,0.92
2022-06-20,46.56,0.04,46.34,0.05,51.11,0.04,1.09,0.71,13.26,14.44,82.66,0.1,0.013571428571428571,0.08
2022-06-20,462.2,0.26,258.59,0.18,207.92,0.1,1.47,2.43,81.6,14.81,71.07,0.22,0.38357142857142856,0.28
2022-06-21,135.48,0.11,117.18,0.08,136.7,0.06,1.26,3.3,22.17,11.11,59.71,0.88,2.599285714285714,0.47
2022-06-21,36.52,0.04,34.58,0.04,39.82,0.04,1.12,1.16,12.81,11.11,48.8,0.19,1.5739285714285713,0.19
2022-06-21,163.12,0.23,136.47,0.16,116.07,0.14,1.43,5.49,75.24,11.11,79.33,0.53,0.6267857142857143,0.47
2022-06-21,167.1,0.07,226.94,0.11,327.76,0.13,0.72,1.89,9.42,13.89,86.29,0.36,0.1910714285714286,0.2
2022-06-21,462.2,0.28,258.59,0.19,207.92,0.12,1.47,2.86,86.04,14.81,71.07,0.22,0.38178571428571434,0.28
2022-06-21,24.16,0.08,34.09,0.1,58.49,0.14,0.67,3.74,35.73,35.91,36.57,0.39,4.332857142857143,0.28
2022-06-21,430.75,0.2,329.09,0.17,251.93,0.14,1.04,12.59,207.51,18.81,80.39,0.73,0.4560714285714286,0.59
2022-06-21,236.33,0.34,161.56,0.26,107.56,0.18,1.16,3.32,47.02,11.11,69.63,0.13,0.03,0.13
2022-06-21,802.06,0.33,542.73,0.25,313.35,0.2,1.4,3.09,24.71,19.12,74.3,0.88,0.0,0.44
2022-06-21,46.56,0.05,46.34,0.05,51.11,0.04,1.1,0.94,13.5,14.44,82.67,0.1,0.014285714285714287,0.08
2022-06-21,309.96,0.13,282.6,0.12,309.83,0.12,1.0,8.86,76.98,32.0,78.07,0.83,0.0,0.92
2022-06-21,344.12,0.14,279.66,0.11,346.19,0.1,1.29,3.1,74.22,19.22,86.17,0.91,0.09464285714285715,0.81
2022-06-21,23.68,0.05,14.79,0.05,16.2,0.03,1.42,1.72,11.78,24.07,59.06,0.01,0.06857142857142857,0.01
2022-06-21,30.45,0.07,22.83,0.05,25.38,0.04,1.2,0.95,10.77,14.81,66.37,0.09,0.17035714285714285,0.05
2022-06-22,121.09,0.07,153.34,0.14,220.5,0.2,0.84,2.44,42.25,37.52,83.68,0.25,0.0,0.15
2022-06-22,430.75,0.21,329.09,0.18,251.93,0.14,1.08,12.49,205.12,18.81,80.39,0.73,0.4442857142857143,0.59
2022-06-22,462.2,0.28,258.59,0.21,207.92,0.12,1.45,3.49,89.43,14.81,71.07,0.22,0.38,0.28
2022-06-22,46.56,0.05,46.34,0.05,51.11,0.04,1.1,1.12,13.85,14.44,82.67,0.1,0.015000000000000001,0.08
2022-06-22,295.91,0.28,271.18,0.31,272.21,0.32,1.18,2.35,63.35,19.44,81.5,1.59,1.7567857142857142,1.44
2022-06-22,135.48,0.11,117.18,0.09,136.7,0.06,1.28,3.3,23.59,11.11,59.71,0.88,2.6210714285714287,0.47
2022-06-22,344.12,0.15,279.66,0.12,346.19,0.1,1.32,3.2,74.65,19.22,86.17,0.91,0.09285714285714285,0.81
2022-06-22,236.33,0.35,161.56,0.28,107.56,0.19,1.16,2.98,48.4,11.11,69.63,0.13,0.025714285714285714,0.13
2022-06-22,30.45,0.08,22.83,0.06,25.38,0.04,1.21,0.86,10.2,14.81,66.38,0.09,0.16214285714285714,0.05
2022-06-22,163.12,0.24,136.47,0.17,116.07,0.15,1.45,4.8,73.87,11.11,79.33,0.53,0.6182142857142857,0.47
2022-06-22,802.06,0.33,542.73,0.28,313.35,0.2,1.4,3.09,21.62,19.12,74.3,0.88,0.0,0.44
2022-06-22,237.68,0.3,231.83,0.28,235.48,0.26,1.29,7.13,134.55,27.58,86.73,1.32,7.02642857142857,1.48
2022-06-22,309.96,0.13,282.6,0.12,309.83,0.12,1.0,8.85,78.08,32.0,78.08,0.83,0.0,0.92
2022-06-22,23.68,0.05,14.79,0.04,16.2,0.04,1.42,1.8,12.02,24.07,59.07,0.01,0.06892857142857144,0.01
2022-06-22,24.16,0.08,34.09,0.09,58.49,0.13,0.68,4.72,45.01,35.9,36.6,0.39,4.258214285714286,0.28
2022-06-23,163.12,0.24,136.47,0.18,116.07,0.15,1.48,4.03,75.93,11.11,79.33,0.53,0.6096428571428572,0.47
2022-06-23,309.96,0.14,282.6,0.12,309.83,0.12,1.0,8.99,77.55,32.0,78.1,0.83,0.0,0.92
2022-06-23,135.48,0.12,117.18,0.09,136.7,0.06,1.28,3.3,25.0,11.11,59.71,0.88,2.642857142857143,0.47
2022-06-23,462.2,0.29,258.59,0.23,207.92,0.14,1.44,3.81,94.4,14.81,71.08,0.22,0.38285714285714284,0.28
2022-06-23,23.68,0.06,14.79,0.05,16.2,0.04,1.43,1.96,11.94,26.85,59.09,0.01,0.0692857142857143,0.01
2022-06-23,46.56,0.05,46.34,0.05,51.11,0.04,1.09,0.94,14.02,14.44,82.67,0.1,0.015714285714285715,0.08
2022-06-23,24.16,0.08,34.09,0.09,58.49,0.12,0.69,3.62,35.51,35.9,36.62,0.39,4.183571428571428,0.28
2022-06-23,344.12,0.16,279.66,0.12,346.19,0.1,1.36,3.25,76.14,19.22,86.18,0.91,0.09107142857142857,0.81
2022-06-23,30.45,0.08,22.83,0.06,25.38,0.04,1.22,0.95,11.15,14.81,66.38,0.09,0.15392857142857144,0.05
2022-06-23,236.33,0.36,161.56,0.29,107.56,0.2,1.16,2.06,50.8,11.11,69.63,0.13,0.02142857142857143,0.13
2022-06-23,802.06,0.34,542.73,0.29,313.35,0.22,1.4,3.09,23.16,19.12,74.3,0.88,0.0,0.44
2022-06-23,430.75,0.22,329.09,0.18,251.93,0.15,1.12,12.48,205.18,18.81,80.39,0.73,0.43250000000000005,0.59
2022-06-24,113.01,0.67,74.75,0.64,54.58,0.58,1.55,0.97,18.05,15.67,71.51,0.03,0.0,0.11
2022-06-24,344.12,0.17,279.66,0.12,346.19,0.1,1.38,3.24,76.41,19.22,86.18,0.91,0.08928571428571429,0.81
2022-06-24,30.45,0.09,22.83,0.06,25.38,0.04,1.24,0.67,10.67,14.81,66.38,0.09,0.1457142857142857,0.05
2022-06-24,24.16,0.07,34.09,0.08,58.49,0.12,0.68,3.56,33.09,35.9,36.63,0.39,4.108928571428572,0.28
2022-06-24,163.12,0.25,136.47,0.19,116.07,0.15,1.49,4.12,74.55,11.11,79.33,0.53,0.6010714285714286,0.47
2022-06-24,462.2,0.3,258.59,0.24,207.92,0.14,1.45,4.02,96.41,14.81,71.08,0.22,0.38571428571428573,0.28
2022-06-24,802.06,0.35,542.73,0.3,313.35,0.23,1.39,3.09,30.88,19.12,74.3,0.88,0.0,0.44
2022-06-24,377.73,0.05,294.36,0.03,238.78,0.02,1.54,4.03,58.5,35.19,76.96,0.33,0.4817857142857143,0.44
2022-06-24,46.56,0.05,46.34,0.05,51.11,0.04,1.09,1.03,13.94,14.44,82.68,0.1,0.016428571428571428,0.08
2022-06-24,236.33,0.38,161.56,0.3,107.56,0.21,1.16,2.75,52.17,11.11,69.64,0.13,0.017142857142857144,0.13
2022-06-24,430.75,0.22,329.09,0.19,251.93,0.15,1.16,12.46,204.9,18.81,80.39,0.73,0.42464285714285716,0.59
2022-06-24,135.48,0.13,117.18,0.09,136.7,0.07,1.29,3.3,25.0,11.11,59.71,0.88,2.6646428571428573,0.47
2022-06-24,309.96,0.14,282.6,0.12,309.83,0.12,1.01,8.86,77.51,32.0,78.11,0.83,0.0,0.92
2022-06-24,120.4,0.16,91.87,0.14,82.43,0.11,1.4,1.19,38.42,11.11,80.62,0.68,0.7375,0.48
2022-06-24,23.68,0.07,14.79,0.04,16.2,0.04,1.44,1.8,13.09,26.85,59.1,0.01,0.06964285714285715,0.01
2022-06-25,309.96,0.14,282.6,0.12,309.83,0.12,1.0,8.65,75.55,32.0,78.12,0.83,0.0,0.92
2022-06-25,430.75,0.23,329.09,0.19,251.93,0.15,1.2,12.22,204.62,18.81,80.39,0.73,0.41678571428571426,0.59
2022-06-25,462.2,0.3,258.59,0.24,207.92,0.15,1.43,4.13,102.34,14.81,71.08,0.22,0.3885714285714286,0.28
2022-06-25,236.33,0.39,161.56,0.31,107.56,0.22,1.16,2.86,56.29,11.11,69.64,0.13,0.012857142857142857,0.13
2022-06-25,24.16,0.07,34.09,0.08,58.49,0.1,0.68,3.46,32.89,35.89,36.65,0.39,4.034285714285714,0.28
2022-06-25,802.06,0.35,542.73,0.3,313.35,0.24,1.38,3.09,32.43,19.12,74.31,0.88,0.0,0.44
2022-06-25,46.56,0.06,46.34,0.05,51.11,0.04,1.1,0.68,13.88,14.44,82.68,0.1,0.017142857142857144,0.08
2022-06-25,30.45,0.09,22.83,0.07,25.38,0.04,1.26,0.48,8.39,14.81,66.38,0.09,0.1375,0.05
2022-06-25,163.12,0.26,136.47,0.2,116.07,0.15,1.5,4.2,74.9,11.11,79.33,0.53,0.5925,0.47
2022-06-25,344.12,0.18,279.66,0.12,346.19,0.11,1.39,3.27,76.63,19.22,86.18,0.91,0.08750000000000001,0.81
2022-06-26,58.94,0.06,46.56,0.05,46.34,0.05,1.1,0.68,14.73,14.44,82.68,0.11,0.017857142857142856,0.08
2022-06-26,238.93,0.26,163.12,0.2,136.47,0.15,1.52,4.2,80.04,11.11,79.33,0.54,0.5839285714285714,0.4
2022-06-26,24.68,0.06,22.02,0.05,24.03,0.04,1.27,4.42,39.96,11.11,30.84,0.69,0.7775,0.46
2022-06-26,505.21,0.18,344.12,0.13,279.66,0.11,1.41,3.37,77.87,19.22,86.18,1.06,0.08750000000000001,0.85
2022-06-26,18.27,0.08,24.16,0.08,34.09,0.1,0.7,3.49,32.14,35.89,36.65,0.38,3.959642857142857,0.3
2022-06-26,86.98,0.13,88.88,0.09,82.64,0.09,1.07,3.77,47.51,11.11,65.07,0.21,0.3457142857142857,0.32
2022-06-26,229.8,0.29,169.22,0.24,124.88,0.16,0.96,5.18,94.96,5.56,81.61,0.45,0.0,0.81
2022-06-26,744.61,0.32,462.2,0.25,258.59,0.16,1.41,4.66,112.71,14.81,71.08,0.2,0.3914285714285714,0.77
2022-06-26,28.65,0.11,25.4,0.1,17.11,0.09,0.75,0.66,36.59,11.11,73.47,0.29,0.0,0.44
2022-06-26,29.36,0.1,25.16,0.06,20.65,0.06,1.19,1.06,35.44,11.11,45.99,0.31,2.7964285714285713,0.24
2022-06-26,39.42,0.09,30.45,0.07,22.83,0.04,1.29,0.48,9.72,14.81,66.38,0.11,0.13214285714285715,0.04
2022-06-27,505.21,0.19,344.12,0.13,279.66,0.11,1.43,3.54,81.2,19.22,86.18,1.06,0.08750000000000001,0.85
2022-06-27,1155.21,0.37,802.06,0.32,542.73,0.22,1.39,3.09,27.8,19.12,74.31,0.88,0.0,1.53
2022-06-27,192.68,0.14,135.48,0.1,117.18,0.08,1.42,2.83,24.53,11.11,59.71,0.61,2.73,0.27
2022-06-27,744.61,0.32,462.2,0.26,258.59,0.18,1.39,4.76,116.73,14.81,71.08,0.2,0.3942857142857143,0.77
2022-06-27,373.81,0.41,236.33,0.33,161.56,0.24,1.16,3.43,68.42,11.11,69.64,0.08,0.004285714285714286,0.26
2022-06-27,18.27,0.08,24.16,0.09,34.09,0.1,0.69,3.49,31.32,35.89,36.65,0.38,3.8850000000000002,0.3
2022-06-27,39.42,0.1,30.45,0.07,22.83,0.05,1.32,0.29,11.44,14.81,66.38,0.11,0.1267857142857143,0.04
2022-06-28,744.61,0.33,462.2,0.28,258.59,0.19,1.37,4.66,124.99,14.81,71.08,0.2,0.3971428571428572,0.77
2022-06-28,1155.21,0.38,802.06,0.33,542.73,0.25,1.39,1.54,27.8,19.12,74.31,0.88,0.0,1.53
2022-06-28,18.27,0.07,24.16,0.08,34.09,0.1,0.69,4.56,41.91,35.89,36.67,0.38,3.8592857142857144,0.3
2022-06-28,39.42,0.1,30.45,0.07,22.83,0.05,1.35,0.57,11.72,14.81,66.38,0.11,0.12142857142857143,0.04
2022-06-28,505.21,0.2,344.12,0.14,279.66,0.11,1.45,3.49,84.84,19.22,86.18,1.06,0.08750000000000001,0.85
2022-06-28,192.68,0.15,135.48,0.11,117.18,0.08,1.43,2.83,23.12,11.11,59.71,0.61,2.7525000000000004,0.27
2022-06-29,192.68,0.13,135.48,0.11,117.18,0.09,1.42,3.77,22.17,11.11,59.71,0.61,2.775,0.27
2022-06-29,744.61,0.33,462.2,0.28,258.59,0.21,1.35,4.76,131.34,14.81,71.08,0.2,0.39999999999999997,0.77
2022-06-29,18.27,0.07,24.16,0.08,34.09,0.09,0.7,3.42,30.96,11.11,36.69,0.38,3.8335714285714286,0.3
2022-06-29,112.0,0.15,121.09,0.07,153.34,0.14,0.97,2.28,39.22,37.52,83.71,0.16,0.0,0.11
2022-06-29,39.42,0.11,30.45,0.08,22.83,0.06,1.37,0.67,12.01,14.81,66.38,0.11,0.11607142857142858,0.04
2022-06-29,505.21,0.21,344.12,0.15,279.66,0.12,1.45,3.66,87.45,19.22,86.18,1.06,0.08750000000000001,0.85
